Sociedad;Cliente;Nombre del Cliente;Nombre del Vendedor;Vendedor;Asignación;Referencia;Cl.Doc.;Descripción Cl.Doc.;N°.Documento;Fecha Doc.;Fecha Base;Cond.Pago;Descripción Cond.Pago;D. Venc.;Fecha Venc.;Mon.F.;Valor monetario;No Vencido;1 -- 15;16 -- 30;31 -- 60;61 -- 90;91 -- 99999;T/C conversión 3;Importe en ML;Importe en MD;Mon.Doc.;Hora;Descripción Ramo;Descripción Gr Clien;Descripción Zona;Descripción Grupo Ve;Nombre Gte. Regional;Texto
1200;10002484;GRUPO KAMY FOOD, C.A ACT 26041;HERNANDEZ HORACIO ACT 26041;120003;7000010907;2026041220;S-;Documento cta.mayor AC-260412;2026041220;20260313;20260313;;;381;20260313;USD;-229,60;0,00;0,00;0,00;0,00;0,00;-200,00;58,54000;-13.440,78;-13.440,78;;13.03.2026 - 08:15:00;Alimentos ACT 26041;;Zona Centro ACT 26041;GV ClReg. Ampofr. ACT 26041;;Abono GRUPO KAMY ACT 26041
1200;10002484;GRUPO KAMY FOOD, C.A ACT 26041;HERNANDEZ HORACIO ACT 26041;120003;25526248411;20260412202;D-;Pago de deudor AC-260412;2026041220;20260313;20260313;;;17;20260313;USD;-527,28;0,00;0,00;-436,67;0,00;0,00;0,00;372,10571;-196.203,54;-196.203,54;;13.03.2026 - 08:15:00;Alimentos ACT 26041;;Zona Centro ACT 26041;GV ClReg. Ampofr. ACT 26041;;Anticipo a Factura ACT 26041
1200;10002484;GRUPO KAMY FOOD, C.A;HERNANDEZ HORACIO;120003;7000012170;7000012170;DA;Documento de deudor;1600005282;20260210;20260210;;;10;20260210;USD;-48,66;0,00;-48,66;0,00;0,00;0,00;0,00;385,30210;-18748,80;-18748,80;;20.02.2026 - 22:06:43;Alimentos;;Zona Centro;GV ClReg. Ampofr.;;20260200000064
1200;10002484;GRUPO KAMY FOOD, C.A;HERNANDEZ HORACIO;120003;;00-056717;O0;Factura.Nac.Ampofras;7000012170;20260210;20260210;NT00;Contado;10;20260210;USD;470,42;0,00;470,42;0,00;0,00;0,00;0,00;385,26940;181238,43;181238,43;;20.02.2026 - 22:06:43;Alimentos;;Zona Centro;GV ClReg. Ampofr.;;
1200;10003219;DISTRIBUIDORA C.G., C.A;REYES JORGE;120005;60505781372;60505781372;DZ;Pago de deudor;1400003026;20260219;20260219;;;1;20260219;USD;-946,59;0,00;-946,59;0,00;0,00;0,00;0,00;398,74579;-377448,78;-377448,78;;20.02.2026 - 22:06:43;Comercializadora;Manufactura;Zona Centro;GV ClReg. Ampofr.;;Anticipo a factura
1200;10003551;NEXUS A&M 2024, C.A;REYES JORGE;120005;25594520172;25594520172;DZ;Pago de deudor;1400003024;20251106;20251106;;;106;20251106;USD;-2839,47;0,00;0,00;0,00;0,00;0,00;-2839,47;227,55680;-646140,70;-646140,70;;20.02.2026 - 22:06:43;Cosmetica;Distribuidores Trad.;Zona Centro Occid.;GV ClReg. Ampofr.;;Anticipo a Factura
1200;10003630;GLOBAL IMPORT PLAST, C.A.;;0;00045286399;00045283613;SA;Documento cta.mayor;0100108323;20260211;20260211;;;9;20260211;USD;-4209,81;0,00;-4209,81;0,00;0,00;0,00;0,00;388,73899;-1636517,29;-1636517,29;;20.02.2026 - 22:06:43;Alimentos;Manufactura;Zona Centro;GV ClReg. Ampofr.;;CRUCE DE SALDOS GLOBAL IMPORT PLAS
1200;10003630;GLOBAL IMPORT PLAST, C.A.;;0;00-056694;00-056694;O0;Factura.Nac.Ampofras;7000012150;20260205;20260205;NT00;Contado;15;20260205;USD;4424,55;0,00;4424,55;0,00;0,00;0,00;0,00;378,45820;1674507,23;4424,55;;20.02.2026 - 22:06:43;Alimentos;Manufactura;Zona Centro;GV ClReg. Ampofr.;;
1200;10003630;GLOBAL IMPORT PLAST, C.A.;;0;00-056725;00-056725;O0;Factura.Nac.Ampofras;7000012174;20260212;20260212;NT00;Contado;8;20260212;USD;4923,49;0,00;4424,55;0,00;0,00;0,00;0,00;390,29440;1744331,63;4405,93;;20.02.2026 - 22:06:43;Alimentos;Manufactura;Zona Centro;GV ClReg. Ampofr.;;
1200;10000085;FARMATODO, C.A.;HERNANDEZ HORACIO;120003;ERROR SAP;;AB;Documento contable;0100048224;20201231;20201231;NT48;Crédito 48 horas;1875;20210102;USD;18586150,71;0,00;0,00;0,00;0,00;0,00;18586150,71;0,00001;185,86;185861507,12;;20.02.2026 - 22:06:43;Cadena Nacional;Cadena Nacional;Zona Metropolitana;GV ClReg. Ampofr.;;ERROR EN SAP (RECONVERSION MONETARIA)
1200;10001876;SOTO GLOBAL GROUP, C.A.;REYES JORGE;120005;ERROR SAP;;AB;Documento contable;0100047979;20201230;20201231;;;1877;20201231;USD;-1184280,51;0,00;0,00;0,00;0,00;0,00;-1184280,51;0,00001;-11,84;-11842805,09;;20.02.2026 - 22:06:43;Productos De Limpiez;Embotelladoras;Zona Metropolitana;GV ClReg. Ampofr.;;ERROR EN SAP (RECONVERSION MONETARIA)
1200;10001935;INVERSIONES CONDI RICO, C.A. (INVERSIONES CONDI RICO, C.A.);HERNANDEZ HORACIO;120003;00080092637;00080092637;DZ;Pago de deudor;1400002995;20260122;20260122;;;29;20260122;USD;-270,78;0,00;0,00;-270,78;0,00;0,00;0,00;349,93002;-94754,05;-94754,05;;20.02.2026 - 22:06:43;Alimentos;Manufactura;Zona Oriente;GV ClReg. Ampofr.;;Anticipo a Factura
1200;10001940;MULTISERVICIOS LAYNA IMPORT C.A.;HERNANDEZ HORACIO;120003;ERROR SAP;COMPENSACION;AB;Documento contable;0100065770;20210916;20220930;;;1239;20220930;USD;-794,62;0,00;0,00;0,00;0,00;0,00;-794,62;8,18371;-6502,94;-6502,94;;20.02.2026 - 22:06:43;Salud;Laboratorios;Zona Metropolitana;GV ClReg. Ampofr.;;ERROR EN SAP (RECONVERSION MONETARIA)
1200;10001945;INVERSIONES PULGAR ARIAS, C.A;REYES JORGE;120005;7000011720;7000011720;DZ;Pago de deudor;1400002711;20250909;20250909;;;164;20250909;USD;-11,51;0,00;0,00;0,00;0,00;0,00;-10,33;155,00000;-1644,17;-1414,55;;20.02.2026 - 22:06:43;Distribuidores;Manufactura;Zona Centro;GV ClReg. Ampofr.;;Saldo a Favor
1200;10001954;BETTY ELIDE CASTILLO (INVERSIONES ELIDE CASTILLO. F.P.);HERNANDEZ HORACIO;120003;ERROR SAP;;AB;Documento contable;0100048493;20201231;20201231;;;1877;20201231;USD;-61095,96;0,00;0,00;0,00;0,00;0,00;-61095,96;0,00001;-0,61;-610959,56;;20.02.2026 - 22:06:43;Cuidado Personal;Manufactura;Zona Centro;GV ClReg. Ampofr.;;ERROR EN SAP (RECONVERSION MONETARIA)
1200;10000747;CONSORCIO AGROINDUSTRIAL DEL CAMPO C.A.;HERNANDEZ HORACIO;120003;ERROR SAP;;AB;Documento contable;0100042970;20200630;20200630;;;2061;20200630;USD;-5295512,61;0,00;0,00;0,00;0,00;0,00;-5295512,61;0,00001;-52,96;-52955126,20;;20.02.2026 - 22:06:43;Alimentos;Manufactura;Zona Centro;GV ClReg. Ampofr.;;ERROR EN SAP (RECONVERSION MONETARIA)
1200;10000748;DISERKHAT, C.A.;REYES JORGE;120005;'0000035344;'0000035344;DZ;Pago de deudor;1400003027;20260219;20260219;;;1;20260219;USD;-229,74;0,00;-218,83;0,00;0,00;0,00;0,00;398,73902;-78726,23;-98472,30;;20.02.2026 - 22:06:43;Comercializadora;Distribuidores Enf.;Zona Centro Occid.;GV ClReg. Ampofr.;;Anticipo a factura
1200;10000754;BIOQUIMICA INTERNACIONAL, C.A.;REYES JORGE;120005;20414264798;20414264798;DZ;Pago de deudor;1400003025;20260219;20260219;;;1;20260219;USD;-1244,88;0,00;-1244,88;0,00;0,00;0,00;0,00;398,74560;-496390,42;-496390,42;;20.02.2026 - 22:06:43;Industria Química;Distribuidores Trad.;Zona Centro Occid.;GV ClReg. Ampofr.;;Anticipo a factura
1200;10000754;BIOQUIMICA INTERNACIONAL, C.A.;REYES JORGE;120005;00-056737;00-056737;O0;Factura.Nac.Ampofras;7000012186;20260220;20260220;NT00;Contado;0;20260220;USD;1398,85;1398,85;0,00;0,00;0,00;0,00;0,00;402,33572;562807,32;562807,32;;20.02.2026 - 22:06:43;Industria Química;Distribuidores Trad.;Zona Centro Occid.;GV ClReg. Ampofr.;;
1200;10000763;ENVASES DEL CENTRO, C.A.;REYES JORGE;120005;7000012045;7000012045;DZ;Pago de deudor;1400002946;20251212;20251212;;;70;20251212;USD;-66,99;0,00;0,00;0,00;0,00;-74,72;0,00;267,75602;-17592,09;-17809,96;;20.02.2026 - 22:06:43;Comercializadora;Distribuidores Enf.;Zona Centro;GV ClReg. Ampofr.;;Saldo a favor
1200;10000783;ANGEL RUBEN CUEVA RONDON (EXPORTACIONES E IMPORTACIONES;REYES JORGE;120005;ERROR SAP;;AB;Documento contable;0100048494;20201231;20201231;;;1877;20201231;USD;-2512,10;0,00;0,00;0,00;0,00;0,00;-2512,10;0,00001;-0,03;-25121,00;;20.02.2026 - 22:06:43;Comercializadora;Embotelladoras;Zona Andina;GV ClReg. Ampofr.;;ERROR EN SAP (RECONVERSION MONETARIA)
1200;10000798;DROGUERIA SALUD, C.A.;REYES JORGE;120005;7000011685;7000011685;DZ;Pago de deudor;1400002712;20250909;20250909;;;164;20250909;USD;-8,39;0,00;0,00;0,00;0,00;0,00;-8,39;154,97974;-1300,28;-1300,28;;20.02.2026 - 22:06:43;Medicina Humana;Laboratorios;Zona Centro;GV ClReg. Ampofr.;;Saldo a Favor
1200;10000843;GABELER COSMETICOS, C.A.;DAZA RAMON;120004;ERROR SAP;;AB;Documento contable;0100048073;20201230;20201230;NT00;Contado;1878;20201230;USD;2192,82;0,00;0,00;0,00;0,00;0,00;1959,30;0,00001;0,02;20298,59;;20.02.2026 - 22:06:43;Cuidado Personal;Manufactura;Zona Metropolitana;GV ClReg. Ampofr.;;ERROR EN SAP (RECONVERSION MONETARIA)
1200;10000886;PURISSIMA DE VENEZUELA I C.A.;DAZA RAMON;120004;ERROR SAP;;AB;Documento contable;0100041648;20200430;20200430;;;2122;20200430;USD;-1115690,04;0,00;0,00;0,00;0,00;0,00;-1115690,04;0,00001;-11,16;-11156900,44;;20.02.2026 - 22:06:43;Cuidado Personal;Manufactura;Zona Metropolitana;GV ClReg. Ampofr.;;ERROR EN SAP (RECONVERSION MONETARIA)
1200;10000886;PURISSIMA DE VENEZUELA I C.A.;DAZA RAMON;120004;ERROR SAP;;DA;Documento de deudor;1600001400;20200910;20200908;;;1991;20200908;USD;-1549925,31;0,00;0,00;0,00;0,00;0,00;-1549925,31;0,00001;-15,50;-15499253,02;;20.02.2026 - 22:06:43;Cuidado Personal;Manufactura;Zona Metropolitana;GV ClReg. Ampofr.;;ERROR EN SAP (RECONVERSION MONETARIA)
1200;10000887;MOLINOS NACIONALES C.A. (MONACA);HERNANDEZ HORACIO;120003;00099716212;00099716212;DZ;Pago de deudor;1400002778;20251010;20251010;;;133;20251010;USD;-73636,99;0,00;0,00;0,00;0,00;0,00;-73636,99;193,29960;-14234000,71;-14234000,71;;20.02.2026 - 22:06:43;Alimentos;Manufactura;Zona Centro;GV ClReg. Ampofr.;;Anticipo a Factura
1200;10000887;MOLINOS NACIONALES C.A. (MONACA);HERNANDEZ HORACIO;120003;'0000035224;'0000035224;DZ;Pago de deudor;1400002830;20251030;20251030;;;113;20251030;USD;-57353,91;0,00;0,00;0,00;0,00;0,00;-57353,91;221,74380;-12717873,95;-12717873,95;;20.02.2026 - 22:06:43;Alimentos;Manufactura;Zona Centro;GV ClReg. Ampofr.;;Anticipo a factura
1200;10000887;MOLINOS NACIONALES C.A. (MONACA);HERNANDEZ HORACIO;120003;'0000035277;'0000035277;DZ;Pago de deudor;1400002887;20251120;20251120;;;92;20251120;USD;-1746,39;0,00;0,00;0,00;0,00;0,00;-1746,39;240,32108;-419694,33;-419694,33;;20.02.2026 - 22:06:43;Alimentos;Manufactura;Zona Centro;GV ClReg. Ampofr.;;Anticipo a factura
1200;10000887;MOLINOS NACIONALES C.A. (MONACA);HERNANDEZ HORACIO;120003;'0000035301;'0000035301;DZ;Pago de deudor;1400002948;20251215;20251215;;;67;20251215;USD;-983,82;0,00;0,00;0,00;0,00;-983,82;0,00;270,79037;-266408,98;-266408,98;;20.02.2026 - 22:06:43;Alimentos;Manufactura;Zona Centro;GV ClReg. Ampofr.;;Anticpo a Factura
1200;10000887;MOLINOS NACIONALES C.A. (MONACA);HERNANDEZ HORACIO;120003;7000011868;7000011868;DA;Documento de deudor;1600005190;20251120;20251120;;;92;20251120;USD;-10,71;0,00;0,00;0,00;0,00;0,00;-10,71;240,24556;-2573,03;-2573,03;;20.02.2026 - 22:06:43;Alimentos;Manufactura;Zona Centro;GV ClReg. Ampofr.;;ISLR 7000011868
1200;10000887;MOLINOS NACIONALES C.A. (MONACA);HERNANDEZ HORACIO;120003;7200000768;7000011868;DA;Documento de deudor;1600005190;20251120;20251120;;;92;20251120;USD;2,90;0,00;0,00;0,00;0,00;0,00;2,90;240,25517;696,74;696,74;;20.02.2026 - 22:06:43;Alimentos;Manufactura;Zona Centro;GV ClReg. Ampofr.;;ISLR 7200000768
1200;10000887;MOLINOS NACIONALES C.A. (MONACA);HERNANDEZ HORACIO;120003;7000011871;7000011868;DA;Documento de deudor;1600005190;20251120;20251120;;;92;20251120;USD;-10,80;0,00;0,00;0,00;0,00;0,00;-10,80;240,41296;-2596,46;-2596,46;;20.02.2026 - 22:06:43;Alimentos;Manufactura;Zona Centro;GV ClReg. Ampofr.;;ISLR 7000011871
1200;10000887;MOLINOS NACIONALES C.A. (MONACA);HERNANDEZ HORACIO;120003;7200000769;7000011868;DA;Documento de deudor;1600005190;20251120;20251120;;;92;20251120;USD;2,93;0,00;0,00;0,00;0,00;0,00;2,93;239,96246;703,09;703,09;;20.02.2026 - 22:06:43;Alimentos;Manufactura;Zona Centro;GV ClReg. Ampofr.;;ISLR 7200000766
1200;10000887;MOLINOS NACIONALES C.A. (MONACA);HERNANDEZ HORACIO;120003;7000011880;7000011868;DA;Documento de deudor;1600005190;20251120;20251120;;;92;20251120;USD;-9,86;0,00;0,00;0,00;0,00;0,00;-10,89;240,40771;-2448,31;-2628,12;;20.02.2026 - 22:06:43;Alimentos;Manufactura;Zona Centro;GV ClReg. Ampofr.;;ISLR 7000011880
1200;10000887;MOLINOS NACIONALES C.A. (MONACA);HERNANDEZ HORACIO;120003;7200000770;7000011868;DA;Documento de deudor;1600005190;20251120;20251120;;;92;20251120;USD;2,95;0,00;0,00;0,00;0,00;0,00;2,95;240,31525;708,93;708,93;;20.02.2026 - 22:06:43;Alimentos;Manufactura;Zona Centro;GV ClReg. Ampofr.;;ISLR 7200000770
1200;10000887;MOLINOS NACIONALES C.A. (MONACA);HERNANDEZ HORACIO;120003;70000118482;7000011842;DA;Documento de deudor;1600005191;20251115;20251115;;;97;20251115;USD;-10,41;0,00;0,00;0,00;0,00;0,00;-10,41;234,86071;-2444,90;-2444,90;;20.02.2026 - 22:06:43;Alimentos;Manufactura;Zona Centro;GV ClReg. Ampofr.;;ISLR 70000118482
1200;10000887;MOLINOS NACIONALES C.A. (MONACA);HERNANDEZ HORACIO;120003;7200000764;7000011842;DA;Documento de deudor;1600005191;20251115;20251115;;;97;20251115;USD;2,82;0,00;0,00;0,00;0,00;0,00;2,82;234,76950;662,05;662,05;;20.02.2026 - 22:06:43;Alimentos;Manufactura;Zona Centro;GV ClReg. Ampofr.;;ISLR 7200000764
1200;10000887;MOLINOS NACIONALES C.A. (MONACA);HERNANDEZ HORACIO;120003;7000011850;7000011842;DA;Documento de deudor;1600005191;20251115;20251115;;;97;20251115;USD;-10,62;0,00;0,00;0,00;0,00;0,00;-10,62;234,90866;-2494,73;-2494,73;;20.02.2026 - 22:06:43;Alimentos;Manufactura;Zona Centro;GV ClReg. Ampofr.;;ISLR 7000011850
1200;10000887;MOLINOS NACIONALES C.A. (MONACA);HERNANDEZ HORACIO;120003;7200000765;7000011842;DA;Documento de deudor;1600005191;20251115;20251115;;;97;20251115;USD;2,88;0,00;0,00;0,00;0,00;0,00;2,88;234,56250;675,54;675,54;;20.02.2026 - 22:06:43;Alimentos;Manufactura;Zona Centro;GV ClReg. Ampofr.;;ISLR 7200000765
1200;10000887;MOLINOS NACIONALES C.A. (MONACA);HERNANDEZ HORACIO;120003;7000011854;7000011842;DA;Documento de deudor;1600005191;20251115;20251115;;;97;20251115;USD;-10,74;0,00;0,00;0,00;0,00;0,00;-10,74;234,95251;-2523,39;-2523,39;;20.02.2026 - 22:06:43;Alimentos;Manufactura;Zona Centro;GV ClReg. Ampofr.;;ISLR 7000011854
1200;10000887;MOLINOS NACIONALES C.A. (MONACA);HERNANDEZ HORACIO;120003;7200000766;7000011842;DA;Documento de deudor;1600005191;20251115;20251115;;;97;20251115;USD;2,91;0,00;0,00;0,00;0,00;0,00;2,91;234,81100;683,30;683,30;;20.02.2026 - 22:06:43;Alimentos;Manufactura;Zona Centro;GV ClReg. Ampofr.;;ISLR 7200000766
1200;10000887;MOLINOS NACIONALES C.A. (MONACA);HERNANDEZ HORACIO;120003;7000011862;7000011842;DA;Documento de deudor;1600005191;20251115;20251115;;;97;20251115;USD;-10,86;0,00;0,00;0,00;0,00;0,00;-10,86;234,78821;-2549,80;-2549,80;;20.02.2026 - 22:06:43;Alimentos;Manufactura;Zona Centro;GV ClReg. Ampofr.;;ISLR 7000011862
1200;10000887;MOLINOS NACIONALES C.A. (MONACA);HERNANDEZ HORACIO;120003;7200000867;7000011842;DA;Documento de deudor;1600005191;20251115;20251115;;;97;20251115;USD;2,94;0,00;0,00;0,00;0,00;0,00;2,94;234,85034;690,46;690,46;;20.02.2026 - 22:06:43;Alimentos;Manufactura;Zona Centro;GV ClReg. Ampofr.;;ISLR 7200000867
1200;10000887;MOLINOS NACIONALES C.A. (MONACA);HERNANDEZ HORACIO;120003;7000011841;7000011841;DA;Documento de deudor;1600005192;20251024;20251024;;;119;20251024;USD;-362,02;0,00;0,00;0,00;0,00;0,00;-362,02;214,41901;-77623,97;-77623,97;;20.02.2026 - 22:06:43;Alimentos;Manufactura;Zona Centro;GV ClReg. Ampofr.;;20251100218794
1200;10000887;MOLINOS NACIONALES C.A. (MONACA);HERNANDEZ HORACIO;120003;7000011849;7000011841;DA;Documento de deudor;1600005192;20251024;20251024;;;119;20251024;USD;-362,02;0,00;0,00;0,00;0,00;0,00;-362,02;214,41901;-77623,97;-77623,97;;20.02.2026 - 22:06:43;Alimentos;Manufactura;Zona Centro;GV ClReg. Ampofr.;;20251100218794
1200;10000887;MOLINOS NACIONALES C.A. (MONACA);HERNANDEZ HORACIO;120003;7000011853;7000011841;DA;Documento de deudor;1600005192;20251024;20251024;;;119;20251024;USD;-362,02;0,00;0,00;0,00;0,00;0,00;-362,02;214,41901;-77623,97;-77623,97;;20.02.2026 - 22:06:43;Alimentos;Manufactura;Zona Centro;GV ClReg. Ampofr.;;20251100218794
1200;10000887;MOLINOS NACIONALES C.A. (MONACA);HERNANDEZ HORACIO;120003;7000011861;7000011841;DA;Documento de deudor;1600005192;20251024;20251024;;;119;20251024;USD;-362,02;0,00;0,00;0,00;0,00;0,00;-362,02;214,41901;-77623,97;-77623,97;;20.02.2026 - 22:06:43;Alimentos;Manufactura;Zona Centro;GV ClReg. Ampofr.;;20251100218794
1200;10000887;MOLINOS NACIONALES C.A. (MONACA);HERNANDEZ HORACIO;120003;7000011867;7000011841;DA;Documento de deudor;1600005192;20251024;20251024;;;119;20251024;USD;-362,02;0,00;0,00;0,00;0,00;0,00;-362,02;214,41901;-77623,97;-77623,97;;20.02.2026 - 22:06:43;Alimentos;Manufactura;Zona Centro;GV ClReg. Ampofr.;;20251100218794
1200;10000887;MOLINOS NACIONALES C.A. (MONACA);HERNANDEZ HORACIO;120003;7000011870;7000011841;DA;Documento de deudor;1600005192;20251024;20251024;;;119;20251024;USD;-362,02;0,00;0,00;0,00;0,00;0,00;-362,02;214,41901;-77623,97;-77623,97;;20.02.2026 - 22:06:43;Alimentos;Manufactura;Zona Centro;GV ClReg. Ampofr.;;20251100218794
1200;10000887;MOLINOS NACIONALES C.A. (MONACA);HERNANDEZ HORACIO;120003;7000011879;7000011841;DA;Documento de deudor;1600005192;20251024;20251024;;;119;20251024;USD;-362,02;0,00;0,00;0,00;0,00;0,00;-362,02;214,41901;-77623,97;-77623,97;;20.02.2026 - 22:06:43;Alimentos;Manufactura;Zona Centro;GV ClReg. Ampofr.;;20251100218794
1200;10000887;MOLINOS NACIONALES C.A. (MONACA);HERNANDEZ HORACIO;120003;00-056354;00-056354;O0;Factura.Nac.Ampofras;7000011841;20251017;20251017;NT00;Contado;126;20251017;USD;3682,92;0,00;0,00;0,00;0,00;0,00;3682,92;203,74188;750365,06;750365,06;;20.02.2026 - 22:06:43;Alimentos;Manufactura;Zona Centro;GV ClReg. Ampofr.;;
1200;10000887;MOLINOS NACIONALES C.A. (MONACA);HERNANDEZ HORACIO;120003;00-056355;00-056356;O0;Factura.Nac.Ampofras;7000011842;20251017;20251017;NT00;Contado;126;20251017;USD;400,00;0,00;0,00;0,00;0,00;0,00;400,00;203,74200;81496,80;81496,80;;20.02.2026 - 22:06:43;Alimentos;Manufactura;Zona Centro;GV ClReg. Ampofr.;;
1200;10000887;MOLINOS NACIONALES C.A. (MONACA);HERNANDEZ HORACIO;120003;00-056363;00-056363;O0;Factura.Nac.Ampofras;7000011849;20251021;20251021;NT00;Contado;122;20251021;USD;3609,37;0,00;0,00;0,00;0,00;0,00;3609,37;207,89364;750365,06;750365,06;;20.02.2026 - 22:06:43;Alimentos;Manufactura;Zona Centro;GV ClReg. Ampofr.;;
1200;10000887;MOLINOS NACIONALES C.A. (MONACA);HERNANDEZ HORACIO;120003;00-056364;00-056364;O0;Factura.Nac.Ampofras;7000011850;20251021;20251021;NT00;Contado;122;20251021;USD;400,00;0,00;0,00;0,00;0,00;0,00;400,00;207,89380;83157,52;83157,52;;20.02.2026 - 22:06:43;Alimentos;Manufactura;Zona Centro;GV ClReg. Ampofr.;;
1200;10000887;MOLINOS NACIONALES C.A. (MONACA);HERNANDEZ HORACIO;120003;00-056368;00-056368;O0;Factura.Nac.Ampofras;7000011853;20251022;20251022;NT00;Contado;121;20251022;USD;3568,37;0,00;0,00;0,00;0,00;0,00;3568,37;210,28230;750365,06;750365,06;;20.02.2026 - 22:06:43;Alimentos;Manufactura;Zona Centro;GV ClReg. Ampofr.;;
1200;10000887;MOLINOS NACIONALES C.A. (MONACA);HERNANDEZ HORACIO;120003;00-056369;00-056369;O0;Factura.Nac.Ampofras;7000011854;20251022;20251022;NT00;Contado;121;20251022;USD;400,00;0,00;0,00;0,00;0,00;0,00;400,00;210,28250;84113,00;84113,00;;20.02.2026 - 22:06:43;Alimentos;Manufactura;Zona Centro;GV ClReg. Ampofr.;;
1200;10000887;MOLINOS NACIONALES C.A. (MONACA);HERNANDEZ HORACIO;120003;00-056378;00-056378;O0;Factura.Nac.Ampofras;7000011861;20251023;20251023;NT00;Contado;120;20251023;USD;3531,40;0,00;0,00;0,00;0,00;0,00;3531,40;212,48373;750365,06;750365,06;;20.02.2026 - 22:06:43;Alimentos;Manufactura;Zona Centro;GV ClReg. Ampofr.;;
1200;10000887;MOLINOS NACIONALES C.A. (MONACA);HERNANDEZ HORACIO;120003;00-056379;00-056379;O0;Factura.Nac.Ampofras;7000011862;20251023;20251023;NT00;Contado;120;20251023;USD;400,00;0,00;0,00;0,00;0,00;0,00;400,00;212,48370;84993,48;84993,48;;20.02.2026 - 22:06:43;Alimentos;Manufactura;Zona Centro;GV ClReg. Ampofr.;;
1200;10000887;MOLINOS NACIONALES C.A. (MONACA);HERNANDEZ HORACIO;120003;00-056385;00-056385;O0;Factura.Nac.Ampofras;7000011867;20251024;20251024;NT00;Contado;119;20251024;USD;3499,53;0,00;0,00;0,00;0,00;0,00;3499,53;214,41881;750365,06;750365,06;;20.02.2026 - 22:06:43;Alimentos;Manufactura;Zona Centro;GV ClReg. Ampofr.;;
1200;10000887;MOLINOS NACIONALES C.A. (MONACA);HERNANDEZ HORACIO;120003;00-056388;00-056388;O0;Factura.Nac.Ampofras;7000011870;20251027;20251027;NT00;Contado;116;20251027;USD;3467,95;0,00;0,00;0,00;0,00;0,00;3467,95;216,37136;750365,06;750365,06;;20.02.2026 - 22:06:43;Alimentos;Manufactura;Zona Centro;GV ClReg. Ampofr.;;
1200;10000887;MOLINOS NACIONALES C.A. (MONACA);HERNANDEZ HORACIO;120003;00-056389;00-056389;O0;Factura.Nac.Ampofras;7000011871;20251027;20251027;NT00;Contado;116;20251027;USD;400,00;0,00;0,00;0,00;0,00;0,00;400,00;216,37140;86548,56;86548,56;;20.02.2026 - 22:06:43;Alimentos;Manufactura;Zona Centro;GV ClReg. Ampofr.;;
1200;10000887;MOLINOS NACIONALES C.A. (MONACA);HERNANDEZ HORACIO;120003;00-056397;00-056397;O0;Factura.Nac.Ampofras;7000011879;20251028;20251028;NT00;Contado;115;20251028;USD;3439,36;0,00;0,00;0,00;0,00;0,00;3439,36;218,16997;750365,06;750365,06;;20.02.2026 - 22:06:43;Alimentos;Manufactura;Zona Centro;GV ClReg. Ampofr.;;
1200;10000887;MOLINOS NACIONALES C.A. (MONACA);HERNANDEZ HORACIO;120003;00-056398;00-056398;O0;Factura.Nac.Ampofras;7000011880;20251028;20251028;NT00;Contado;115;20251028;USD;400,00;0,00;0,00;0,00;0,00;0,00;400,00;218,17000;87268,00;87268,00;;20.02.2026 - 22:06:43;Alimentos;Manufactura;Zona Centro;GV ClReg. Ampofr.;;
1200;10000887;MOLINOS NACIONALES C.A. (MONACA);HERNANDEZ HORACIO;120003;00-056462;00-056462;O0;Factura.Nac.Ampofras;7000011935;20251112;20251112;NT00;Contado;100;20251112;USD;583,37;0,00;0,00;0,00;0,00;0,00;583,37;233,04580;135951,93;135951,93;;20.02.2026 - 22:06:43;Alimentos;Manufactura;Zona Centro;GV ClReg. Ampofr.;;
1200;10000887;MOLINOS NACIONALES C.A. (MONACA);HERNANDEZ HORACIO;120003;00-056486;00-056486;O0;Factura.Nac.Ampofras;7000011955;20251119;20251119;NT00;Contado;93;20251119;USD;6121,52;0,00;0,00;0,00;0,00;0,00;6121,52;237,75068;1455395,57;1455395,57;;20.02.2026 - 22:06:43;Alimentos;Manufactura;Zona Centro;GV ClReg. Ampofr.;;
1200;10000887;MOLINOS NACIONALES C.A. (MONACA);HERNANDEZ HORACIO;120003;00-056487;00-056487;O0;Factura.Nac.Ampofras;7000011956;20251119;20251119;NT00;Contado;93;20251119;USD;583,37;0,00;0,00;0,00;0,00;0,00;583,37;237,75050;138696,51;138696,51;;20.02.2026 - 22:06:43;Alimentos;Manufactura;Zona Centro;GV ClReg. Ampofr.;;
1200;10000887;MOLINOS NACIONALES C.A. (MONACA);HERNANDEZ HORACIO;120003;00-056571;00-056571;O0;Factura.Nac.Ampofras;7000012032;20251211;20251211;NT00;Contado;71;20251211;USD;583,37;0,00;0,00;0,00;0,00;583,37;0,00;265,06620;154631,67;154631,67;;20.02.2026 - 22:06:43;Alimentos;Manufactura;Zona Centro;GV ClReg. Ampofr.;;
1200;10000887;MOLINOS NACIONALES C.A. (MONACA);HERNANDEZ HORACIO;120003;00-056588;00-056588;O0;Factura.Nac.Ampofras;7000012047;20251217;20251217;NT00;Contado;65;20251217;USD;5539,13;0,00;0,00;0,00;0,00;5539,13;0,00;276,57689;1531995,33;1531995,33;;20.02.2026 - 22:06:43;Alimentos;Manufactura;Zona Centro;GV ClReg. Ampofr.;;
1200;10000887;MOLINOS NACIONALES C.A. (MONACA);HERNANDEZ HORACIO;120003;00-056589;00-056589;O0;Factura.Nac.Ampofras;7000012048;20251217;20251217;NT00;Contado;65;20251217;USD;577,06;0,00;0,00;0,00;0,00;577,06;0,00;276,57769;159601,92;159601,92;;20.02.2026 - 22:06:43;Alimentos;Manufactura;Zona Centro;GV ClReg. Ampofr.;;
1200;10000887;MOLINOS NACIONALES C.A. (MONACA);HERNANDEZ HORACIO;120003;7000011850;00-056420;P2;NC.Nac.Ampofrasca;7200000765;20251031;20251031;NT00;Contado;112;20251031;USD;-108,32;0,00;0,00;0,00;0,00;0,00;-108,32;207,88423;-22518,02;-22518,02;;20.02.2026 - 22:06:43;Alimentos;Manufactura;Zona Centro;GV ClReg. Ampofr.;;
1200;10000887;MOLINOS NACIONALES C.A. (MONACA);HERNANDEZ HORACIO;120003;7000011854;00-056421;P2;NC.Nac.Ampofrasca;7200000766;20251031;20251031;NT00;Contado;112;20251031;USD;-108,32;0,00;0,00;0,00;0,00;0,00;-108,32;210,27280;-22776,75;-22776,75;;20.02.2026 - 22:06:43;Alimentos;Manufactura;Zona Centro;GV ClReg. Ampofr.;;
1200;10000887;MOLINOS NACIONALES C.A. (MONACA);HERNANDEZ HORACIO;120003;7000011862;00-056422;P2;NC.Nac.Ampofrasca;7200000767;20251031;20251031;NT00;Contado;112;20251031;USD;-108,31;0,00;0,00;0,00;0,00;0,00;-108,31;212,49349;-23015,17;-23015,17;;20.02.2026 - 22:06:43;Alimentos;Manufactura;Zona Centro;GV ClReg. Ampofr.;;
1200;10000887;MOLINOS NACIONALES C.A. (MONACA);HERNANDEZ HORACIO;120003;7000011868;00-056423;P2;NC.Nac.Ampofrasca;7200000768;20251031;20251031;NT00;Contado;112;20251031;USD;-108,31;0,00;0,00;0,00;0,00;0,00;-108,31;214,42886;-23224,79;-23224,79;;20.02.2026 - 22:06:43;Alimentos;Manufactura;Zona Centro;GV ClReg. Ampofr.;;
1200;10000887;MOLINOS NACIONALES C.A. (MONACA);HERNANDEZ HORACIO;120003;7000011871;00-056424;P2;NC.Nac.Ampofrasca;7200000769;20251031;20251031;NT00;Contado;112;20251031;USD;-108,32;0,00;0,00;0,00;0,00;0,00;-108,32;216,36143;-23436,27;-23436,27;;20.02.2026 - 22:06:43;Alimentos;Manufactura;Zona Centro;GV ClReg. Ampofr.;;
1200;10000887;MOLINOS NACIONALES C.A. (MONACA);HERNANDEZ HORACIO;120003;7000011880;00-056426;P2;NC.Nac.Ampofrasca;7200000770;20251031;20251031;NT00;Contado;112;20251031;USD;-108,31;0,00;0,00;0,00;0,00;0,00;-108,31;218,18004;-23631,08;-23631,08;;20.02.2026 - 22:06:43;Alimentos;Manufactura;Zona Centro;GV ClReg. Ampofr.;;
1200;10000887;MOLINOS NACIONALES C.A. (MONACA);HERNANDEZ HORACIO;120003;'0000035345;'0000035345;DZ;Pago de deudor;1400003028;20260219;20260219;;;1;20260219;USD;-60482,75;0,00;-60482,75;0,00;0,00;0,00;0,00;398,74560;-24117230,44;-24117230,44;;20.02.2026 - 22:06:43;Alimentos;Manufactura;Zona Centro;GV ClReg. Ampofr.;;Anticipo a factura
1200;10000887;MOLINOS NACIONALES C.A. (MONACA);HERNANDEZ HORACIO;120003;00-056660;00-056660;O0;Factura.Nac.Ampofras;7000012117;20260126;20260126;NT00;Contado;25;20260126;USD;4308,77;0,00;0,00;4308,77;0,00;0,00;0,00;355,55282;1531995,33;1531995,33;;20.02.2026 - 22:06:43;Alimentos;Manufactura;Zona Centro;GV ClReg. Ampofr.;;
1200;10000887;MOLINOS NACIONALES C.A. (MONACA);HERNANDEZ HORACIO;120003;00-056661;00-056661;O0;Factura.Nac.Ampofras;7000012118;20260126;20260126;NT00;Contado;25;20260126;USD;583,37;0,00;0,00;583,37;0,00;0,00;0,00;355,55281;207418,84;207418,84;;20.02.2026 - 22:06:43;Alimentos;Manufactura;Zona Centro;GV ClReg. Ampofr.;;
1200;10000887;MOLINOS NACIONALES C.A. (MONACA);HERNANDEZ HORACIO;120003;00-056669;00-056669;O0;Factura.Nac.Ampofras;7000012125;20260127;20260127;NT00;Contado;24;20260127;USD;4268,29;0,00;0,00;4268,29;0,00;0,00;0,00;358,92485;1531995,33;1531995,33;;20.02.2026 - 22:06:43;Alimentos;Manufactura;Zona Centro;GV ClReg. Ampofr.;;
1200;10000887;MOLINOS NACIONALES C.A. (MONACA);HERNANDEZ HORACIO;120003;00-056670;00-056670;O0;Factura.Nac.Ampofras;7000012126;20260127;20260127;NT00;Contado;24;20260127;USD;583,37;0,00;0,00;583,37;0,00;0,00;0,00;358,92470;209385,90;209385,90;;20.02.2026 - 22:06:43;Alimentos;Manufactura;Zona Centro;GV ClReg. Ampofr.;;
1200;10000887;MOLINOS NACIONALES C.A. (MONACA);HERNANDEZ HORACIO;120003;00-056673;00-056673;O0;Factura.Nac.Ampofras;7000012129;20260128;20260128;NT00;Contado;23;20260128;USD;4237,99;0,00;0,00;4237,99;0,00;0,00;0,00;361,49102;1531995,33;1531995,33;;20.02.2026 - 22:06:43;Alimentos;Manufactura;Zona Centro;GV ClReg. Ampofr.;;
1200;10000887;MOLINOS NACIONALES C.A. (MONACA);HERNANDEZ HORACIO;120003;00-056674;00-056674;O0;Factura.Nac.Ampofras;7000012130;20260128;20260128;NT00;Contado;23;20260128;USD;583,37;0,00;0,00;583,37;0,00;0,00;0,00;361,49060;210882,77;210882,77;;20.02.2026 - 22:06:43;Alimentos;Manufactura;Zona Centro;GV ClReg. Ampofr.;;
1200;10000887;MOLINOS NACIONALES C.A. (MONACA);HERNANDEZ HORACIO;120003;00-056677;00-056677;O0;Factura.Nac.Ampofras;7000012133;20260129;20260129;NT00;Contado;22;20260129;USD;4874,04;0,00;0,00;4874,04;0,00;0,00;0,00;363,66231;1772504,65;1772504,65;;20.02.2026 - 22:06:43;Alimentos;Manufactura;Zona Centro;GV ClReg. Ampofr.;;
1200;10000887;MOLINOS NACIONALES C.A. (MONACA);HERNANDEZ HORACIO;120003;00-056678;00-056678;O0;Factura.Nac.Ampofras;7000012134;20260129;20260129;NT00;Contado;22;20260129;USD;583,37;0,00;0,00;583,37;0,00;0,00;0,00;363,66231;212149,68;212149,68;;20.02.2026 - 22:06:43;Alimentos;Manufactura;Zona Centro;GV ClReg. Ampofr.;;
1200;10000887;MOLINOS NACIONALES C.A. (MONACA);HERNANDEZ HORACIO;120003;00-056698;00-056698;O0;Factura.Nac.Ampofras;7000012154;20260205;20260205;NT00;Contado;15;20260205;USD;4683,49;0,00;4683,49;0,00;0,00;0,00;0,00;378,45808;1772504,65;1772504,65;;20.02.2026 - 22:06:43;Alimentos;Manufactura;Zona Centro;GV ClReg. Ampofr.;;
1200;10000887;MOLINOS NACIONALES C.A. (MONACA);HERNANDEZ HORACIO;120003;00-056699;00-056699;O0;Factura.Nac.Ampofras;7000012155;20260205;20260205;NT00;Contado;15;20260205;USD;583,37;0,00;583,37;0,00;0,00;0,00;0,00;378,45820;220781,16;220781,16;;20.02.2026 - 22:06:43;Alimentos;Manufactura;Zona Centro;GV ClReg. Ampofr.;;
1200;10000887;MOLINOS NACIONALES C.A. (MONACA);HERNANDEZ HORACIO;120003;00-056712;00-056712;O0;Factura.Nac.Ampofras;7000012165;20260210;20260210;NT00;Contado;10;20260210;USD;4600,66;0,00;4600,66;0,00;0,00;0,00;0,00;385,27182;1772504,65;1772504,65;;20.02.2026 - 22:06:43;Alimentos;Manufactura;Zona Centro;GV ClReg. Ampofr.;;
1200;10000887;MOLINOS NACIONALES C.A. (MONACA);HERNANDEZ HORACIO;120003;7000012165;00-056723;P2;NC.Nac.Ampofrasca;7200000780;20260211;20260211;NT00;Contado;9;20260211;USD;-4600,66;0,00;-4600,66;0,00;0,00;0,00;0,00;385,27182;-1772504,65;-1772504,65;;20.02.2026 - 22:06:43;Alimentos;Manufactura;Zona Centro;GV ClReg. Ampofr.;;
1200;10000890;ENVASES METROPOLITANOS MM 1, C.A.;DAZA RAMON;120004;ERROR SAP;;AB;Documento contable;0100048181;20201231;20201231;NT00;Contado;1877;20201231;USD;2393232,00;0,00;0,00;0,00;0,00;0,00;2393232,00;0,00001;23,93;23932320,00;;20.02.2026 - 22:06:43;Comercializadora;Distribuidores Enf.;Zona Metropolitana;GV ClReg. Ampofr.;;ERROR EN SAP (RECONVERSION MONETARIA)
1200;10000892;VENEALIÑOS ALIÑOS VENEZOLANOS, C.A.;HERNANDEZ HORACIO;120003;ERROR SAP;;AB;Documento contable;0100048242;20201230;20201231;;;1877;20201231;USD;-8571292,06;0,00;0,00;0,00;0,00;0,00;-8571292,06;0,00001;-85,71;-85712920,59;;20.02.2026 - 22:06:43;Alimentos;Manufactura;Zona Metropolitana;GV ClReg. Ampofr.;;ERROR EN SAP (RECONVERSION MONETARIA)
1200;10000954;RENE DESSES DE VENEZUELA, C.A;DAZA RAMON;120004;ERROR SAP;;AB;Documento contable;0100048191;20201231;20201231;NT00;Contado;1877;20201231;USD;11595577,50;0,00;0,00;0,00;0,00;0,00;11595577,50;0,00001;115,96;115955774,95;;20.02.2026 - 22:06:43;Cuidado Personal;Manufactura;Zona Metropolitana;GV ClReg. Ampofr.;;ERROR EN SAP (RECONVERSION MONETARIA)
1200;10000954;RENE DESSES DE VENEZUELA, C.A;DAZA RAMON;120004;00086379564;00086379564;DZ;Pago de deudor;1400003009;20260206;20260206;;;14;20260206;USD;-1720,16;0,00;-1720,16;0,00;0,00;0,00;0,00;381,10779;-655566,37;-655566,37;;20.02.2026 - 22:06:43;Cuidado Personal;Manufactura;Zona Metropolitana;GV ClReg. Ampofr.;;Anticipo a Factura
1200;10000954;RENE DESSES DE VENEZUELA, C.A;DAZA RAMON;120004;00-056739;00-056739;O0;Factura.Nac.Ampofras;7000012188;20260220;20260220;NT00;Contado;0;20260220;USD;1897,81;1897,81;0,00;0,00;0,00;0,00;0,00;402,33398;763553,46;763553,46;;20.02.2026 - 22:06:43;Cuidado Personal;Manufactura;Zona Metropolitana;GV ClReg. Ampofr.;;
1200;10000895;COSMETICOS THERMI CORP, C.A.;DAZA RAMON;120004;7000011996;7000011993;DZ;Pago de deudor;1400002920;20251128;20251128;;;84;20251128;USD;-148,96;0,00;0,00;0,00;0,00;-148,96;0,00;245,66347;-36594,03;-36594,03;;20.02.2026 - 22:06:43;Cuidado Personal;Manufactura;Zona Metropolitana;GV ClReg. Ampofr.;;Saldo a Favor
1200;10000895;COSMETICOS THERMI CORP, C.A.;DAZA RAMON;120004;03577454649;03577454649;DZ;Pago de deudor;1400002942;20251219;20251219;;;63;20251219;USD;-170,57;0,00;0,00;0,00;0,00;-170,57;0,00;282,50636;-48187,11;-48187,11;;20.02.2026 - 22:06:43;Cuidado Personal;Manufactura;Zona Metropolitana;GV ClReg. Ampofr.;;Anticipo a Factura
1200;10001076;NEGROPRO SOLUCIONES TECNICAS, S.A.;REYES JORGE;120005;ERROR SAP;;AB;Documento contable;0100048193;20201231;20201231;NT00;Contado;1877;20201231;USD;2019472,32;0,00;0,00;0,00;0,00;0,00;2019472,32;0,00001;20,19;20194723,18;;20.02.2026 - 22:06:43;Productos De Limpiez;Distribuidores Enf.;Zona Metropolitana;GV ClReg. Ampofr.;;ERROR EN SAP (RECONVERSION MONETARIA)
1200;10001076;NEGROPRO SOLUCIONES TECNICAS, S.A.;REYES JORGE;120005;7000012015;7000012015;DZ;Pago de deudor;1400002937;20251218;20251218;;;64;20251218;USD;-11,46;0,00;0,00;0,00;0,00;-12,72;0,00;279,61792;-3774,63;-3950,58;;20.02.2026 - 22:06:43;Productos De Limpiez;Distribuidores Enf.;Zona Metropolitana;GV ClReg. Ampofr.;;Abono a Factura
1200;10001076;NEGROPRO SOLUCIONES TECNICAS, S.A.;REYES JORGE;120005;7000012014;7000012014;DA;Documento de deudor;1600005222;20241208;20241208;;;439;20241208;USD;-856,96;0,00;0,00;0,00;0,00;0,00;-856,96;48,32642;-41413,81;-41413,81;;20.02.2026 - 22:06:43;Productos De Limpiez;Distribuidores Enf.;Zona Metropolitana;GV ClReg. Ampofr.;;20251200001284
1200;10001076;NEGROPRO SOLUCIONES TECNICAS, S.A.;REYES JORGE;120005;7000012015;7000012014;DA;Documento de deudor;1600005222;20241208;20241208;;;439;20241208;USD;-145,98;0,00;0,00;0,00;0,00;0,00;-145,98;48,32587;-7054,61;-7054,61;;20.02.2026 - 22:06:43;Productos De Limpiez;Distribuidores Enf.;Zona Metropolitana;GV ClReg. Ampofr.;;20251200001283
1200;10001076;NEGROPRO SOLUCIONES TECNICAS, S.A.;REYES JORGE;120005;00-056547;00-056547;O0;Factura.Nac.Ampofras;7000012014;20251208;20251208;NT00;Contado;74;20251208;USD;1570,73;0,00;0,00;0,00;0,00;1570,73;0,00;254,87050;400332,74;1570,73;;20.02.2026 - 22:06:43;Productos De Limpiez;Distribuidores Enf.;Zona Metropolitana;GV ClReg. Ampofr.;;
1200;10001076;NEGROPRO SOLUCIONES TECNICAS, S.A.;REYES JORGE;120005;00-056548;00-056548;O0;Factura.Nac.Ampofras;7000012015;20251208;20251208;NT00;Contado;74;20251208;USD;267,57;0,00;0,00;0,00;0,00;267,57;0,00;254,87050;68195,70;267,57;;20.02.2026 - 22:06:43;Productos De Limpiez;Distribuidores Enf.;Zona Metropolitana;GV ClReg. Ampofr.;;
1200;10001124;ALIMENTOS CALVEN, C.A;HERNANDEZ HORACIO;120003;03586244759;03586244759;DZ;Pago de deudor;1400003020;20260213;20260213;;;7;20260213;USD;-329,06;0,00;-329,06;0,00;0,00;0,00;0,00;393,22002;-129392,98;-129392,98;;20.02.2026 - 22:06:43;Alimentos;Manufactura;Zona Occidente;GV ClReg. Ampofr.;;Anticipo a Factura
1200;10001125;GUSTAVO JOSE PINTO RAMOS (INVERSIONES PINTO RAMOS);REYES JORGE;120005;52908513960;52908513960;DZ;Pago de deudor;1400002839;20251017;20251017;;;126;20251017;USD;-202,07;0,00;0,00;0,00;0,00;0,00;-202,07;203,74128;-41170,00;-41170,00;;20.02.2026 - 22:06:43;Comercializadora;Distribuidores Enf.;Zona Centro Occid.;GV ClReg. Ampofr.;;Anticipo a Factura
1200;10001125;GUSTAVO JOSE PINTO RAMOS (INVERSIONES PINTO RAMOS);REYES JORGE;120005;;00-056738;O0;Factura.Nac.Ampofras;7000012187;20260220;20260220;NT00;Contado;0;20260220;USD;777,45;777,45;0,00;0,00;0,00;0,00;0,00;402,33548;312795,72;312795,72;;20.02.2026 - 22:06:43;Comercializadora;Distribuidores Enf.;Zona Centro Occid.;GV ClReg. Ampofr.;;
1200;10001154;ALIMENTOS POLAR COMERCIAL, C.A.;AMPOFRASCA OFICINA;120002;7000012138;7000012131;DA;Documento de deudor;1600005274;20260128;20260128;;;23;20260128;USD;-3508,63;0,00;0,00;-3508,63;0,00;0,00;0,00;361,49025;-1268335,52;-1268335,52;;20.02.2026 - 22:06:43;Alimentos;Manufactura;Zona Metropolitana;GV ClReg. Ampofr.;;20260271000411
1200;10001154;ALIMENTOS POLAR COMERCIAL, C.A.;AMPOFRASCA OFICINA;120002;7000012110;7000012110;DA;Documento de deudor;1600005283;20260125;20260125;;;26;20260125;USD;-3592,36;0,00;0,00;-3592,36;0,00;0,00;0,00;352,70605;-1267047,12;-1267047,12;;20.02.2026 - 22:06:43;Alimentos;Manufactura;Zona Metropolitana;GV ClReg. Ampofr.;;20260171005533
1200;10001154;ALIMENTOS POLAR COMERCIAL, C.A.;AMPOFRASCA OFICINA;120002;7000012120;7000012110;DA;Documento de deudor;1600005283;20260125;20260125;;;26;20260125;USD;-3621,35;0,00;0,00;-3621,35;0,00;0,00;0,00;352,70625;-1277272,77;-1277272,77;;20.02.2026 - 22:06:43;Alimentos;Manufactura;Zona Metropolitana;GV ClReg. Ampofr.;;20260171005533
1200;10001154;ALIMENTOS POLAR COMERCIAL, C.A.;AMPOFRASCA OFICINA;120002;;00-056653;O0;Factura.Nac.Ampofras;7000012110;20260124;20260124;NT15;Crédito 15 Días;12;20260208;USD;34726,14;0,00;34726,14;0,00;0,00;0,00;0,00;352,70630;12248128,35;34726,14;;20.02.2026 - 22:06:43;Alimentos;Manufactura;Zona Metropolitana;GV ClReg. Ampofr.;;
1200;10001154;ALIMENTOS POLAR COMERCIAL, C.A.;AMPOFRASCA OFICINA;120002;;00-056664;O0;Factura.Nac.Ampofras;7000012120;20260126;20260126;NT15;Crédito 15 Días;10;20260210;USD;34726,14;0,00;34726,14;0,00;0,00;0,00;0,00;355,55280;12346976,31;34726,14;;20.02.2026 - 22:06:43;Alimentos;Manufactura;Zona Metropolitana;GV ClReg. Ampofr.;;
1200;10001154;ALIMENTOS POLAR COMERCIAL, C.A.;AMPOFRASCA OFICINA;120002;;00-056682;O0;Factura.Nac.Ampofras;7000012138;20260130;20260130;NT15;Crédito 15 Días;6;20260214;USD;33379,67;0,00;33379,67;0,00;0,00;0,00;0,00;367,30690;12260583,11;33379,67;;20.02.2026 - 22:06:43;Alimentos;Manufactura;Zona Metropolitana;GV ClReg. Ampofr.;;
1200;10001154;ALIMENTOS POLAR COMERCIAL, C.A.;AMPOFRASCA OFICINA;120002;;00-056685;O0;Factura.Nac.Ampofras;7000012141;20260203;20260203;NT15;Crédito 15 Días;2;20260218;USD;20663,60;0,00;20663,60;0,00;0,00;0,00;0,00;372,10570;7689043,34;20663,60;;20.02.2026 - 22:06:43;Alimentos;Manufactura;Zona Metropolitana;GV ClReg. Ampofr.;;
1200;10001154;ALIMENTOS POLAR COMERCIAL, C.A.;AMPOFRASCA OFICINA;120002;;00-056686;O0;Factura.Nac.Ampofras;7000012142;20260203;20260203;NT15;Crédito 15 Días;2;20260218;USD;318,00;0,00;318,00;0,00;0,00;0,00;0,00;372,10569;118329,61;318,00;;20.02.2026 - 22:06:43;Alimentos;Manufactura;Zona Metropolitana;GV ClReg. Ampofr.;;
1200;10001154;ALIMENTOS POLAR COMERCIAL, C.A.;AMPOFRASCA OFICINA;120002;;00-056687;O0;Factura.Nac.Ampofras;7000012143;20260203;20260203;NT15;Crédito 15 Días;2;20260218;USD;28611,14;0,00;28611,14;0,00;0,00;0,00;0,00;372,10570;10646368,28;28611,14;;20.02.2026 - 22:06:43;Alimentos;Manufactura;Zona Metropolitana;GV ClReg. Ampofr.;;
1200;10001154;ALIMENTOS POLAR COMERCIAL, C.A.;AMPOFRASCA OFICINA;120002;;00-056688;O0;Factura.Nac.Ampofras;7000012144;20260203;20260203;NT15;Crédito 15 Días;2;20260218;USD;318,00;0,00;318,00;0,00;0,00;0,00;0,00;372,10569;118329,61;318,00;;20.02.2026 - 22:06:43;Alimentos;Manufactura;Zona Metropolitana;GV ClReg. Ampofr.;;
1200;10001154;ALIMENTOS POLAR COMERCIAL, C.A.;AMPOFRASCA OFICINA;120002;;00-056695;O0;Factura.Nac.Ampofras;7000012151;20260205;20260205;NT15;Crédito 15 Días;0;20260220;USD;38051,77;38051,77;0,00;0,00;0,00;0,00;0,00;378,45820;14401004,38;38051,77;;20.02.2026 - 22:06:43;Alimentos;Manufactura;Zona Metropolitana;GV ClReg. Ampofr.;;
1200;10001154;ALIMENTOS POLAR COMERCIAL, C.A.;AMPOFRASCA OFICINA;120002;;00-056696;O0;Factura.Nac.Ampofras;7000012152;20260205;20260205;NT15;Crédito 15 Días;0;20260220;USD;310,89;343,96;0,00;0,00;0,00;0,00;0,00;378,45821;108965,77;294,74;;20.02.2026 - 22:06:43;Alimentos;Manufactura;Zona Metropolitana;GV ClReg. Ampofr.;;
1200;10001154;ALIMENTOS POLAR COMERCIAL, C.A.;AMPOFRASCA OFICINA;120002;;00-056707;O0;Factura.Nac.Ampofras;7000012161;20260209;20260209;NT15;Crédito 15 Días;0;20260224;USD;37701,33;37701,33;0,00;0,00;0,00;0,00;0,00;382,63180;14425727,76;37701,33;;20.02.2026 - 22:06:43;Alimentos;Manufactura;Zona Metropolitana;GV ClReg. Ampofr.;;
1200;10001154;ALIMENTOS POLAR COMERCIAL, C.A.;AMPOFRASCA OFICINA;120002;;00-056708;O0;Factura.Nac.Ampofras;7000012162;20260209;20260209;NT15;Crédito 15 Días;0;20260224;USD;279,70;280,00;0,00;0,00;0,00;0,00;0,00;382,63179;104834,49;326,75;;20.02.2026 - 22:06:43;Alimentos;Manufactura;Zona Metropolitana;GV ClReg. Ampofr.;;
1200;10001154;ALIMENTOS POLAR COMERCIAL, C.A.;AMPOFRASCA OFICINA;120002;;00-056714;O0;Factura.Nac.Ampofras;7000012167;20260210;20260210;NT15;Crédito 15 Días;0;20260225;USD;26705,10;26705,10;0,00;0,00;0,00;0,00;0,00;385,27200;10288727,29;26705,10;;20.02.2026 - 22:06:43;Alimentos;Manufactura;Zona Metropolitana;GV ClReg. Ampofr.;;
1200;10001154;ALIMENTOS POLAR COMERCIAL, C.A.;AMPOFRASCA OFICINA;120002;;00-056715;O0;Factura.Nac.Ampofras;7000012168;20260210;20260210;NT15;Crédito 15 Días;0;20260225;USD;2002,28;2002,28;0,00;0,00;0,00;0,00;0,00;385,27200;771422,42;2002,28;;20.02.2026 - 22:06:43;Alimentos;Manufactura;Zona Metropolitana;GV ClReg. Ampofr.;;
1200;10001154;ALIMENTOS POLAR COMERCIAL, C.A.;AMPOFRASCA OFICINA;120002;;00-056716;O0;Factura.Nac.Ampofras;7000012169;20260210;20260210;NT15;Crédito 15 Días;0;20260225;USD;318,00;318,00;0,00;0,00;0,00;0,00;0,00;385,27201;122516,50;318,00;;20.02.2026 - 22:06:43;Alimentos;Manufactura;Zona Metropolitana;GV ClReg. Ampofr.;;
1200;10001154;ALIMENTOS POLAR COMERCIAL, C.A.;AMPOFRASCA OFICINA;120002;;00-056726;O0;Factura.Nac.Ampofras;7000012175;20260212;20260212;NT15;Crédito 15 Días;0;20260227;USD;36130,44;36130,44;0,00;0,00;0,00;0,00;0,00;390,29440;14101508,40;36130,44;;20.02.2026 - 22:06:43;Alimentos;Manufactura;Zona Metropolitana;GV ClReg. Ampofr.;;
1200;10001154;ALIMENTOS POLAR COMERCIAL, C.A.;AMPOFRASCA OFICINA;120002;;00-056727;O0;Factura.Nac.Ampofras;7000012176;20260212;20260212;NT15;Crédito 15 Días;0;20260227;USD;318,00;318,00;0,00;0,00;0,00;0,00;0,00;390,29440;124113,62;318,00;;20.02.2026 - 22:06:43;Alimentos;Manufactura;Zona Metropolitana;GV ClReg. Ampofr.;;
1200;10001154;ALIMENTOS POLAR COMERCIAL, C.A.;AMPOFRASCA OFICINA;120002;;00-056731;O0;Factura.Nac.Ampofras;7000012180;20260218;20260218;NT15;Crédito 15 Días;0;20260305;USD;35180,06;35180,06;0,00;0,00;0,00;0,00;0,00;396,36740;13944228,91;35180,06;;20.02.2026 - 22:06:43;Alimentos;Manufactura;Zona Metropolitana;GV ClReg. Ampofr.;;
1200;10001154;ALIMENTOS POLAR COMERCIAL, C.A.;AMPOFRASCA OFICINA;120002;;00-056732;O0;Factura.Nac.Ampofras;7000012181;20260218;20260218;NT15;Crédito 15 Días;0;20260305;USD;19055,87;19055,87;0,00;0,00;0,00;0,00;0,00;396,36740;7553125,65;19055,87;;20.02.2026 - 22:06:43;Alimentos;Manufactura;Zona Metropolitana;GV ClReg. Ampofr.;;
1200;10001154;ALIMENTOS POLAR COMERCIAL, C.A.;AMPOFRASCA OFICINA;120002;;00-056733;O0;Factura.Nac.Ampofras;7000012182;20260218;20260218;NT15;Crédito 15 Días;0;20260305;USD;2,19;2,19;0,00;0,00;0,00;0,00;0,00;396,36530;868,04;2,19;;20.02.2026 - 22:06:43;Alimentos;Manufactura;Zona Metropolitana;GV ClReg. Ampofr.;;
1200;10001154;ALIMENTOS POLAR COMERCIAL, C.A.;AMPOFRASCA OFICINA;120002;;00-056734;O0;Factura.Nac.Ampofras;7000012183;20260218;20260218;NT15;Crédito 15 Días;0;20260305;USD;318,00;318,00;0,00;0,00;0,00;0,00;0,00;396,36739;126044,83;318,00;;20.02.2026 - 22:06:43;Alimentos;Manufactura;Zona Metropolitana;GV ClReg. Ampofr.;;
1200;10001154;ALIMENTOS POLAR COMERCIAL, C.A.;AMPOFRASCA OFICINA;120002;;00-056735;O0;Factura.Nac.Ampofras;7000012184;20260218;20260218;NT15;Crédito 15 Días;0;20260305;USD;318,00;318,00;0,00;0,00;0,00;0,00;0,00;396,36739;126044,83;318,00;;20.02.2026 - 22:06:43;Alimentos;Manufactura;Zona Metropolitana;GV ClReg. Ampofr.;;
1200;10001154;ALIMENTOS POLAR COMERCIAL, C.A.;AMPOFRASCA OFICINA;120002;;00-056736;O0;Factura.Nac.Ampofras;7000012185;20260218;20260218;NT15;Crédito 15 Días;0;20260305;USD;4638,45;4638,45;0,00;0,00;0,00;0,00;0,00;396,36740;1838530,37;4638,45;;20.02.2026 - 22:06:43;Alimentos;Manufactura;Zona Metropolitana;GV ClReg. Ampofr.;;
1200;10001194;DERNIER COSMETICS, S.A;REYES JORGE;120005;;;AB;Documento contable;0100048204;20201231;20201231;;;1877;20201231;USD;-12051250,46;0,00;0,00;0,00;0,00;0,00;-11597716,64;0,00001;-121,97;-124032903,70;;20.02.2026 - 22:06:43;Cuidado Personal;Manufactura;Zona Centro;GV ClReg. Ampofr.;;ERROR EN SAP (RECONVERSION MONETARIA)
1200;10001194;DERNIER COSMETICS, S.A;REYES JORGE;120005;7000012013;7000012013;DZ;Pago de deudor;1400002958;20251201;20251201;;;81;20251201;USD;-284,13;0,00;0,00;0,00;0,00;-284,13;0,00;247,29747;-70264,63;-70264,63;;20.02.2026 - 22:06:43;Cuidado Personal;Manufactura;Zona Centro;GV ClReg. Ampofr.;;Saldo a Favor
1200;10001194;DERNIER COSMETICS, S.A;REYES JORGE;120005;;00-056711;O0;Factura.Nac.Ampofras;7000012164;20260210;20260210;NT00;Contado;10;20260210;USD;317,63;0,00;317,63;0,00;0,00;0,00;0,00;385,27003;122373,32;122373,32;;20.02.2026 - 22:06:43;Cuidado Personal;Manufactura;Zona Centro;GV ClReg. Ampofr.;;
1200;10001194;DERNIER COSMETICS, S.A;REYES JORGE;120005;7000012013;00-056703;P2;NC.Nac.Ampofrasca;7200000777;20260209;20260209;NT00;Contado;11;20260209;USD;-172,61;0,00;-172,61;0,00;0,00;0,00;0,00;254,87706;-43994,33;-43994,33;;20.02.2026 - 22:06:43;Cuidado Personal;Manufactura;Zona Centro;GV ClReg. Ampofr.;;
1200;10001427;INDUVAR, S.A.;DAZA RAMON;120004;ERROR SAP;;AB;Documento contable;0100048244;20201231;20201231;;;1877;20201231;USD;-7372468,00;0,00;0,00;0,00;0,00;0,00;-7372468,00;0,00001;-73,72;-73724680,02;;20.02.2026 - 22:06:43;Cuidado Personal;Manufactura;Zona Centro;GV ClReg. Ampofr.;;ERROR EN SAP (RECONVERSION MONETARIA)
1200;10001427;INDUVAR, S.A.;DAZA RAMON;120004;ERROR SAP;;AB;Documento contable;0100048502;20201231;20201231;;;1877;20201231;USD;-879235,63;0,00;0,00;0,00;0,00;0,00;-879235,63;0,00001;-8,79;-8792356,34;;20.02.2026 - 22:06:43;Cuidado Personal;Manufactura;Zona Centro;GV ClReg. Ampofr.;;ERROR EN SAP (RECONVERSION MONETARIA)
1200;10001427;INDUVAR, S.A.;DAZA RAMON;120004;7000012010;7000012010;DZ;Pago de deudor;1400002976;20251126;20251126;;;86;20251126;USD;-467,78;0,00;0,00;0,00;0,00;-467,78;0,00;243,57461;-113939,33;-113939,33;;20.02.2026 - 22:06:43;Cuidado Personal;Manufactura;Zona Centro;GV ClReg. Ampofr.;;Saldo a Favor
1200;10001367;COSMETICOS LARENSE, C.A;REYES JORGE;120005;ERROR SAP;;AB;Documento contable;0100046813;20201123;20201123;;;1915;20201123;USD;-2522803,87;0,00;0,00;0,00;0,00;0,00;-2522803,87;0,00001;-25,23;-25228038,72;;20.02.2026 - 22:06:43;Cuidado Personal;Manufactura;Zona Occidente;GV ClReg. Ampofr.;;ERROR EN SAP (RECONVERSION MONETARIA)
1200;10001367;COSMETICOS LARENSE, C.A;REYES JORGE;120005;ERROR SAP;7000004210;DA;Documento de deudor;1600001347;20200807;20200811;;;2019;20200811;USD;-143382,19;0,00;0,00;0,00;0,00;0,00;-143382,19;0,00001;-1,43;-1433821,77;;20.02.2026 - 22:06:43;Cuidado Personal;Manufactura;Zona Occidente;GV ClReg. Ampofr.;;ERROR EN SAP (RECONVERSION MONETARIA)
1200;10001367;COSMETICOS LARENSE, C.A;REYES JORGE;120005;ERROR SAP;;DA;Documento de deudor;1600001363;20200814;20200817;;;2013;20200817;USD;-223612,27;0,00;0,00;0,00;0,00;0,00;-223612,27;0,00001;-2,24;-2236122,72;;20.02.2026 - 22:06:43;Cuidado Personal;Manufactura;Zona Occidente;GV ClReg. Ampofr.;;ERROR EN SAP (RECONVERSION MONETARIA)
1200;10001624;C.A.QUIMICAS QUIMSA;HERNANDEZ HORACIO;120003;ERROR SAP;;AB;Documento contable;0100048503;20201231;20201231;;;1877;20201231;USD;3364226,13;0,00;0,00;0,00;0,00;0,00;3216293,16;0,00001;35,37;33442312,36;;20.02.2026 - 22:06:43;Cuidado Personal;Manufactura;Zona Centro;GV ClReg. Ampofr.;;ERROR EN SAP (RECONVERSION MONETARIA)
1200;10001666;DISTRIBUIDORA GADUCA C.A;HERNANDEZ HORACIO;120003;ERROR SAP;00-041068;O0;Factura.Nac.Ampofras;7000004641;20201204;20201204;NT01;Prepagado;1904;20201204;USD;448246441,89;0,00;0,00;0,00;0,00;0,00;448246441,89;0,00001;4482,46;4482464418,94;;20.02.2026 - 22:06:43;Distribuidores Trad.;Manufactura;Zona Centro;GV ClReg. Ampofr.;;ERROR EN SAP (RECONVERSION MONETARIA)
1200;40000000;PHARSANA DE VENEZUELA, C.A.;HERNANDEZ HORACIO;120003;Swap Con Ampo;SWAP PHARSANA;SA;Documento cta.mayor;0100092597;20240802;20240802;;;567;20240802;USD;37380,00;0,00;0,00;0,00;0,00;0,00;37380,00;36,64230;1369689,17;37380,00;;20.02.2026 - 22:06:43;Intercompañia;Intercompañias;Zona Centro;GV ClReg. Ampofr.;;Envio de 37.380 USD a PH
1200;40000000;PHARSANA DE VENEZUELA, C.A.;HERNANDEZ HORACIO;120003;TRANSFER OF FUNDS;0;SA;Documento cta.mayor;0100095810;20250318;20250318;;;339;20250318;USD;66600,00;0,00;0,00;0,00;0,00;0,00;66600,00;66,78800;4448080,80;66600,00;;20.02.2026 - 22:06:43;Intercompañia;Intercompañias;Zona Centro;GV ClReg. Ampofr.;;INTERCOMPAÑIA JPM AMPO A JPM PH $ 66.600,00
1200;40000000;PHARSANA DE VENEZUELA, C.A.;HERNANDEZ HORACIO;120003;FA6000094243;COMPENSACION;SA;Documento cta.mayor;0100097491;20240229;20240229;;;722;20240229;USD;-212,15;0,00;0,00;0,00;0,00;0,00;-212,15;36,23172;-7686,56;-7686,56;;20.02.2026 - 22:06:43;Intercompañia;Intercompañias;Zona Centro;GV ClReg. Ampofr.;;Compensacion FA6000094243
1200;40000000;PHARSANA DE VENEZUELA, C.A.;HERNANDEZ HORACIO;120003;Trasl.Compensacion;COMPENSACION;SA;Documento cta.mayor;0100097492;20250411;20250411;;;315;20250411;USD;-954,91;0,00;0,00;0,00;0,00;0,00;-954,91;57,29760;-54714,05;-54714,05;;20.02.2026 - 22:06:43;Intercompañia;Intercompañias;Zona Centro;GV ClReg. Ampofr.;;Trasl.Compensacion FA 60-116912 60-116913
1200;40000000;PHARSANA DE VENEZUELA, C.A.;HERNANDEZ HORACIO;120003;13163459348;0;SA;Documento cta.mayor;0100100475;20250707;20250707;;;228;20250707;USD;8975,16;0,00;0,00;0,00;0,00;0,00;8975,16;111,41863;1000000,00;1000000,00;;20.02.2026 - 22:06:43;Intercompañia;Intercompañias;Zona Centro;GV ClReg. Ampofr.;;Intercompañia Ampo - Bnc Ph
1200;40000000;PHARSANA DE VENEZUELA, C.A.;HERNANDEZ HORACIO;120003;0;0;SA;Documento cta.mayor;0100100476;20250718;20250718;;;217;20250718;USD;92992,53;0,00;0,00;0,00;0,00;0,00;92992,53;118,28740;10999845,00;10999845,00;;20.02.2026 - 22:06:43;Intercompañia;Intercompañias;Zona Centro;GV ClReg. Ampofr.;;Intercompañia Ampo - Venezuela  Ph
1200;40000000;PHARSANA DE VENEZUELA, C.A.;HERNANDEZ HORACIO;120003;7000011559;INTERCOMPAÑIA;SA;Documento cta.mayor;0100104094;20251022;20250808;;;196;20250808;USD;126,96;0,00;0,00;0,00;0,00;0,00;126,96;125,32467;15911,22;15911,22;;20.02.2026 - 22:06:43;Intercompañia;Intercompañias;Zona Centro;GV ClReg. Ampofr.;;7000011559 COMPRA DE BOTELLONES
1200;40000000;PHARSANA DE VENEZUELA, C.A.;HERNANDEZ HORACIO;120003;Traslado desde Amp;RECLAS.100104876;SA;Documento cta.mayor;0100105386;20251002;20251002;;;141;20251002;USD;20000,00;0,00;0,00;0,00;0,00;0,00;20000,00;181,30370;3626074,00;20000,00;;20.02.2026 - 22:06:43;Intercompañia;Intercompañias;Zona Centro;GV ClReg. Ampofr.;;Traslado desde AMPO pago Intereses PH JMD
1200;40000000;PHARSANA DE VENEZUELA, C.A.;HERNANDEZ HORACIO;120003;Bono Variable;INTERCOMPAÑIAS;SA;Documento cta.mayor;0100108463;20251229;20251229;;;53;20251229;USD;49850,00;0,00;0,00;0,00;49850,00;0,00;0,00;294,96990;14704249,52;49850,00;;20.02.2026 - 22:06:43;Intercompañia;Intercompañias;Zona Centro;GV ClReg. Ampofr.;;Anticipo Enero -Febrero USD 24.925 EI
1200;40000000;PHARSANA DE VENEZUELA, C.A.;HERNANDEZ HORACIO;120003;Intercompañias;INTERCOMPAÑIAS;SA;Documento cta.mayor;0100108464;20251229;20251229;;;53;20251229;USD;5000,00;0,00;0,00;0,00;5000,00;0,00;0,00;294,96990;1474849,50;5000,00;;20.02.2026 - 22:06:43;Intercompañia;Intercompañias;Zona Centro;GV ClReg. Ampofr.;;Intercompañias PH-Ampo USD 5.000
1200;40000000;PHARSANA DE VENEZUELA, C.A.;HERNANDEZ HORACIO;120003;Traslado Ampo-PH;INTERCOMPAÑIAS;SA;Documento cta.mayor;0100108465;20251105;20251105;;;107;20251105;USD;25645,00;0,00;0,00;0,00;0,00;0,00;25645,00;226,13050;5799116,67;25645,00;;20.02.2026 - 22:06:43;Intercompañia;Intercompañias;Zona Centro;GV ClReg. Ampofr.;;Traslado de fondos AMPO-PH JPM-JPM
1200;40000003;PROYECTOS PET, C.A.;AMPOFRASCA OFICINA;120002;;00-046872;O0;Factura.Nac.Ampofras;7000009250;20240209;20240209;NT00;Contado;742;20240209;USD;203,92;0,00;0,00;0,00;0,00;0,00;203,92;36,29266;7400,80;7400,80;;20.02.2026 - 22:06:43;Intercompañia;Intercompañias;Zona Centro;GV ClReg. Ampofr.;;
1200;40000003;PROYECTOS PET, C.A.;AMPOFRASCA OFICINA;120002;103946655;103946655;AB;Documento contable;0100102744;20250919;20250828;;;176;20250828;USD;15,07;0,00;0,00;0,00;0,00;0,00;15,07;165,38752;2492,39;2492,39;;20.02.2026 - 22:06:43;Intercompañia;Intercompañias;Zona Centro;GV ClReg. Ampofr.;;REINTEGRO SR CARLOS ALBARRAN
1200;40000003;PROYECTOS PET, C.A.;AMPOFRASCA OFICINA;120002;0004861300001;0;SA;Documento cta.mayor;0100104420;20251014;20251014;;;129;20251014;USD;237500,00;0,00;0,00;0,00;0,00;0,00;237500,00;197,24560;46845830,00;237500,00;;20.02.2026 - 22:06:43;Intercompañia;Intercompañias;Zona Centro;GV ClReg. Ampofr.;;Intercompañia con Ampo
1200;40000003;PROYECTOS PET, C.A.;AMPOFRASCA OFICINA;120002;700008036;700008036;SA;Documento cta.mayor;0100105279;20251118;20251118;;;94;20251118;USD;149,75;0,00;0,00;0,00;0,00;0,00;163,71;236,83892;41412,48;33337,40;;20.02.2026 - 22:06:43;Intercompañia;Intercompañias;Zona Centro;GV ClReg. Ampofr.;;OC 50-10814 CANTAR DE NITROGENO LIQUIDO $163,71
1200;40000003;PROYECTOS PET, C.A.;AMPOFRASCA OFICINA;120002;700008038;700008038;SA;Documento cta.mayor;0100105287;20251118;20251118;;;94;20251118;USD;2445,16;0,00;0,00;0,00;0,00;0,00;2445,16;236,83936;579110,14;579110,14;;20.02.2026 - 22:06:43;Intercompañia;Intercompañias;Zona Centro;GV ClReg. Ampofr.;;OC 48-7968 MAT DE EMPAQUE Y FLEJES $2.445,16
1200;40000003;PROYECTOS PET, C.A.;AMPOFRASCA OFICINA;120002;700008037;700008037;SA;Documento cta.mayor;0100105291;20251118;20251118;;;94;20251118;USD;324,48;0,00;0,00;0,00;0,00;0,00;324,48;236,83891;76849,49;76849,49;;20.02.2026 - 22:06:43;Intercompañia;Intercompañias;Zona Centro;GV ClReg. Ampofr.;;003229 OC 50-10838 FLETE
1200;40000003;PROYECTOS PET, C.A.;AMPOFRASCA OFICINA;120002;700008030;700008030;SA;Documento cta.mayor;0100105293;20251118;20251118;;;94;20251118;USD;870,11;0,00;0,00;0,00;0,00;0,00;870,11;236,83895;206075,94;206075,94;;20.02.2026 - 22:06:43;Intercompañia;Intercompañias;Zona Centro;GV ClReg. Ampofr.;;ANTICIPO COMPRA RACHES POLEAS EMPACADURAS
1200;40000003;PROYECTOS PET, C.A.;AMPOFRASCA OFICINA;120002;700008040;700008040;SA;Documento cta.mayor;0100105295;20251118;20251118;;;94;20251118;USD;5366,40;0,00;0,00;0,00;0,00;0,00;5366,40;236,83890;1270972,27;1270972,27;;20.02.2026 - 22:06:43;Intercompañia;Intercompañias;Zona Centro;GV ClReg. Ampofr.;;OC 48-7892 CAJA P/TAPAS $5.366,40
1200;40000003;PROYECTOS PET, C.A.;AMPOFRASCA OFICINA;120002;700008032;700008032;SA;Documento cta.mayor;0100105297;20251118;20251118;;;94;20251118;USD;287,06;0,00;0,00;0,00;0,00;0,00;305,43;236,84173;63562,64;81992,23;;20.02.2026 - 22:06:43;Intercompañia;Intercompañias;Zona Centro;GV ClReg. Ampofr.;;F-0004256700
1200;40000003;PROYECTOS PET, C.A.;AMPOFRASCA OFICINA;120002;700008031;700008031;SA;Documento cta.mayor;0100105312;20251118;20251118;;;94;20251118;USD;264,35;0,00;0,00;0,00;0,00;0,00;264,35;237,74848;62848,81;62848,81;;20.02.2026 - 22:06:43;Intercompañia;Intercompañias;Zona Centro;GV ClReg. Ampofr.;;F-0004297042
1200;40000003;PROYECTOS PET, C.A.;AMPOFRASCA OFICINA;120002;700008044;700008044;SA;Documento cta.mayor;0100105318;20251119;20251119;;;93;20251119;USD;3490,56;0,00;0,00;0,00;0,00;0,00;3320,66;237,75025;738146,84;821544,05;;20.02.2026 - 22:06:43;Intercompañia;Intercompañias;Zona Centro;GV ClReg. Ampofr.;;0163
1200;40000003;PROYECTOS PET, C.A.;AMPOFRASCA OFICINA;120002;13236527661;0;SA;Documento cta.mayor;0100105355;20251119;20251119;;;93;20251119;USD;6309,13;0,00;0,00;0,00;0,00;0,00;6309,13;237,75069;1500000,00;1500000,00;;20.02.2026 - 22:06:43;Intercompañia;Intercompañias;Zona Centro;GV ClReg. Ampofr.;;REGISTRO CONVERTIBILIDAD - SANFAR $32.393,42
1200;40000003;PROYECTOS PET, C.A.;AMPOFRASCA OFICINA;120002;13233985573;0;SA;Documento cta.mayor;0100105388;20251114;20251114;;;98;20251114;USD;4257,65;0,00;0,00;0,00;0,00;0,00;4257,65;234,87135;1000000,00;1000000,00;;20.02.2026 - 22:06:43;Intercompañia;Intercompañias;Zona Centro;GV ClReg. Ampofr.;;Intercompañia con Pet
1200;40000003;PROYECTOS PET, C.A.;AMPOFRASCA OFICINA;120002;13233985724;0;SA;Documento cta.mayor;0100105389;20251114;20251114;;;98;20251114;USD;3831,88;0,00;0,00;0,00;0,00;0,00;3831,88;234,87166;900000,00;900000,00;;20.02.2026 - 22:06:43;Intercompañia;Intercompañias;Zona Centro;GV ClReg. Ampofr.;;Intercompañia con Pet
1200;40000003;PROYECTOS PET, C.A.;AMPOFRASCA OFICINA;120002;13233986088;0;SA;Documento cta.mayor;0100105428;20251114;20251114;;;98;20251114;USD;425,76;0,00;0,00;0,00;0,00;0,00;425,76;234,87411;100000,00;100000,00;;20.02.2026 - 22:06:43;Intercompañia;Intercompañias;Zona Centro;GV ClReg. Ampofr.;;Intercompañia con Pet
1200;40000003;PROYECTOS PET, C.A.;AMPOFRASCA OFICINA;120002;700008049;700008049;SA;Documento cta.mayor;0100105465;20251121;20251121;;;91;20251121;USD;428,18;0,00;0,00;0,00;0,00;0,00;432,00;241,57799;118363,89;112114,08;;20.02.2026 - 22:06:43;Intercompañia;Intercompañias;Zona Centro;GV ClReg. Ampofr.;;003234
1200;40000003;PROYECTOS PET, C.A.;AMPOFRASCA OFICINA;120002;700008053;700008053;SA;Documento cta.mayor;0100105606;20251124;20251124;;;88;20251124;USD;1390,50;0,00;0,00;0,00;0,00;1390,50;0,00;241,57800;335914,21;335914,21;;20.02.2026 - 22:06:43;Intercompañia;Intercompañias;Zona Centro;GV ClReg. Ampofr.;;OC 50-10903 GAS GRANEL MONTACARGAS
1200;40000003;PROYECTOS PET, C.A.;AMPOFRASCA OFICINA;120002;700008033;700008033;SA;Documento cta.mayor;0100105607;20251124;20251124;;;88;20251124;USD;98,04;0,00;0,00;0,00;0,00;98,04;0,00;241,57487;23684,00;23684,00;;20.02.2026 - 22:06:43;Intercompañia;Intercompañias;Zona Centro;GV ClReg. Ampofr.;;REP. DE GATOS COMPRA REFRIGERIO Y ALMUERZOS
1200;40000003;PROYECTOS PET, C.A.;AMPOFRASCA OFICINA;120002;700008056;700008056;AB;Documento contable;0100105801;20251127;20251127;;;85;20251127;USD;23,12;0,00;0,00;0,00;0,00;23,12;0,00;245,71021;5680,82;5680,82;;20.02.2026 - 22:06:43;Intercompañia;Intercompañias;Zona Centro;GV ClReg. Ampofr.;;CONSULTA TECNICA
1200;40000003;PROYECTOS PET, C.A.;AMPOFRASCA OFICINA;120002;13235571993;0;SA;Documento cta.mayor;0100105872;20251118;20251118;;;94;20251118;USD;8444,56;0,00;0,00;0,00;0,00;0,00;8444,56;236,83886;2000000,00;2000000,00;;20.02.2026 - 22:06:43;Intercompañia;Intercompañias;Zona Centro;GV ClReg. Ampofr.;;Intercompañia con Pet
1200;40000003;PROYECTOS PET, C.A.;AMPOFRASCA OFICINA;120002;13235779742;0;SA;Documento cta.mayor;0100105873;20251118;20251118;;;94;20251118;USD;27444,82;0,00;0,00;0,00;0,00;0,00;27444,82;236,83886;6500000,00;6500000,00;;20.02.2026 - 22:06:43;Intercompañia;Intercompañias;Zona Centro;GV ClReg. Ampofr.;;Intercompañia con Pet
1200;40000003;PROYECTOS PET, C.A.;AMPOFRASCA OFICINA;120002;0;0;SA;Documento cta.mayor;0100105874;20251119;20251119;;;93;20251119;USD;12618,27;0,00;0,00;0,00;0,00;0,00;12618,27;237,75050;3000000,00;3000000,00;;20.02.2026 - 22:06:43;Intercompañia;Intercompañias;Zona Centro;GV ClReg. Ampofr.;;Intercompañia con Pet
1200;40000003;PROYECTOS PET, C.A.;AMPOFRASCA OFICINA;120002;0;0;SA;Documento cta.mayor;0100105875;20251126;20251126;;;86;20251126;USD;5747,77;0,00;0,00;0,00;0,00;5747,77;0,00;243,57272;1400000,00;1400000,00;;20.02.2026 - 22:06:43;Intercompañia;Intercompañias;Zona Centro;GV ClReg. Ampofr.;;Intercompañia con Pet
1200;40000003;PROYECTOS PET, C.A.;AMPOFRASCA OFICINA;120002;0;0;SA;Documento cta.mayor;0100105949;20251128;20251128;;;84;20251128;USD;7326,91;0,00;0,00;0,00;0,00;7326,91;0,00;245,66973;1800000,00;1800000,00;;20.02.2026 - 22:06:43;Intercompañia;Intercompañias;Zona Centro;GV ClReg. Ampofr.;;Intercompañia con Pet de Banesco a Prov Pet
1200;40000003;PROYECTOS PET, C.A.;AMPOFRASCA OFICINA;120002;0;0;SA;Documento cta.mayor;0100105951;20251128;20251128;;;84;20251128;USD;34599,30;0,00;0,00;0,00;0,00;34599,30;0,00;245,66971;8500000,00;8500000,00;;20.02.2026 - 22:06:43;Intercompañia;Intercompañias;Zona Centro;GV ClReg. Ampofr.;;Intercompañia con Pet de Banesco a Bancaribe Pet
1200;40000003;PROYECTOS PET, C.A.;AMPOFRASCA OFICINA;120002;0;0;SA;Documento cta.mayor;0100105953;20251128;20251128;;;84;20251128;USD;26458,29;0,00;0,00;0,00;0,00;26458,29;0,00;245,66969;6500000,00;6500000,00;;20.02.2026 - 22:06:43;Intercompañia;Intercompañias;Zona Centro;GV ClReg. Ampofr.;;Intercompañia con Ampo de Bnc a  Bancaribe Pet
1200;40000003;PROYECTOS PET, C.A.;AMPOFRASCA OFICINA;120002;0000035291;0;SA;Documento cta.mayor;0100105955;20251128;20251128;;;84;20251128;USD;1221,15;0,00;0,00;0,00;0,00;1221,15;0,00;245,67007;300000,00;300000,00;;20.02.2026 - 22:06:43;Intercompañia;Intercompañias;Zona Centro;GV ClReg. Ampofr.;;Intercompañia con Pet de Provincial a Bancaribe Pe
1200;40000003;PROYECTOS PET, C.A.;AMPOFRASCA OFICINA;120002;INTERCOMPAÑIA;INTERESES JMD;SA;Documento cta.mayor;0100105988;20251128;20251128;;;84;20251128;USD;10000,00;0,00;0,00;0,00;0,00;10000,00;0,00;245,66970;2456697,00;10000,00;;20.02.2026 - 22:06:43;Intercompañia;Intercompañias;Zona Centro;GV ClReg. Ampofr.;;INTERESES JMD 10.000$
1200;40000003;PROYECTOS PET, C.A.;AMPOFRASCA OFICINA;120002;0329200858725;0;SA;Documento cta.mayor;0100105991;20251128;20251128;;;84;20251128;USD;1628,20;0,00;0,00;0,00;0,00;1628,20;0,00;245,67007;400000,00;400000,00;;20.02.2026 - 22:06:43;Intercompañia;Intercompañias;Zona Centro;GV ClReg. Ampofr.;;Intercompañia con Pet de Venz Ampo a Bancaribe Pet
1200;40000003;PROYECTOS PET, C.A.;AMPOFRASCA OFICINA;120002;20464471532;0;SA;Documento cta.mayor;0100105998;20251128;20251128;;;84;20251128;USD;4070,51;0,00;0,00;0,00;0,00;4070,51;0,00;245,66946;1000000,00;1000000,00;;20.02.2026 - 22:06:43;Intercompañia;Intercompañias;Zona Centro;GV ClReg. Ampofr.;;Intercompañia con Pet
1200;40000003;PROYECTOS PET, C.A.;AMPOFRASCA OFICINA;120002;03574691926;0;SA;Documento cta.mayor;0100106349;20251205;20251205;;;77;20251205;USD;28524,29;0,00;0,00;0,00;0,00;28524,29;0,00;254,87050;7270000,00;7270000,00;;20.02.2026 - 22:06:43;Intercompañia;Intercompañias;Zona Centro;GV ClReg. Ampofr.;;Intercompañia con Pet
1200;40000003;PROYECTOS PET, C.A.;AMPOFRASCA OFICINA;120002;0;0;SA;Documento cta.mayor;0100106418;20251209;20251209;;;73;20251209;USD;28224,85;0,00;0,00;0,00;0,00;28224,85;0,00;257,92874;7280000,00;7280000,00;;20.02.2026 - 22:06:43;Intercompañia;Intercompañias;Zona Centro;GV ClReg. Ampofr.;;Intercompañia con Pet
1200;40000003;PROYECTOS PET, C.A.;AMPOFRASCA OFICINA;120002;700008092;700008092;SA;Documento cta.mayor;0100106491;20251216;20251216;;;66;20251216;USD;295,14;0,00;0,00;0,00;0,00;295,14;0,00;273,58765;80746,66;80746,66;;20.02.2026 - 22:06:43;Intercompañia;Intercompañias;Zona Centro;GV ClReg. Ampofr.;;FT 003415
1200;40000003;PROYECTOS PET, C.A.;AMPOFRASCA OFICINA;120002;700008093;700008093;SA;Documento cta.mayor;0100106494;20251216;20251216;;;66;20251216;USD;1499,66;0,00;0,00;0,00;0,00;1499,66;0,00;279,56303;419249,49;419249,49;;20.02.2026 - 22:06:43;Intercompañia;Intercompañias;Zona Centro;GV ClReg. Ampofr.;;002824
1200;40000003;PROYECTOS PET, C.A.;AMPOFRASCA OFICINA;120002;700008096;700008096;SA;Documento cta.mayor;0100106495;20251216;20251216;;;66;20251216;USD;694,80;0,00;0,00;0,00;0,00;694,80;0,00;273,58610;190087,62;190087,62;;20.02.2026 - 22:06:43;Intercompañia;Intercompañias;Zona Centro;GV ClReg. Ampofr.;;4183
1200;40000003;PROYECTOS PET, C.A.;AMPOFRASCA OFICINA;120002;700008097;700008097;SA;Documento cta.mayor;0100106497;20251216;20251216;;;66;20251216;USD;419,90;0,00;0,00;0,00;0,00;419,90;0,00;279,56406;117388,95;117388,95;;20.02.2026 - 22:06:43;Intercompañia;Intercompañias;Zona Centro;GV ClReg. Ampofr.;;000766
1200;40000003;PROYECTOS PET, C.A.;AMPOFRASCA OFICINA;120002;700008083;700008083;SA;Documento cta.mayor;0100106500;20251216;20251216;;;66;20251216;USD;1349,53;0,00;0,00;0,00;0,00;1349,53;0,00;279,56268;377278,23;377278,23;;20.02.2026 - 22:06:43;Intercompañia;Intercompañias;Zona Centro;GV ClReg. Ampofr.;;001037
1200;40000003;PROYECTOS PET, C.A.;AMPOFRASCA OFICINA;120002;700008082;700008082;SA;Documento cta.mayor;0100106501;20251216;20251216;;;66;20251216;USD;261,76;0,00;0,00;0,00;0,00;261,76;0,00;279,56731;73179,54;73179,54;;20.02.2026 - 22:06:43;Intercompañia;Intercompañias;Zona Centro;GV ClReg. Ampofr.;;000001
1200;40000003;PROYECTOS PET, C.A.;AMPOFRASCA OFICINA;120002;700008084;70008084;SA;Documento cta.mayor;0100106502;20251216;20251216;;;66;20251216;USD;156,67;0,00;0,00;0,00;0,00;156,67;0,00;279,56852;43800,00;43800,00;;20.02.2026 - 22:06:43;Intercompañia;Intercompañias;Zona Centro;GV ClReg. Ampofr.;;053282
1200;40000003;PROYECTOS PET, C.A.;AMPOFRASCA OFICINA;120002;700008086;70008086;SA;Documento cta.mayor;0100106503;20251216;20251216;;;66;20251216;USD;149,65;0,00;0,00;0,00;0,00;149,65;0,00;273,59405;40943,35;40943,35;;20.02.2026 - 22:06:43;Intercompañia;Intercompañias;Zona Centro;GV ClReg. Ampofr.;;22285
1200;40000003;PROYECTOS PET, C.A.;AMPOFRASCA OFICINA;120002;700008085;70008085;SA;Documento cta.mayor;0100106504;20251216;20251216;;;66;20251216;USD;1218,06;0,00;0,00;0,00;0,00;1218,06;0,00;273,58632;333244,55;333244,55;;20.02.2026 - 22:06:43;Intercompañia;Intercompañias;Zona Centro;GV ClReg. Ampofr.;;004890
1200;40000003;PROYECTOS PET, C.A.;AMPOFRASCA OFICINA;120002;700008091;70008091;SA;Documento cta.mayor;0100106512;20251216;20251216;;;66;20251216;USD;100,58;0,00;0,00;0,00;0,00;100,58;0,00;279,57566;28119,72;28119,72;;20.02.2026 - 22:06:43;Intercompañia;Intercompañias;Zona Centro;GV ClReg. Ampofr.;;000139
1200;40000003;PROYECTOS PET, C.A.;AMPOFRASCA OFICINA;120002;700008089;700008089;SA;Documento cta.mayor;0100106513;20251216;20251216;;;66;20251216;USD;1471,79;0,00;0,00;0,00;0,00;1471,79;0,00;279,56205;411456,63;411456,63;;20.02.2026 - 22:06:43;Intercompañia;Intercompañias;Zona Centro;GV ClReg. Ampofr.;;DF FT A-00045
1200;40000003;PROYECTOS PET, C.A.;AMPOFRASCA OFICINA;120002;700008090;700008090;SA;Documento cta.mayor;0100106514;20251216;20251216;;;66;20251216;USD;201,03;0,00;0,00;0,00;0,00;183,88;0,00;273,58266;50109,94;43593,20;;20.02.2026 - 22:06:43;Intercompañia;Intercompañias;Zona Centro;GV ClReg. Ampofr.;;00000522
1200;40000003;PROYECTOS PET, C.A.;AMPOFRASCA OFICINA;120002;700008094;700008094;SA;Documento cta.mayor;0100106515;20251216;20251216;;;66;20251216;USD;520,20;0,00;0,00;0,00;0,00;520,20;0,00;273,58576;142319,31;142319,31;;20.02.2026 - 22:06:43;Intercompañia;Intercompañias;Zona Centro;GV ClReg. Ampofr.;;003008
1200;40000003;PROYECTOS PET, C.A.;AMPOFRASCA OFICINA;120002;700008095;700008095;SA;Documento cta.mayor;0100106516;20251216;20251216;;;66;20251216;USD;334,03;0,00;0,00;0,00;0,00;334,03;0,00;273,58594;91385,91;91385,91;;20.02.2026 - 22:06:43;Intercompañia;Intercompañias;Zona Centro;GV ClReg. Ampofr.;;SALDO FT 10258
1200;40000003;PROYECTOS PET, C.A.;AMPOFRASCA OFICINA;120002;700008099;700008099;SA;Documento cta.mayor;0100106517;20251216;20251216;;;66;20251216;USD;4,29;0,00;0,00;0,00;0,00;4,29;0,00;273,83450;1174,75;1174,75;;20.02.2026 - 22:06:43;Intercompañia;Intercompañias;Zona Centro;GV ClReg. Ampofr.;;REP. DE GASTOS
1200;40000003;PROYECTOS PET, C.A.;AMPOFRASCA OFICINA;120002;INTERCOMPAÑIA;INTERESES JMD;SA;Documento cta.mayor;0100106518;20251212;20251212;;;70;20251212;USD;15000,00;0,00;0,00;0,00;0,00;15000,00;0,00;267,74990;4016248,50;15000,00;;20.02.2026 - 22:06:43;Intercompañia;Intercompañias;Zona Centro;GV ClReg. Ampofr.;;INTERESES JMD 15.000$
1200;40000003;PROYECTOS PET, C.A.;AMPOFRASCA OFICINA;120002;003008;;AB;Documento contable;0100106520;20251216;20251216;;;66;20251216;USD;-172,87;0,00;0,00;0,00;0,00;-172,87;0,00;273,59357;-47296,12;-47296,12;;20.02.2026 - 22:06:43;Intercompañia;Intercompañias;Zona Centro;GV ClReg. Ampofr.;;003008
1200;40000003;PROYECTOS PET, C.A.;AMPOFRASCA OFICINA;120002;52882667322;52882667322;SA;Documento cta.mayor;0100106901;20251215;20251215;;;67;20251215;USD;725,94;0,00;0,00;0,00;0,00;725,94;0,00;270,78929;196576,78;196576,78;;20.02.2026 - 22:06:43;Intercompañia;Intercompañias;Zona Centro;GV ClReg. Ampofr.;;Cruce de Cuentas GLOBAL IMPORT PLAST, C.A.
1200;40000003;PROYECTOS PET, C.A.;AMPOFRASCA OFICINA;120002;13248398001;TR ENTRE CUENTAS;SA;Documento cta.mayor;0100106934;20251209;20251209;;;73;20251209;USD;1550,82;0,00;0,00;0,00;0,00;1550,82;0,00;257,92806;400000,00;400000,00;;20.02.2026 - 22:06:43;Intercompañia;Intercompañias;Zona Centro;GV ClReg. Ampofr.;;TR ENTRE CUENTAS PET-PH
1200;40000003;PROYECTOS PET, C.A.;AMPOFRASCA OFICINA;120002;13251227929;0;SA;Documento cta.mayor;0100106965;20251212;20251212;;;70;20251212;USD;52287,60;0,00;0,00;0,00;0,00;52287,60;0,00;267,74991;14000000,00;14000000,00;;20.02.2026 - 22:06:43;Intercompañia;Intercompañias;Zona Centro;GV ClReg. Ampofr.;;Prestamo Intercompañia con Pet
1200;40000003;PROYECTOS PET, C.A.;AMPOFRASCA OFICINA;120002;13253404828;0;SA;Documento cta.mayor;0100106966;20251216;20251216;;;66;20251216;USD;73103,13;0,00;0,00;0,00;0,00;73103,13;0,00;273,58610;20000000,00;20000000,00;;20.02.2026 - 22:06:43;Intercompañia;Intercompañias;Zona Centro;GV ClReg. Ampofr.;;Prestamo Intercompañia con Pet
1200;40000003;PROYECTOS PET, C.A.;AMPOFRASCA OFICINA;120002;13253405474;0;SA;Documento cta.mayor;0100106967;20251216;20251216;;;66;20251216;USD;36551,56;0,00;0,00;0,00;0,00;36551,56;0,00;273,58613;10000000,00;10000000,00;;20.02.2026 - 22:06:43;Intercompañia;Intercompañias;Zona Centro;GV ClReg. Ampofr.;;Prestamo Intercompañia con Pet
1200;40000003;PROYECTOS PET, C.A.;AMPOFRASCA OFICINA;120002;0;0;SA;Documento cta.mayor;0100106969;20251219;20251219;;;63;20251219;USD;20884,01;0,00;0,00;0,00;0,00;20884,01;0,00;282,51279;5900000,00;5900000,00;;20.02.2026 - 22:06:43;Intercompañia;Intercompañias;Zona Centro;GV ClReg. Ampofr.;;Prestamo Intercompañia con Pet
1200;40000003;PROYECTOS PET, C.A.;AMPOFRASCA OFICINA;120002;0599127436156;VZ622D662225192;SA;Documento cta.mayor;0100106980;20251215;20251215;;;67;20251215;USD;92,32;0,00;0,00;0,00;0,00;92,32;0,00;270,79723;25000,00;25000,00;;20.02.2026 - 22:06:43;Intercompañia;Intercompañias;Zona Centro;GV ClReg. Ampofr.;;Prestamo Intercompañia con Pet
1200;40000003;PROYECTOS PET, C.A.;AMPOFRASCA OFICINA;120002;Traslado Ampo-PH;TRASLADO AMPO-PH;SA;Documento cta.mayor;0100107038;20251125;20251125;;;87;20251125;USD;3000,00;0,00;0,00;0,00;0,00;3000,00;0,00;243,11050;729331,50;3000,00;;20.02.2026 - 22:06:43;Intercompañia;Intercompañias;Zona Centro;GV ClReg. Ampofr.;;Traslado de fondos AMPO-PH JPM-JPM
1200;40000003;PROYECTOS PET, C.A.;AMPOFRASCA OFICINA;120002;102570;0;SA;Documento cta.mayor;0100107061;20251219;20251219;;;63;20251219;USD;2831,73;0,00;0,00;0,00;0,00;2831,73;0,00;282,51281;800000,00;800000,00;;20.02.2026 - 22:06:43;Intercompañia;Intercompañias;Zona Centro;GV ClReg. Ampofr.;;Prestamo Intercompañia con Pet
1200;40000003;PROYECTOS PET, C.A.;AMPOFRASCA OFICINA;120002;COMPRA M.E.;0;SA;Documento cta.mayor;0100107068;20251229;20251229;;;53;20251229;USD;130873,85;0,00;0,00;0,00;130873,85;0,00;0,00;294,96990;38603847,00;38603847,00;;20.02.2026 - 22:06:43;Intercompañia;Intercompañias;Zona Centro;GV ClReg. Ampofr.;;COMPRA M.E.66.218$ 29.12.2025
1200;40000003;PROYECTOS PET, C.A.;AMPOFRASCA OFICINA;120002;0;0;SA;Documento cta.mayor;0100107086;20251219;20251219;;;63;20251219;USD;88491,57;0,00;0,00;0,00;0,00;88491,57;0,00;282,51279;25000000,00;25000000,00;;20.02.2026 - 22:06:43;Intercompañia;Intercompañias;Zona Centro;GV ClReg. Ampofr.;;Intercompañia con Pet y Ph 25.000.000,00
1200;40000003;PROYECTOS PET, C.A.;AMPOFRASCA OFICINA;120002;0;0;SA;Documento cta.mayor;0100107089;20251216;20251216;;;66;20251216;USD;23659,85;0,00;0,00;0,00;0,00;23659,85;0,00;273,58604;6473004,78;6473004,78;;20.02.2026 - 22:06:43;Intercompañia;Intercompañias;Zona Centro;GV ClReg. Ampofr.;;Amortizacion Sanfar Intercompañia Ampo- Pet
1200;40000003;PROYECTOS PET, C.A.;AMPOFRASCA OFICINA;120002;0;0;SA;Documento cta.mayor;0100107134;20251204;20251204;;;78;20251204;USD;31403,01;0,00;0,00;0,00;0,00;31403,01;0,00;251,88668;7910000,00;7910000,00;;20.02.2026 - 22:06:43;Intercompañia;Intercompañias;Zona Centro;GV ClReg. Ampofr.;;Compra $9.000,00 Intercompañia con Pet
1200;40000003;PROYECTOS PET, C.A.;AMPOFRASCA OFICINA;120002;INTERCOMPAÑIAS;INTERCOMPAÑIAS;SA;Documento cta.mayor;0100107186;20251229;20251129;;;83;20251129;USD;52500,00;0,00;0,00;0,00;0,00;52500,00;0,00;294,96990;15485919,75;52500,00;;20.02.2026 - 22:06:43;Intercompañia;Intercompañias;Zona Centro;GV ClReg. Ampofr.;;TRASLADO PH POR CONCEPT PREST BANCARIO BNC
1200;40000003;PROYECTOS PET, C.A.;AMPOFRASCA OFICINA;120002;BCN PET-PH;ABONO INTERESES;SA;Documento cta.mayor;0100107276;20251217;20251217;;;65;20251217;USD;52684,87;0,00;0,00;0,00;0,00;52684,87;0,00;276,57690;14571418,02;52684,87;;20.02.2026 - 22:06:43;Intercompañia;Intercompañias;Zona Centro;GV ClReg. Ampofr.;;TRASLADO PH POR CONCEPT PREST BANCARIO BNC
1200;40000003;PROYECTOS PET, C.A.;AMPOFRASCA OFICINA;120002;Intercompanias;INTERCOMPAÑIAS;SA;Documento cta.mayor;0100108466;20251229;20251229;;;53;20251229;USD;74261,00;0,00;0,00;0,00;74261,00;0,00;0,00;294,96990;21904759,74;74261,00;;20.02.2026 - 22:06:43;Intercompañia;Intercompañias;Zona Centro;GV ClReg. Ampofr.;;Pago intereses JMD-PH Dic 2025 USD 74.261
1200;40000003;PROYECTOS PET, C.A.;AMPOFRASCA OFICINA;120002;Intercompanias;INTERCOMPAÑIAS;SA;Documento cta.mayor;0100108467;20251229;20251231;;;51;20251231;USD;53000,00;0,00;0,00;0,00;53000,00;0,00;0,00;294,96990;15633404,70;53000,00;;20.02.2026 - 22:06:43;Intercompañia;Intercompañias;Zona Centro;GV ClReg. Ampofr.;;Pago intereses RIB PET USD 53.000
1200;40000003;PROYECTOS PET, C.A.;AMPOFRASCA OFICINA;120002;700008159;700008159;SA;Documento cta.mayor;0100107274;20260106;20260106;;;45;20260106;USD;229,30;0,00;0,00;0,00;260,00;0,00;0,00;308,15462;91111,61;78491,10;;20.02.2026 - 22:06:43;Intercompañia;Intercompañias;Zona Centro;GV ClReg. Ampofr.;;OC 50-11043 FLETE MCY-CCS
1200;40000003;PROYECTOS PET, C.A.;AMPOFRASCA OFICINA;120002;70008170;700008170;SA;Documento cta.mayor;0100107309;20260114;20260114;;;37;20260114;USD;300,00;0,00;0,00;0,00;300,00;0,00;0,00;336,45960;100937,88;100937,88;;20.02.2026 - 22:06:43;Intercompañia;Intercompañias;Zona Centro;GV ClReg. Ampofr.;;COMPRA BATERIA Y REVISION SISTEMA ELECTR CAM SR EL
1200;40000003;PROYECTOS PET, C.A.;AMPOFRASCA OFICINA;120002;700008164;700008164;SA;Documento cta.mayor;0100107349;20260108;20260108;;;43;20260108;USD;940,00;0,00;0,00;0,00;940,00;0,00;0,00;321,03230;301770,36;301770,36;;20.02.2026 - 22:06:43;Intercompañia;Intercompañias;Zona Centro;GV ClReg. Ampofr.;;OC 50-11023 EVALUACION CARACTERIZACION ATMOSFERICA
1200;40000003;PROYECTOS PET, C.A.;AMPOFRASCA OFICINA;120002;018962;700008174;AB;Documento contable;0100107372;20260116;20260116;;;35;20260116;USD;6115,20;0,00;0,00;0,00;6115,20;0,00;0,00;341,74250;2089823,73;2089823,73;;20.02.2026 - 22:06:43;Intercompañia;Intercompañias;Zona Centro;GV ClReg. Ampofr.;;018962
1200;40000003;PROYECTOS PET, C.A.;AMPOFRASCA OFICINA;120002;003423;700008175;SA;Documento cta.mayor;0100107374;20260116;20260116;;;35;20260116;USD;134,57;0,00;0,00;0,00;134,57;0,00;0,00;341,75202;45989,57;45989,57;;20.02.2026 - 22:06:43;Intercompañia;Intercompañias;Zona Centro;GV ClReg. Ampofr.;;002423
1200;40000003;PROYECTOS PET, C.A.;AMPOFRASCA OFICINA;120002;0171;700008178;SA;Documento cta.mayor;0100107376;20260116;20260116;;;35;20260116;USD;3434,50;0,00;0,00;0,00;3434,50;0,00;0,00;341,74284;1173715,79;1173715,79;;20.02.2026 - 22:06:43;Intercompañia;Intercompañias;Zona Centro;GV ClReg. Ampofr.;;0171
1200;40000003;PROYECTOS PET, C.A.;AMPOFRASCA OFICINA;120002;REP. DE GASTOS;;AB;Documento contable;0100107438;20260119;20260108;;;43;20260108;USD;3,54;0,00;0,00;0,00;3,51;0,00;0,00;342,02849;1294,69;1316,98;;20.02.2026 - 22:06:43;Intercompañia;Intercompañias;Zona Centro;GV ClReg. Ampofr.;;REINTEGRO MARICARMEN NAVARRO
1200;40000003;PROYECTOS PET, C.A.;AMPOFRASCA OFICINA;120002;177578;0;SA;Documento cta.mayor;0100107545;20260108;20260108;;;43;20260108;USD;467,24;0,00;0,00;0,00;467,24;0,00;0,00;321,03416;150000,00;150000,00;;20.02.2026 - 22:06:43;Intercompañia;Intercompañias;Zona Centro;GV ClReg. Ampofr.;;Prestamo Intercompañia con Pet
1200;40000003;PROYECTOS PET, C.A.;AMPOFRASCA OFICINA;120002;700008184;700008184;SA;Documento cta.mayor;0100107579;20260122;20260122;;;29;20260122;USD;17,59;0,00;0,00;17,59;0,00;0,00;0,00;349,99943;6156,49;6156,49;;20.02.2026 - 22:06:43;Intercompañia;Intercompañias;Zona Centro;GV ClReg. Ampofr.;;SALDO FACTURA 0000641
1200;40000003;PROYECTOS PET, C.A.;AMPOFRASCA OFICINA;120002;700008182;700008182;SA;Documento cta.mayor;0100107583;20260122;20260122;;;29;20260122;USD;4100,00;0,00;0,00;4100,00;0,00;0,00;0,00;349,92720;1434701,52;1434701,52;;20.02.2026 - 22:06:43;Intercompañia;Intercompañias;Zona Centro;GV ClReg. Ampofr.;;OC 48-8043 TUBO FLEXIBLES CON MALLA $4.100
1200;40000003;PROYECTOS PET, C.A.;AMPOFRASCA OFICINA;120002;OC 42-1038 NACIONA;700008190;SA;Documento cta.mayor;0100107621;20260123;20260123;;;28;20260123;USD;37427,21;0,00;0,00;37427,21;0,00;0,00;0,00;352,70630;13200812,76;13200812,76;;20.02.2026 - 22:06:43;Intercompañia;Intercompañias;Zona Centro;GV ClReg. Ampofr.;;OC 42-1038 NACIONALIZACION REPUESTOS HUSKY
1200;40000003;PROYECTOS PET, C.A.;AMPOFRASCA OFICINA;120002;700008191;700008191;AB;Documento contable;0100107622;20260123;20260123;;;28;20260123;USD;48543,74;0,00;0,00;48543,74;0,00;0,00;0,00;352,70630;17121682,92;17121682,92;;20.02.2026 - 22:06:43;Intercompañia;Intercompañias;Zona Centro;GV ClReg. Ampofr.;;OC 42-994/1051/1055/1056 NACIONALIZACION REPUESTOS
1200;40000003;PROYECTOS PET, C.A.;AMPOFRASCA OFICINA;120002;700008194;700008194;SA;Documento cta.mayor;0100107676;20260126;20260126;;;25;20260126;USD;2146,62;0,00;0,00;2146,62;0,00;0,00;0,00;355,55274;763236,62;763236,62;;20.02.2026 - 22:06:43;Intercompañia;Intercompañias;Zona Centro;GV ClReg. Ampofr.;;20321
1200;40000003;PROYECTOS PET, C.A.;AMPOFRASCA OFICINA;120002;0329234710818;0;SA;Documento cta.mayor;0100107732;20260121;20260121;;;30;20260121;USD;20157,63;0,00;0,00;20157,63;0,00;0,00;0,00;347,26305;7000000,00;7000000,00;;20.02.2026 - 22:06:43;Intercompañia;Intercompañias;Zona Centro;GV ClReg. Ampofr.;;Pago Intercompañia con Pet
1200;40000003;PROYECTOS PET, C.A.;AMPOFRASCA OFICINA;120002;13269176179;0;SA;Documento cta.mayor;0100107761;20260116;20260116;;;35;20260116;USD;19020,17;0,00;0,00;0,00;19020,17;0,00;0,00;341,74248;6500000,00;6500000,00;;20.02.2026 - 22:06:43;Intercompañia;Intercompañias;Zona Centro;GV ClReg. Ampofr.;;Pago Intercompañia con Pet
1200;40000003;PROYECTOS PET, C.A.;AMPOFRASCA OFICINA;120002;13271359353;0;SA;Documento cta.mayor;0100107771;20260120;20260120;;;31;20260120;USD;2580,03;0,00;0,00;0,00;2902,70;0,00;0,00;344,50684;1004958,93;1093255,61;;20.02.2026 - 22:06:43;Intercompañia;Intercompañias;Zona Centro;GV ClReg. Ampofr.;;Intercompañia con Pet
1200;40000003;PROYECTOS PET, C.A.;AMPOFRASCA OFICINA;120002;03582256555;0;SA;Documento cta.mayor;0100107773;20260122;20260122;;;29;20260122;USD;3743,64;0,00;0,00;3743,64;0,00;0,00;0,00;349,92681;1310000,00;1310000,00;;20.02.2026 - 22:06:43;Intercompañia;Intercompañias;Zona Centro;GV ClReg. Ampofr.;;Intercompañia con Pet
1200;40000003;PROYECTOS PET, C.A.;AMPOFRASCA OFICINA;120002;2601080001;0;SA;Documento cta.mayor;0100107778;20260108;20260108;;;43;20260108;USD;17132,23;0,00;0,00;0,00;17132,23;0,00;0,00;321,03235;5500000,00;5500000,00;;20.02.2026 - 22:06:43;Intercompañia;Intercompañias;Zona Centro;GV ClReg. Ampofr.;;Intercompañia con Pet Compr $6.875,00 d 200.000,00
1200;40000003;PROYECTOS PET, C.A.;AMPOFRASCA OFICINA;120002;13275098619;0;SA;Documento cta.mayor;0100107873;20260127;20260127;;;24;20260127;USD;5014,98;0,00;0,00;5014,98;0,00;0,00;0,00;358,92466;1800000,00;1800000,00;;20.02.2026 - 22:06:43;Intercompañia;Intercompañias;Zona Centro;GV ClReg. Ampofr.;;Intercompañia con Pet
1200;40000003;PROYECTOS PET, C.A.;AMPOFRASCA OFICINA;120002;03579751899;0;SA;Documento cta.mayor;0100107914;20260106;20260106;;;45;20260106;USD;32013,15;0,00;0,00;0,00;32013,15;0,00;0,00;308,15462;9865000,00;9865000,00;;20.02.2026 - 22:06:43;Intercompañia;Intercompañias;Zona Centro;GV ClReg. Ampofr.;;Intercompañia con Pet: Compra de $ 29.000,00 T/685
1200;40000003;PROYECTOS PET, C.A.;AMPOFRASCA OFICINA;120002;13276507701;0;SA;Documento cta.mayor;0100107930;20260130;20260130;;;21;20260130;USD;144914,92;0,00;0,00;169283,67;0,00;0,00;0,00;367,30691;63984379,33;55192558,03;;20.02.2026 - 22:06:43;Intercompañia;Intercompañias;Zona Centro;GV ClReg. Ampofr.;;Intercompañia con Pet
1200;40000003;PROYECTOS PET, C.A.;AMPOFRASCA OFICINA;120002;HABILITACION TRAMI;HABILITACION TRA;SA;Documento cta.mayor;0100108045;20260204;20260204;;;16;20260204;USD;59,23;0,00;0,00;59,23;0,00;0,00;0,00;375,06331;22215,00;22215,00;;20.02.2026 - 22:06:43;Intercompañia;Intercompañias;Zona Centro;GV ClReg. Ampofr.;;HABILITACION TRAMITE AUTENTICACION PODER ESPECIAL
1200;40000003;PROYECTOS PET, C.A.;AMPOFRASCA OFICINA;120002;13278513295;0;SA;Documento cta.mayor;0100108172;20260202;20260202;;;18;20260202;USD;3459,77;0,00;0,00;4051,27;0,00;0,00;0,00;370,25427;1335809,58;1653558,10;;20.02.2026 - 22:06:43;Intercompañia;Intercompañias;Zona Centro;GV ClReg. Ampofr.;;Intercompañia con Pet
1200;40000003;PROYECTOS PET, C.A.;AMPOFRASCA OFICINA;120002;13280217212;0;SA;Documento cta.mayor;0100108173;20260205;20260205;;;15;20260205;USD;2642,30;0,00;2642,30;0,00;0,00;0,00;0,00;378,45816;1000000,00;1000000,00;;20.02.2026 - 22:06:43;Intercompañia;Intercompañias;Zona Centro;GV ClReg. Ampofr.;;Intercompañia con Pet
1200;40000003;PROYECTOS PET, C.A.;AMPOFRASCA OFICINA;120002;700008201;700008201;SA;Documento cta.mayor;0100108191;20260210;20260210;;;10;20260210;USD;271,19;0,00;271,19;0,00;0,00;0,00;0,00;385,26977;104481,31;104481,31;;20.02.2026 - 22:06:43;Intercompañia;Intercompañias;Zona Centro;GV ClReg. Ampofr.;;00002359
1200;40000003;PROYECTOS PET, C.A.;AMPOFRASCA OFICINA;120002;700008198;700008198;SA;Documento cta.mayor;0100108192;20260210;20260210;;;10;20260210;USD;8193,88;0,00;8193,88;0,00;0,00;0,00;0,00;385,27200;3156872,54;3156872,54;;20.02.2026 - 22:06:43;Intercompañia;Intercompañias;Zona Centro;GV ClReg. Ampofr.;;OC 42-1023 NACIONALIZACION REPUESTOS ABC
1200;40000003;PROYECTOS PET, C.A.;AMPOFRASCA OFICINA;120002;700008202;700008202;SA;Documento cta.mayor;0100108193;20260210;20260210;;;10;20260210;USD;780,00;0,00;780,00;0,00;0,00;0,00;0,00;385,27200;300512,16;300512,16;;20.02.2026 - 22:06:43;Intercompañia;Intercompañias;Zona Centro;GV ClReg. Ampofr.;;OC 48-8087 ADQUISIC DESHUMIFICADOR $780,00
1200;40000003;PROYECTOS PET, C.A.;AMPOFRASCA OFICINA;120002;700008210;700008210;SA;Documento cta.mayor;0100108332;20260211;20260211;;;9;20260211;USD;211,50;0,00;211,50;0,00;0,00;0,00;0,00;388,73939;82218,38;82218,38;;20.02.2026 - 22:06:43;Intercompañia;Intercompañias;Zona Centro;GV ClReg. Ampofr.;;OC 48-8051 CINTAS EPSON $211,50
1200;40000003;PROYECTOS PET, C.A.;AMPOFRASCA OFICINA;120002;700008211;700008211;SA;Documento cta.mayor;0100108333;20260212;20260211;;;9;20260211;USD;508,02;0,00;508,02;0,00;0,00;0,00;0,00;390,29276;198276,53;198276,53;;20.02.2026 - 22:06:43;Intercompañia;Intercompañias;Zona Centro;GV ClReg. Ampofr.;;OC 50-11136 COLOCAR TAPA CIEGA
1200;40000003;PROYECTOS PET, C.A.;AMPOFRASCA OFICINA;120002;700008212;700008212;SA;Documento cta.mayor;0100108334;20260211;20260211;;;9;20260211;USD;904,18;0,00;904,18;0,00;0,00;0,00;0,00;390,29577;352897,63;352897,63;;20.02.2026 - 22:06:43;Intercompañia;Intercompañias;Zona Centro;GV ClReg. Ampofr.;;ANTICIPO SUM E INSTALAC GUAYA
1200;40000003;PROYECTOS PET, C.A.;AMPOFRASCA OFICINA;120002;0599129375134;0;SA;Documento cta.mayor;0100108366;20260204;20260204;;;16;20260204;USD;90,47;0,00;0,00;79,98;0,00;0,00;0,00;375,09377;30644,69;32077,05;;20.02.2026 - 22:06:43;Intercompañia;Intercompañias;Zona Centro;GV ClReg. Ampofr.;;Intercompañia con Pet
1200;40000003;PROYECTOS PET, C.A.;AMPOFRASCA OFICINA;120002;700008216;700008216;SA;Documento cta.mayor;0100108407;20260212;20260212;;;8;20260212;USD;112,78;0,00;102,92;0,00;0,00;0,00;0,00;390,31286;44438,65;35731,94;;20.02.2026 - 22:06:43;Intercompañia;Intercompañias;Zona Centro;GV ClReg. Ampofr.;;F-0004782065
1200;40000003;PROYECTOS PET, C.A.;AMPOFRASCA OFICINA;120002;700008220;700008220;SA;Documento cta.mayor;0100108408;20260212;20260212;;;8;20260212;USD;87,25;0,00;87,25;0,00;0,00;0,00;0,00;390,27289;34051,31;34051,31;;20.02.2026 - 22:06:43;Intercompañia;Intercompañias;Zona Centro;GV ClReg. Ampofr.;;00013750
1200;40000003;PROYECTOS PET, C.A.;AMPOFRASCA OFICINA;120002;700008219;700008219;SA;Documento cta.mayor;0100108409;20260212;20260212;;;8;20260212;USD;874,86;0,00;874,86;0,00;0,00;0,00;0,00;390,29650;341454,80;341454,80;;20.02.2026 - 22:06:43;Intercompañia;Intercompañias;Zona Centro;GV ClReg. Ampofr.;;80746058
1200;40000003;PROYECTOS PET, C.A.;AMPOFRASCA OFICINA;120002;700008218;700008218;SA;Documento cta.mayor;0100108410;20260212;20260212;;;8;20260212;USD;750,00;0,00;750,00;0,00;0,00;0,00;0,00;390,29440;292720,80;292720,80;;20.02.2026 - 22:06:43;Intercompañia;Intercompañias;Zona Centro;GV ClReg. Ampofr.;;80746058
1200;40000003;PROYECTOS PET, C.A.;AMPOFRASCA OFICINA;120002;700008223;700008223;AB;Documento contable;0100108412;20260212;20260212;;;8;20260212;USD;68,24;0,00;64,90;0,00;0,00;0,00;0,00;390,28428;26445,02;24854,40;;20.02.2026 - 22:06:43;Intercompañia;Intercompañias;Zona Centro;GV ClReg. Ampofr.;;A010331520
1200;40000003;PROYECTOS PET, C.A.;AMPOFRASCA OFICINA;120002;700008221;700008221;SA;Documento cta.mayor;0100108414;20260212;20260212;;;8;20260212;USD;307,90;0,00;307,90;0,00;0,00;0,00;0,00;390,29435;120171,63;120171,63;;20.02.2026 - 22:06:43;Intercompañia;Intercompañias;Zona Centro;GV ClReg. Ampofr.;;COMPENSACION
1200;40000003;PROYECTOS PET, C.A.;AMPOFRASCA OFICINA;120002;700008222;700008222;SA;Documento cta.mayor;0100108415;20260212;20260212;;;8;20260212;USD;70,00;0,00;70,00;0,00;0,00;0,00;0,00;390,29443;27320,61;27320,61;;20.02.2026 - 22:06:43;Intercompañia;Intercompañias;Zona Centro;GV ClReg. Ampofr.;;FA00001044
1200;40000003;PROYECTOS PET, C.A.;AMPOFRASCA OFICINA;120002;700008225;;AB;Documento contable;0100108462;20260213;20260213;;;7;20260213;USD;1205,18;0,00;1205,18;0,00;0,00;0,00;0,00;393,22212;473903,43;473903,43;;20.02.2026 - 22:06:43;Intercompañia;Intercompañias;Zona Centro;GV ClReg. Ampofr.;;ANTICIPO COMPRA BOLETOS GLISNEIDY-BELKYS- ABDIEL
1200;40000003;PROYECTOS PET, C.A.;AMPOFRASCA OFICINA;120002;13282861123;0;SA;Documento cta.mayor;0100108502;20260210;20260210;;;10;20260210;USD;49315,81;0,00;49315,81;0,00;0,00;0,00;0,00;385,27198;19000000,00;19000000,00;;20.02.2026 - 22:06:43;Intercompañia;Intercompañias;Zona Centro;GV ClReg. Ampofr.;;Intercompañia con Pet
1200;40000003;PROYECTOS PET, C.A.;AMPOFRASCA OFICINA;120002;ABONO INV MISTRAL;ABONO INV MISTRA;SA;Documento cta.mayor;0100108555;20260220;20260220;;;0;20260220;USD;5600,00;5600,00;0,00;0,00;0,00;0,00;0,00;402,33430;2253072,08;2253072,08;;20.02.2026 - 22:06:43;Intercompañia;Intercompañias;Zona Centro;GV ClReg. Ampofr.;;ABONO INV MISTRAL $5.600
1200;40000003;PROYECTOS PET, C.A.;AMPOFRASCA OFICINA;120002;ABONO TANGO SIERRA;ABONO TANGO SIER;SA;Documento cta.mayor;0100108556;20260220;20260220;;;0;20260220;USD;2000,00;2000,00;0,00;0,00;0,00;0,00;0,00;402,33430;804668,60;804668,60;;20.02.2026 - 22:06:43;Intercompañia;Intercompañias;Zona Centro;GV ClReg. Ampofr.;;ABONO TANGO SIERRA $2.000
1200;40000003;PROYECTOS PET, C.A.;AMPOFRASCA OFICINA;120002;ANTICIPO;700008228;SA;Documento cta.mayor;0100108571;20260219;20260219;;;1;20260219;USD;60,00;0,00;60,00;0,00;0,00;0,00;0,00;398,74550;23924,73;23924,73;;20.02.2026 - 22:06:43;Intercompañia;Intercompañias;Zona Centro;GV ClReg. Ampofr.;;ANTICIPO ACTIVIDAD INCRET
1200;40000003;PROYECTOS PET, C.A.;AMPOFRASCA OFICINA;120002;700008227;700008227;SA;Documento cta.mayor;0100108572;20260219;20260219;;;1;20260219;USD;40,00;0,00;40,00;0,00;0,00;0,00;0,00;398,74550;15949,82;15949,82;;20.02.2026 - 22:06:43;Intercompañia;Intercompañias;Zona Centro;GV ClReg. Ampofr.;;ANTICIPO ACTIVIDAD INCRET
1200;40000003;PROYECTOS PET, C.A.;AMPOFRASCA OFICINA;120002;7000012091;7000012091;DA;Documento de deudor;1600005262;20260115;20260115;;;36;20260115;USD;-3,14;0,00;0,00;0,00;-3,14;0,00;0,00;338,74841;-1063,67;-1063,67;;20.02.2026 - 22:06:43;Intercompañia;Intercompañias;Zona Centro;GV ClReg. Ampofr.;;20260100023334
1200;40000003;PROYECTOS PET, C.A.;AMPOFRASCA OFICINA;120002;7000012090;7000012091;DA;Documento de deudor;1600005262;20260115;20260115;;;36;20260115;USD;-150,85;0,00;0,00;0,00;-150,85;0,00;0,00;339,15744;-51161,90;-51161,90;;20.02.2026 - 22:06:43;Intercompañia;Intercompañias;Zona Centro;GV ClReg. Ampofr.;;20260100023334
1200;40000003;PROYECTOS PET, C.A.;AMPOFRASCA OFICINA;120002;7000012103;7000012091;DA;Documento de deudor;1600005262;20260115;20260115;;;36;20260115;USD;-135,35;0,00;0,00;0,00;-135,35;0,00;0,00;339,15272;-45904,32;-45904,32;;20.02.2026 - 22:06:43;Intercompañia;Intercompañias;Zona Centro;GV ClReg. Ampofr.;;20260100023334
1200;40000003;PROYECTOS PET, C.A.;AMPOFRASCA OFICINA;120002;;00-056632;O0;Factura.Nac.Ampofras;7000012090;20260115;20260115;NT00;Contado;36;20260115;USD;1458,25;0,00;0,00;0,00;1458,25;0,00;0,00;339,14969;494565,04;494565,04;;20.02.2026 - 22:06:43;Intercompañia;Intercompañias;Zona Centro;GV ClReg. Ampofr.;;
1200;40000003;PROYECTOS PET, C.A.;AMPOFRASCA OFICINA;120002;;00-056633;O0;Factura.Nac.Ampofras;7000012091;20260115;20260115;NT00;Contado;36;20260115;USD;30,32;0,00;0,00;0,00;30,32;0,00;0,00;339,12104;10282,15;10282,15;;20.02.2026 - 22:06:43;Intercompañia;Intercompañias;Zona Centro;GV ClReg. Ampofr.;;
1200;40000003;PROYECTOS PET, C.A.;AMPOFRASCA OFICINA;120002;;00-056646;O0;Factura.Nac.Ampofras;7000012103;20260120;20260120;NT00;Contado;31;20260120;USD;1288,05;0,00;0,00;0,00;1288,05;0,00;0,00;344,50663;443741,76;443741,76;;20.02.2026 - 22:06:43;Intercompañia;Intercompañias;Zona Centro;GV ClReg. Ampofr.;;
1200;40000003;PROYECTOS PET, C.A.;AMPOFRASCA OFICINA;120002;;00-056658;O0;Factura.Nac.Ampofras;7000012115;20260126;20260126;NT00;Contado;25;20260126;USD;53,68;0,00;0,00;53,68;0,00;0,00;0,00;355,56762;19086,87;19086,87;;20.02.2026 - 22:06:43;Intercompañia;Intercompañias;Zona Centro;GV ClReg. Ampofr.;;
1200;40000003;PROYECTOS PET, C.A.;AMPOFRASCA OFICINA;120002;;00-056710;O0;Factura.Nac.Ampofras;7000012163;20260210;20260210;NT00;Contado;10;20260210;USD;66,36;0,00;66,36;0,00;0,00;0,00;0,00;385,24427;25564,81;25564,81;;20.02.2026 - 22:06:43;Intercompañia;Intercompañias;Zona Centro;GV ClReg. Ampofr.;;
1200;41000000;PHARSANA DE VENEZUELA, C. A.;FARFAR GLISNEIDY ISABEL;100095;7000008859;00-046599;P2;NC.Nac.Ampofrasca;7200000591;20231129;20231129;NT07;Crédito 07 Días;807;20231206;USD;-16,72;0,00;0,00;0,00;0,00;0,00;-16,72;35,17464;-588,12;-588,12;;20.02.2026 - 22:06:43;Intercompañia;Intercompañias;Zona Centro;GV ClReg. Ampofr.;;
1200;41000000;PHARSANA DE VENEZUELA, C. A.;FARFAR GLISNEIDY ISABEL;100095;7000008828;00-046601;P2;NC.Nac.Ampofrasca;7200000592;20231129;20231129;NT07;Crédito 07 Días;807;20231206;USD;-11,28;0,00;0,00;0,00;0,00;0,00;-11,28;35,08599;-395,77;-395,77;;20.02.2026 - 22:06:43;Intercompañia;Intercompañias;Zona Centro;GV ClReg. Ampofr.;;
1200;41000000;PHARSANA DE VENEZUELA, C. A.;FARFAR GLISNEIDY ISABEL;100095;7000008843;00-046602;P2;NC.Nac.Ampofrasca;7200000593;20231129;20231129;NT07;Crédito 07 Días;807;20231206;USD;-17,44;0,00;0,00;0,00;0,00;0,00;-17,44;35,11869;-612,47;-612,47;;20.02.2026 - 22:06:43;Intercompañia;Intercompañias;Zona Centro;GV ClReg. Ampofr.;;
1200;41000000;PHARSANA DE VENEZUELA, C. A.;FARFAR GLISNEIDY ISABEL;100095;7000008864;00-046629;Q4;ND.Nac.Ampofrasca;7400000045;20231206;20231206;NT07;Crédito 07 Días;800;20231213;USD;17,56;0,00;0,00;0,00;0,00;0,00;17,56;35,23405;618,71;618,71;;20.02.2026 - 22:06:43;Intercompañia;Intercompañias;Zona Centro;GV ClReg. Ampofr.;;
1200;41000000;PHARSANA DE VENEZUELA, C. A.;FARFAR GLISNEIDY ISABEL;100095;7000008866;00-046630;Q4;ND.Nac.Ampofrasca;7400000046;20231206;20231206;NT07;Crédito 07 Días;800;20231213;USD;15,97;0,00;0,00;0,00;0,00;0,00;15,97;35,22855;562,60;562,60;;20.02.2026 - 22:06:43;Intercompañia;Intercompañias;Zona Centro;GV ClReg. Ampofr.;;
1200;41000000;PHARSANA DE VENEZUELA, C. A.;FARFAR GLISNEIDY ISABEL;100095;7000008865;00-046631;Q4;ND.Nac.Ampofrasca;7400000047;20231206;20231206;NT07;Crédito 07 Días;800;20231213;USD;16,71;0,00;0,00;0,00;0,00;0,00;16,71;35,23878;588,84;588,84;;20.02.2026 - 22:06:43;Intercompañia;Intercompañias;Zona Centro;GV ClReg. Ampofr.;;
1200;41000000;PHARSANA DE VENEZUELA, C. A.;FARFAR GLISNEIDY ISABEL;100095;7000008871;00-046632;Q4;ND.Nac.Ampofrasca;7400000048;20231206;20231206;NT07;Crédito 07 Días;800;20231213;USD;5,12;0,00;0,00;0,00;0,00;0,00;5,12;35,16211;180,03;180,03;;20.02.2026 - 22:06:43;Intercompañia;Intercompañias;Zona Centro;GV ClReg. Ampofr.;;
1200;41000000;PHARSANA DE VENEZUELA, C. A.;FARFAR GLISNEIDY ISABEL;100095;7000008872;00-046633;Q4;ND.Nac.Ampofrasca;7400000049;20231206;20231206;NT07;Crédito 07 Días;800;20231213;USD;27,31;0,00;0,00;0,00;0,00;0,00;27,31;35,15525;960,09;960,09;;20.02.2026 - 22:06:43;Intercompañia;Intercompañias;Zona Centro;GV ClReg. Ampofr.;;
1200;41000000;PHARSANA DE VENEZUELA, C. A.;FARFAR GLISNEIDY ISABEL;100095;000000505178490;000000505178490;SA;Documento cta.mayor;0100101158;20250815;20250815;;;189;20250815;USD;545,89;0,00;0,00;0,00;0,00;0,00;545,89;135,63943;74044,21;74044,21;;20.02.2026 - 22:06:43;Intercompañia;Intercompañias;Zona Centro;GV ClReg. Ampofr.;;CANC  FT 000058-60-66-70 (PHARSANA)$545,89
1200;41000000;PHARSANA DE VENEZUELA, C. A.;FARFAR GLISNEIDY ISABEL;100095;7000010970;7000010970;DA;Documento de deudor;1600004873;20250217;20250217;;;368;20250217;USD;-632,61;0,00;0,00;0,00;0,00;0,00;-632,61;62,07118;-39266,85;-39266,85;;20.02.2026 - 22:06:43;Intercompañia;Intercompañias;Zona Centro;GV ClReg. Ampofr.;;20250200061426
1200;41000000;PHARSANA DE VENEZUELA, C. A.;FARFAR GLISNEIDY ISABEL;100095;;00-048811;O0;Factura.Nac.Ampofras;7000010970;20250217;20250217;NT07;Crédito 07 Días;361;20250224;USD;6115,27;0,00;0,00;0,00;0,00;0,00;6115,27;62,07078;379579,58;379579,58;;20.02.2026 - 22:06:43;Intercompañia;Intercompañias;Zona Centro;GV ClReg. Ampofr.;;
1200;41000000;PHARSANA DE VENEZUELA, C. A.;FARFAR GLISNEIDY ISABEL;100095;;00-056320;O0;Factura.Nac.Ampofras;7000011808;20251008;20251008;NT07;Crédito 07 Días;128;20251015;USD;29,70;0,00;0,00;0,00;0,00;0,00;29,70;189,23401;5620,25;5620,25;;20.02.2026 - 22:06:43;Intercompañia;Intercompañias;Zona Centro;GV ClReg. Ampofr.;;
1200;41000000;PHARSANA DE VENEZUELA, C. A.;FARFAR GLISNEIDY ISABEL;100095;;00-056680;O0;Factura.Nac.Ampofras;7000012136;20260129;20260129;NT07;Crédito 07 Días;15;20260205;USD;5710,40;0,00;5710,40;0,00;0,00;0,00;0,00;363,66221;2076656,66;2076656,66;;20.02.2026 - 22:06:43;Intercompañia;Intercompañias;Zona Centro;GV ClReg. Ampofr.;;
1200;41000000;PHARSANA DE VENEZUELA, C. A.;FARFAR GLISNEIDY ISABEL;100095;;00-056693;O0;Factura.Nac.Ampofras;7000012149;20260205;20260205;NT07;Crédito 07 Días;8;20260212;USD;622,22;0,00;622,22;0,00;0,00;0,00;0,00;378,45881;235484,64;235484,64;;20.02.2026 - 22:06:43;Intercompañia;Intercompañias;Zona Centro;GV ClReg. Ampofr.;;
1200;41000000;PHARSANA DE VENEZUELA, C. A.;FARFAR GLISNEIDY ISABEL;100095;7000012136;00-056724;P2;NC.Nac.Ampofrasca;7200000781;20260211;20260211;NT07;Crédito 07 Días;2;20260218;USD;-2829,24;0,00;-2829,24;0,00;0,00;0,00;0,00;363,66199;-1028887,06;-1028887,06;;20.02.2026 - 22:06:43;Intercompañia;Intercompañias;Zona Centro;GV ClReg. Ampofr.;;
1200;41000002;AMPOLLAS Y FRASCOS VENEZOLANOS, C.A;AMPOFRASCA OFICINA;120002;;00-056705;O0;Factura.Nac.Ampofras;7000012159;20260209;20260209;NT00;Contado;11;20260209;USD;13,20;0,00;13,20;0,00;0,00;0,00;0,00;382,77273;5052,60;5052,60;;20.02.2026 - 22:06:43;Intercompañia;Intercompañias;Zona Centro;GV ClReg. Ampofr.;;
1200;41000003;PROYECTOS PET, C.A.;AMPOFRASCA OFICINA;120002;INTERCOMPAÑIA;INTRECOMPAÑIA;SA;Documento cta.mayor;0100107097;20260106;20260106;;;45;20260106;USD;733,88;0,00;0,00;0,00;733,88;0,00;0,00;308,15527;226148,99;226148,99;;20.02.2026 - 22:06:43;Intercompañia;Intercompañias;Zona Centro;GV ClReg. Ampofr.;;PAGO FACT 5857 FUMSOL
1200;41000003;PROYECTOS PET, C.A.;AMPOFRASCA OFICINA;120002;INTERCOMPAÑIA;INTRECOMPAÑIA;SA;Documento cta.mayor;0100107098;20260106;20260106;;;45;20260106;USD;4886,54;0,00;0,00;0,00;4886,54;0,00;0,00;308,15475;1505810,49;1505810,49;;20.02.2026 - 22:06:43;Intercompañia;Intercompañias;Zona Centro;GV ClReg. Ampofr.;;PAGO FACT 647, 646 PROV.100002422
1200;41000003;PROYECTOS PET, C.A.;AMPOFRASCA OFICINA;120002;INTERCOMPAÑIA;INTERCOMPAÑIA;SA;Documento cta.mayor;0100107099;20260106;20260106;;;45;20260106;USD;3276,53;0,00;0,00;0,00;3276,53;0,00;0,00;308,15478;1009678,38;1009678,38;;20.02.2026 - 22:06:43;Intercompañia;Intercompañias;Zona Centro;GV ClReg. Ampofr.;;PAGO FACT 005907,005944,005942,005940  PET
1200;41000003;PROYECTOS PET, C.A.;AMPOFRASCA OFICINA;120002;INTERCOMPAÑIA;INTERCOMPAÑIA;SA;Documento cta.mayor;0100107100;20260106;20260106;;;45;20260106;USD;6564,97;0,00;0,00;0,00;6564,97;0,00;0,00;308,15463;2023025,93;2023025,93;;20.02.2026 - 22:06:43;Intercompañia;Intercompañias;Zona Centro;GV ClReg. Ampofr.;;PAGO FACT  3927 PET PROV.10001294
1200;41000003;PROYECTOS PET, C.A.;AMPOFRASCA OFICINA;120002;INTERCOMPAÑIA;INTERCOMPAÑIA;SA;Documento cta.mayor;0100107101;20260106;20260106;;;45;20260106;USD;7123,59;0,00;0,00;0,00;7123,59;0,00;0,00;308,15451;2195166,40;2195166,40;;20.02.2026 - 22:06:43;Intercompañia;Intercompañias;Zona Centro;GV ClReg. Ampofr.;;PAGO FACT 70334 PET PROV.1000117
1200;41000003;PROYECTOS PET, C.A.;AMPOFRASCA OFICINA;120002;INTERCOMPAÑIA;INTERCOMPAÑIA;SA;Documento cta.mayor;0100107102;20260106;20260106;;;45;20260106;USD;1014,00;0,00;0,00;0,00;1014,00;0,00;0,00;308,15464;312468,80;312468,80;;20.02.2026 - 22:06:43;Intercompañia;Intercompañias;Zona Centro;GV ClReg. Ampofr.;;PAGO FACT 608  PET ETIVENCA
1200;41000003;PROYECTOS PET, C.A.;AMPOFRASCA OFICINA;120002;INTERCOMPAÑIA;INTERCOMPAÑIA;SA;Documento cta.mayor;0100107103;20260106;20260106;;;45;20260106;USD;303,46;0,00;0,00;0,00;303,46;0,00;0,00;308,15663;93513,21;93513,21;;20.02.2026 - 22:06:43;Intercompañia;Intercompañias;Zona Centro;GV ClReg. Ampofr.;;PAGO FACT 3053 PET DISTRIBUIDORA SANTISIMA
1200;41000003;PROYECTOS PET, C.A.;AMPOFRASCA OFICINA;120002;INTERCOMPAÑIA;INTERCOMPAÑIA;SA;Documento cta.mayor;0100107105;20260106;20260106;;;45;20260106;USD;107,35;0,00;0,00;0,00;107,35;0,00;0,00;308,16348;33081,35;33081,35;;20.02.2026 - 22:06:43;Intercompañia;Intercompañias;Zona Centro;GV ClReg. Ampofr.;;PAGO FACT F- 04539825 ZOOM
1200;41000003;PROYECTOS PET, C.A.;AMPOFRASCA OFICINA;120002;INTERCOMPAÑIA;INTERCOMPAÑIA;SA;Documento cta.mayor;0100107106;20260106;20260106;;;45;20260106;USD;622,32;0,00;0,00;0,00;622,32;0,00;0,00;308,15686;191772,18;191772,18;;20.02.2026 - 22:06:43;Intercompañia;Intercompañias;Zona Centro;GV ClReg. Ampofr.;;PAGO FACT 2064 ELOY DUARTE
1200;41000003;PROYECTOS PET, C.A.;AMPOFRASCA OFICINA;120002;INTERCOMPAÑIA;INTERCOMPAÑIA;SA;Documento cta.mayor;0100107107;20260106;20260106;;;45;20260106;USD;2546,60;0,00;0,00;0,00;2546,60;0,00;0,00;308,15431;784745,76;784745,76;;20.02.2026 - 22:06:43;Intercompañia;Intercompañias;Zona Centro;GV ClReg. Ampofr.;;PAGO FACT 4898, 4900 PET CONST. GONZA
1200;41000003;PROYECTOS PET, C.A.;AMPOFRASCA OFICINA;120002;INTERCOMPAÑIA;INTERCOMPAÑIA;SA;Documento cta.mayor;0100107110;20260106;20260106;;;45;20260106;USD;1900,97;0,00;0,00;0,00;1900,97;0,00;0,00;308,15429;585792,07;585792,07;;20.02.2026 - 22:06:43;Intercompañia;Intercompañias;Zona Centro;GV ClReg. Ampofr.;;PAGO FACT 23440 COTESERCA
1200;41000003;PROYECTOS PET, C.A.;AMPOFRASCA OFICINA;120002;INTERCOMPAÑIA;INTERCOMPAÑIA;SA;Documento cta.mayor;0100107111;20260106;20260106;;;45;20260106;USD;85,62;0,00;0,00;0,00;85,62;0,00;0,00;308,15405;26384,15;26384,15;;20.02.2026 - 22:06:43;Intercompañia;Intercompañias;Zona Centro;GV ClReg. Ampofr.;;PAGO FACT 17801 PET  CAPROLIM
1200;41000003;PROYECTOS PET, C.A.;AMPOFRASCA OFICINA;120002;;INTERCOMPAÑIA;SA;Documento cta.mayor;0100107112;20260106;20260106;;;45;20260106;USD;39,33;0,00;0,00;0,00;39,33;0,00;0,00;308,11721;12118,25;12118,25;;20.02.2026 - 22:06:43;Intercompañia;Intercompañias;Zona Centro;GV ClReg. Ampofr.;;PAGO FACT 3420 PET  ELADIO
1200;41000003;PROYECTOS PET, C.A.;AMPOFRASCA OFICINA;120002;INTERCOMPAÑIA;INTERCOMPAÑIA;SA;Documento cta.mayor;0100107113;20260106;20260106;;;45;20260106;USD;252,79;0,00;0,00;0,00;252,79;0,00;0,00;308,14878;77896,93;77896,93;;20.02.2026 - 22:06:43;Intercompañia;Intercompañias;Zona Centro;GV ClReg. Ampofr.;;PAGO FACT 22329 PET brickman corp
1200;41000003;PROYECTOS PET, C.A.;AMPOFRASCA OFICINA;120002;INTERCOMPAÑIA;INTERCOMPAÑIA;SA;Documento cta.mayor;0100107114;20260106;20260106;;;45;20260106;USD;485,00;0,00;0,00;0,00;485,00;0,00;0,00;308,15357;149454,48;149454,48;;20.02.2026 - 22:06:43;Intercompañia;Intercompañias;Zona Centro;GV ClReg. Ampofr.;;PAGO FACT VARIAS PET POLICLINICA MARACAY
1200;41000003;PROYECTOS PET, C.A.;AMPOFRASCA OFICINA;120002;INTERCOMPAÑIA;INTERCOMPAÑIA;SA;Documento cta.mayor;0100107119;20260106;20260106;;;45;20260106;USD;4535,40;0,00;0,00;0,00;4535,40;0,00;0,00;308,15460;1397604,36;1397604,36;;20.02.2026 - 22:06:43;Intercompañia;Intercompañias;Zona Centro;GV ClReg. Ampofr.;;PAGO FACT VARIAS PET TOYOMAQUINAS
1200;41000003;PROYECTOS PET, C.A.;AMPOFRASCA OFICINA;120002;INTERCOMPAÑIA;INTERCOMPAÑIA;SA;Documento cta.mayor;0100107157;20260106;20260108;;;43;20260108;USD;416,36;0,00;0,00;0,00;413,07;0,00;0,00;308,15474;130143,72;112979,70;;20.02.2026 - 22:06:43;Intercompañia;Intercompañias;Zona Centro;GV ClReg. Ampofr.;;PAGO FACT 5775 PET. GRUPO EMP.CHAMOS
1200;41000003;PROYECTOS PET, C.A.;AMPOFRASCA OFICINA;120002;;INTERCOMPAÑIA;SA;Documento cta.mayor;0100107158;20260106;20260108;;;43;20260108;USD;669,37;0,00;0,00;0,00;669,37;0,00;0,00;308,15570;206270,18;206270,18;;20.02.2026 - 22:06:43;Intercompañia;Intercompañias;Zona Centro;GV ClReg. Ampofr.;;PAGO FACT 1374 PET. BUILDING SECURITY
1200;41000003;PROYECTOS PET, C.A.;AMPOFRASCA OFICINA;120002;INTERCOMPAÑIA;INTERCOMPAÑIA;SA;Documento cta.mayor;0100107159;20260106;20260108;;;43;20260108;USD;1649,24;0,00;0,00;0,00;1649,24;0,00;0,00;308,15428;508220,36;508220,36;;20.02.2026 - 22:06:43;Intercompañia;Intercompañias;Zona Centro;GV ClReg. Ampofr.;;PAGO FACT 100160 PET. PROV.10003364
1200;41000003;PROYECTOS PET, C.A.;AMPOFRASCA OFICINA;120002;INTERCOMPAÑIA;INTERCOMPAÑIA;SA;Documento cta.mayor;0100107162;20260106;20260106;;;45;20260106;USD;104,74;0,00;0,00;0,00;104,74;0,00;0,00;308,15982;32276,66;32276,66;;20.02.2026 - 22:06:43;Intercompañia;Intercompañias;Zona Centro;GV ClReg. Ampofr.;;PAGO FACT 2499 PET. PROV.10002886
1200;41000003;PROYECTOS PET, C.A.;AMPOFRASCA OFICINA;120002;INTERCOMPAÑIA;INTERCOMPAÑIA;SA;Documento cta.mayor;0100107163;20260106;20260106;;;45;20260106;USD;2939,42;0,00;0,00;0,00;2939,42;0,00;0,00;308,15492;905796,74;905796,74;;20.02.2026 - 22:06:43;Intercompañia;Intercompañias;Zona Centro;GV ClReg. Ampofr.;;PAGO FACT 192 PET. PROV.10002970
1200;41000003;PROYECTOS PET, C.A.;AMPOFRASCA OFICINA;120002;;INTERCOMPAÑIA;SA;Documento cta.mayor;0100107164;20260106;20260106;;;45;20260106;USD;161,60;0,00;0,00;0,00;161,60;0,00;0,00;308,15458;49797,78;49797,78;;20.02.2026 - 22:06:43;Intercompañia;Intercompañias;Zona Centro;GV ClReg. Ampofr.;;PAGO FACT 146985 PET. PROV.10003156
1200;41000003;PROYECTOS PET, C.A.;AMPOFRASCA OFICINA;120002;;INTERCOMPAÑIA;SA;Documento cta.mayor;0100107165;20260106;20260106;;;45;20260106;USD;5392,10;0,00;0,00;0,00;5392,10;0,00;0,00;308,15436;1661599,14;1661599,14;;20.02.2026 - 22:06:43;Intercompañia;Intercompañias;Zona Centro;GV ClReg. Ampofr.;;PAGO FACT 20, 21 PET. PROV.11000195
1200;41000003;PROYECTOS PET, C.A.;AMPOFRASCA OFICINA;120002;INTERCOMPAÑIA;INTERCOMPAÑIA;SA;Documento cta.mayor;0100107166;20260106;20260106;;;45;20260106;USD;431,14;0,00;0,00;0,00;431,14;0,00;0,00;308,15677;132858,71;132858,71;;20.02.2026 - 22:06:43;Intercompañia;Intercompañias;Zona Centro;GV ClReg. Ampofr.;;PAGO FACT 1246 ET. PROV.1002556
1200;41000003;PROYECTOS PET, C.A.;AMPOFRASCA OFICINA;120002;INTERCOMPAÑIA;INTERCOMPAÑIA;SA;Documento cta.mayor;0100107167;20260106;20260106;;;45;20260106;USD;604,97;0,00;0,00;0,00;603,13;0,00;0,00;308,15380;173265,38;202547,96;;20.02.2026 - 22:06:43;Intercompañia;Intercompañias;Zona Centro;GV ClReg. Ampofr.;;PAGO FACT 1445 PET. PROV.11000058
1200;41000003;PROYECTOS PET, C.A.;AMPOFRASCA OFICINA;120002;INTERCOMPAÑIA;;SA;Documento cta.mayor;0100107168;20260106;20260106;;;45;20260106;USD;1014,86;0,00;0,00;0,00;1014,86;0,00;0,00;308,15606;312735,26;312735,26;;20.02.2026 - 22:06:43;Intercompañia;Intercompañias;Zona Centro;GV ClReg. Ampofr.;;PAGO FACT 20305, 20312 PET. PROV.11000148
1200;41000003;PROYECTOS PET, C.A.;AMPOFRASCA OFICINA;120002;INTERCOMPAÑIA;INTERCOMPAÑIA;SA;Documento cta.mayor;0100107169;20260106;20260106;;;45;20260106;USD;230,40;0,00;0,00;0,00;230,40;0,00;0,00;308,14974;70997,70;70997,70;;20.02.2026 - 22:06:43;Intercompañia;Intercompañias;Zona Centro;GV ClReg. Ampofr.;;PAGO FACT 5245 PET. PROV.11000164
1200;41000003;PROYECTOS PET, C.A.;AMPOFRASCA OFICINA;120002;INTERCOMPAÑIA;INTERCOMPAÑIA;SA;Documento cta.mayor;0100107170;20260106;20260106;;;45;20260106;USD;524,42;0,00;0,00;0,00;524,42;0,00;0,00;308,15526;161602,78;161602,78;;20.02.2026 - 22:06:43;Intercompañia;Intercompañias;Zona Centro;GV ClReg. Ampofr.;;PAGO FACT 773 PET. PROV.91000380
1200;41000003;PROYECTOS PET, C.A.;AMPOFRASCA OFICINA;120002;INTERCOMPAÑIA;INTERCOMPAÑIA;SA;Documento cta.mayor;0100107173;20260106;20260106;;;45;20260106;USD;163,00;0,00;0,00;0,00;163,00;0,00;0,00;308,15460;50229,20;50229,20;;20.02.2026 - 22:06:43;Intercompañia;Intercompañias;Zona Centro;GV ClReg. Ampofr.;;PAGO 163$ OC 50-10974. PET
1200;41000003;PROYECTOS PET, C.A.;AMPOFRASCA OFICINA;120002;;INTERCOMPAÑIAS;SA;Documento cta.mayor;0100107720;20260122;20260122;;;29;20260122;USD;4772,89;0,00;0,00;4772,89;0,00;0,00;0,00;358,92435;1713106,43;1713106,43;;20.02.2026 - 22:06:43;Intercompañia;Intercompañias;Zona Centro;GV ClReg. Ampofr.;;SALDO PAG FACTURAS DE ISAAC$6.581,11PET
1200;41000003;PROYECTOS PET, C.A.;AMPOFRASCA OFICINA;120002;00045286399;00045283613;SA;Documento cta.mayor;0100108323;20260211;20260211;;;9;20260211;USD;4209,81;0,00;4209,81;0,00;0,00;0,00;0,00;388,73899;1636517,29;1636517,29;;20.02.2026 - 22:06:43;Intercompañia;Intercompañias;Zona Centro;GV ClReg. Ampofr.;;CRUCE DE SALDOS GLOBAL IMPORT PLAS
1200;41000003;PROYECTOS PET, C.A.;AMPOFRASCA OFICINA;120002;60152467288;60152467288;DZ;Pago de deudor;1400003003;20260115;20260115;;;36;20260115;USD;1058,03;0,00;0,00;0,00;1176,89;0,00;0,00;339,14950;360996,10;429208,24;;20.02.2026 - 22:06:43;Intercompañia;Intercompañias;Zona Centro;GV ClReg. Ampofr.;;CRUCE DE SALDO GLOBAL IMPORT PLAST, C.A.
1200;41000004;S.A. NACIONAL FARMACEUTICA (SANFAR);REYES JORGE;120005;00-045587;00-045587;O0;Factura.Nac.Ampofras;7000008064;20230511;20230511;NT00;Contado;1016;20230511;USD;172,86;0,00;0,00;0,00;0,00;0,00;172,86;25,17858;4352,37;4352,37;;20.02.2026 - 22:06:43;Cadena Nacional;Intercompañias;Zona Centro;GV ClReg. Ampofr.;;
1200;41000004;S.A. NACIONAL FARMACEUTICA (SANFAR);REYES JORGE;120005;00-045588;00-045588;O0;Factura.Nac.Ampofras;7000008065;20230511;20230511;NT00;Contado;1016;20230511;USD;265,75;0,00;0,00;0,00;0,00;0,00;265,75;25,17942;6691,43;6691,43;;20.02.2026 - 22:06:43;Cadena Nacional;Intercompañias;Zona Centro;GV ClReg. Ampofr.;;
1200;41000004;S.A. NACIONAL FARMACEUTICA (SANFAR);REYES JORGE;120005;00-045589;00-045589;O0;Factura.Nac.Ampofras;7000008066;20230511;20230511;NT00;Contado;1016;20230511;USD;6,30;0,00;0,00;0,00;0,00;0,00;6,30;25,19524;158,73;158,73;;20.02.2026 - 22:06:43;Cadena Nacional;Intercompañias;Zona Centro;GV ClReg. Ampofr.;;
1200;41000004;S.A. NACIONAL FARMACEUTICA (SANFAR);REYES JORGE;120005;00-045590;00-045590;O0;Factura.Nac.Ampofras;7000008067;20230511;20230511;NT00;Contado;1016;20230511;USD;10,17;0,00;0,00;0,00;0,00;0,00;10,17;25,18584;256,14;256,14;;20.02.2026 - 22:06:43;Cadena Nacional;Intercompañias;Zona Centro;GV ClReg. Ampofr.;;
1200;41000004;S.A. NACIONAL FARMACEUTICA (SANFAR);REYES JORGE;120005;;;SA;Documento cta.mayor;0100102368;20250831;20250830;;;174;20250830;USD;2525,00;0,00;0,00;0,00;0,00;0,00;2525,00;130,06520;328414,63;2525,00;;20.02.2026 - 22:06:43;Cadena Nacional;Intercompañias;Zona Centro;GV ClReg. Ampofr.;;CAN FACT SERVICIO DE WORKSPACE GOOGLE
1200;41000006;INVERSIONES MISTRAL, C.A.;;0;ABONO INV MISTRAL;ABONO INV MISTRA;SA;Documento cta.mayor;0100105273;20251118;20251118;;;94;20251118;USD;4000,00;0,00;0,00;0,00;0,00;0,00;4000,00;236,83890;947355,60;947355,60;;20.02.2026 - 22:06:43;Intercompañia;;;;;ABONO INV MISTRAL $4.000
1200;10001808;INDUSTRIA PROCESADORA CONDIBLUE 2018, C.A.;HERNANDEZ HORACIO;120003;ERROR SAP;;AB;Documento contable;0100044280;20200817;20200817;;;2013;20200817;USD;-46974,71;0,00;0,00;0,00;0,00;0,00;-46974,71;0,00001;-0,47;-469747,20;;20.02.2026 - 22:06:43;Agroindustrial;Manufactura;Zona Centro Occid.;GV ClReg. Ampofr.;;ERROR EN SAP (RECONVERSION MONETARIA)
1200;10002023;INDUSTRIAS QUIMICAS LARA INQUILARA C.A;REYES JORGE;120005;ERROR SAP;;AB;Documento contable;0100048219;20201231;20201231;NT15;Crédito 15 Días;1862;20210115;USD;200681,53;0,00;0,00;0,00;0,00;0,00;200681,53;0,00001;2,01;2006815,31;;20.02.2026 - 22:06:43;Medicina Humana;Laboratorios;Zona Centro Occid.;GV ClReg. Ampofr.;;ERROR EN SAP (RECONVERSION MONETARIA)
1200;10002131;BRIGIDA DE LA CRUZ RUIZ REGALADO;REYES JORGE;120005;ERROR SAP;;AB;Documento contable;0100042909;20200630;20200630;;;2061;20200630;USD;-52687,50;0,00;0,00;0,00;0,00;0,00;-52687,50;0,00001;-0,53;-526875,01;;20.02.2026 - 22:06:43;Comercializadora;Distribuidores Trad.;Zona Metropolitana;GV ClReg. Ampofr.;;ERROR EN SAP (RECONVERSION MONETARIA)
1200;10002146;DISTRIBUIDORA MAS QUE UN CARPINTERO, C.A;REYES JORGE;120005;ERROR SAP;;AB;Documento contable;0100047984;20201230;20201231;;;1877;20201231;USD;-28142,90;0,00;0,00;0,00;0,00;0,00;-28142,90;0,00001;-0,28;-281429,00;;20.02.2026 - 22:06:43;Distribuidores;Manufactura;Zona Llanos;GV ClReg. Ampofr.;;ERROR EN SAP (RECONVERSION MONETARIA)
1200;10002941;DROGUERIA SALUD SS, C.A;REYES JORGE;120005;7000011948;7000011948;DZ;Pago de deudor;1400002869;20251114;20251114;;;98;20251114;USD;-107,74;0,00;0,00;0,00;0,00;0,00;-107,74;234,87869;-25305,83;-25305,83;;20.02.2026 - 22:06:43;Drogueria;Manufactura;Zona Centro;GV ClReg. Ampofr.;;Saldo a favor
1200;10002946;GLOBAL GLAM COSMETICS, C.A.;DAZA RAMON;120004;00003529987;00003529987;DZ;Pago de deudor;1400002938;20251219;20251219;;;63;20251219;USD;-2046,34;0,00;0,00;0,00;0,00;-2046,34;0,00;282,51276;-578117,16;-578117,16;;20.02.2026 - 22:06:43;Cosmetica;Manufactura;Zona Metropolitana;GV ClReg. Ampofr.;;Anticipo a Factura
1200;10002946;GLOBAL GLAM COSMETICS, C.A.;DAZA RAMON;120004;;00-056616;O0;Factura.Nac.Ampofras;7000012075;20260107;20260107;NT00;Contado;44;20260107;USD;1853,64;0,00;0,00;0,00;1853,64;0,00;0,00;311,88150;578116,03;578116,03;;20.02.2026 - 22:06:43;Cosmetica;Manufactura;Zona Metropolitana;GV ClReg. Ampofr.;;
1200;41000003;PROYECTOS PET, C.A.;AMPOFRASCA OFICINA;120002;INTERCOMPAÑIA;INTRECOMPAÑIA;SA;Documento cta.mayor;100551800;20260106;20260106;;;45;20260106;USD;4174,43;0,00;0,00;0,00;4886,54;0,00;0,00;308,15475;1825357,96;1405769,55;;20.02.2026 - 22:06:43;Intercompañia;Intercompañias;Zona Centro;GV ClReg. Ampofr.;;PAGO FACT 647, 646 PROV.100002422
1200;40000003;PROYECTOS PET, C.A.;AMPOFRASCA OFICINA;120002;700008082;700008082;SA;Documento cta.mayor;100692590;20251216;20251216;;;66;20251216;USD;214,03;0,00;0,00;0,00;0,00;261,76;0,00;279,56731;76043,66;66705,31;;20.02.2026 - 22:06:43;Intercompañia;Intercompañias;Zona Centro;GV ClReg. Ampofr.;;000001
1200;10000887;MOLINOS NACIONALES C.A. (MONACA);HERNANDEZ HORACIO;120003;7200000766;7000011842;DA;Documento de deudor;1600353990;20251115;20251115;;;97;20251115;USD;2,86;0,00;0,00;0,00;0,00;0,00;2,91;234,81100;776,55;603,99;;20.02.2026 - 22:06:43;Alimentos;Manufactura;Zona Centro;GV ClReg. Ampofr.;;ISLR 7200000766
1200;10000887;MOLINOS NACIONALES C.A. (MONACA);HERNANDEZ HORACIO;120003;'0000035301;'0000035301;DZ;Pago de deudor;1400578360;20251215;20251215;;;67;20251215;USD;-782,55;0,00;0,00;0,00;0,00;-983,82;0,00;270,79037;-308700,84;-258159,44;;20.02.2026 - 22:06:43;Alimentos;Manufactura;Zona Centro;GV ClReg. Ampofr.;;Anticpo a Factura
1200;40000003;PROYECTOS PET, C.A.;AMPOFRASCA OFICINA;120002;13233985724;0;SA;Documento cta.mayor;100239724;20251114;20251114;;;98;20251114;USD;4331,86;0,00;0,00;0,00;0,00;0,00;3831,88;234,87166;1013916,69;790278,71;;20.02.2026 - 22:06:43;Intercompañia;Intercompañias;Zona Centro;GV ClReg. Ampofr.;;Intercompañia con Pet
1200;40000003;PROYECTOS PET, C.A.;AMPOFRASCA OFICINA;120002;13235779742;0;SA;Documento cta.mayor;100439128;20251118;20251118;;;94;20251118;USD;24047,66;0,00;0,00;0,00;0,00;0,00;27444,82;236,83886;6575990,47;5938491,58;;20.02.2026 - 22:06:43;Intercompañia;Intercompañias;Zona Centro;GV ClReg. Ampofr.;;Intercompañia con Pet
1200;40000003;PROYECTOS PET, C.A.;AMPOFRASCA OFICINA;120002;INTERCOMPAÑIAS;INTERCOMPAÑIAS;SA;Documento cta.mayor;101094805;20251229;20251129;;;83;20251129;USD;51748,07;0,00;0,00;0,00;0,00;52500,00;0,00;294,96990;15599084,63;65580,63;;20.02.2026 - 22:06:43;Intercompañia;Intercompañias;Zona Centro;GV ClReg. Ampofr.;;TRASLADO PH POR CONCEPT PREST BANCARIO BNC
1200;40000003;PROYECTOS PET, C.A.;AMPOFRASCA OFICINA;120002;13253405474;0;SA;Documento cta.mayor;100795456;20251216;20251216;;;66;20251216;USD;38529,86;0,00;0,00;0,00;0,00;36551,56;0,00;273,58613;11474833,91;9585243,36;;20.02.2026 - 22:06:43;Intercompañia;Intercompañias;Zona Centro;GV ClReg. Ampofr.;;Prestamo Intercompañia con Pet
1200;10000887;MOLINOS NACIONALES C.A. (MONACA);HERNANDEZ HORACIO;120003;00-056389;00-056389;O0;Factura.Nac.Ampofras;7000813840;20251027;20251027;NT00;Contado;116;20251027;USD;381,89;0,00;0,00;0,00;0,00;0,00;400,00;216,37140;95156,47;70421,62;;20.02.2026 - 22:06:43;Alimentos;Manufactura;Zona Centro;GV ClReg. Ampofr.;;
1200;10001154;ALIMENTOS POLAR COMERCIAL, C.A.;AMPOFRASCA OFICINA;120002;;00-056686;O0;Factura.Nac.Ampofras;7000675652;20260203;20260203;NT15;Crédito 15 Días;2;20260218;USD;372,71;0,00;318,00;0,00;0,00;0,00;0,00;372,10569;123014,97;351,42;;20.02.2026 - 22:06:43;Alimentos;Manufactura;Zona Metropolitana;GV ClReg. Ampofr.;;
