Razón Social;Gpo de Cliente;ClaseDoc.;Num.Factura;Sector;Canal;Fecha.Doc;Zona.Vtas;Almacen;Denominacion Material;Cantidad UMV;UM.Vtas;Cantidad UMB;UM.Base;Prec.Unitario;Monto Neto;IVA;Importe Final;Doc.Comercial;Cond.Pago;Fec.Venc.;Moneda.Doc.;Status de Anulacion;Doc.Anulac;Grp.Vend;Vendedor;Referencia;Pedido.Vta;Jerarquía 1;Jerarquía 2;Jerarquía 3;UM.Peso;Peso.Fact;Peso.Total;Um.PesoGen;Ramo;Gr.Material;Gr.Articulo;Tipo.Cambio;Mes;Ejercicio;Prec.Unitario 2;Monto Neto 2;IVA 2;Importe Final 2;Conc.Busq;Codigo_Mat;Listas_precios;;Cod_cliente;;Ind_retcl;Ind_auto_retcl;fechahora;CodMot;Tx Motivo;CodVend;OrgVtas
DISERKHAT, C.A.;Distribuidores Enf.;Fact. Nac-260412;2026041220;Inyecto Soplado;Distribuidor;20260313;Zona Centro Occid.;3000;ENVASE PET TRANSP FARMA 60 ML ACT 26041;3.946,800;PZA;3.946,800;PZA;42,58;132.849,29;21.255,88;154.105,17;F-26041;Contado;20260313;V-2;NA;;GV ClReg. Ampofr.;JORGE REYES;00-260412;2026041220;Farma S/Impresión;Transparente;60 ml.;G;53.952,756;TO;0,054;Comercializadora;AM-Farma;ENVASES PT;286,05508;11;2025;0,19;587,49;94,01;681,49;DISERKHAT;70000084;Precio Base General;Distribuidor;0010000748;17;01;X;13.03.2026 - 08:15:00;;;00120005;1200
DISERKHAT, C.A.;Distribuidores Enf.;Fact. Nac-260412;2026041220;Inyecto Soplado;Distribuidor;20260313;Zona Centro Occid.;3000;ENVASE PET AMBAR FARMA 120 ML (18gr) ACT 26041;3.389,344;PZA;3.389,344;PZA;55,74;163.058,24;26.089,31;189.147,55;F-26041;Contado;20260313;V-2;NA;;GV ClReg. Ampofr.;JORGE REYES;00-260412;2026041220;Farma S/Impresión;Ambar;120 ml.;G;61.008,188;TO;0,062;Comercializadora;AM-Farma;ENVASES PT;279,92851;11;2025;0,24;674,98;108,00;782,97;DISERKHAT;70000667;Precio Base General;Distribuidor;0010000748;17;01;X;13.03.2026 - 08:15:00;;;00120005;1200
DISERKHAT, C.A.;Distribuidores Enf.;Fact. Nac. Proy. PET;8000019748;Botellas;Distribuidor;20251105;Zona Centro Occid.;3000;BOTELLAS GENERICA 1 L (PCO) (27,9) 1904;0,98;PAL;1983,67;PZA;49613,28;41354,82;8056,20;62872,89;Factura;Contado;20251105;VED;NA;;GV ClReg. Proy. PET;JORGE REYES;00-0151838;1302007591;Aceite;Transparente;1000 ml.;G;53121,600;TO;0,053;Comercializadora;PP-Botella;BOTELLAS GASEOSAS;226,13050;11;2025;200,71;200,28;38,11;219,68;DISERKHAT;70000288;Precio Base General;Distribuidor;0010000748;17;01;X;03.12.2025 - 11:15:05;;;00120005;1300
DISERKHAT, C.A.;Distribuidores Enf.;Fact. Nac. Proy. PET;8000019922;Botellas;Distribuidor;20251121;Zona Centro Occid.;3000;BOTELLAS GENERICA 1 L (PCO) (27,9) 1904;4,000;PAL;7616,000;PZA;49192,74;196770,94;31483,35;228254,29;Factura;Contado;20251121;VED;NA;;GV ClReg. Proy. PET;JORGE REYES;00-0152025;1302007623;Aceite;Transparente;1000 ml.;G;212486,400;TO;0,212;Comercializadora;PP-Botella;BOTELLAS GASEOSAS;241,57800;11;2025;203,63;814,52;130,32;944,85;DISERKHAT;70000288;Precio Base General;Distribuidor;0010000748;17;01;X;03.12.2025 - 11:15:05;;;00120005;1300
DISERKHAT, C.A.;Distribuidores Enf.;Fact. Nac. Proy. PET;8000019925;Botellas;Distribuidor;20251121;Zona Centro Occid.;3000;BOTELLAS GENERICA 1 L (PCO) (27,9) 1904;1,000;PAL;1904,000;PZA;50177,06;50177,06;8028,33;58205,39;Factura;Contado;20251121;VED;NA;;GV ClReg. Proy. PET;JORGE REYES;00-0152028;1302007627;Aceite;Transparente;1000 ml.;G;53121,600;TO;0,053;Comercializadora;PP-Botella;BOTELLAS GASEOSAS;241,57800;11;2025;207,71;207,71;33,23;240,94;DISERKHAT;70000288;Precio Base General;Distribuidor;0010000748;17;01;X;03.12.2025 - 11:15:05;;;00120005;1300
ENVASES DOMPER ARAGUA, C.A.;Distribuidores Enf.;Fact. Nac. Ampo.;7000011942;Inyecto Soplado;Distribuidor;20251114;Zona Centro;3000;ENVASE PET TRANSP FARMA 120 ML (18gr);127,67;PZA;112,38;PZA;44,56;4900,71;910,41;7116,98;Factura;Contado;20251114;VED;NA;;GV ClReg. Ampofr.;JORGE REYES;00-056469;1202009238;Farma S/Impresión;Transparente;120 ml.;G;2106,000;TO;0,002;Comercializadora;AM-Farma;ENVASES PT;234,87150;11;2025;0,24;23,30;4,24;24,83;ENVASES;70000779;Precio Base General;Distribuidor;0010000762;17;01;X;03.12.2025 - 11:15:05;;;00120005;1200
ENVASES DOMPER ARAGUA, C.A.;Distribuidores Enf.;Fact. Nac. Ampo.;7000011994;Inyecto Soplado;Distribuidor;20251128;Zona Centro;3000;ENVASE PET AMBAR FARMA 240 ML;112,000;PZA;112,000;PZA;63,74;7138,97;1142,24;8281,21;Factura;Contado;20251128;VED;NA;;GV ClReg. Ampofr.;JORGE REYES;00-056526;1202009278;Farma S/Impresión;Ambar;240 ml.;G;2567,040;TO;0,003;Comercializadora;AM-Farma;ENVASES PT;245,66970;11;2025;0,26;29,06;4,65;33,71;ENVASES;70000059;Precio Base General;Distribuidor;0010000762;17;01;X;03.12.2025 - 11:15:05;;;00120005;1200
ENVASES DEL CENTRO, C.A.;Distribuidores Enf.;Fact. Nac. Ampo.;7000011936;Inyecto Soplado;Distribuidor;20251113;Zona Centro;3000;ENVASE PET TRANSP ESPECIAS 100 G;7000,000;PZA;7000,000;PZA;37,05;259379,40;41500,70;300880,10;Factura;Contado;20251113;VED;NA;;GV ClReg. Ampofr.;JORGE REYES;00-056463;1202009235;Especias;Transparente;100 gr.;G;105000,000;TO;0,105;Comercializadora;AM-Especias;ENVASES PT;233,55760;11;2025;0,16;1110,56;177,69;1288,25;ENVASES;70000080;Precio Base General;Distribuidor;0010000763;17;01;X;03.12.2025 - 11:15:05;;;00120005;1200
ENVASES DEL CENTRO, C.A.;Distribuidores Enf.;Fact. Nac. Ampo.;7000011936;Inyección Liviana;Distribuidor;20251113;Zona Centro;3000;TAPA FLIP TOP ESPECIAS 5 ORIFICIO NATURA;10000,000;PZA;10000,000;PZA;18,41;184106,00;29456,96;213562,96;Factura;Contado;20251113;VED;NA;;GV ClReg. Ampofr.;JORGE REYES;00-056463;1202009235;Tapa Especie;Blanco;42 gr.;G;69900,000;TO;0,070;Comercializadora;AM-Tapas Ampofrasca;TAPAS;233,55760;11;2025;0,08;788,27;126,12;914,39;ENVASES;70000785;Precio Base General;Distribuidor;0010000763;17;01;X;03.12.2025 - 11:15:05;;;00120005;1200
LABORATORIOS REVEEX DE;Laboratorios;Fact. Nac. Ampo.;7000011977;Inyecto Soplado;Venta Directa;20251125;Zona Centro;3000;ENVASE PET AMBAR FARMA  90 ML;40040,000;PZA;40040,000;PZA;49,17;1968646,68;314983,47;2283630,15;Factura;Contado;20251125;VED;NA;;GV ClReg. Ampofr.;RAMON DAZA;00-056509;1202009254;Farma S/Impresión;Ambar;90 ml.;G;624624,000;TO;0,625;Medicina Humana;AM-Farma;ENVASES PT;243,11050;11;2025;0,20;8097,74;1295,64;9393,38;LABORATORIOS;70000055;Precio Base General;;0010000782;17;01;X;03.12.2025 - 11:15:05;;;00120004;1200
MOLINOS NACIONALES C.A. (MONACA);Manufactura;Fact. Nac. Ampo.;7000011935;Servicios;Venta Directa;20251112;Zona Centro;;FLETE POR VIAJE CORTINERO;1,000;SER;1,000;SER;135951,93;135951,93;0,00;135951,93;Factura;Contado;20251112;VED;NA;;GV ClReg. Ampofr.;HORACIO HERNANDEZ;00-056462;1202009234;Servicios Administrat.;;;KG;0,000;TO;0,000;Alimentos;Fletes;FLETE PROD TERMINADO;233,04580;11;2025;583,37;583,37;0,00;583,37;MOLINOS;91000036;Precio Base General;;0010000887;17;01;X;03.12.2025 - 11:15:05;;;00120003;1200
MOLINOS NACIONALES C.A. (MONACA);Manufactura;Fact. Nac. Ampo.;7000011955;Inyecto Soplado;Venta Directa;20251119;Zona Centro;3000;ENVASE MULTIUSOS 828ml  (23g);30360,73;PZA;32524,07;PZA;41,53;1167209,72;226928,93;1413022,14;Factura;Contado;20251119;VED;NA;;GV ClReg. Ampofr.;HORACIO HERNANDEZ;00-056486;1202009247;Jugos;Transparente;500 ml.;G;770868,000;TO;0,771;Alimentos;PP-Botella;ENVASES PT;237,75050;11;2025;0,17;4850,38;885,89;6129,20;MOLINOS;70000808;Precio Base General;;0010000887;17;01;X;03.12.2025 - 11:15:05;;;00120003;1200
MOLINOS NACIONALES C.A. (MONACA);Manufactura;Fact. Nac. Ampo.;7000011956;Servicios;Venta Directa;20251119;Zona Centro;;FLETE POR VIAJE CORTINERO;1,000;SER;1,000;SER;138696,51;138696,51;0,00;138696,51;Factura;Contado;20251119;VED;NA;;GV ClReg. Ampofr.;HORACIO HERNANDEZ;00-056487;1202009249;Servicios Administrat.;;;KG;0,000;TO;0,000;Alimentos;Fletes;FLETE PROD TERMINADO;237,75050;11;2025;583,37;583,37;0,00;583,37;MOLINOS;91000036;Precio Base General;;0010000887;17;01;X;03.12.2025 - 11:15:05;;;00120003;1200
MOLINOS NACIONALES C.A. (MONACA);Manufactura;Fact. Nac. Proy. PET;8000019911;Tapas PT;Venta Directa;20251119;Zona Centro;3000;TAPA PCO 28MM 1810 NATURAL 3,10G (3.500);10,09;CS;10,82;CS;13426,23;146662,56;29887,53;206954,69;Factura;Contado;20251119;VED;NA;;GV ClReg. Proy. PET;;00-0152013;1302007613;Tapas S/Impresión;Transparente;28 mm. 1810;G;108500,000;TO;0,109;Alimentos;PP-Tap. Long Finish;TAPAS;237,75050;11;2025;77,89;560,24;93,67;850,04;MOLINOS;70000403;Precio Base General;;0010000887;17;01;X;03.12.2025 - 11:15:05;;;00000000;1300
MOLINOS NACIONALES C.A. (MONACA);Manufactura;Fact. Nac. Proy. PET;8000019912;Tapas PT;Venta Directa;20251119;Zona Centro;3000;TAPA PCO 28MM 1810 NATURAL 3,10G (3.500);10,000;CS;10,000;CS;15897,54;158975,40;25436,06;184411,46;Factura;Contado;20251119;VED;NA;;GV ClReg. Proy. PET;;00-0152014;1302007622;Tapas S/Impresión;Transparente;28 mm. 1810;G;108500,000;TO;0,109;Alimentos;PP-Tap. Long Finish;TAPAS;237,75050;11;2025;66,87;668,66;106,99;775,65;MOLINOS;70000403;Precio Base General;;0010000887;17;01;X;03.12.2025 - 11:15:05;;;00000000;1300
COSMETICOS THERMI CORP, C.A.;Manufactura;Fact. Nac. Ampo.;7000011993;Viales;Venta Directa;20251128;Zona Metropolitana;3000;FRASCO INYECTABLE TRANSPARENTE 24,5 X 55;2208,000;PZA;2208,000;PZA;38,97;86048,41;13767,75;99816,16;Factura;Contado;20251128;VED;NA;;GV ClReg. Ampofr.;RAMON DAZA;00-056525;1202009276;Ambar S/Impresión;;2 ml.;G;29653,440;TO;0,030;Cuidado Personal;AM-Ampollas;FRASCOS;245,66970;11;2025;0,16;350,26;56,04;406,30;COSMETICOS;70000107;Precio Base General;Cosmetica;0010000895;17;01;X;03.12.2025 - 11:15:05;;;00120004;1200
COSMETICOS THERMI CORP, C.A.;Manufactura;Fact. Nac. Ampo.;7000011996;Viales;Venta Directa;20251128;Zona Metropolitana;3000;FRASCO INYECTABLE TRANSPARENTE 24,5 X 55;1104,000;PZA;1104,000;PZA;38,97;43024,20;6883,87;49908,07;Factura;Contado;20251128;VED;NA;;GV ClReg. Ampofr.;RAMON DAZA;00-056528;1202009276;Ambar S/Impresión;;2 ml.;G;14826,720;TO;0,015;Cuidado Personal;AM-Ampollas;FRASCOS;245,66970;11;2025;0,16;175,13;28,02;203,15;COSMETICOS;70000107;Precio Base General;Cosmetica;0010000895;17;01;X;03.12.2025 - 11:15:05;;;00120004;1200
ATA ALTA TECNOLOGIA;Manufactura;Fact. Nac. Ampo.;7000011953;Inyecto Soplado;Venta Directa;20251118;Zona Metropolitana;3000;ENVASE PET SALSA INGLESA 300 ML;136,000;PZA;136,000;PZA;70,70;9614,70;1538,35;11153,05;Factura;Contado;20251118;VED;NA;;GV ClReg. Ampofr.;RAMON DAZA;00-056484;1202009245;Salsas;Transparente;300 ml.;G;3128,000;TO;0,003;Alimentos;AM-Salsas;ENVASES PT;236,83890;11;2025;0,30;40,60;6,50;47,09;ATA;70000070;Precio Base General;Alimentos;0010000896;17;01;X;03.12.2025 - 11:15:05;;;00120004;1200
VESUVIANA COSMETICS, C.A.;Manufactura;Fact. Nac. Ampo.;7000011932;Inyecto Soplado;Venta Directa;20251112;Zona Llanos;3000;ENVASE PET TRANSP COSMETIC OVAL 200 ML;1718,90;PZA;1969,53;PZA;60,97;113480,47;21319,14;168419,45;Factura;Contado;20251112;VED;NA;;GV ClReg. Ampofr.;RAMON DAZA;00-056459;1202009230;Cosmetica Oval;Transparente;200 ml.;G;42660,000;TO;0,043;Cuidado Personal;AM-Cosmética;ENVASES PT;233,04580;11;2025;0,31;606,81;75,13;675,37;VESUVIANA;70000077;Precio Base General;Cosmetica;0010000916;17;01;X;03.12.2025 - 11:15:05;;;00120004;1200
VESUVIANA COSMETICS, C.A.;Manufactura;Fact. Nac. Ampo.;7000011961;Inyecto Soplado;Venta Directa;20251120;Zona Llanos;3000;ENVASE PET TRANSP COSMETIC OVAL 200 ML;360,000;PZA;360,000;PZA;71,11;25600,02;4096,00;29696,02;Factura;Contado;20251120;VED;NA;;GV ClReg. Ampofr.;RAMON DAZA;00-056492;1202009255;Cosmetica Oval;Transparente;200 ml.;G;8532,000;TO;0,009;Cuidado Personal;AM-Cosmética;ENVASES PT;240,32090;11;2025;0,30;106,52;17,04;123,57;VESUVIANA;70000077;Precio Base General;Cosmetica;0010000916;17;01;X;03.12.2025 - 11:15:05;;;00120004;1200
INVERSIONES MIDA, C.A;Manufactura;Fact. Nac. Ampo.;7000011920;Inyecto Soplado;Distribuidor;20251107;Zona Centro;3000;ENVASE PET TRANSP ESPECIAS 100 G;4060,000;PZA;4060,000;PZA;28,47;115589,38;18494,30;134083,68;Factura;Contado;20251107;VED;NA;;GV ClReg. Ampofr.;HORACIO HERNANDEZ;00-056447;1202009222;Especias;Transparente;100 gr.;G;60900,000;TO;0,061;Cuidado Personal;AM-Especias;ENVASES PT;228,47960;11;2025;0,12;505,91;80,95;586,85;INVERSIONE;70000080;Precio Base General;Alimentos;0010000953;17;01;X;03.12.2025 - 11:15:05;;;00120003;1200
AGUA MINERAL MIBRISA, C.A.;Embotelladoras;Fact. Nac. Proy. PET;8000020028;Preformas;Venta Directa;20251128;Zona Metropolitana;3000;PREFORMAS TRANSPARENTE 15,28 GR;52833,000;PZA;52833,000;PZA;14,60;771271,46;123403,43;894674,89;Factura;Contado;20251128;VED;NA;;GV ClReg. Proy. PET;HORACIO HERNANDEZ;00-0152138;1302007639;Short Finish;;16,5 gr.;G;807288,240;TO;0,807;Agua;PP-Preforma;PREFORMAS;245,66970;11;2025;0,06;3139,47;502,31;3641,78;BRISA;70000196;Precio Base General;Agua;0010000957;17;01;X;03.12.2025 - 11:15:05;;;00120003;1300
PEPSI-COLA VENEZUELA C.A.;Embotelladoras;Fact. Nac. Proy. PET;8000019752;Preformas;Venta Directa;20251105;Zona Metropolitana;3000;PREFORMAS TRANSPARENTE 43,90G (PCO1810);172800,000;PZA;172800,000;PZA;0,15;26778,82;4284,61;31063,43;Factura;Crédito 15 Días;20251120;USD;NA;;GV ClReg. Proy. PET;OFICINA PROYECTOS PET;00-0151842;1302007593;Long Finish;Transparente;44 gr.;G;7585920,000;TO;7,586;Agua;PP-Preforma;PREFORMAS;0,00000;11;2025;0,15;26778,82;4284,61;31063,43;PEPSI-COLA;70000321;Precio Base General;Carbonatada;0010000975;17;01;X;03.12.2025 - 11:15:05;;;00130005;1300
PEPSI-COLA VENEZUELA C.A.;Embotelladoras;Fact. Nac. Proy. PET;8000019753;Servicios;Venta Directa;20251105;Zona Metropolitana;;FLETE POR VIAJE CORTINERO;1,000;SER;1,000;SER;1495,37;1495,37;0,00;1495,37;Factura;Crédito 15 Días;20251120;USD;NA;;GV ClReg. Proy. PET;OFICINA PROYECTOS PET;00-0151843;1302007594;Servicios Administrat.;;;KG;0,000;TO;0,000;Agua;Fletes;FLETE PROD TERMINADO;0,00000;11;2025;1495,37;1495,37;0,00;1495,37;PEPSI-COLA;91000036;Precio Base General;Carbonatada;0010000975;17;01;X;03.12.2025 - 11:15:05;;;00130005;1300
PEPSI-COLA VENEZUELA C.A.;Embotelladoras;Fact. Nac. Proy. PET;8000019785;Preformas;Venta Directa;20251107;Zona Metropolitana;3000;PREFORMAS TRANSPARENTE 42,64 GR(PCO1881);189518,27;PZA;186225,00;PZA;0,12;25605,15;4950,26;34844,40;Factura;Crédito 15 Días;20251122;USD;NA;;GV ClReg. Proy. PET;OFICINA PROYECTOS PET;00-0151877;1302007600;Short Finish;Transparente;29,5 gr.;G;7368192,000;TO;7,368;Agua;PP-Preforma;PREFORMAS;0,00000;11;2025;0,17;25988,09;3877,19;31172,19;PEPSI-COLA;70000197;Precio Base General;Carbonatada;0010000975;17;01;X;03.12.2025 - 11:15:05;;;00130005;1300
PEPSI-COLA VENEZUELA C.A.;Embotelladoras;Fact. Nac. Proy. PET;8000019786;Servicios;Venta Directa;20251107;Zona Metropolitana;;FLETE POR VIAJE CORTINERO;1,000;SER;1,000;SER;750,00;750,00;0,00;750,00;Factura;Crédito 15 Días;20251122;USD;NA;;GV ClReg. Proy. PET;OFICINA PROYECTOS PET;00-0151878;1302007601;Servicios Administrat.;;;KG;0,000;TO;0,000;Agua;Fletes;FLETE PROD TERMINADO;0,00000;11;2025;750,00;750,00;0,00;750,00;PEPSI-COLA;91000036;Precio Base General;Carbonatada;0010000975;17;01;X;03.12.2025 - 11:15:05;;;00130005;1300
PEPSI-COLA VENEZUELA C.A.;Embotelladoras;Fact. Nac. Proy. PET;8000019787;Preformas;Venta Directa;20251108;Zona Metropolitana;3000;PREFORMAS TRANSPARENTE 42,64 GR(PCO1881);172800,000;PZA;172800,000;PZA;0,15;25985,66;4157,71;30143,37;Factura;Crédito 15 Días;20251123;USD;NA;;GV ClReg. Proy. PET;OFICINA PROYECTOS PET;00-0151879;1302007602;Short Finish;Transparente;29,5 gr.;G;7368192,000;TO;7,368;Agua;PP-Preforma;PREFORMAS;0,00000;11;2025;0,15;25985,66;4157,71;30143,37;PEPSICOLA;70000197;Precio Base General;Carbonatada;0010000975;17;01;X;03.12.2025 - 11:15:05;;;00130005;1300
PEPSI-COLA VENEZUELA C.A.;Embotelladoras;Fact. Nac. Proy. PET;8000019788;Servicios;Venta Directa;20251108;Zona Metropolitana;;FLETE POR VIAJE CORTINERO;1,000;SER;1,000;SER;2185,00;2185,00;0,00;2185,00;Factura;Crédito 15 Días;20251123;USD;NA;;GV ClReg. Proy. PET;OFICINA PROYECTOS PET;00-0151880;1302007603;Servicios Administrat.;;;KG;0,000;TO;0,000;Agua;Fletes;FLETE PROD TERMINADO;0,00000;11;2025;2185,00;2185,00;0,00;2185,00;PEPSICOLA;91000036;Precio Base General;Carbonatada;0010000975;17;01;X;03.12.2025 - 11:15:05;;;00130005;1300
PEPSI-COLA VENEZUELA C.A.;Embotelladoras;Fact. Nac. Proy. PET;8000019812;Preformas;Venta Directa;20251110;Zona Metropolitana;3000;PREFORMAS TRANSPARENTE 42,64 GR(PCO1881);172800,000;PZA;172800,000;PZA;0,15;25985,66;4157,71;30143,37;Factura;Crédito 15 Días;20251125;USD;NA;;GV ClReg. Proy. PET;OFICINA PROYECTOS PET;00-0151905;1302007602;Short Finish;Transparente;29,5 gr.;G;7368192,000;TO;7,368;Agua;PP-Preforma;PREFORMAS;0,00000;11;2025;0,15;25985,66;4157,71;30143,37;PEPSICOLA;70000197;Precio Base General;Carbonatada;0010000975;17;01;X;03.12.2025 - 11:15:05;;;00130005;1300
PEPSI-COLA VENEZUELA C.A.;Embotelladoras;Fact. Nac. Proy. PET;8000019813;Servicios;Venta Directa;20251110;Zona Metropolitana;;FLETE POR VIAJE CORTINERO;1,000;SER;1,000;SER;2185,00;2185,00;0,00;2185,00;Factura;Crédito 15 Días;20251125;USD;NA;;GV ClReg. Proy. PET;OFICINA PROYECTOS PET;00-0151906;1302007603;Servicios Administrat.;;;KG;0,000;TO;0,000;Agua;Fletes;FLETE PROD TERMINADO;0,00000;11;2025;2185,00;2185,00;0,00;2185,00;PEPSICOLA;91000036;Precio Base General;Carbonatada;0010000975;17;01;X;03.12.2025 - 11:15:05;;;00130005;1300
PEPSI-COLA VENEZUELA C.A.;Embotelladoras;Fact. Nac. Proy. PET;8000019816;Preformas;Venta Directa;20251110;Zona Metropolitana;3000;PREFORMAS TRANSPARENTE 42,64 GR(PCO1881);172800,000;PZA;172800,000;PZA;0,15;25985,66;4157,71;30143,37;Factura;Crédito 15 Días;20251125;USD;NA;;GV ClReg. Proy. PET;OFICINA PROYECTOS PET;00-0151909;1302007600;Short Finish;Transparente;29,5 gr.;G;7368192,000;TO;7,368;Agua;PP-Preforma;PREFORMAS;0,00000;11;2025;0,15;25985,66;4157,71;30143,37;PEPSI-COLA;70000197;Precio Base General;Carbonatada;0010000975;17;01;X;03.12.2025 - 11:15:05;;;00130005;1300
PEPSI-COLA VENEZUELA C.A.;Embotelladoras;Fact. Nac. Proy. PET;8000019817;Servicios;Venta Directa;20251110;Zona Metropolitana;;FLETE POR VIAJE CORTINERO;1,000;SER;1,000;SER;750,00;750,00;0,00;750,00;Factura;Crédito 15 Días;20251125;USD;NA;;GV ClReg. Proy. PET;OFICINA PROYECTOS PET;00-0151911;1302007601;Servicios Administrat.;;;KG;0,000;TO;0,000;Agua;Fletes;FLETE PROD TERMINADO;0,00000;11;2025;750,00;750,00;0,00;750,00;PEPSI-COLA;91000036;Precio Base General;Carbonatada;0010000975;17;01;X;03.12.2025 - 11:15:05;;;00130005;1300
PEPSI-COLA VENEZUELA C.A.;Embotelladoras;Fact. Nac. Proy. PET;8000019828;Preformas;Venta Directa;20251111;Zona Metropolitana;3000;PREFORMAS TRANSPARENTE 42,64 GR(PCO1881);172800,000;PZA;172800,000;PZA;0,15;25985,66;4157,71;30143,37;Factura;Crédito 15 Días;20251126;USD;NA;;GV ClReg. Proy. PET;OFICINA PROYECTOS PET;00-0151922;1302007602;Short Finish;Transparente;29,5 gr.;G;7368192,000;TO;7,368;Agua;PP-Preforma;PREFORMAS;0,00000;11;2025;0,15;25985,66;4157,71;30143,37;PEPSICOLA;70000197;Precio Base General;Carbonatada;0010000975;17;01;X;03.12.2025 - 11:15:05;;;00130005;1300
PEPSI-COLA VENEZUELA C.A.;Embotelladoras;Fact. Nac. Proy. PET;8000019829;Servicios;Venta Directa;20251111;Zona Metropolitana;;FLETE POR VIAJE CORTINERO;1,000;SER;1,000;SER;2185,00;2185,00;0,00;2185,00;Factura;Crédito 15 Días;20251126;USD;NA;;GV ClReg. Proy. PET;OFICINA PROYECTOS PET;00-0151923;1302007603;Servicios Administrat.;;;KG;0,000;TO;0,000;Agua;Fletes;FLETE PROD TERMINADO;0,00000;11;2025;2185,00;2185,00;0,00;2185,00;PEPSICOLA;91000036;Precio Base General;Carbonatada;0010000975;17;01;X;03.12.2025 - 11:15:05;;;00130005;1300
PEPSI-COLA VENEZUELA C.A.;Embotelladoras;Fact. Nac. Proy. PET;8000019849;Preformas;Venta Directa;20251111;Zona Metropolitana;3000;PREFORMAS TRANSPARENTE 43,90G (PCO1810);167882,95;PZA;170236,68;PZA;0,18;25580,54;3595,34;27288,50;Factura;Crédito 15 Días;20251126;USD;NA;;GV ClReg. Proy. PET;OFICINA PROYECTOS PET;00-0151943;1302007593;Long Finish;Transparente;44 gr.;G;7585920,000;TO;7,586;Agua;PP-Preforma;PREFORMAS;0,00000;11;2025;0,12;28070,09;3677,86;28160,60;PEPSI-COLA;70000321;Precio Base General;Carbonatada;0010000975;17;01;X;03.12.2025 - 11:15:05;;;00130005;1300
PEPSI-COLA VENEZUELA C.A.;Embotelladoras;Fact. Nac. Proy. PET;8000019850;Servicios;Venta Directa;20251111;Zona Metropolitana;;FLETE POR VIAJE CORTINERO;1,000;SER;1,000;SER;1495,37;1495,37;0,00;1495,37;Factura;Crédito 15 Días;20251126;USD;NA;;GV ClReg. Proy. PET;OFICINA PROYECTOS PET;00-0151944;1302007594;Servicios Administrat.;;;KG;0,000;TO;0,000;Agua;Fletes;FLETE PROD TERMINADO;0,00000;11;2025;1495,37;1495,37;0,00;1495,37;PEPSI-COLA;91000036;Precio Base General;Carbonatada;0010000975;17;01;X;03.12.2025 - 11:15:05;;;00130005;1300
PEPSI-COLA VENEZUELA C.A.;Embotelladoras;Fact. Nac. Proy. PET;8000019851;Preformas;Venta Directa;20251111;Zona Metropolitana;3000;PREFORMAS TRANSPARENTE 42,64 GR(PCO1881);172800,000;PZA;172800,000;PZA;0,15;25985,66;4157,71;30143,37;Factura;Crédito 15 Días;20251126;USD;NA;;GV ClReg. Proy. PET;OFICINA PROYECTOS PET;00-0151945;1302007600;Short Finish;Transparente;29,5 gr.;G;7368192,000;TO;7,368;Agua;PP-Preforma;PREFORMAS;0,00000;11;2025;0,15;25985,66;4157,71;30143,37;PEPSI-COLA;70000197;Precio Base General;Carbonatada;0010000975;17;01;X;03.12.2025 - 11:15:05;;;00130005;1300
PEPSI-COLA VENEZUELA C.A.;Embotelladoras;Fact. Nac. Proy. PET;8000019852;Servicios;Venta Directa;20251111;Zona Metropolitana;;FLETE POR VIAJE CORTINERO;1,03;SER;0,92;SER;743,02;772,59;0,00;845,74;Factura;Crédito 15 Días;20251126;USD;NA;;GV ClReg. Proy. PET;OFICINA PROYECTOS PET;00-0151946;1302007601;Servicios Administrat.;;;KG;0,000;TO;0,000;Agua;Fletes;FLETE PROD TERMINADO;0,00000;11;2025;772,02;623,34;0,00;893,95;PEPSI-COLA;91000036;Precio Base General;Carbonatada;0010000975;17;01;X;03.12.2025 - 11:15:05;;;00130005;1300
PEPSI-COLA VENEZUELA C.A.;Embotelladoras;Fact. Nac. Proy. PET;8000019853;Preformas;Venta Directa;20251112;Zona Metropolitana;3000;PREFORMAS TRANSPARENTE 43,90G (PCO1810);174192,44;PZA;184366,27;PZA;0,16;25239,60;3802,01;34620,84;Factura;Crédito 15 Días;20251127;USD;NA;;GV ClReg. Proy. PET;OFICINA PROYECTOS PET;00-0151952;1302007593;Long Finish;Transparente;44 gr.;G;7585920,000;TO;7,586;Agua;PP-Preforma;PREFORMAS;0,00000;11;2025;0,15;23320,68;4768,12;34463,42;PEPSI-COLA;70000321;Precio Base General;Carbonatada;0010000975;17;01;X;03.12.2025 - 11:15:05;;;00130005;1300
PEPSI-COLA VENEZUELA C.A.;Embotelladoras;Fact. Nac. Proy. PET;8000019854;Servicios;Venta Directa;20251112;Zona Metropolitana;;FLETE POR VIAJE CORTINERO;1,000;SER;1,000;SER;1495,37;1495,37;0,00;1495,37;Factura;Crédito 15 Días;20251127;USD;NA;;GV ClReg. Proy. PET;OFICINA PROYECTOS PET;00-0151953;1302007594;Servicios Administrat.;;;KG;0,000;TO;0,000;Agua;Fletes;FLETE PROD TERMINADO;0,00000;11;2025;1495,37;1495,37;0,00;1495,37;PEPSI-COLA;91000036;Precio Base General;Carbonatada;0010000975;17;01;X;03.12.2025 - 11:15:05;;;00130005;1300
PEPSI-COLA VENEZUELA C.A.;Embotelladoras;Fact. Nac. Proy. PET;8000019862;Preformas;Venta Directa;20251112;Zona Metropolitana;3000;PREFORMAS TRANSPARENTE 42,64 GR(PCO1881);172800,000;PZA;172800,000;PZA;0,15;25985,66;4157,71;30143,37;Factura;Crédito 15 Días;20251127;USD;NA;;GV ClReg. Proy. PET;OFICINA PROYECTOS PET;00-0151961;1302007602;Short Finish;Transparente;29,5 gr.;G;7368192,000;TO;7,368;Agua;PP-Preforma;PREFORMAS;0,00000;11;2025;0,15;25985,66;4157,71;30143,37;PEPSICOLA;70000197;Precio Base General;Carbonatada;0010000975;17;01;X;03.12.2025 - 11:15:05;;;00130005;1300
PEPSI-COLA VENEZUELA C.A.;Embotelladoras;Fact. Nac. Proy. PET;8000019863;Servicios;Venta Directa;20251112;Zona Metropolitana;;FLETE POR VIAJE CORTINERO;1,01;SER;0,97;SER;2250,77;2489,79;0,00;2498,15;Factura;Crédito 15 Días;20251127;USD;NA;;GV ClReg. Proy. PET;OFICINA PROYECTOS PET;00-0151962;1302007603;Servicios Administrat.;;;KG;0,000;TO;0,000;Agua;Fletes;FLETE PROD TERMINADO;0,00000;11;2025;2253,09;1927,75;0,00;2235,57;PEPSICOLA;91000036;Precio Base General;Carbonatada;0010000975;17;01;X;03.12.2025 - 11:15:05;;;00130005;1300
PEPSI-COLA VENEZUELA C.A.;Embotelladoras;Fact. Nac. Proy. PET;8000019864;Preformas;Venta Directa;20251112;Zona Metropolitana;3000;PREFORMAS TRANSPARENTE 42,64 GR(PCO1881);172800,000;PZA;172800,000;PZA;0,15;25985,66;4157,71;30143,37;Factura;Crédito 15 Días;20251127;USD;NA;;GV ClReg. Proy. PET;OFICINA PROYECTOS PET;00-0151963;1302007600;Short Finish;Transparente;29,5 gr.;G;7368192,000;TO;7,368;Agua;PP-Preforma;PREFORMAS;0,00000;11;2025;0,15;25985,66;4157,71;30143,37;PEPSI-COLA;70000197;Precio Base General;Carbonatada;0010000975;17;01;X;03.12.2025 - 11:15:05;;;00130005;1300
PEPSI-COLA VENEZUELA C.A.;Embotelladoras;Fact. Nac. Proy. PET;8000019865;Servicios;Venta Directa;20251112;Zona Metropolitana;;FLETE POR VIAJE CORTINERO;1,000;SER;1,000;SER;750,00;750,00;0,00;750,00;Factura;Crédito 15 Días;20251127;USD;NA;;GV ClReg. Proy. PET;OFICINA PROYECTOS PET;00-0151964;1302007601;Servicios Administrat.;;;KG;0,000;TO;0,000;Agua;Fletes;FLETE PROD TERMINADO;0,00000;11;2025;750,00;750,00;0,00;750,00;PEPSI-COLA;91000036;Precio Base General;Carbonatada;0010000975;17;01;X;03.12.2025 - 11:15:05;;;00130005;1300
PEPSI-COLA VENEZUELA C.A.;Embotelladoras;Fact. Nac. Proy. PET;8000019879;Preformas;Venta Directa;20251114;Zona Metropolitana;3000;PREFORMAS TRANSPARENTE 42,64 GR(PCO1881);172800,000;PZA;172800,000;PZA;0,15;25985,66;4157,71;30143,37;Factura;Crédito 15 Días;20251129;USD;NA;;GV ClReg. Proy. PET;OFICINA PROYECTOS PET;00-0151980;1302007602;Short Finish;Transparente;29,5 gr.;G;7368192,000;TO;7,368;Agua;PP-Preforma;PREFORMAS;0,00000;11;2025;0,15;25985,66;4157,71;30143,37;PEPSICOLA;70000197;Precio Base General;Carbonatada;0010000975;17;01;X;03.12.2025 - 11:15:05;;;00130005;1300
PEPSI-COLA VENEZUELA C.A.;Embotelladoras;Fact. Nac. Proy. PET;8000019880;Preformas;Venta Directa;20251114;Zona Metropolitana;3000;PREFORMAS TRANSPARENTE 42,64 GR(PCO1881);158400,000;PZA;158400,000;PZA;0,15;23820,19;3811,23;27631,42;Factura;Crédito 15 Días;20251129;USD;NA;;GV ClReg. Proy. PET;OFICINA PROYECTOS PET;00-0151981;1302007600;Short Finish;Transparente;29,5 gr.;G;6754176,000;TO;6,754;Agua;PP-Preforma;PREFORMAS;0,00000;11;2025;0,15;23820,19;3811,23;27631,42;PEPSI-COLA;70000197;Precio Base General;Carbonatada;0010000975;17;01;X;03.12.2025 - 11:15:05;;;00130005;1300
PEPSI-COLA VENEZUELA C.A.;Embotelladoras;Fact. Nac. Proy. PET;8000019881;Servicios;Venta Directa;20251114;Zona Metropolitana;;FLETE POR VIAJE CORTINERO;1,000;SER;1,000;SER;750,00;750,00;0,00;750,00;Factura;Crédito 15 Días;20251129;USD;NA;;GV ClReg. Proy. PET;OFICINA PROYECTOS PET;00-0151982;1302007601;Servicios Administrat.;;;KG;0,000;TO;0,000;Agua;Fletes;FLETE PROD TERMINADO;0,00000;11;2025;750,00;750,00;0,00;750,00;PEPSI-COLA;91000036;Precio Base General;Carbonatada;0010000975;17;01;X;03.12.2025 - 11:15:05;;;00130005;1300
PEPSI-COLA VENEZUELA C.A.;Embotelladoras;Fact. Nac. Proy. PET;8000019882;Preformas;Venta Directa;20251115;Zona Metropolitana;3000;PREFORMAS TRANSPARENTE 42,64 GR(PCO1881);172800,000;PZA;172800,000;PZA;0,15;25985,66;4157,71;30143,37;Factura;Crédito 15 Días;20251130;USD;NA;;GV ClReg. Proy. PET;OFICINA PROYECTOS PET;00-0151983;1302007602;Short Finish;Transparente;29,5 gr.;G;7368192,000;TO;7,368;Agua;PP-Preforma;PREFORMAS;0,00000;11;2025;0,15;25985,66;4157,71;30143,37;PEPSICOLA;70000197;Precio Base General;Carbonatada;0010000975;17;01;X;03.12.2025 - 11:15:05;;;00130005;1300
PEPSI-COLA VENEZUELA C.A.;Embotelladoras;Fact. Nac. Proy. PET;8000019883;Servicios;Venta Directa;20251115;Zona Metropolitana;;FLETE POR VIAJE CORTINERO;1,000;SER;1,000;SER;2185,00;2185,00;0,00;2185,00;Factura;Crédito 15 Días;20251130;USD;NA;;GV ClReg. Proy. PET;OFICINA PROYECTOS PET;00-0151984;1302007603;Servicios Administrat.;;;KG;0,000;TO;0,000;Agua;Fletes;FLETE PROD TERMINADO;0,00000;11;2025;2185,00;2185,00;0,00;2185,00;PEPSICOLA;91000036;Precio Base General;Carbonatada;0010000975;17;01;X;03.12.2025 - 11:15:05;;;00130005;1300
PEPSI-COLA VENEZUELA C.A.;Embotelladoras;Fact. Nac. Proy. PET;8000019884;Preformas;Venta Directa;20251115;Zona Metropolitana;3000;PREFORMAS TRANSPARENTE 43,90G (PCO1810);172800,000;PZA;172800,000;PZA;0,15;26778,82;4284,61;31063,43;Factura;Crédito 15 Días;20251130;USD;NA;;GV ClReg. Proy. PET;OFICINA PROYECTOS PET;00-0151985;1302007593;Long Finish;Transparente;44 gr.;G;7585920,000;TO;7,586;Agua;PP-Preforma;PREFORMAS;0,00000;11;2025;0,15;26778,82;4284,61;31063,43;PEPSI-COLA;70000321;Precio Base General;Carbonatada;0010000975;17;01;X;03.12.2025 - 11:15:05;;;00130005;1300
PEPSI-COLA VENEZUELA C.A.;Embotelladoras;Fact. Nac. Proy. PET;8000019885;Servicios;Venta Directa;20251115;Zona Metropolitana;;FLETE POR VIAJE CORTINERO;1,000;SER;1,000;SER;1495,37;1495,37;0,00;1495,37;Factura;Crédito 15 Días;20251130;USD;NA;;GV ClReg. Proy. PET;OFICINA PROYECTOS PET;00-0151986;1302007594;Servicios Administrat.;;;KG;0,000;TO;0,000;Agua;Fletes;FLETE PROD TERMINADO;0,00000;11;2025;1495,37;1495,37;0,00;1495,37;PEPSI-COLA;91000036;Precio Base General;Carbonatada;0010000975;17;01;X;03.12.2025 - 11:15:05;;;00130005;1300
PEPSI-COLA VENEZUELA C.A.;Embotelladoras;Fact. Nac. Proy. PET;8000019886;Preformas;Venta Directa;20251116;Zona Metropolitana;3000;PREFORMAS TRANSPARENTE 42,64 GR(PCO1881);172800,000;PZA;172800,000;PZA;0,15;25985,66;4157,71;30143,37;Factura;Crédito 15 Días;20251201;USD;NA;;GV ClReg. Proy. PET;OFICINA PROYECTOS PET;00-0151987;1302007600;Short Finish;Transparente;29,5 gr.;G;7368192,000;TO;7,368;Agua;PP-Preforma;PREFORMAS;0,00000;11;2025;0,15;25985,66;4157,71;30143,37;PEPSI-COLA;70000197;Precio Base General;Carbonatada;0010000975;17;01;X;03.12.2025 - 11:15:05;;;00130005;1300
PEPSI-COLA VENEZUELA C.A.;Embotelladoras;Fact. Nac. Proy. PET;8000019887;Servicios;Venta Directa;20251116;Zona Metropolitana;;FLETE POR VIAJE CORTINERO;1,05;SER;0,95;SER;685,56;677,50;0,00;797,85;Factura;Crédito 15 Días;20251201;USD;NA;;GV ClReg. Proy. PET;OFICINA PROYECTOS PET;00-0151988;1302007601;Servicios Administrat.;;;KG;0,000;TO;0,000;Agua;Fletes;FLETE PROD TERMINADO;0,00000;11;2025;890,05;899,34;0,00;802,06;PEPSI-COLA;91000036;Precio Base General;Carbonatada;0010000975;17;01;X;03.12.2025 - 11:15:05;;;00130005;1300
PEPSI-COLA VENEZUELA C.A.;Embotelladoras;Fact. Nac. Proy. PET;8000019899;Preformas;Venta Directa;20251118;Zona Metropolitana;3000;PREFORMAS TRANSPARENTE 42,64 GR(PCO1881);176400,000;PZA;176400,000;PZA;0,15;26527,03;4244,32;30771,35;Factura;Crédito 15 Días;20251203;USD;NA;;GV ClReg. Proy. PET;OFICINA PROYECTOS PET;00-0152000;1302007600;Short Finish;Transparente;29,5 gr.;G;7521696,000;TO;7,522;Agua;PP-Preforma;PREFORMAS;0,00000;11;2025;0,15;26527,03;4244,32;30771,35;PEPSI-COLA;70000197;Precio Base General;Carbonatada;0010000975;17;01;X;03.12.2025 - 11:15:05;;;00130005;1300
PEPSI-COLA VENEZUELA C.A.;Embotelladoras;Fact. Nac. Proy. PET;8000019900;Servicios;Venta Directa;20251118;Zona Metropolitana;;FLETE POR VIAJE CORTINERO;1,000;SER;1,000;SER;750,00;750,00;0,00;750,00;Factura;Crédito 15 Días;20251203;USD;NA;;GV ClReg. Proy. PET;OFICINA PROYECTOS PET;00-0152001;1302007601;Servicios Administrat.;;;KG;0,000;TO;0,000;Agua;Fletes;FLETE PROD TERMINADO;0,00000;11;2025;750,00;750,00;0,00;750,00;PEPSI-COLA;91000036;Precio Base General;Carbonatada;0010000975;17;01;X;03.12.2025 - 11:15:05;;;00130005;1300
PEPSI-COLA VENEZUELA C.A.;Embotelladoras;Fact. Nac. Proy. PET;8000019902;Preformas;Venta Directa;20251118;Zona Metropolitana;3000;PREFORMAS TRANSPARENTE 42,64 GR(PCO1881);72000,000;PZA;72000,000;PZA;0,15;10827,36;1732,38;12559,74;Factura;Crédito 15 Días;20251203;USD;NA;;GV ClReg. Proy. PET;OFICINA PROYECTOS PET;00-0152003;1302007602;Short Finish;Transparente;29,5 gr.;G;3070080,000;TO;3,070;Agua;PP-Preforma;PREFORMAS;0,00000;11;2025;0,15;10827,36;1732,38;12559,74;PEPSICOLA;70000197;Precio Base General;Carbonatada;0010000975;17;01;X;03.12.2025 - 11:15:05;;;00130005;1300
PEPSI-COLA VENEZUELA C.A.;Embotelladoras;Fact. Nac. Proy. PET;8000019902;Preformas;Venta Directa;20251118;Zona Metropolitana;3000;PREFORMAS TRANSPARENTE 42,64 GR(PCO1881);100800,000;PZA;100800,000;PZA;0,15;15158,30;2425,33;17583,63;Factura;Crédito 15 Días;20251203;USD;NA;;GV ClReg. Proy. PET;OFICINA PROYECTOS PET;00-0152003;1302007602;Short Finish;Transparente;29,5 gr.;G;4298112,000;TO;4,298;Agua;PP-Preforma;PREFORMAS;0,00000;11;2025;0,15;15158,30;2425,33;17583,63;PEPSICOLA;70000197;Precio Base General;Carbonatada;0010000975;17;01;X;03.12.2025 - 11:15:05;;;00130005;1300
PEPSI-COLA VENEZUELA C.A.;Embotelladoras;Fact. Nac. Proy. PET;8000019903;Servicios;Venta Directa;20251118;Zona Metropolitana;;FLETE POR VIAJE CORTINERO;1,06;SER;1,00;SER;2588,67;2268,82;0,00;1812,15;Factura;Crédito 15 Días;20251203;USD;NA;;GV ClReg. Proy. PET;OFICINA PROYECTOS PET;00-0152004;1302007603;Servicios Administrat.;;;KG;0,000;TO;0,000;Agua;Fletes;FLETE PROD TERMINADO;0,00000;11;2025;2433,53;2306,16;0,00;2537,99;PEPSICOLA;91000036;Precio Base General;Carbonatada;0010000975;17;01;X;03.12.2025 - 11:15:05;;;00130005;1300
PEPSI-COLA VENEZUELA C.A.;Embotelladoras;Fact. Nac. Proy. PET;8000019965;Preformas;Venta Directa;20251125;Zona Metropolitana;3000;PREFORMAS TRANSPARENTE 43,90G (PCO1810);187200,000;PZA;187200,000;PZA;0,15;29010,38;4641,66;33652,04;Factura;Crédito 15 Días;20251210;USD;NA;;GV ClReg. Proy. PET;OFICINA PROYECTOS PET;00-0152068;1302007593;Long Finish;Transparente;44 gr.;G;8218080,000;TO;8,218;Agua;PP-Preforma;PREFORMAS;0,00000;11;2025;0,15;29010,38;4641,66;33652,04;PEPSI-COLA;70000321;Precio Base General;Carbonatada;0010000975;17;01;X;03.12.2025 - 11:15:05;;;00130005;1300
PEPSI-COLA VENEZUELA C.A.;Embotelladoras;Fact. Nac. Proy. PET;8000019966;Servicios;Venta Directa;20251125;Zona Metropolitana;;FLETE POR VIAJE CORTINERO;1,000;SER;1,000;SER;1495,37;1495,37;0,00;1495,37;Factura;Crédito 15 Días;20251210;USD;NA;;GV ClReg. Proy. PET;OFICINA PROYECTOS PET;00-0152069;1302007594;Servicios Administrat.;;;KG;0,000;TO;0,000;Agua;Fletes;FLETE PROD TERMINADO;0,00000;11;2025;1495,37;1495,37;0,00;1495,37;PEPSI-COLA;91000036;Precio Base General;Carbonatada;0010000975;17;01;X;03.12.2025 - 11:15:05;;;00130005;1300
PEPSI-COLA VENEZUELA C.A.;Embotelladoras;Fact. Nac. Proy. PET;8000019967;Preformas;Venta Directa;20251125;Zona Metropolitana;3000;PREFORMAS TRANSPARENTE 42,64 GR(PCO1881);166754,29;PZA;175208,30;PZA;0,16;28204,02;3270,67;33582,64;Factura;Crédito 15 Días;20251210;USD;NA;;GV ClReg. Proy. PET;OFICINA PROYECTOS PET;00-0152070;1302007600;Short Finish;Transparente;29,5 gr.;G;6958848,000;TO;6,959;Agua;PP-Preforma;PREFORMAS;0,00000;11;2025;0,13;29198,72;3237,05;25372,38;PEPSI-COLA;70000197;Precio Base General;Carbonatada;0010000975;17;01;X;03.12.2025 - 11:15:05;;;00130005;1300
PEPSI-COLA VENEZUELA C.A.;Embotelladoras;Fact. Nac. Proy. PET;8000019968;Servicios;Venta Directa;20251125;Zona Metropolitana;;FLETE POR VIAJE CORTINERO;1,000;SER;1,000;SER;750,00;750,00;0,00;750,00;Factura;Crédito 15 Días;20251210;USD;NA;;GV ClReg. Proy. PET;OFICINA PROYECTOS PET;00-0152071;1302007601;Servicios Administrat.;;;KG;0,000;TO;0,000;Agua;Fletes;FLETE PROD TERMINADO;0,00000;11;2025;750,00;750,00;0,00;750,00;PEPSI-COLA;91000036;Precio Base General;Carbonatada;0010000975;17;01;X;03.12.2025 - 11:15:05;;;00130005;1300
PEPSI-COLA VENEZUELA C.A.;Embotelladoras;Fact. Nac. Proy. PET;8000020019;Preformas;Venta Directa;20251128;Zona Metropolitana;3000;PREFORMAS TRANSPARENTE 43,90G (PCO1810);187200,000;PZA;187200,000;PZA;0,15;29010,38;4641,66;33652,04;Factura;Crédito 15 Días;20251213;USD;NA;;GV ClReg. Proy. PET;OFICINA PROYECTOS PET;00-0152129;1302007593;Long Finish;Transparente;44 gr.;G;8218080,000;TO;8,218;Agua;PP-Preforma;PREFORMAS;0,00000;11;2025;0,15;29010,38;4641,66;33652,04;PEPSI-COLA;70000321;Precio Base General;Carbonatada;0010000975;17;01;X;03.12.2025 - 11:15:05;;;00130005;1300
PEPSI-COLA VENEZUELA C.A.;Embotelladoras;Fact. Nac. Proy. PET;8000020020;Servicios;Venta Directa;20251128;Zona Metropolitana;;FLETE POR VIAJE CORTINERO;0,93;SER;1,00;SER;1234,76;1706,94;0,00;1389,55;Factura;Crédito 15 Días;20251213;USD;NA;;GV ClReg. Proy. PET;OFICINA PROYECTOS PET;00-0152130;1302007594;Servicios Administrat.;;;KG;0,000;TO;0,000;Agua;Fletes;FLETE PROD TERMINADO;0,00000;11;2025;1432,08;1521,95;0,00;1526,59;PEPSI-COLA;91000036;Precio Base General;Carbonatada;0010000975;17;01;X;03.12.2025 - 11:15:05;;;00130005;1300
PEPSI-COLA VENEZUELA C.A.;Embotelladoras;N/C An. Nac. P.PET;8200001914;Preformas;Venta Directa;20251114;Zona Metropolitana;3000;PREFORMAS TRANSPARENTE 42,64 GR(PCO1881);-166173,06;PZA;-171941,97;PZA;-0,13;-21465,46;-3796,47;-30084,73;Abono;Crédito 15 Días;20251129;USD;NA;;GV ClReg. Proy. PET;OFICINA PROYECTOS PET;00-0151979;1322000350;Short Finish;Transparente;29,5 gr.;G;-7368192,000;TO;-7,368;Agua;PP-Preforma;PREFORMAS;0,00000;11;2025;-0,15;-23316,01;-3834,86;-29159,77;PEPSICOLA;70000197;Precio Base General;Carbonatada;0010000975;17;01;X;03.12.2025 - 11:15:05;Z02;Reverso Total De Factura;00130005;1300
PEPSI-COLA VENEZUELA C.A.;Embotelladoras;N/C Dev. Nac. P.PET;8200001921;Preformas;Venta Directa;20251126;Zona Metropolitana;3004;PREFORMAS TRANSPARENTE 15,28 GR;-52833,000;PZA;-52833,000;PZA;-5,06;-267174,90;-42747,98;-309922,88;Abono;Crédito 15 Días;20251211;VED;NA;;GV ClReg. Proy. PET;OFICINA PROYECTOS PET;00-0152104;1306000892;Short Finish;;16,5 gr.;G;-807288,240;TO;-0,807;Agua;PP-Preforma;PREFORMAS;243,57270;11;2025;-0,02;-1096,90;-175,50;-1272,40;;70000196;Precio Base General;Carbonatada;0010000975;17;01;X;03.12.2025 - 11:15:05;Z32;Cliente No Acepta Recepción;00130005;1300
PEPSI-COLA VENEZUELA C.A.;Embotelladoras;N/C Dev. Nac. P.PET;8200001921;Preformas;Venta Directa;20251126;Zona Metropolitana;3004;PREFORMAS TRANSPARENTE 11,86 GR;-59163,000;PZA;-59163,000;PZA;-3,88;-229794,42;-36767,11;-266561,53;Abono;Crédito 15 Días;20251211;VED;NA;;GV ClReg. Proy. PET;OFICINA PROYECTOS PET;00-0152104;1306000892;Short Finish;;16,5 gr.;G;-701673,180;TO;-0,702;Agua;PP-Preforma;PREFORMAS;243,57270;11;2025;-0,02;-943,43;-150,95;-1094,38;;70000194;Precio Base General;Carbonatada;0010000975;17;01;X;03.12.2025 - 11:15:05;Z32;Cliente No Acepta Recepción;00130005;1300
MEGAPET, C.A.;Manufactura;Fact. Nac. Proy. PET;8000019954;Preformas;Venta Directa;20251124;Zona Centro;3000;PREFORMAS TRANSP 25G MAQ RESINA R1 MEGAP;299200,000;PZA;299200,000;PZA;0,02;4787,20;765,95;5553,15;Factura;Contado;20251124;USD;NA;;GV ClReg. Proy. PET;GLISNEIDY ISABEL FARFAR;00-0152057;1302007628;Long Finish;Transparente;44 gr.;G;7480000,000;TO;7,480;Soplado;PP-Preforma;PREFORMAS;0,00000;11;2025;0,02;4787,20;765,95;5553,15;MEGAPET;70000817;Precio Base General;Distribuidor;0010000979;17;01;X;03.12.2025 - 11:15:05;;;00100095;1300
MEGAPET, C.A.;Manufactura;Fact. Nac. Proy. PET;8000019984;Preformas;Venta Directa;20251126;Zona Centro;3000;PREFORMAS TRANSP 25G MAQ RESINA R1 MEGAP;272000,000;PZA;272000,000;PZA;0,02;4352,00;696,32;5048,32;Factura;Contado;20251126;USD;NA;;GV ClReg. Proy. PET;GLISNEIDY ISABEL FARFAR;00-0152087;1302007628;Long Finish;Transparente;44 gr.;G;6800000,000;TO;6,800;Soplado;PP-Preforma;PREFORMAS;0,00000;11;2025;0,02;4352,00;696,32;5048,32;MEGAPET;70000817;Precio Base General;Distribuidor;0010000979;17;01;X;03.12.2025 - 11:15:05;;;00100095;1300
MEGAPET, C.A.;Manufactura;Fact. Nac. Proy. PET;8000020014;Preformas;Venta Directa;20251127;Zona Centro;3000;PREFORMAS TRANSP 25G MAQ RESINA R1 MEGAP;136000,000;PZA;136000,000;PZA;0,02;2176,00;348,16;2524,16;Factura;Contado;20251127;USD;NA;;GV ClReg. Proy. PET;GLISNEIDY ISABEL FARFAR;00-0152124;1302007628;Long Finish;Transparente;44 gr.;G;3400000,000;TO;3,400;Soplado;PP-Preforma;PREFORMAS;0,00000;11;2025;0,02;2176,00;348,16;2524,16;MEGAPET;70000817;Precio Base General;Distribuidor;0010000979;17;01;X;03.12.2025 - 11:15:05;;;00100095;1300
CONSORCIO OLEAGINOSO;Embotelladoras;Fact. Nac. Proy. PET;8000019779;Tapas PT;Venta Directa;20251106;Zona Centro Occid.;3000;TAPA PCO 28MM 1810 NATURAL 3,10G (3.500);384,000;CS;384,000;CS;52,26;20067,84;3210,85;23278,69;Factura;Crédito 07 Días;20251113;USD;NA;;GV ClReg. Proy. PET;HORACIO HERNANDEZ;00-0151871;1302007588;Tapas S/Impresión;Transparente;28 mm. 1810;G;4166400,000;TO;4,166;Aceites;PP-Tap. Long Finish;TAPAS;0,00000;11;2025;52,26;20067,84;3210,85;23278,69;COPOSA;70000403;Precio Base General;Aceite;0010001009;17;;N;03.12.2025 - 11:15:05;;;00120003;1300
CONSORCIO OLEAGINOSO;Embotelladoras;Fact. Nac. Proy. PET;8000019780;Tapas PT;Venta Directa;20251106;Zona Centro Occid.;3000;TAPA PCO 28MM 1810 NATURAL 3,10G (3.500);384,000;CS;384,000;CS;52,26;20067,84;3210,85;23278,69;Factura;Crédito 07 Días;20251113;USD;NA;;GV ClReg. Proy. PET;HORACIO HERNANDEZ;00-0151872;1302007589;Tapas S/Impresión;Transparente;28 mm. 1810;G;4166400,000;TO;4,166;Aceites;PP-Tap. Long Finish;TAPAS;0,00000;11;2025;52,26;20067,84;3210,85;23278,69;COPOSA;70000403;Precio Base General;Aceite;0010001009;17;;N;03.12.2025 - 11:15:05;;;00120003;1300
CONSORCIO OLEAGINOSO;Embotelladoras;Fact. Nac. Proy. PET;8000019993;Tapas PT;Venta Directa;20251126;Zona Centro Occid.;3000;TAPA PCO 28MM 1810 NATURAL 3,10G (3.500);16,000;CS;16,000;CS;52,26;836,16;133,79;969,95;Factura;Crédito 07 Días;20251203;USD;NA;;GV ClReg. Proy. PET;HORACIO HERNANDEZ;00-0152096;1302007631;Tapas S/Impresión;Transparente;28 mm. 1810;G;173600,000;TO;0,174;Aceites;PP-Tap. Long Finish;TAPAS;0,00000;11;2025;52,26;836,16;133,79;969,95;COPOSA;70000403;Precio Base General;Aceite;0010001009;17;;N;03.12.2025 - 11:15:05;;;00120003;1300
CONSORCIO OLEAGINOSO;Embotelladoras;Fact. Nac. Proy. PET;8000019994;Tapas PT;Venta Directa;20251126;Zona Centro Occid.;3000;TAPA PCO 28MM 1810 NATURAL 3,10G (3.500);368,000;CS;368,000;CS;52,26;19231,68;3077,07;22308,75;Factura;Crédito 07 Días;20251203;USD;NA;;GV ClReg. Proy. PET;HORACIO HERNANDEZ;00-0152097;1302007632;Tapas S/Impresión;Transparente;28 mm. 1810;G;3992800,000;TO;3,993;Aceites;PP-Tap. Long Finish;TAPAS;0,00000;11;2025;52,26;19231,68;3077,07;22308,75;COPOSA;70000403;Precio Base General;Aceite;0010001009;17;;N;03.12.2025 - 11:15:05;;;00120003;1300
CONSORCIO OLEAGINOSO;Embotelladoras;Fact. Nac. Proy. PET;8000019995;Tapas PT;Venta Directa;20251126;Zona Centro Occid.;3000;TAPA PCO 28MM 1810 NATURAL 3,10G (3.500);384,000;CS;384,000;CS;52,26;20067,84;3210,85;23278,69;Factura;Crédito 07 Días;20251203;USD;NA;;GV ClReg. Proy. PET;HORACIO HERNANDEZ;00-0152098;1302007633;Tapas S/Impresión;Transparente;28 mm. 1810;G;4166400,000;TO;4,166;Aceites;PP-Tap. Long Finish;TAPAS;0,00000;11;2025;52,26;20067,84;3210,85;23278,69;COPOSA;70000403;Precio Base General;Aceite;0010001009;17;;N;03.12.2025 - 11:15:05;;;00120003;1300
CONSORCIO OLEAGINOSO;Embotelladoras;Fact. Nac. Proy. PET;8000019996;Tapas PT;Venta Directa;20251126;Zona Centro Occid.;3000;TAPA PCO 28MM 1810 NATURAL 3,10G (3.500);384,000;CS;384,000;CS;52,26;20067,84;3210,85;23278,69;Factura;Crédito 07 Días;20251203;USD;NA;;GV ClReg. Proy. PET;HORACIO HERNANDEZ;00-0152099;1302007634;Tapas S/Impresión;Transparente;28 mm. 1810;G;4166400,000;TO;4,166;Aceites;PP-Tap. Long Finish;TAPAS;0,00000;11;2025;52,26;20067,84;3210,85;23278,69;COPOSA;70000403;Precio Base General;Aceite;0010001009;17;;N;03.12.2025 - 11:15:05;;;00120003;1300
CERVECERIA POLAR, C.A;Embotelladoras;Fact. Nac. Proy. PET;8000019716;Botellas;Venta Directa;20251104;Zona Metropolitana;3000;BOTELLAS  AMBAR  1,5L MALTIN POLAR 52Gr;18,000;PAL;22680,000;PZA;429,80;7736,37;1237,82;8974,19;Factura;Crédito 15 Días;20251119;USD;NA;;GV ClReg. Proy. PET;OFICINA PROYECTOS PET;00-0151801;1302007583;Farma S/Impresión;Ambar;120 ml.;G;1179360,000;TO;1,179;Alimentos;PP-Botella;BOTELLAS GASEOSAS;0,00000;11;2025;429,80;7736,37;1237,82;8974,19;;70000776;Precio Base General;;0010001106;17;;N;03.12.2025 - 11:15:05;;;00130005;1300
CERVECERIA POLAR, C.A;Embotelladoras;Fact. Nac. Proy. PET;8000019717;Servicios;Venta Directa;20251104;Zona Metropolitana;;FLETE POR VIAJE CORTINERO;1,000;SER;1,000;SER;318,00;318,00;0,00;318,00;Factura;Crédito 15 Días;20251119;USD;NA;;GV ClReg. Proy. PET;OFICINA PROYECTOS PET;00-0151802;1302007584;Servicios Administrat.;;;KG;0,000;TO;0,000;Alimentos;Fletes;FLETE PROD TERMINADO;0,00000;11;2025;318,00;318,00;0,00;318,00;;91000036;Precio Base General;;0010001106;17;;N;03.12.2025 - 11:15:05;;;00130005;1300
CERVECERIA POLAR, C.A;Embotelladoras;Fact. Nac. Proy. PET;8000019718;Botellas;Venta Directa;20251104;Zona Metropolitana;3000;BOTELLAS  AMBAR  1,5L MALTIN POLAR 52Gr;18,02;PAL;24569,03;PZA;395,66;8207,06;999,07;8490,52;Factura;Crédito 15 Días;20251119;USD;NA;;GV ClReg. Proy. PET;OFICINA PROYECTOS PET;00-0151803;1302007583;Farma S/Impresión;Ambar;120 ml.;G;1179360,000;TO;1,179;Alimentos;PP-Botella;BOTELLAS GASEOSAS;0,00000;11;2025;351,32;9015,49;1057,21;10048,44;;70000776;Precio Base General;;0010001106;17;;N;03.12.2025 - 11:15:05;;;00130005;1300
CERVECERIA POLAR, C.A;Embotelladoras;Fact. Nac. Proy. PET;8000019719;Servicios;Venta Directa;20251104;Zona Metropolitana;;FLETE POR VIAJE CORTINERO;1,000;SER;1,000;SER;318,00;318,00;0,00;318,00;Factura;Crédito 15 Días;20251119;USD;NA;;GV ClReg. Proy. PET;OFICINA PROYECTOS PET;00-0151804;1302007584;Servicios Administrat.;;;KG;0,000;TO;0,000;Alimentos;Fletes;FLETE PROD TERMINADO;0,00000;11;2025;318,00;318,00;0,00;318,00;;91000036;Precio Base General;;0010001106;17;;N;03.12.2025 - 11:15:05;;;00130005;1300
CERVECERIA POLAR, C.A;Embotelladoras;Fact. Nac. Proy. PET;8000019720;Botellas;Venta Directa;20251104;Zona Metropolitana;3000;BOTELLAS  AMBAR  1,5L MALTIN POLAR 52Gr;18,000;PAL;22680,000;PZA;429,80;7736,37;1237,82;8974,19;Factura;Crédito 15 Días;20251119;USD;NA;;GV ClReg. Proy. PET;OFICINA PROYECTOS PET;00-0151805;1302007583;Farma S/Impresión;Ambar;120 ml.;G;1179360,000;TO;1,179;Alimentos;PP-Botella;BOTELLAS GASEOSAS;0,00000;11;2025;429,80;7736,37;1237,82;8974,19;;70000776;Precio Base General;;0010001106;17;;N;03.12.2025 - 11:15:05;;;00130005;1300
CERVECERIA POLAR, C.A;Embotelladoras;Fact. Nac. Proy. PET;8000019721;Servicios;Venta Directa;20251104;Zona Metropolitana;;FLETE POR VIAJE CORTINERO;1,000;SER;1,000;SER;318,00;318,00;0,00;318,00;Factura;Crédito 15 Días;20251119;USD;NA;;GV ClReg. Proy. PET;OFICINA PROYECTOS PET;00-0151806;1302007584;Servicios Administrat.;;;KG;0,000;TO;0,000;Alimentos;Fletes;FLETE PROD TERMINADO;0,00000;11;2025;318,00;318,00;0,00;318,00;;91000036;Precio Base General;;0010001106;17;;N;03.12.2025 - 11:15:05;;;00130005;1300
CERVECERIA POLAR, C.A;Embotelladoras;Fact. Nac. Proy. PET;8000019722;Botellas;Venta Directa;20251104;Zona Metropolitana;3000;BOTELLAS  AMBAR  1,5L MALTIN POLAR 52Gr;18,000;PAL;22680,000;PZA;429,80;7736,37;1237,82;8974,19;Factura;Crédito 15 Días;20251119;USD;NA;;GV ClReg. Proy. PET;OFICINA PROYECTOS PET;00-0151807;1302007583;Farma S/Impresión;Ambar;120 ml.;G;1179360,000;TO;1,179;Alimentos;PP-Botella;BOTELLAS GASEOSAS;0,00000;11;2025;429,80;7736,37;1237,82;8974,19;;70000776;Precio Base General;;0010001106;17;;N;03.12.2025 - 11:15:05;;;00130005;1300
CERVECERIA POLAR, C.A;Embotelladoras;Fact. Nac. Proy. PET;8000019723;Servicios;Venta Directa;20251104;Zona Metropolitana;;FLETE POR VIAJE CORTINERO;1,000;SER;1,000;SER;318,00;318,00;0,00;318,00;Factura;Crédito 15 Días;20251119;USD;NA;;GV ClReg. Proy. PET;OFICINA PROYECTOS PET;00-0151808;1302007584;Servicios Administrat.;;;KG;0,000;TO;0,000;Alimentos;Fletes;FLETE PROD TERMINADO;0,00000;11;2025;318,00;318,00;0,00;318,00;;91000036;Precio Base General;;0010001106;17;;N;03.12.2025 - 11:15:05;;;00130005;1300
CERVECERIA POLAR, C.A;Embotelladoras;Fact. Nac. Proy. PET;8000019724;Botellas;Venta Directa;20251104;Zona Metropolitana;3000;BOTELLAS  AMBAR  1,5L MALTIN POLAR 52Gr;18,000;PAL;22680,000;PZA;429,80;7736,37;1237,82;8974,19;Factura;Crédito 15 Días;20251119;USD;NA;;GV ClReg. Proy. PET;OFICINA PROYECTOS PET;00-0151809;1302007583;Farma S/Impresión;Ambar;120 ml.;G;1179360,000;TO;1,179;Alimentos;PP-Botella;BOTELLAS GASEOSAS;0,00000;11;2025;429,80;7736,37;1237,82;8974,19;;70000776;Precio Base General;;0010001106;17;;N;03.12.2025 - 11:15:05;;;00130005;1300
CERVECERIA POLAR, C.A;Embotelladoras;Fact. Nac. Proy. PET;8000019725;Servicios;Venta Directa;20251104;Zona Metropolitana;;FLETE POR VIAJE CORTINERO;1,000;SER;1,000;SER;318,00;318,00;0,00;318,00;Factura;Crédito 15 Días;20251119;USD;NA;;GV ClReg. Proy. PET;OFICINA PROYECTOS PET;00-0151810;1302007584;Servicios Administrat.;;;KG;0,000;TO;0,000;Alimentos;Fletes;FLETE PROD TERMINADO;0,00000;11;2025;318,00;318,00;0,00;318,00;;91000036;Precio Base General;;0010001106;17;;N;03.12.2025 - 11:15:05;;;00130005;1300
CERVECERIA POLAR, C.A;Embotelladoras;Fact. Nac. Proy. PET;8000019726;Botellas;Venta Directa;20251104;Zona Metropolitana;3000;BOTELLAS  AMBAR  1,5L MALTIN POLAR 52Gr;18,000;PAL;22680,000;PZA;429,80;7736,37;1237,82;8974,19;Factura;Crédito 15 Días;20251119;USD;NA;;GV ClReg. Proy. PET;OFICINA PROYECTOS PET;00-0151811;1302007583;Farma S/Impresión;Ambar;120 ml.;G;1179360,000;TO;1,179;Alimentos;PP-Botella;BOTELLAS GASEOSAS;0,00000;11;2025;429,80;7736,37;1237,82;8974,19;;70000776;Precio Base General;;0010001106;17;;N;03.12.2025 - 11:15:05;;;00130005;1300
CERVECERIA POLAR, C.A;Embotelladoras;Fact. Nac. Proy. PET;8000019727;Servicios;Venta Directa;20251104;Zona Metropolitana;;FLETE POR VIAJE CORTINERO;1,000;SER;1,000;SER;318,00;318,00;0,00;318,00;Factura;Crédito 15 Días;20251119;USD;NA;;GV ClReg. Proy. PET;OFICINA PROYECTOS PET;00-0151812;1302007584;Servicios Administrat.;;;KG;0,000;TO;0,000;Alimentos;Fletes;FLETE PROD TERMINADO;0,00000;11;2025;318,00;318,00;0,00;318,00;;91000036;Precio Base General;;0010001106;17;;N;03.12.2025 - 11:15:05;;;00130005;1300
CERVECERIA POLAR, C.A;Embotelladoras;Fact. Nac. Proy. PET;8000019729;Botellas;Venta Directa;20251104;Zona Metropolitana;3000;BOTELLAS  AMBAR  1,5L MALTIN POLAR 52Gr;18,000;PAL;22680,000;PZA;429,80;7736,37;1237,82;8974,19;Factura;Crédito 15 Días;20251119;USD;NA;;GV ClReg. Proy. PET;OFICINA PROYECTOS PET;00-0151815;1302007583;Farma S/Impresión;Ambar;120 ml.;G;1179360,000;TO;1,179;Alimentos;PP-Botella;BOTELLAS GASEOSAS;0,00000;11;2025;429,80;7736,37;1237,82;8974,19;;70000776;Precio Base General;;0010001106;17;;N;03.12.2025 - 11:15:05;;;00130005;1300
CERVECERIA POLAR, C.A;Embotelladoras;Fact. Nac. Proy. PET;8000019730;Servicios;Venta Directa;20251104;Zona Metropolitana;;FLETE POR VIAJE CORTINERO;1,000;SER;1,000;SER;318,00;318,00;0,00;318,00;Factura;Crédito 15 Días;20251119;USD;NA;;GV ClReg. Proy. PET;OFICINA PROYECTOS PET;00-0151816;1302007584;Servicios Administrat.;;;KG;0,000;TO;0,000;Alimentos;Fletes;FLETE PROD TERMINADO;0,00000;11;2025;318,00;318,00;0,00;318,00;;91000036;Precio Base General;;0010001106;17;;N;03.12.2025 - 11:15:05;;;00130005;1300
CERVECERIA POLAR, C.A;Embotelladoras;Fact. Nac. Proy. PET;8000019731;Botellas;Venta Directa;20251104;Zona Metropolitana;3000;BOTELLAS  AMBAR  1,5L MALTIN POLAR 52Gr;18,000;PAL;22680,000;PZA;429,80;7736,37;1237,82;8974,19;Factura;Crédito 15 Días;20251119;USD;NA;;GV ClReg. Proy. PET;OFICINA PROYECTOS PET;00-0151817;1302007583;Farma S/Impresión;Ambar;120 ml.;G;1179360,000;TO;1,179;Alimentos;PP-Botella;BOTELLAS GASEOSAS;0,00000;11;2025;429,80;7736,37;1237,82;8974,19;;70000776;Precio Base General;;0010001106;17;;N;03.12.2025 - 11:15:05;;;00130005;1300
CERVECERIA POLAR, C.A;Embotelladoras;Fact. Nac. Proy. PET;8000019732;Servicios;Venta Directa;20251104;Zona Metropolitana;;FLETE POR VIAJE CORTINERO;1,000;SER;1,000;SER;318,00;318,00;0,00;318,00;Factura;Crédito 15 Días;20251119;USD;NA;;GV ClReg. Proy. PET;OFICINA PROYECTOS PET;00-0151818;1302007584;Servicios Administrat.;;;KG;0,000;TO;0,000;Alimentos;Fletes;FLETE PROD TERMINADO;0,00000;11;2025;318,00;318,00;0,00;318,00;;91000036;Precio Base General;;0010001106;17;;N;03.12.2025 - 11:15:05;;;00130005;1300
CERVECERIA POLAR, C.A;Embotelladoras;Fact. Nac. Proy. PET;8000019733;Botellas;Venta Directa;20251104;Zona Metropolitana;3000;BOTELLAS  AMBAR  1,5L MALTIN POLAR 52Gr;17,61;PAL;21540,14;PZA;372,82;6823,35;1187,46;7361,95;Factura;Crédito 15 Días;20251119;USD;NA;;GV ClReg. Proy. PET;OFICINA PROYECTOS PET;00-0151819;1302007583;Farma S/Impresión;Ambar;120 ml.;G;1179360,000;TO;1,179;Alimentos;PP-Botella;BOTELLAS GASEOSAS;0,00000;11;2025;478,83;7768,84;1466,05;10465,58;;70000776;Precio Base General;;0010001106;17;;N;03.12.2025 - 11:15:05;;;00130005;1300
CERVECERIA POLAR, C.A;Embotelladoras;Fact. Nac. Proy. PET;8000019734;Servicios;Venta Directa;20251104;Zona Metropolitana;;FLETE POR VIAJE CORTINERO;1,000;SER;1,000;SER;318,00;318,00;0,00;318,00;Factura;Crédito 15 Días;20251119;USD;NA;;GV ClReg. Proy. PET;OFICINA PROYECTOS PET;00-0151820;1302007584;Servicios Administrat.;;;KG;0,000;TO;0,000;Alimentos;Fletes;FLETE PROD TERMINADO;0,00000;11;2025;318,00;318,00;0,00;318,00;;91000036;Precio Base General;;0010001106;17;;N;03.12.2025 - 11:15:05;;;00130005;1300
CERVECERIA POLAR, C.A;Embotelladoras;Fact. Nac. Proy. PET;8000019735;Botellas;Venta Directa;20251104;Zona Metropolitana;3000;BOTELLAS  AMBAR  1,5L MALTIN POLAR 52Gr;18,000;PAL;22680,000;PZA;429,80;7736,37;1237,82;8974,19;Factura;Crédito 15 Días;20251119;USD;NA;;GV ClReg. Proy. PET;OFICINA PROYECTOS PET;00-0151821;1302007583;Farma S/Impresión;Ambar;120 ml.;G;1179360,000;TO;1,179;Alimentos;PP-Botella;BOTELLAS GASEOSAS;0,00000;11;2025;429,80;7736,37;1237,82;8974,19;;70000776;Precio Base General;;0010001106;17;;N;03.12.2025 - 11:15:05;;;00130005;1300
CERVECERIA POLAR, C.A;Embotelladoras;Fact. Nac. Proy. PET;8000019736;Servicios;Venta Directa;20251104;Zona Metropolitana;;FLETE POR VIAJE CORTINERO;1,000;SER;1,000;SER;318,00;318,00;0,00;318,00;Factura;Crédito 15 Días;20251119;USD;NA;;GV ClReg. Proy. PET;OFICINA PROYECTOS PET;00-0151822;1302007584;Servicios Administrat.;;;KG;0,000;TO;0,000;Alimentos;Fletes;FLETE PROD TERMINADO;0,00000;11;2025;318,00;318,00;0,00;318,00;;91000036;Precio Base General;;0010001106;17;;N;03.12.2025 - 11:15:05;;;00130005;1300
CERVECERIA POLAR, C.A;Embotelladoras;Fact. Nac. Proy. PET;8000019737;Botellas;Venta Directa;20251104;Zona Metropolitana;3000;BOTELLAS  AMBAR  1,5L MALTIN POLAR 52Gr;16,90;PAL;23794,39;PZA;383,70;8144,42;1449,38;8673,29;Factura;Crédito 15 Días;20251119;USD;NA;;GV ClReg. Proy. PET;OFICINA PROYECTOS PET;00-0151823;1302007583;Farma S/Impresión;Ambar;120 ml.;G;1179360,000;TO;1,179;Alimentos;PP-Botella;BOTELLAS GASEOSAS;0,00000;11;2025;472,38;9139,81;1125,70;8424,31;;70000776;Precio Base General;;0010001106;17;;N;03.12.2025 - 11:15:05;;;00130005;1300
CERVECERIA POLAR, C.A;Embotelladoras;Fact. Nac. Proy. PET;8000019738;Servicios;Venta Directa;20251104;Zona Metropolitana;;FLETE POR VIAJE CORTINERO;1,000;SER;1,000;SER;318,00;318,00;0,00;318,00;Factura;Crédito 15 Días;20251119;USD;NA;;GV ClReg. Proy. PET;OFICINA PROYECTOS PET;00-0151824;1302007584;Servicios Administrat.;;;KG;0,000;TO;0,000;Alimentos;Fletes;FLETE PROD TERMINADO;0,00000;11;2025;318,00;318,00;0,00;318,00;;91000036;Precio Base General;;0010001106;17;;N;03.12.2025 - 11:15:05;;;00130005;1300
CERVECERIA POLAR, C.A;Embotelladoras;Fact. Nac. Proy. PET;8000019739;Botellas;Venta Directa;20251104;Zona Metropolitana;3000;BOTELLAS  AMBAR  1,5L MALTIN POLAR 52Gr;18,000;PAL;22680,000;PZA;429,80;7736,37;1237,82;8974,19;Factura;Crédito 15 Días;20251119;USD;NA;;GV ClReg. Proy. PET;OFICINA PROYECTOS PET;00-0151825;1302007583;Farma S/Impresión;Ambar;120 ml.;G;1179360,000;TO;1,179;Alimentos;PP-Botella;BOTELLAS GASEOSAS;0,00000;11;2025;429,80;7736,37;1237,82;8974,19;;70000776;Precio Base General;;0010001106;17;;N;03.12.2025 - 11:15:05;;;00130005;1300
CERVECERIA POLAR, C.A;Embotelladoras;Fact. Nac. Proy. PET;8000019740;Servicios;Venta Directa;20251104;Zona Metropolitana;;FLETE POR VIAJE CORTINERO;1,08;SER;0,91;SER;269,81;255,92;0,00;364,87;Factura;Crédito 15 Días;20251119;USD;NA;;GV ClReg. Proy. PET;OFICINA PROYECTOS PET;00-0151826;1302007584;Servicios Administrat.;;;KG;0,000;TO;0,000;Alimentos;Fletes;FLETE PROD TERMINADO;0,00000;11;2025;318,19;356,39;0,00;333,76;;91000036;Precio Base General;;0010001106;17;;N;03.12.2025 - 11:15:05;;;00130005;1300
CERVECERIA POLAR, C.A;Embotelladoras;Fact. Nac. Proy. PET;8000019741;Botellas;Venta Directa;20251105;Zona Metropolitana;3000;BOTELLAS  AMBAR  1,5L MALTIN POLAR 52Gr;18,000;PAL;22680,000;PZA;433,74;7807,36;1249,18;9056,54;Factura;Crédito 15 Días;20251120;USD;NA;;GV ClReg. Proy. PET;OFICINA PROYECTOS PET;00-0151830;1302007590;Farma S/Impresión;Ambar;120 ml.;G;1179360,000;TO;1,179;Alimentos;PP-Botella;BOTELLAS GASEOSAS;0,00000;11;2025;433,74;7807,36;1249,18;9056,54;;70000776;Precio Base General;;0010001106;17;;N;03.12.2025 - 11:15:05;;;00130005;1300
CERVECERIA POLAR, C.A;Embotelladoras;Fact. Nac. Proy. PET;8000019742;Botellas;Venta Directa;20251105;Zona Metropolitana;3000;BOTELLAS  AMBAR  1,5L MALTIN POLAR 52Gr;18,000;PAL;22680,000;PZA;433,74;7807,36;1249,18;9056,54;Factura;Crédito 15 Días;20251120;USD;NA;;GV ClReg. Proy. PET;OFICINA PROYECTOS PET;00-0151831;1302007590;Farma S/Impresión;Ambar;120 ml.;G;1179360,000;TO;1,179;Alimentos;PP-Botella;BOTELLAS GASEOSAS;0,00000;11;2025;433,74;7807,36;1249,18;9056,54;;70000776;Precio Base General;;0010001106;17;;N;03.12.2025 - 11:15:05;;;00130005;1300
CERVECERIA POLAR, C.A;Embotelladoras;Fact. Nac. Proy. PET;8000019743;Botellas;Venta Directa;20251105;Zona Metropolitana;3000;BOTELLAS  AMBAR  1,5L MALTIN POLAR 52Gr;18,000;PAL;22680,000;PZA;433,74;7807,36;1249,18;9056,54;Factura;Crédito 15 Días;20251120;USD;NA;;GV ClReg. Proy. PET;OFICINA PROYECTOS PET;00-0151832;1302007590;Farma S/Impresión;Ambar;120 ml.;G;1179360,000;TO;1,179;Alimentos;PP-Botella;BOTELLAS GASEOSAS;0,00000;11;2025;433,74;7807,36;1249,18;9056,54;;70000776;Precio Base General;;0010001106;17;;N;03.12.2025 - 11:15:05;;;00130005;1300
CERVECERIA POLAR, C.A;Embotelladoras;Fact. Nac. Proy. PET;8000019744;Botellas;Venta Directa;20251105;Zona Metropolitana;3000;BOTELLAS  AMBAR  1,5L MALTIN POLAR 52Gr;18,000;PAL;22680,000;PZA;429,80;7736,37;1237,82;8974,19;Factura;Crédito 15 Días;20251120;USD;NA;;GV ClReg. Proy. PET;OFICINA PROYECTOS PET;00-0151833;1302007583;Farma S/Impresión;Ambar;120 ml.;G;1179360,000;TO;1,179;Alimentos;PP-Botella;BOTELLAS GASEOSAS;0,00000;11;2025;429,80;7736,37;1237,82;8974,19;;70000776;Precio Base General;;0010001106;17;;N;03.12.2025 - 11:15:05;;;00130005;1300
CERVECERIA POLAR, C.A;Embotelladoras;Fact. Nac. Proy. PET;8000019745;Servicios;Venta Directa;20251105;Zona Metropolitana;;FLETE POR VIAJE CORTINERO;1,000;SER;1,000;SER;318,00;318,00;0,00;318,00;Factura;Crédito 15 Días;20251120;USD;NA;;GV ClReg. Proy. PET;OFICINA PROYECTOS PET;00-0151834;1302007584;Servicios Administrat.;;;KG;0,000;TO;0,000;Alimentos;Fletes;FLETE PROD TERMINADO;0,00000;11;2025;318,00;318,00;0,00;318,00;;91000036;Precio Base General;;0010001106;17;;N;03.12.2025 - 11:15:05;;;00130005;1300
CERVECERIA POLAR, C.A;Embotelladoras;Fact. Nac. Proy. PET;8000019746;Botellas;Venta Directa;20251105;Zona Metropolitana;3000;BOTELLAS  AMBAR  1,5L MALTIN POLAR 52Gr;18,000;PAL;22680,000;PZA;429,80;7736,37;1237,82;8974,19;Factura;Crédito 15 Días;20251120;USD;NA;;GV ClReg. Proy. PET;OFICINA PROYECTOS PET;00-0151835;1302007583;Farma S/Impresión;Ambar;120 ml.;G;1179360,000;TO;1,179;Alimentos;PP-Botella;BOTELLAS GASEOSAS;0,00000;11;2025;429,80;7736,37;1237,82;8974,19;;70000776;Precio Base General;;0010001106;17;;N;03.12.2025 - 11:15:05;;;00130005;1300
CERVECERIA POLAR, C.A;Embotelladoras;Fact. Nac. Proy. PET;8000019747;Servicios;Venta Directa;20251105;Zona Metropolitana;;FLETE POR VIAJE CORTINERO;1,10;SER;0,96;SER;294,61;256,11;0,00;373,28;Factura;Crédito 15 Días;20251120;USD;NA;;GV ClReg. Proy. PET;OFICINA PROYECTOS PET;00-0151836;1302007584;Servicios Administrat.;;;KG;0,000;TO;0,000;Alimentos;Fletes;FLETE PROD TERMINADO;0,00000;11;2025;317,00;272,72;0,00;375,07;;91000036;Precio Base General;;0010001106;17;;N;03.12.2025 - 11:15:05;;;00130005;1300
CERVECERIA POLAR, C.A;Embotelladoras;Fact. Nac. Proy. PET;8000019750;Botellas;Venta Directa;20251105;Zona Metropolitana;3000;BOTELLAS  AMBAR  1,5L MALTIN POLAR 52Gr;18,000;PAL;22680,000;PZA;429,80;7736,37;1237,82;8974,19;Factura;Crédito 15 Días;20251120;USD;NA;;GV ClReg. Proy. PET;OFICINA PROYECTOS PET;00-0151840;1302007583;Farma S/Impresión;Ambar;120 ml.;G;1179360,000;TO;1,179;Alimentos;PP-Botella;BOTELLAS GASEOSAS;0,00000;11;2025;429,80;7736,37;1237,82;8974,19;;70000776;Precio Base General;;0010001106;17;;N;03.12.2025 - 11:15:05;;;00130005;1300
CERVECERIA POLAR, C.A;Embotelladoras;Fact. Nac. Proy. PET;8000019751;Servicios;Venta Directa;20251105;Zona Metropolitana;;FLETE POR VIAJE CORTINERO;1,000;SER;1,000;SER;318,00;318,00;0,00;318,00;Factura;Crédito 15 Días;20251120;USD;NA;;GV ClReg. Proy. PET;OFICINA PROYECTOS PET;00-0151841;1302007584;Servicios Administrat.;;;KG;0,000;TO;0,000;Alimentos;Fletes;FLETE PROD TERMINADO;0,00000;11;2025;318,00;318,00;0,00;318,00;;91000036;Precio Base General;;0010001106;17;;N;03.12.2025 - 11:15:05;;;00130005;1300
CERVECERIA POLAR, C.A;Embotelladoras;Fact. Nac. Proy. PET;8000019754;Botellas;Venta Directa;20251105;Zona Metropolitana;3000;BOTELLAS  AMBAR  1,5L MALTIN POLAR 52Gr;18,000;PAL;22680,000;PZA;429,80;7736,37;1237,82;8974,19;Factura;Crédito 15 Días;20251120;USD;NA;;GV ClReg. Proy. PET;OFICINA PROYECTOS PET;00-0151844;1302007583;Farma S/Impresión;Ambar;120 ml.;G;1179360,000;TO;1,179;Alimentos;PP-Botella;BOTELLAS GASEOSAS;0,00000;11;2025;429,80;7736,37;1237,82;8974,19;;70000776;Precio Base General;;0010001106;17;;N;03.12.2025 - 11:15:05;;;00130005;1300
CERVECERIA POLAR, C.A;Embotelladoras;Fact. Nac. Proy. PET;8000019755;Servicios;Venta Directa;20251105;Zona Metropolitana;;FLETE POR VIAJE CORTINERO;1,000;SER;1,000;SER;318,00;318,00;0,00;318,00;Factura;Crédito 15 Días;20251120;USD;NA;;GV ClReg. Proy. PET;OFICINA PROYECTOS PET;00-0151845;1302007584;Servicios Administrat.;;;KG;0,000;TO;0,000;Alimentos;Fletes;FLETE PROD TERMINADO;0,00000;11;2025;318,00;318,00;0,00;318,00;;91000036;Precio Base General;;0010001106;17;;N;03.12.2025 - 11:15:05;;;00130005;1300
CERVECERIA POLAR, C.A;Embotelladoras;Fact. Nac. Proy. PET;8000019756;Botellas;Venta Directa;20251105;Zona Metropolitana;3000;BOTELLAS  AMBAR  1,5L MALTIN POLAR 52Gr;18,000;PAL;22680,000;PZA;429,80;7736,37;1237,82;8974,19;Factura;Crédito 15 Días;20251120;USD;NA;;GV ClReg. Proy. PET;OFICINA PROYECTOS PET;00-0151846;1302007583;Farma S/Impresión;Ambar;120 ml.;G;1179360,000;TO;1,179;Alimentos;PP-Botella;BOTELLAS GASEOSAS;0,00000;11;2025;429,80;7736,37;1237,82;8974,19;;70000776;Precio Base General;;0010001106;17;;N;03.12.2025 - 11:15:05;;;00130005;1300
CERVECERIA POLAR, C.A;Embotelladoras;Fact. Nac. Proy. PET;8000019757;Servicios;Venta Directa;20251105;Zona Metropolitana;;FLETE POR VIAJE CORTINERO;1,000;SER;1,000;SER;318,00;318,00;0,00;318,00;Factura;Crédito 15 Días;20251120;USD;NA;;GV ClReg. Proy. PET;OFICINA PROYECTOS PET;00-0151847;1302007584;Servicios Administrat.;;;KG;0,000;TO;0,000;Alimentos;Fletes;FLETE PROD TERMINADO;0,00000;11;2025;318,00;318,00;0,00;318,00;;91000036;Precio Base General;;0010001106;17;;N;03.12.2025 - 11:15:05;;;00130005;1300
CERVECERIA POLAR, C.A;Embotelladoras;Fact. Nac. Proy. PET;8000019758;Servicios;Venta Directa;20251105;Zona Metropolitana;;FLETE POR VIAJE CORTINERO;1,000;SER;1,000;SER;318,00;318,00;0,00;318,00;Factura;Crédito 15 Días;20251120;USD;NA;;GV ClReg. Proy. PET;OFICINA PROYECTOS PET;00-0151848;1302007584;Servicios Administrat.;;;KG;0,000;TO;0,000;Alimentos;Fletes;FLETE PROD TERMINADO;0,00000;11;2025;318,00;318,00;0,00;318,00;;91000036;Precio Base General;;0010001106;17;;N;03.12.2025 - 11:15:05;;;00130005;1300
CERVECERIA POLAR, C.A;Embotelladoras;Fact. Nac. Proy. PET;8000019759;Botellas;Venta Directa;20251105;Zona Metropolitana;3000;BOTELLAS  AMBAR  1,5L MALTIN POLAR 52Gr;18,000;PAL;22680,000;PZA;429,80;7736,37;1237,82;8974,19;Factura;Crédito 15 Días;20251120;USD;NA;;GV ClReg. Proy. PET;OFICINA PROYECTOS PET;00-0151849;1302007583;Farma S/Impresión;Ambar;120 ml.;G;1179360,000;TO;1,179;Alimentos;PP-Botella;BOTELLAS GASEOSAS;0,00000;11;2025;429,80;7736,37;1237,82;8974,19;;70000776;Precio Base General;;0010001106;17;;N;03.12.2025 - 11:15:05;;;00130005;1300
CERVECERIA POLAR, C.A;Embotelladoras;Fact. Nac. Proy. PET;8000019761;Servicios;Venta Directa;20251105;Zona Metropolitana;;FLETE POR VIAJE CORTINERO;1,000;SER;1,000;SER;318,00;318,00;0,00;318,00;Factura;Crédito 15 Días;20251120;USD;NA;;GV ClReg. Proy. PET;OFICINA PROYECTOS PET;00-0151851;1302007584;Servicios Administrat.;;;KG;0,000;TO;0,000;Alimentos;Fletes;FLETE PROD TERMINADO;0,00000;11;2025;318,00;318,00;0,00;318,00;;91000036;Precio Base General;;0010001106;17;;N;03.12.2025 - 11:15:05;;;00130005;1300
CERVECERIA POLAR, C.A;Embotelladoras;Fact. Nac. Proy. PET;8000019762;Botellas;Venta Directa;20251105;Zona Metropolitana;3000;BOTELLAS  AMBAR  1,5L MALTIN POLAR 52Gr;18,000;PAL;22680,000;PZA;429,80;7736,37;1237,82;8974,19;Factura;Crédito 15 Días;20251120;USD;NA;;GV ClReg. Proy. PET;OFICINA PROYECTOS PET;00-0151852;1302007583;Farma S/Impresión;Ambar;120 ml.;G;1179360,000;TO;1,179;Alimentos;PP-Botella;BOTELLAS GASEOSAS;0,00000;11;2025;429,80;7736,37;1237,82;8974,19;;70000776;Precio Base General;;0010001106;17;;N;03.12.2025 - 11:15:05;;;00130005;1300
CERVECERIA POLAR, C.A;Embotelladoras;Fact. Nac. Proy. PET;8000019763;Servicios;Venta Directa;20251105;Zona Metropolitana;;FLETE POR VIAJE CORTINERO;1,000;SER;1,000;SER;318,00;318,00;0,00;318,00;Factura;Crédito 15 Días;20251120;USD;NA;;GV ClReg. Proy. PET;OFICINA PROYECTOS PET;00-0151853;1302007584;Servicios Administrat.;;;KG;0,000;TO;0,000;Alimentos;Fletes;FLETE PROD TERMINADO;0,00000;11;2025;318,00;318,00;0,00;318,00;;91000036;Precio Base General;;0010001106;17;;N;03.12.2025 - 11:15:05;;;00130005;1300
CERVECERIA POLAR, C.A;Embotelladoras;Fact. Nac. Proy. PET;8000019764;Botellas;Venta Directa;20251105;Zona Metropolitana;3000;BOTELLAS  AMBAR  1,5L MALTIN POLAR 52Gr;18,000;PAL;22680,000;PZA;429,80;7736,37;1237,82;8974,19;Factura;Crédito 15 Días;20251120;USD;NA;;GV ClReg. Proy. PET;OFICINA PROYECTOS PET;00-0151854;1302007583;Farma S/Impresión;Ambar;120 ml.;G;1179360,000;TO;1,179;Alimentos;PP-Botella;BOTELLAS GASEOSAS;0,00000;11;2025;429,80;7736,37;1237,82;8974,19;;70000776;Precio Base General;;0010001106;17;;N;03.12.2025 - 11:15:05;;;00130005;1300
CERVECERIA POLAR, C.A;Embotelladoras;Fact. Nac. Proy. PET;8000019765;Servicios;Venta Directa;20251105;Zona Metropolitana;;FLETE POR VIAJE CORTINERO;1,000;SER;1,000;SER;318,00;318,00;0,00;318,00;Factura;Crédito 15 Días;20251120;USD;NA;;GV ClReg. Proy. PET;OFICINA PROYECTOS PET;00-0151855;1302007584;Servicios Administrat.;;;KG;0,000;TO;0,000;Alimentos;Fletes;FLETE PROD TERMINADO;0,00000;11;2025;318,00;318,00;0,00;318,00;;91000036;Precio Base General;;0010001106;17;;N;03.12.2025 - 11:15:05;;;00130005;1300
CERVECERIA POLAR, C.A;Embotelladoras;Fact. Nac. Proy. PET;8000019766;Botellas;Venta Directa;20251106;Zona Metropolitana;3000;BOTELLAS  AMBAR  1,5L MALTIN POLAR 52Gr;18,000;PAL;22680,000;PZA;413,24;7438,36;1190,14;8628,50;Factura;Crédito 15 Días;20251121;USD;NA;;GV ClReg. Proy. PET;OFICINA PROYECTOS PET;00-0151856;1302007599;Farma S/Impresión;Ambar;120 ml.;G;1179360,000;TO;1,179;Alimentos;PP-Botella;BOTELLAS GASEOSAS;0,00000;11;2025;413,24;7438,36;1190,14;8628,50;;70000776;Precio Base General;;0010001106;17;;N;03.12.2025 - 11:15:05;;;00130005;1300
CERVECERIA POLAR, C.A;Embotelladoras;Fact. Nac. Proy. PET;8000019767;Servicios;Venta Directa;20251106;Zona Metropolitana;;FLETE POR VIAJE CORTINERO;1,000;SER;1,000;SER;318,00;318,00;0,00;318,00;Factura;Crédito 15 Días;20251121;USD;NA;;GV ClReg. Proy. PET;OFICINA PROYECTOS PET;00-0151857;1302007584;Servicios Administrat.;;;KG;0,000;TO;0,000;Alimentos;Fletes;FLETE PROD TERMINADO;0,00000;11;2025;318,00;318,00;0,00;318,00;;91000036;Precio Base General;;0010001106;17;;N;03.12.2025 - 11:15:05;;;00130005;1300
CERVECERIA POLAR, C.A;Embotelladoras;Fact. Nac. Proy. PET;8000019768;Botellas;Venta Directa;20251106;Zona Metropolitana;3000;BOTELLAS  AMBAR  1,5L MALTIN POLAR 52Gr;18,000;PAL;22680,000;PZA;413,24;7438,36;1190,14;8628,50;Factura;Crédito 15 Días;20251121;USD;NA;;GV ClReg. Proy. PET;OFICINA PROYECTOS PET;00-0151858;1302007599;Farma S/Impresión;Ambar;120 ml.;G;1179360,000;TO;1,179;Alimentos;PP-Botella;BOTELLAS GASEOSAS;0,00000;11;2025;413,24;7438,36;1190,14;8628,50;;70000776;Precio Base General;;0010001106;17;;N;03.12.2025 - 11:15:05;;;00130005;1300
CERVECERIA POLAR, C.A;Embotelladoras;Fact. Nac. Proy. PET;8000019769;Servicios;Venta Directa;20251106;Zona Metropolitana;;FLETE POR VIAJE CORTINERO;1,000;SER;1,000;SER;318,00;318,00;0,00;318,00;Factura;Crédito 15 Días;20251121;USD;NA;;GV ClReg. Proy. PET;OFICINA PROYECTOS PET;00-0151859;1302007584;Servicios Administrat.;;;KG;0,000;TO;0,000;Alimentos;Fletes;FLETE PROD TERMINADO;0,00000;11;2025;318,00;318,00;0,00;318,00;;91000036;Precio Base General;;0010001106;17;;N;03.12.2025 - 11:15:05;;;00130005;1300
CERVECERIA POLAR, C.A;Embotelladoras;Fact. Nac. Proy. PET;8000019770;Botellas;Venta Directa;20251106;Zona Metropolitana;3000;BOTELLAS  AMBAR  1,5L MALTIN POLAR 52Gr;18,000;PAL;22680,000;PZA;413,24;7438,36;1190,14;8628,50;Factura;Crédito 15 Días;20251121;USD;NA;;GV ClReg. Proy. PET;OFICINA PROYECTOS PET;00-0151860;1302007599;Farma S/Impresión;Ambar;120 ml.;G;1179360,000;TO;1,179;Alimentos;PP-Botella;BOTELLAS GASEOSAS;0,00000;11;2025;413,24;7438,36;1190,14;8628,50;;70000776;Precio Base General;;0010001106;17;;N;03.12.2025 - 11:15:05;;;00130005;1300
CERVECERIA POLAR, C.A;Embotelladoras;Fact. Nac. Proy. PET;8000019771;Servicios;Venta Directa;20251106;Zona Metropolitana;;FLETE POR VIAJE CORTINERO;1,000;SER;1,000;SER;318,00;318,00;0,00;318,00;Factura;Crédito 15 Días;20251121;USD;NA;;GV ClReg. Proy. PET;OFICINA PROYECTOS PET;00-0151861;1302007584;Servicios Administrat.;;;KG;0,000;TO;0,000;Alimentos;Fletes;FLETE PROD TERMINADO;0,00000;11;2025;318,00;318,00;0,00;318,00;;91000036;Precio Base General;;0010001106;17;;N;03.12.2025 - 11:15:05;;;00130005;1300
CERVECERIA POLAR, C.A;Embotelladoras;Fact. Nac. Proy. PET;8000019772;Botellas;Venta Directa;20251106;Zona Metropolitana;3000;BOTELLAS  AMBAR  1,5L MALTIN POLAR 52Gr;18,000;PAL;22680,000;PZA;413,24;7438,36;1190,14;8628,50;Factura;Crédito 15 Días;20251121;USD;NA;;GV ClReg. Proy. PET;OFICINA PROYECTOS PET;00-0151862;1302007599;Farma S/Impresión;Ambar;120 ml.;G;1179360,000;TO;1,179;Alimentos;PP-Botella;BOTELLAS GASEOSAS;0,00000;11;2025;413,24;7438,36;1190,14;8628,50;;70000776;Precio Base General;;0010001106;17;;N;03.12.2025 - 11:15:05;;;00130005;1300
CERVECERIA POLAR, C.A;Embotelladoras;Fact. Nac. Proy. PET;8000019773;Servicios;Venta Directa;20251106;Zona Metropolitana;;FLETE POR VIAJE CORTINERO;1,07;SER;0,96;SER;308,79;331,65;0,00;373,64;Factura;Crédito 15 Días;20251121;USD;NA;;GV ClReg. Proy. PET;OFICINA PROYECTOS PET;00-0151863;1302007584;Servicios Administrat.;;;KG;0,000;TO;0,000;Alimentos;Fletes;FLETE PROD TERMINADO;0,00000;11;2025;277,41;282,11;0,00;330,47;;91000036;Precio Base General;;0010001106;17;;N;03.12.2025 - 11:15:05;;;00130005;1300
CERVECERIA POLAR, C.A;Embotelladoras;Fact. Nac. Proy. PET;8000019774;Botellas;Venta Directa;20251106;Zona Metropolitana;3000;BOTELLAS  AMBAR  1,5L MALTIN POLAR 52Gr;18,000;PAL;22680,000;PZA;413,24;7438,36;1190,14;8628,50;Factura;Crédito 15 Días;20251121;USD;NA;;GV ClReg. Proy. PET;OFICINA PROYECTOS PET;00-0151864;1302007599;Farma S/Impresión;Ambar;120 ml.;G;1179360,000;TO;1,179;Alimentos;PP-Botella;BOTELLAS GASEOSAS;0,00000;11;2025;413,24;7438,36;1190,14;8628,50;;70000776;Precio Base General;;0010001106;17;;N;03.12.2025 - 11:15:05;;;00130005;1300
CERVECERIA POLAR, C.A;Embotelladoras;Fact. Nac. Proy. PET;8000019775;Servicios;Venta Directa;20251106;Zona Metropolitana;;FLETE POR VIAJE CORTINERO;1,000;SER;1,000;SER;318,00;318,00;0,00;318,00;Factura;Crédito 15 Días;20251121;USD;NA;;GV ClReg. Proy. PET;OFICINA PROYECTOS PET;00-0151866;1302007584;Servicios Administrat.;;;KG;0,000;TO;0,000;Alimentos;Fletes;FLETE PROD TERMINADO;0,00000;11;2025;318,00;318,00;0,00;318,00;;91000036;Precio Base General;;0010001106;17;;N;03.12.2025 - 11:15:05;;;00130005;1300
CERVECERIA POLAR, C.A;Embotelladoras;Fact. Nac. Proy. PET;8000019776;Botellas;Venta Directa;20251106;Zona Metropolitana;3000;BOTELLAS  AMBAR  1,5L MALTIN POLAR 52Gr;2,000;PAL;2520,000;PZA;413,24;826,48;132,24;958,72;Factura;Crédito 15 Días;20251121;USD;NA;;GV ClReg. Proy. PET;OFICINA PROYECTOS PET;00-0151868;1302007599;Farma S/Impresión;Ambar;120 ml.;G;131040,000;TO;0,131;Alimentos;PP-Botella;BOTELLAS GASEOSAS;0,00000;11;2025;413,24;826,48;132,24;958,72;;70000776;Precio Base General;;0010001106;17;;N;03.12.2025 - 11:15:05;;;00130005;1300
CERVECERIA POLAR, C.A;Embotelladoras;Fact. Nac. Proy. PET;8000019777;Botellas;Venta Directa;20251106;Zona Metropolitana;3000;BOTELLAS  AMBAR  1,5L MALTIN POLAR 52Gr;18,000;PAL;22680,000;PZA;413,24;7438,36;1190,14;8628,50;Factura;Crédito 15 Días;20251121;USD;NA;;GV ClReg. Proy. PET;OFICINA PROYECTOS PET;00-0151869;1302007599;Farma S/Impresión;Ambar;120 ml.;G;1179360,000;TO;1,179;Alimentos;PP-Botella;BOTELLAS GASEOSAS;0,00000;11;2025;413,24;7438,36;1190,14;8628,50;;70000776;Precio Base General;;0010001106;17;;N;03.12.2025 - 11:15:05;;;00130005;1300
CERVECERIA POLAR, C.A;Embotelladoras;Fact. Nac. Proy. PET;8000019778;Servicios;Venta Directa;20251106;Zona Metropolitana;;FLETE POR VIAJE CORTINERO;1,000;SER;1,000;SER;318,00;318,00;0,00;318,00;Factura;Crédito 15 Días;20251121;USD;NA;;GV ClReg. Proy. PET;OFICINA PROYECTOS PET;00-0151870;1302007584;Servicios Administrat.;;;KG;0,000;TO;0,000;Alimentos;Fletes;FLETE PROD TERMINADO;0,00000;11;2025;318,00;318,00;0,00;318,00;;91000036;Precio Base General;;0010001106;17;;N;03.12.2025 - 11:15:05;;;00130005;1300
CERVECERIA POLAR, C.A;Embotelladoras;Fact. Nac. Proy. PET;8000019789;Botellas;Venta Directa;20251109;Zona Metropolitana;3000;BOTELLAS  AMBAR  1,5L MALTIN POLAR 52Gr;18,000;PAL;22680,000;PZA;413,22;7437,91;1190,07;8627,98;Factura;Crédito 15 Días;20251124;USD;NA;;GV ClReg. Proy. PET;OFICINA PROYECTOS PET;00-0151881;1302007604;Farma S/Impresión;Ambar;120 ml.;G;1179360,000;TO;1,179;Alimentos;PP-Botella;BOTELLAS GASEOSAS;0,00000;11;2025;413,22;7437,91;1190,07;8627,98;;70000776;Precio Base General;;0010001106;17;;N;03.12.2025 - 11:15:05;;;00130005;1300
CERVECERIA POLAR, C.A;Embotelladoras;Fact. Nac. Proy. PET;8000019790;Servicios;Venta Directa;20251109;Zona Metropolitana;;FLETE POR VIAJE CORTINERO;1,000;SER;1,000;SER;318,00;318,00;0,00;318,00;Factura;Crédito 15 Días;20251124;USD;NA;;GV ClReg. Proy. PET;OFICINA PROYECTOS PET;00-0151882;1302007584;Servicios Administrat.;;;KG;0,000;TO;0,000;Alimentos;Fletes;FLETE PROD TERMINADO;0,00000;11;2025;318,00;318,00;0,00;318,00;;91000036;Precio Base General;;0010001106;17;;N;03.12.2025 - 11:15:05;;;00130005;1300
CERVECERIA POLAR, C.A;Embotelladoras;Fact. Nac. Proy. PET;8000019791;Botellas;Venta Directa;20251109;Zona Metropolitana;3000;BOTELLAS  AMBAR  1,5L MALTIN POLAR 52Gr;22,000;PAL;27720,000;PZA;413,22;9090,77;1454,52;10545,29;Factura;Crédito 15 Días;20251124;USD;NA;;GV ClReg. Proy. PET;OFICINA PROYECTOS PET;00-0151883;1302007604;Farma S/Impresión;Ambar;120 ml.;G;1441440,000;TO;1,441;Alimentos;PP-Botella;BOTELLAS GASEOSAS;0,00000;11;2025;413,22;9090,77;1454,52;10545,29;;70000776;Precio Base General;;0010001106;17;;N;03.12.2025 - 11:15:05;;;00130005;1300
CERVECERIA POLAR, C.A;Embotelladoras;Fact. Nac. Proy. PET;8000019792;Servicios;Venta Directa;20251109;Zona Metropolitana;;FLETE POR VIAJE CORTINERO;1,000;SER;1,000;SER;318,00;318,00;0,00;318,00;Factura;Crédito 15 Días;20251124;USD;NA;;GV ClReg. Proy. PET;OFICINA PROYECTOS PET;00-0151884;1302007584;Servicios Administrat.;;;KG;0,000;TO;0,000;Alimentos;Fletes;FLETE PROD TERMINADO;0,00000;11;2025;318,00;318,00;0,00;318,00;;91000036;Precio Base General;;0010001106;17;;N;03.12.2025 - 11:15:05;;;00130005;1300
CERVECERIA POLAR, C.A;Embotelladoras;Fact. Nac. Proy. PET;8000019793;Botellas;Venta Directa;20251109;Zona Metropolitana;3000;BOTELLAS  AMBAR  1,5L MALTIN POLAR 52Gr;24,000;PAL;30240,000;PZA;413,22;9917,21;1586,75;11503,96;Factura;Crédito 15 Días;20251124;USD;NA;;GV ClReg. Proy. PET;OFICINA PROYECTOS PET;00-0151886;1302007604;Farma S/Impresión;Ambar;120 ml.;G;1572480,000;TO;1,572;Alimentos;PP-Botella;BOTELLAS GASEOSAS;0,00000;11;2025;413,22;9917,21;1586,75;11503,96;;70000776;Precio Base General;;0010001106;17;;N;03.12.2025 - 11:15:05;;;00130005;1300
CERVECERIA POLAR, C.A;Embotelladoras;Fact. Nac. Proy. PET;8000019794;Servicios;Venta Directa;20251109;Zona Metropolitana;;FLETE POR VIAJE CORTINERO;1,000;SER;1,000;SER;318,00;318,00;0,00;318,00;Factura;Crédito 15 Días;20251124;USD;NA;;GV ClReg. Proy. PET;OFICINA PROYECTOS PET;00-0151887;1302007584;Servicios Administrat.;;;KG;0,000;TO;0,000;Alimentos;Fletes;FLETE PROD TERMINADO;0,00000;11;2025;318,00;318,00;0,00;318,00;;91000036;Precio Base General;;0010001106;17;;N;03.12.2025 - 11:15:05;;;00130005;1300
CERVECERIA POLAR, C.A;Embotelladoras;Fact. Nac. Proy. PET;8000019795;Botellas;Venta Directa;20251109;Zona Metropolitana;3000;BOTELLAS  AMBAR  1,5L MALTIN POLAR 52Gr;24,000;PAL;30240,000;PZA;413,22;9917,21;1586,75;11503,96;Factura;Crédito 15 Días;20251124;USD;NA;;GV ClReg. Proy. PET;OFICINA PROYECTOS PET;00-0151888;1302007604;Farma S/Impresión;Ambar;120 ml.;G;1572480,000;TO;1,572;Alimentos;PP-Botella;BOTELLAS GASEOSAS;0,00000;11;2025;413,22;9917,21;1586,75;11503,96;;70000776;Precio Base General;;0010001106;17;;N;03.12.2025 - 11:15:05;;;00130005;1300
CERVECERIA POLAR, C.A;Embotelladoras;Fact. Nac. Proy. PET;8000019796;Servicios;Venta Directa;20251109;Zona Metropolitana;;FLETE POR VIAJE CORTINERO;1,000;SER;1,000;SER;318,00;318,00;0,00;318,00;Factura;Crédito 15 Días;20251124;USD;NA;;GV ClReg. Proy. PET;OFICINA PROYECTOS PET;00-0151889;1302007584;Servicios Administrat.;;;KG;0,000;TO;0,000;Alimentos;Fletes;FLETE PROD TERMINADO;0,00000;11;2025;318,00;318,00;0,00;318,00;;91000036;Precio Base General;;0010001106;17;;N;03.12.2025 - 11:15:05;;;00130005;1300
CERVECERIA POLAR, C.A;Embotelladoras;Fact. Nac. Proy. PET;8000019797;Botellas;Venta Directa;20251109;Zona Metropolitana;3000;BOTELLAS  AMBAR  1,5L MALTIN POLAR 52Gr;20,000;PAL;25200,000;PZA;413,22;8264,34;1322,29;9586,63;Factura;Crédito 15 Días;20251124;USD;NA;;GV ClReg. Proy. PET;OFICINA PROYECTOS PET;00-0151890;1302007604;Farma S/Impresión;Ambar;120 ml.;G;1310400,000;TO;1,310;Alimentos;PP-Botella;BOTELLAS GASEOSAS;0,00000;11;2025;413,22;8264,34;1322,29;9586,63;;70000776;Precio Base General;;0010001106;17;;N;03.12.2025 - 11:15:05;;;00130005;1300
CERVECERIA POLAR, C.A;Embotelladoras;Fact. Nac. Proy. PET;8000019798;Servicios;Venta Directa;20251109;Zona Metropolitana;;FLETE POR VIAJE CORTINERO;1,000;SER;1,000;SER;318,00;318,00;0,00;318,00;Factura;Crédito 15 Días;20251124;USD;NA;;GV ClReg. Proy. PET;OFICINA PROYECTOS PET;00-0151891;1302007584;Servicios Administrat.;;;KG;0,000;TO;0,000;Alimentos;Fletes;FLETE PROD TERMINADO;0,00000;11;2025;318,00;318,00;0,00;318,00;;91000036;Precio Base General;;0010001106;17;;N;03.12.2025 - 11:15:05;;;00130005;1300
CERVECERIA POLAR, C.A;Embotelladoras;Fact. Nac. Proy. PET;8000019799;Botellas;Venta Directa;20251110;Zona Metropolitana;3000;BOTELLAS  AMBAR  1,5L MALTIN POLAR 52Gr;24,000;PAL;30240,000;PZA;413,22;9917,21;1586,75;11503,96;Factura;Crédito 15 Días;20251125;USD;NA;;GV ClReg. Proy. PET;OFICINA PROYECTOS PET;00-0151892;1302007604;Farma S/Impresión;Ambar;120 ml.;G;1572480,000;TO;1,572;Alimentos;PP-Botella;BOTELLAS GASEOSAS;0,00000;11;2025;413,22;9917,21;1586,75;11503,96;;70000776;Precio Base General;;0010001106;17;;N;03.12.2025 - 11:15:05;;;00130005;1300
CERVECERIA POLAR, C.A;Embotelladoras;Fact. Nac. Proy. PET;8000019800;Servicios;Venta Directa;20251110;Zona Metropolitana;;FLETE POR VIAJE CORTINERO;1,000;SER;1,000;SER;318,00;318,00;0,00;318,00;Factura;Crédito 15 Días;20251125;USD;NA;;GV ClReg. Proy. PET;OFICINA PROYECTOS PET;00-0151893;1302007584;Servicios Administrat.;;;KG;0,000;TO;0,000;Alimentos;Fletes;FLETE PROD TERMINADO;0,00000;11;2025;318,00;318,00;0,00;318,00;;91000036;Precio Base General;;0010001106;17;;N;03.12.2025 - 11:15:05;;;00130005;1300
CERVECERIA POLAR, C.A;Embotelladoras;Fact. Nac. Proy. PET;8000019801;Botellas;Venta Directa;20251110;Zona Metropolitana;3000;BOTELLAS  AMBAR  1,5L MALTIN POLAR 52Gr;26,22;PAL;30299,77;PZA;468,17;11831,86;1428,55;12339,15;Factura;Crédito 15 Días;20251125;USD;NA;;GV ClReg. Proy. PET;OFICINA PROYECTOS PET;00-0151894;1302007604;Farma S/Impresión;Ambar;120 ml.;G;1572480,000;TO;1,572;Alimentos;PP-Botella;BOTELLAS GASEOSAS;0,00000;11;2025;432,69;11728,61;1799,60;13024,01;;70000776;Precio Base General;;0010001106;17;;N;03.12.2025 - 11:15:05;;;00130005;1300
CERVECERIA POLAR, C.A;Embotelladoras;Fact. Nac. Proy. PET;8000019802;Servicios;Venta Directa;20251110;Zona Metropolitana;;FLETE POR VIAJE CORTINERO;1,000;SER;1,000;SER;318,00;318,00;0,00;318,00;Factura;Crédito 15 Días;20251125;USD;NA;;GV ClReg. Proy. PET;OFICINA PROYECTOS PET;00-0151895;1302007584;Servicios Administrat.;;;KG;0,000;TO;0,000;Alimentos;Fletes;FLETE PROD TERMINADO;0,00000;11;2025;318,00;318,00;0,00;318,00;;91000036;Precio Base General;;0010001106;17;;N;03.12.2025 - 11:15:05;;;00130005;1300
CERVECERIA POLAR, C.A;Embotelladoras;Fact. Nac. Proy. PET;8000019804;Servicios;Venta Directa;20251110;Zona Metropolitana;;FLETE POR VIAJE CORTINERO;1,000;SER;1,000;SER;318,00;318,00;0,00;318,00;Factura;Crédito 15 Días;20251125;USD;NA;;GV ClReg. Proy. PET;OFICINA PROYECTOS PET;00-0151897;1302007584;Servicios Administrat.;;;KG;0,000;TO;0,000;Alimentos;Fletes;FLETE PROD TERMINADO;0,00000;11;2025;318,00;318,00;0,00;318,00;;91000036;Precio Base General;;0010001106;17;;N;03.12.2025 - 11:15:05;;;00130005;1300
CERVECERIA POLAR, C.A;Embotelladoras;Fact. Nac. Proy. PET;8000019805;Botellas;Venta Directa;20251110;Zona Metropolitana;3000;BOTELLAS  AMBAR  1,5L MALTIN POLAR 52Gr;18,000;PAL;22680,000;PZA;413,22;7437,91;1190,07;8627,98;Factura;Crédito 15 Días;20251125;USD;NA;;GV ClReg. Proy. PET;OFICINA PROYECTOS PET;00-0151898;1302007604;Farma S/Impresión;Ambar;120 ml.;G;1179360,000;TO;1,179;Alimentos;PP-Botella;BOTELLAS GASEOSAS;0,00000;11;2025;413,22;7437,91;1190,07;8627,98;;70000776;Precio Base General;;0010001106;17;;N;03.12.2025 - 11:15:05;;;00130005;1300
CERVECERIA POLAR, C.A;Embotelladoras;Fact. Nac. Proy. PET;8000019806;Servicios;Venta Directa;20251110;Zona Metropolitana;;FLETE POR VIAJE CORTINERO;1,000;SER;1,000;SER;318,00;318,00;0,00;318,00;Factura;Crédito 15 Días;20251125;USD;NA;;GV ClReg. Proy. PET;OFICINA PROYECTOS PET;00-0151899;1302007584;Servicios Administrat.;;;KG;0,000;TO;0,000;Alimentos;Fletes;FLETE PROD TERMINADO;0,00000;11;2025;318,00;318,00;0,00;318,00;;91000036;Precio Base General;;0010001106;17;;N;03.12.2025 - 11:15:05;;;00130005;1300
CERVECERIA POLAR, C.A;Embotelladoras;Fact. Nac. Proy. PET;8000019807;Botellas;Venta Directa;20251110;Zona Metropolitana;3000;BOTELLAS  AMBAR  1,5L MALTIN POLAR 52Gr;18,000;PAL;22680,000;PZA;413,22;7437,91;1190,07;8627,98;Factura;Crédito 15 Días;20251125;USD;NA;;GV ClReg. Proy. PET;OFICINA PROYECTOS PET;00-0151900;1302007604;Farma S/Impresión;Ambar;120 ml.;G;1179360,000;TO;1,179;Alimentos;PP-Botella;BOTELLAS GASEOSAS;0,00000;11;2025;413,22;7437,91;1190,07;8627,98;;70000776;Precio Base General;;0010001106;17;;N;03.12.2025 - 11:15:05;;;00130005;1300
CERVECERIA POLAR, C.A;Embotelladoras;Fact. Nac. Proy. PET;8000019808;Servicios;Venta Directa;20251110;Zona Metropolitana;;FLETE POR VIAJE CORTINERO;1,000;SER;1,000;SER;318,00;318,00;0,00;318,00;Factura;Crédito 15 Días;20251125;USD;NA;;GV ClReg. Proy. PET;OFICINA PROYECTOS PET;00-0151901;1302007584;Servicios Administrat.;;;KG;0,000;TO;0,000;Alimentos;Fletes;FLETE PROD TERMINADO;0,00000;11;2025;318,00;318,00;0,00;318,00;;91000036;Precio Base General;;0010001106;17;;N;03.12.2025 - 11:15:05;;;00130005;1300
CERVECERIA POLAR, C.A;Embotelladoras;Fact. Nac. Proy. PET;8000019809;Botellas;Venta Directa;20251110;Zona Metropolitana;3000;BOTELLAS  AMBAR  1,5L MALTIN POLAR 52Gr;18,000;PAL;22680,000;PZA;413,22;7437,91;1190,07;8627,98;Factura;Crédito 15 Días;20251125;USD;NA;;GV ClReg. Proy. PET;OFICINA PROYECTOS PET;00-0151902;1302007604;Farma S/Impresión;Ambar;120 ml.;G;1179360,000;TO;1,179;Alimentos;PP-Botella;BOTELLAS GASEOSAS;0,00000;11;2025;413,22;7437,91;1190,07;8627,98;;70000776;Precio Base General;;0010001106;17;;N;03.12.2025 - 11:15:05;;;00130005;1300
CERVECERIA POLAR, C.A;Embotelladoras;Fact. Nac. Proy. PET;8000019810;Servicios;Venta Directa;20251110;Zona Metropolitana;;FLETE POR VIAJE CORTINERO;0,95;SER;0,99;SER;334,94;354,04;0,00;290,94;Factura;Crédito 15 Días;20251125;USD;NA;;GV ClReg. Proy. PET;OFICINA PROYECTOS PET;00-0151903;1302007584;Servicios Administrat.;;;KG;0,000;TO;0,000;Alimentos;Fletes;FLETE PROD TERMINADO;0,00000;11;2025;275,32;357,75;0,00;331,51;;91000036;Precio Base General;;0010001106;17;;N;03.12.2025 - 11:15:05;;;00130005;1300
CERVECERIA POLAR, C.A;Embotelladoras;Fact. Nac. Proy. PET;8000019814;Preformas;Venta Directa;20251110;Zona Metropolitana;3000;PREFORMAS TRANSPARENTE 38,05 GR;19152,000;PZA;19152,000;PZA;0,13;2574,60;411,94;2986,54;Factura;Crédito 15 Días;20251125;USD;NA;;GV ClReg. Proy. PET;OFICINA PROYECTOS PET;00-0151907;1302007606;Preformas 29/25;;;G;728733,600;TO;0,729;Alimentos;PP-Preforma;PREFORMAS;0,00000;11;2025;0,13;2574,60;411,94;2986,54;CERVECERIA;70000193;Precio Base General;;0010001106;17;;N;03.12.2025 - 11:15:05;;;00130005;1300
CERVECERIA POLAR, C.A;Embotelladoras;Fact. Nac. Proy. PET;8000019818;Botellas;Venta Directa;20251110;Zona Metropolitana;3000;BOTELLAS  AMBAR  1,5L MALTIN POLAR 52Gr;17,81;PAL;23341,65;PZA;468,00;6687,91;1270,51;8246,15;Factura;Crédito 15 Días;20251125;USD;NA;;GV ClReg. Proy. PET;OFICINA PROYECTOS PET;00-0151912;1302007604;Farma S/Impresión;Ambar;120 ml.;G;1179360,000;TO;1,179;Alimentos;PP-Botella;BOTELLAS GASEOSAS;0,00000;11;2025;473,12;8761,12;1233,47;8473,48;;70000776;Precio Base General;;0010001106;17;;N;03.12.2025 - 11:15:05;;;00130005;1300
CERVECERIA POLAR, C.A;Embotelladoras;Fact. Nac. Proy. PET;8000019819;Servicios;Venta Directa;20251110;Zona Metropolitana;;FLETE POR VIAJE CORTINERO;1,000;SER;1,000;SER;318,00;318,00;0,00;318,00;Factura;Crédito 15 Días;20251125;USD;NA;;GV ClReg. Proy. PET;OFICINA PROYECTOS PET;00-0151913;1302007584;Servicios Administrat.;;;KG;0,000;TO;0,000;Alimentos;Fletes;FLETE PROD TERMINADO;0,00000;11;2025;318,00;318,00;0,00;318,00;;91000036;Precio Base General;;0010001106;17;;N;03.12.2025 - 11:15:05;;;00130005;1300
CERVECERIA POLAR, C.A;Embotelladoras;Fact. Nac. Proy. PET;8000019820;Botellas;Venta Directa;20251110;Zona Metropolitana;3000;BOTELLAS  AMBAR  1,5L MALTIN POLAR 52Gr;24,000;PAL;30240,000;PZA;413,22;9917,21;1586,75;11503,96;Factura;Crédito 15 Días;20251125;USD;NA;;GV ClReg. Proy. PET;OFICINA PROYECTOS PET;00-0151914;1302007604;Farma S/Impresión;Ambar;120 ml.;G;1572480,000;TO;1,572;Alimentos;PP-Botella;BOTELLAS GASEOSAS;0,00000;11;2025;413,22;9917,21;1586,75;11503,96;;70000776;Precio Base General;;0010001106;17;;N;03.12.2025 - 11:15:05;;;00130005;1300
CERVECERIA POLAR, C.A;Embotelladoras;Fact. Nac. Proy. PET;8000019821;Servicios;Venta Directa;20251110;Zona Metropolitana;;FLETE POR VIAJE CORTINERO;1,000;SER;1,000;SER;318,00;318,00;0,00;318,00;Factura;Crédito 15 Días;20251125;USD;NA;;GV ClReg. Proy. PET;OFICINA PROYECTOS PET;00-0151915;1302007584;Servicios Administrat.;;;KG;0,000;TO;0,000;Alimentos;Fletes;FLETE PROD TERMINADO;0,00000;11;2025;318,00;318,00;0,00;318,00;;91000036;Precio Base General;;0010001106;17;;N;03.12.2025 - 11:15:05;;;00130005;1300
CERVECERIA POLAR, C.A;Embotelladoras;Fact. Nac. Proy. PET;8000019822;Botellas;Venta Directa;20251110;Zona Metropolitana;3000;BOTELLAS  AMBAR  1,5L MALTIN POLAR 52Gr;18,000;PAL;22680,000;PZA;413,22;7437,91;1190,07;8627,98;Factura;Crédito 15 Días;20251125;USD;NA;;GV ClReg. Proy. PET;OFICINA PROYECTOS PET;00-0151916;1302007604;Farma S/Impresión;Ambar;120 ml.;G;1179360,000;TO;1,179;Alimentos;PP-Botella;BOTELLAS GASEOSAS;0,00000;11;2025;413,22;7437,91;1190,07;8627,98;;70000776;Precio Base General;;0010001106;17;;N;03.12.2025 - 11:15:05;;;00130005;1300
CERVECERIA POLAR, C.A;Embotelladoras;Fact. Nac. Proy. PET;8000019823;Servicios;Venta Directa;20251110;Zona Metropolitana;;FLETE POR VIAJE CORTINERO;1,000;SER;1,000;SER;318,00;318,00;0,00;318,00;Factura;Crédito 15 Días;20251125;USD;NA;;GV ClReg. Proy. PET;OFICINA PROYECTOS PET;00-0151917;1302007584;Servicios Administrat.;;;KG;0,000;TO;0,000;Alimentos;Fletes;FLETE PROD TERMINADO;0,00000;11;2025;318,00;318,00;0,00;318,00;;91000036;Precio Base General;;0010001106;17;;N;03.12.2025 - 11:15:05;;;00130005;1300
CERVECERIA POLAR, C.A;Embotelladoras;Fact. Nac. Proy. PET;8000019824;Botellas;Venta Directa;20251110;Zona Metropolitana;3000;BOTELLAS  AMBAR  1,5L MALTIN POLAR 52Gr;18,000;PAL;22680,000;PZA;413,22;7437,91;1190,07;8627,98;Factura;Crédito 15 Días;20251125;USD;NA;;GV ClReg. Proy. PET;OFICINA PROYECTOS PET;00-0151918;1302007604;Farma S/Impresión;Ambar;120 ml.;G;1179360,000;TO;1,179;Alimentos;PP-Botella;BOTELLAS GASEOSAS;0,00000;11;2025;413,22;7437,91;1190,07;8627,98;;70000776;Precio Base General;;0010001106;17;;N;03.12.2025 - 11:15:05;;;00130005;1300
CERVECERIA POLAR, C.A;Embotelladoras;Fact. Nac. Proy. PET;8000019825;Servicios;Venta Directa;20251110;Zona Metropolitana;;FLETE POR VIAJE CORTINERO;1,000;SER;1,000;SER;318,00;318,00;0,00;318,00;Factura;Crédito 15 Días;20251125;USD;NA;;GV ClReg. Proy. PET;OFICINA PROYECTOS PET;00-0151919;1302007584;Servicios Administrat.;;;KG;0,000;TO;0,000;Alimentos;Fletes;FLETE PROD TERMINADO;0,00000;11;2025;318,00;318,00;0,00;318,00;;91000036;Precio Base General;;0010001106;17;;N;03.12.2025 - 11:15:05;;;00130005;1300
CERVECERIA POLAR, C.A;Embotelladoras;Fact. Nac. Proy. PET;8000019830;Botellas;Venta Directa;20251111;Zona Metropolitana;3000;BOTELLAS  AMBAR  1,5L MALTIN POLAR 52Gr;24,000;PAL;30240,000;PZA;413,22;9917,21;1586,75;11503,96;Factura;Crédito 15 Días;20251126;USD;NA;;GV ClReg. Proy. PET;OFICINA PROYECTOS PET;00-0151924;1302007604;Farma S/Impresión;Ambar;120 ml.;G;1572480,000;TO;1,572;Alimentos;PP-Botella;BOTELLAS GASEOSAS;0,00000;11;2025;413,22;9917,21;1586,75;11503,96;;70000776;Precio Base General;;0010001106;17;;N;03.12.2025 - 11:15:05;;;00130005;1300
CERVECERIA POLAR, C.A;Embotelladoras;Fact. Nac. Proy. PET;8000019831;Servicios;Venta Directa;20251111;Zona Metropolitana;;FLETE POR VIAJE CORTINERO;1,000;SER;1,000;SER;318,00;318,00;0,00;318,00;Factura;Crédito 15 Días;20251126;USD;NA;;GV ClReg. Proy. PET;OFICINA PROYECTOS PET;00-0151925;1302007584;Servicios Administrat.;;;KG;0,000;TO;0,000;Alimentos;Fletes;FLETE PROD TERMINADO;0,00000;11;2025;318,00;318,00;0,00;318,00;;91000036;Precio Base General;;0010001106;17;;N;03.12.2025 - 11:15:05;;;00130005;1300
CERVECERIA POLAR, C.A;Embotelladoras;Fact. Nac. Proy. PET;8000019832;Botellas;Venta Directa;20251111;Zona Metropolitana;3000;BOTELLAS  AMBAR  1,5L MALTIN POLAR 52Gr;24,000;PAL;30240,000;PZA;413,22;9917,21;1586,75;11503,96;Factura;Crédito 15 Días;20251126;USD;NA;;GV ClReg. Proy. PET;OFICINA PROYECTOS PET;00-0151926;1302007604;Farma S/Impresión;Ambar;120 ml.;G;1572480,000;TO;1,572;Alimentos;PP-Botella;BOTELLAS GASEOSAS;0,00000;11;2025;413,22;9917,21;1586,75;11503,96;;70000776;Precio Base General;;0010001106;17;;N;03.12.2025 - 11:15:05;;;00130005;1300
CERVECERIA POLAR, C.A;Embotelladoras;Fact. Nac. Proy. PET;8000019833;Servicios;Venta Directa;20251111;Zona Metropolitana;;FLETE POR VIAJE CORTINERO;0,95;SER;0,96;SER;262,24;339,92;0,00;288,65;Factura;Crédito 15 Días;20251126;USD;NA;;GV ClReg. Proy. PET;OFICINA PROYECTOS PET;00-0151927;1302007584;Servicios Administrat.;;;KG;0,000;TO;0,000;Alimentos;Fletes;FLETE PROD TERMINADO;0,00000;11;2025;379,70;288,18;0,00;366,81;;91000036;Precio Base General;;0010001106;17;;N;03.12.2025 - 11:15:05;;;00130005;1300
CERVECERIA POLAR, C.A;Embotelladoras;Fact. Nac. Proy. PET;8000019834;Botellas;Venta Directa;20251111;Zona Metropolitana;3000;BOTELLAS  AMBAR  1,5L MALTIN POLAR 52Gr;18,000;PAL;22680,000;PZA;413,22;7437,91;1190,07;8627,98;Factura;Crédito 15 Días;20251126;USD;NA;;GV ClReg. Proy. PET;OFICINA PROYECTOS PET;00-0151928;1302007604;Farma S/Impresión;Ambar;120 ml.;G;1179360,000;TO;1,179;Alimentos;PP-Botella;BOTELLAS GASEOSAS;0,00000;11;2025;413,22;7437,91;1190,07;8627,98;;70000776;Precio Base General;;0010001106;17;;N;03.12.2025 - 11:15:05;;;00130005;1300
CERVECERIA POLAR, C.A;Embotelladoras;Fact. Nac. Proy. PET;8000019835;Servicios;Venta Directa;20251111;Zona Metropolitana;;FLETE POR VIAJE CORTINERO;1,000;SER;1,000;SER;318,00;318,00;0,00;318,00;Factura;Crédito 15 Días;20251126;USD;NA;;GV ClReg. Proy. PET;OFICINA PROYECTOS PET;00-0151929;1302007584;Servicios Administrat.;;;KG;0,000;TO;0,000;Alimentos;Fletes;FLETE PROD TERMINADO;0,00000;11;2025;318,00;318,00;0,00;318,00;;91000036;Precio Base General;;0010001106;17;;N;03.12.2025 - 11:15:05;;;00130005;1300
CERVECERIA POLAR, C.A;Embotelladoras;Fact. Nac. Proy. PET;8000019836;Botellas;Venta Directa;20251111;Zona Metropolitana;3000;BOTELLAS  AMBAR  1,5L MALTIN POLAR 52Gr;18,000;PAL;22680,000;PZA;413,22;7437,91;1190,07;8627,98;Factura;Crédito 15 Días;20251126;USD;NA;;GV ClReg. Proy. PET;OFICINA PROYECTOS PET;00-0151930;1302007604;Farma S/Impresión;Ambar;120 ml.;G;1179360,000;TO;1,179;Alimentos;PP-Botella;BOTELLAS GASEOSAS;0,00000;11;2025;413,22;7437,91;1190,07;8627,98;;70000776;Precio Base General;;0010001106;17;;N;03.12.2025 - 11:15:05;;;00130005;1300
CERVECERIA POLAR, C.A;Embotelladoras;Fact. Nac. Proy. PET;8000019837;Servicios;Venta Directa;20251111;Zona Metropolitana;;FLETE POR VIAJE CORTINERO;1,06;SER;1,07;SER;294,99;323,92;0,00;301,10;Factura;Crédito 15 Días;20251126;USD;NA;;GV ClReg. Proy. PET;OFICINA PROYECTOS PET;00-0151931;1302007584;Servicios Administrat.;;;KG;0,000;TO;0,000;Alimentos;Fletes;FLETE PROD TERMINADO;0,00000;11;2025;320,03;353,69;0,00;363,75;;91000036;Precio Base General;;0010001106;17;;N;03.12.2025 - 11:15:05;;;00130005;1300
CERVECERIA POLAR, C.A;Embotelladoras;Fact. Nac. Proy. PET;8000019838;Botellas;Venta Directa;20251111;Zona Metropolitana;3000;BOTELLAS  AMBAR  1,5L MALTIN POLAR 52Gr;18,000;PAL;22680,000;PZA;413,22;7437,91;1190,07;8627,98;Factura;Crédito 15 Días;20251126;USD;NA;;GV ClReg. Proy. PET;OFICINA PROYECTOS PET;00-0151932;1302007604;Farma S/Impresión;Ambar;120 ml.;G;1179360,000;TO;1,179;Alimentos;PP-Botella;BOTELLAS GASEOSAS;0,00000;11;2025;413,22;7437,91;1190,07;8627,98;;70000776;Precio Base General;;0010001106;17;;N;03.12.2025 - 11:15:05;;;00130005;1300
CERVECERIA POLAR, C.A;Embotelladoras;Fact. Nac. Proy. PET;8000019839;Servicios;Venta Directa;20251111;Zona Metropolitana;;FLETE POR VIAJE CORTINERO;1,000;SER;1,000;SER;318,00;318,00;0,00;318,00;Factura;Crédito 15 Días;20251126;USD;NA;;GV ClReg. Proy. PET;OFICINA PROYECTOS PET;00-0151933;1302007584;Servicios Administrat.;;;KG;0,000;TO;0,000;Alimentos;Fletes;FLETE PROD TERMINADO;0,00000;11;2025;318,00;318,00;0,00;318,00;;91000036;Precio Base General;;0010001106;17;;N;03.12.2025 - 11:15:05;;;00130005;1300
CERVECERIA POLAR, C.A;Embotelladoras;Fact. Nac. Proy. PET;8000019840;Botellas;Venta Directa;20251111;Zona Metropolitana;3000;BOTELLAS  AMBAR  1,5L MALTIN POLAR 52Gr;20,000;PAL;25200,000;PZA;413,22;8264,34;1322,29;9586,63;Factura;Crédito 15 Días;20251126;USD;NA;;GV ClReg. Proy. PET;OFICINA PROYECTOS PET;00-0151934;1302007604;Farma S/Impresión;Ambar;120 ml.;G;1310400,000;TO;1,310;Alimentos;PP-Botella;BOTELLAS GASEOSAS;0,00000;11;2025;413,22;8264,34;1322,29;9586,63;;70000776;Precio Base General;;0010001106;17;;N;03.12.2025 - 11:15:05;;;00130005;1300
CERVECERIA POLAR, C.A;Embotelladoras;Fact. Nac. Proy. PET;8000019841;Servicios;Venta Directa;20251111;Zona Metropolitana;;FLETE POR VIAJE CORTINERO;1,000;SER;1,000;SER;318,00;318,00;0,00;318,00;Factura;Crédito 15 Días;20251126;USD;NA;;GV ClReg. Proy. PET;OFICINA PROYECTOS PET;00-0151935;1302007584;Servicios Administrat.;;;KG;0,000;TO;0,000;Alimentos;Fletes;FLETE PROD TERMINADO;0,00000;11;2025;318,00;318,00;0,00;318,00;;91000036;Precio Base General;;0010001106;17;;N;03.12.2025 - 11:15:05;;;00130005;1300
CERVECERIA POLAR, C.A;Embotelladoras;Fact. Nac. Proy. PET;8000019842;Botellas;Venta Directa;20251111;Zona Metropolitana;3000;BOTELLAS  AMBAR  1,5L MALTIN POLAR 52Gr;24,000;PAL;30240,000;PZA;413,22;9917,21;1586,75;11503,96;Factura;Crédito 15 Días;20251126;USD;NA;;GV ClReg. Proy. PET;OFICINA PROYECTOS PET;00-0151936;1302007604;Farma S/Impresión;Ambar;120 ml.;G;1572480,000;TO;1,572;Alimentos;PP-Botella;BOTELLAS GASEOSAS;0,00000;11;2025;413,22;9917,21;1586,75;11503,96;;70000776;Precio Base General;;0010001106;17;;N;03.12.2025 - 11:15:05;;;00130005;1300
CERVECERIA POLAR, C.A;Embotelladoras;Fact. Nac. Proy. PET;8000019843;Servicios;Venta Directa;20251111;Zona Metropolitana;;FLETE POR VIAJE CORTINERO;1,000;SER;1,000;SER;318,00;318,00;0,00;318,00;Factura;Crédito 15 Días;20251126;USD;NA;;GV ClReg. Proy. PET;OFICINA PROYECTOS PET;00-0151937;1302007584;Servicios Administrat.;;;KG;0,000;TO;0,000;Alimentos;Fletes;FLETE PROD TERMINADO;0,00000;11;2025;318,00;318,00;0,00;318,00;;91000036;Precio Base General;;0010001106;17;;N;03.12.2025 - 11:15:05;;;00130005;1300
CERVECERIA POLAR, C.A;Embotelladoras;Fact. Nac. Proy. PET;8000019845;Servicios;Venta Directa;20251111;Zona Metropolitana;;FLETE POR VIAJE CORTINERO;1,09;SER;0,99;SER;257,56;379,86;0,00;303,67;Factura;Crédito 15 Días;20251126;USD;NA;;GV ClReg. Proy. PET;OFICINA PROYECTOS PET;00-0151939;1302007584;Servicios Administrat.;;;KG;0,000;TO;0,000;Alimentos;Fletes;FLETE PROD TERMINADO;0,00000;11;2025;340,41;289,37;0,00;345,91;;91000036;Precio Base General;;0010001106;17;;N;03.12.2025 - 11:15:05;;;00130005;1300
CERVECERIA POLAR, C.A;Embotelladoras;Fact. Nac. Proy. PET;8000019846;Botellas;Venta Directa;20251111;Zona Metropolitana;3000;BOTELLAS  AMBAR  1,5L MALTIN POLAR 52Gr;18,000;PAL;22680,000;PZA;413,22;7437,91;1190,07;8627,98;Factura;Crédito 15 Días;20251126;USD;NA;;GV ClReg. Proy. PET;OFICINA PROYECTOS PET;00-0151940;1302007604;Farma S/Impresión;Ambar;120 ml.;G;1179360,000;TO;1,179;Alimentos;PP-Botella;BOTELLAS GASEOSAS;0,00000;11;2025;413,22;7437,91;1190,07;8627,98;;70000776;Precio Base General;;0010001106;17;;N;03.12.2025 - 11:15:05;;;00130005;1300
CERVECERIA POLAR, C.A;Embotelladoras;Fact. Nac. Proy. PET;8000019847;Servicios;Venta Directa;20251111;Zona Metropolitana;;FLETE POR VIAJE CORTINERO;0,93;SER;1,06;SER;358,78;281,40;0,00;339,05;Factura;Crédito 15 Días;20251126;USD;NA;;GV ClReg. Proy. PET;OFICINA PROYECTOS PET;00-0151941;1302007584;Servicios Administrat.;;;KG;0,000;TO;0,000;Alimentos;Fletes;FLETE PROD TERMINADO;0,00000;11;2025;348,68;351,44;0,00;359,25;;91000036;Precio Base General;;0010001106;17;;N;03.12.2025 - 11:15:05;;;00130005;1300
CERVECERIA POLAR, C.A;Embotelladoras;Fact. Nac. Proy. PET;8000019856;Botellas;Venta Directa;20251112;Zona Metropolitana;3000;BOTELLAS  AMBAR  1,5L MALTIN POLAR 52Gr;12,000;PAL;15120,000;PZA;433,74;5204,91;832,79;6037,70;Factura;Crédito 15 Días;20251127;USD;NA;;GV ClReg. Proy. PET;OFICINA PROYECTOS PET;00-0151955;1302007590;Farma S/Impresión;Ambar;120 ml.;G;786240,000;TO;0,786;Alimentos;PP-Botella;BOTELLAS GASEOSAS;0,00000;11;2025;433,74;5204,91;832,79;6037,70;;70000776;Precio Base General;;0010001106;17;;N;03.12.2025 - 11:15:05;;;00130005;1300
CERVECERIA POLAR, C.A;Embotelladoras;Fact. Nac. Proy. PET;8000019866;Botellas;Venta Directa;20251112;Zona Metropolitana;3000;BOTELLAS  AMBAR  1,5L MALTIN POLAR 52Gr;24,000;PAL;30240,000;PZA;413,22;9917,21;1586,75;11503,96;Factura;Crédito 15 Días;20251127;USD;NA;;GV ClReg. Proy. PET;OFICINA PROYECTOS PET;00-0151966;1302007604;Farma S/Impresión;Ambar;120 ml.;G;1572480,000;TO;1,572;Alimentos;PP-Botella;BOTELLAS GASEOSAS;0,00000;11;2025;413,22;9917,21;1586,75;11503,96;;70000776;Precio Base General;;0010001106;17;;N;03.12.2025 - 11:15:05;;;00130005;1300
CERVECERIA POLAR, C.A;Embotelladoras;Fact. Nac. Proy. PET;8000019867;Servicios;Venta Directa;20251112;Zona Metropolitana;;FLETE POR VIAJE CORTINERO;1,000;SER;1,000;SER;318,00;318,00;0,00;318,00;Factura;Crédito 15 Días;20251127;USD;NA;;GV ClReg. Proy. PET;OFICINA PROYECTOS PET;00-0151967;1302007584;Servicios Administrat.;;;KG;0,000;TO;0,000;Alimentos;Fletes;FLETE PROD TERMINADO;0,00000;11;2025;318,00;318,00;0,00;318,00;;91000036;Precio Base General;;0010001106;17;;N;03.12.2025 - 11:15:05;;;00130005;1300
CERVECERIA POLAR, C.A;Embotelladoras;Fact. Nac. Proy. PET;8000019869;Botellas;Venta Directa;20251113;Zona Metropolitana;3000;BOTELLAS  AMBAR  1,5L MALTIN POLAR 52Gr;18,000;PAL;22680,000;PZA;422,78;7610,05;1217,61;8827,66;Factura;Crédito 15 Días;20251128;USD;NA;;GV ClReg. Proy. PET;OFICINA PROYECTOS PET;00-0151969;1302007615;Farma S/Impresión;Ambar;120 ml.;G;1179360,000;TO;1,179;Alimentos;PP-Botella;BOTELLAS GASEOSAS;0,00000;11;2025;422,78;7610,05;1217,61;8827,66;;70000776;Precio Base General;;0010001106;17;;N;03.12.2025 - 11:15:05;;;00130005;1300
CERVECERIA POLAR, C.A;Embotelladoras;Fact. Nac. Proy. PET;8000019870;Servicios;Venta Directa;20251113;Zona Metropolitana;;FLETE POR VIAJE CORTINERO;1,09;SER;0,91;SER;367,79;363,54;0,00;336,71;Factura;Crédito 15 Días;20251128;USD;NA;;GV ClReg. Proy. PET;OFICINA PROYECTOS PET;00-0151970;1302007584;Servicios Administrat.;;;KG;0,000;TO;0,000;Alimentos;Fletes;FLETE PROD TERMINADO;0,00000;11;2025;345,29;360,01;0,00;361,24;;91000036;Precio Base General;;0010001106;17;;N;03.12.2025 - 11:15:05;;;00130005;1300
CERVECERIA POLAR, C.A;Embotelladoras;Fact. Nac. Proy. PET;8000019871;Botellas;Venta Directa;20251113;Zona Metropolitana;3000;BOTELLAS  AMBAR  1,5L MALTIN POLAR 52Gr;20,000;PAL;25200,000;PZA;422,78;8455,61;1352,90;9808,51;Factura;Crédito 15 Días;20251128;USD;NA;;GV ClReg. Proy. PET;OFICINA PROYECTOS PET;00-0151971;1302007615;Farma S/Impresión;Ambar;120 ml.;G;1310400,000;TO;1,310;Alimentos;PP-Botella;BOTELLAS GASEOSAS;0,00000;11;2025;422,78;8455,61;1352,90;9808,51;;70000776;Precio Base General;;0010001106;17;;N;03.12.2025 - 11:15:05;;;00130005;1300
CERVECERIA POLAR, C.A;Embotelladoras;Fact. Nac. Proy. PET;8000019872;Servicios;Venta Directa;20251113;Zona Metropolitana;;FLETE POR VIAJE CORTINERO;1,000;SER;1,000;SER;318,00;318,00;0,00;318,00;Factura;Crédito 15 Días;20251128;USD;NA;;GV ClReg. Proy. PET;OFICINA PROYECTOS PET;00-0151972;1302007584;Servicios Administrat.;;;KG;0,000;TO;0,000;Alimentos;Fletes;FLETE PROD TERMINADO;0,00000;11;2025;318,00;318,00;0,00;318,00;;91000036;Precio Base General;;0010001106;17;;N;03.12.2025 - 11:15:05;;;00130005;1300
CERVECERIA POLAR, C.A;Embotelladoras;Fact. Nac. Proy. PET;8000019873;Botellas;Venta Directa;20251113;Zona Metropolitana;3000;BOTELLAS  AMBAR  1,5L MALTIN POLAR 52Gr;23,72;PAL;29878,63;PZA;465,42;8807,05;1810,38;9671,92;Factura;Crédito 15 Días;20251128;USD;NA;;GV ClReg. Proy. PET;OFICINA PROYECTOS PET;00-0151973;1302007615;Farma S/Impresión;Ambar;120 ml.;G;1572480,000;TO;1,572;Alimentos;PP-Botella;BOTELLAS GASEOSAS;0,00000;11;2025;403,97;10766,89;1613,88;10742,97;;70000776;Precio Base General;;0010001106;17;;N;03.12.2025 - 11:15:05;;;00130005;1300
CERVECERIA POLAR, C.A;Embotelladoras;Fact. Nac. Proy. PET;8000019874;Servicios;Venta Directa;20251113;Zona Metropolitana;;FLETE POR VIAJE CORTINERO;1,000;SER;1,000;SER;318,00;318,00;0,00;318,00;Factura;Crédito 15 Días;20251128;USD;NA;;GV ClReg. Proy. PET;OFICINA PROYECTOS PET;00-0151974;1302007584;Servicios Administrat.;;;KG;0,000;TO;0,000;Alimentos;Fletes;FLETE PROD TERMINADO;0,00000;11;2025;318,00;318,00;0,00;318,00;;91000036;Precio Base General;;0010001106;17;;N;03.12.2025 - 11:15:05;;;00130005;1300
CERVECERIA POLAR, C.A;Embotelladoras;Fact. Nac. Proy. PET;8000019875;Botellas;Venta Directa;20251113;Zona Metropolitana;3000;BOTELLAS  AMBAR  1,5L MALTIN POLAR 52Gr;24,000;PAL;30240,000;PZA;422,78;10146,73;1623,48;11770,21;Factura;Crédito 15 Días;20251128;USD;NA;;GV ClReg. Proy. PET;OFICINA PROYECTOS PET;00-0151975;1302007615;Farma S/Impresión;Ambar;120 ml.;G;1572480,000;TO;1,572;Alimentos;PP-Botella;BOTELLAS GASEOSAS;0,00000;11;2025;422,78;10146,73;1623,48;11770,21;;70000776;Precio Base General;;0010001106;17;;N;03.12.2025 - 11:15:05;;;00130005;1300
CERVECERIA POLAR, C.A;Embotelladoras;Fact. Nac. Proy. PET;8000019876;Servicios;Venta Directa;20251113;Zona Metropolitana;;FLETE POR VIAJE CORTINERO;1,000;SER;1,000;SER;318,00;318,00;0,00;318,00;Factura;Crédito 15 Días;20251128;USD;NA;;GV ClReg. Proy. PET;OFICINA PROYECTOS PET;00-0151976;1302007584;Servicios Administrat.;;;KG;0,000;TO;0,000;Alimentos;Fletes;FLETE PROD TERMINADO;0,00000;11;2025;318,00;318,00;0,00;318,00;;91000036;Precio Base General;;0010001106;17;;N;03.12.2025 - 11:15:05;;;00130005;1300
CERVECERIA POLAR, C.A;Embotelladoras;Fact. Nac. Proy. PET;8000019888;Botellas;Venta Directa;20251116;Zona Metropolitana;3000;BOTELLAS  AMBAR  1,5L MALTIN POLAR 52Gr;18,000;PAL;22680,000;PZA;422,78;7610,05;1217,61;8827,66;Factura;Crédito 15 Días;20251201;USD;NA;;GV ClReg. Proy. PET;OFICINA PROYECTOS PET;00-0151989;1302007615;Farma S/Impresión;Ambar;120 ml.;G;1179360,000;TO;1,179;Alimentos;PP-Botella;BOTELLAS GASEOSAS;0,00000;11;2025;422,78;7610,05;1217,61;8827,66;;70000776;Precio Base General;;0010001106;17;;N;03.12.2025 - 11:15:05;;;00130005;1300
CERVECERIA POLAR, C.A;Embotelladoras;Fact. Nac. Proy. PET;8000019889;Servicios;Venta Directa;20251116;Zona Metropolitana;;FLETE POR VIAJE CORTINERO;1,000;SER;1,000;SER;318,00;318,00;0,00;318,00;Factura;Crédito 15 Días;20251201;USD;NA;;GV ClReg. Proy. PET;OFICINA PROYECTOS PET;00-0151990;1302007584;Servicios Administrat.;;;KG;0,000;TO;0,000;Alimentos;Fletes;FLETE PROD TERMINADO;0,00000;11;2025;318,00;318,00;0,00;318,00;;91000036;Precio Base General;;0010001106;17;;N;03.12.2025 - 11:15:05;;;00130005;1300
CERVECERIA POLAR, C.A;Embotelladoras;Fact. Nac. Proy. PET;8000019890;Botellas;Venta Directa;20251116;Zona Metropolitana;3000;BOTELLAS  AMBAR  1,5L MALTIN POLAR 52Gr;22,000;PAL;27720,000;PZA;422,78;9301,17;1488,19;10789,36;Factura;Crédito 15 Días;20251201;USD;NA;;GV ClReg. Proy. PET;OFICINA PROYECTOS PET;00-0151991;1302007615;Farma S/Impresión;Ambar;120 ml.;G;1441440,000;TO;1,441;Alimentos;PP-Botella;BOTELLAS GASEOSAS;0,00000;11;2025;422,78;9301,17;1488,19;10789,36;;70000776;Precio Base General;;0010001106;17;;N;03.12.2025 - 11:15:05;;;00130005;1300
CERVECERIA POLAR, C.A;Embotelladoras;Fact. Nac. Proy. PET;8000019891;Servicios;Venta Directa;20251116;Zona Metropolitana;;FLETE POR VIAJE CORTINERO;1,000;SER;1,000;SER;318,00;318,00;0,00;318,00;Factura;Crédito 15 Días;20251201;USD;NA;;GV ClReg. Proy. PET;OFICINA PROYECTOS PET;00-0151992;1302007584;Servicios Administrat.;;;KG;0,000;TO;0,000;Alimentos;Fletes;FLETE PROD TERMINADO;0,00000;11;2025;318,00;318,00;0,00;318,00;;91000036;Precio Base General;;0010001106;17;;N;03.12.2025 - 11:15:05;;;00130005;1300
CERVECERIA POLAR, C.A;Embotelladoras;Fact. Nac. Proy. PET;8000019904;Botellas;Venta Directa;20251118;Zona Metropolitana;3000;BOTELLAS  AMBAR  1,5L MALTIN POLAR 52Gr;17,79;PAL;23982,05;PZA;453,85;9085,16;1275,60;7811,21;Factura;Crédito 15 Días;20251203;USD;NA;;GV ClReg. Proy. PET;OFICINA PROYECTOS PET;00-0152006;1302007621;Farma S/Impresión;Ambar;120 ml.;G;1179360,000;TO;1,179;Alimentos;PP-Botella;BOTELLAS GASEOSAS;0,00000;11;2025;458,81;8319,65;1504,49;9502,92;;70000776;Precio Base General;;0010001106;17;;N;03.12.2025 - 11:15:05;;;00130005;1300
CERVECERIA POLAR, C.A;Embotelladoras;Fact. Nac. Proy. PET;8000019913;Botellas;Venta Directa;20251119;Zona Metropolitana;3000;BOTELLAS  AMBAR  1,5L MALTIN POLAR 52Gr;14,000;PAL;17640,000;PZA;461,31;6458,36;1033,34;7491,70;Factura;Crédito 15 Días;20251204;USD;NA;;GV ClReg. Proy. PET;OFICINA PROYECTOS PET;00-0152016;1302007621;Farma S/Impresión;Ambar;120 ml.;G;917280,000;TO;0,917;Alimentos;PP-Botella;BOTELLAS GASEOSAS;0,00000;11;2025;461,31;6458,36;1033,34;7491,70;;70000776;Precio Base General;;0010001106;17;;N;03.12.2025 - 11:15:05;;;00130005;1300
CERVECERIA POLAR, C.A;Embotelladoras;Fact. Nac. Proy. PET;8000019914;Botellas;Venta Directa;20251119;Zona Metropolitana;3000;BOTELLAS  AMBAR  1,5L MALTIN POLAR 52Gr;18,000;PAL;22680,000;PZA;424,56;7642,03;1222,72;8864,75;Factura;Crédito 15 Días;20251204;USD;NA;;GV ClReg. Proy. PET;OFICINA PROYECTOS PET;00-0152017;1302007624;Farma S/Impresión;Ambar;120 ml.;G;1179360,000;TO;1,179;Alimentos;PP-Botella;BOTELLAS GASEOSAS;0,00000;11;2025;424,56;7642,03;1222,72;8864,75;;70000776;Precio Base General;;0010001106;17;;N;03.12.2025 - 11:15:05;;;00130005;1300
CERVECERIA POLAR, C.A;Embotelladoras;Fact. Nac. Proy. PET;8000019915;Servicios;Venta Directa;20251119;Zona Metropolitana;;FLETE POR VIAJE CORTINERO;1,000;SER;1,000;SER;318,00;318,00;0,00;318,00;Factura;Crédito 15 Días;20251204;USD;NA;;GV ClReg. Proy. PET;OFICINA PROYECTOS PET;00-0152018;1302007584;Servicios Administrat.;;;KG;0,000;TO;0,000;Alimentos;Fletes;FLETE PROD TERMINADO;0,00000;11;2025;318,00;318,00;0,00;318,00;;91000036;Precio Base General;;0010001106;17;;N;03.12.2025 - 11:15:05;;;00130005;1300
CERVECERIA POLAR, C.A;Embotelladoras;Fact. Nac. Proy. PET;8000019917;Botellas;Venta Directa;20251120;Zona Metropolitana;3000;BOTELLAS  AMBAR  1,5L MALTIN POLAR 52Gr;18,000;PAL;22680,000;PZA;424,56;7642,03;1222,72;8864,75;Factura;Crédito 15 Días;20251205;USD;NA;;GV ClReg. Proy. PET;OFICINA PROYECTOS PET;00-0152020;1302007624;Farma S/Impresión;Ambar;120 ml.;G;1179360,000;TO;1,179;Alimentos;PP-Botella;BOTELLAS GASEOSAS;0,00000;11;2025;424,56;7642,03;1222,72;8864,75;;70000776;Precio Base General;;0010001106;17;;N;03.12.2025 - 11:15:05;;;00130005;1300
CERVECERIA POLAR, C.A;Embotelladoras;Fact. Nac. Proy. PET;8000019918;Servicios;Venta Directa;20251120;Zona Metropolitana;;FLETE POR VIAJE CORTINERO;1,000;SER;1,000;SER;318,00;318,00;0,00;318,00;Factura;Crédito 15 Días;20251205;USD;NA;;GV ClReg. Proy. PET;OFICINA PROYECTOS PET;00-0152021;1302007584;Servicios Administrat.;;;KG;0,000;TO;0,000;Alimentos;Fletes;FLETE PROD TERMINADO;0,00000;11;2025;318,00;318,00;0,00;318,00;;91000036;Precio Base General;;0010001106;17;;N;03.12.2025 - 11:15:05;;;00130005;1300
CERVECERIA POLAR, C.A;Embotelladoras;Fact. Nac. Proy. PET;8000019929;Botellas;Venta Directa;20251123;Zona Metropolitana;3000;BOTELLAS  AMBAR  1,5L MALTIN POLAR 52Gr;20,000;PAL;25200,000;PZA;424,56;8491,14;1358,58;9849,72;Factura;Crédito 15 Días;20251208;USD;NA;;GV ClReg. Proy. PET;OFICINA PROYECTOS PET;00-0152032;1302007624;Farma S/Impresión;Ambar;120 ml.;G;1310400,000;TO;1,310;Alimentos;PP-Botella;BOTELLAS GASEOSAS;0,00000;11;2025;424,56;8491,14;1358,58;9849,72;;70000776;Precio Base General;;0010001106;17;;N;03.12.2025 - 11:15:05;;;00130005;1300
CERVECERIA POLAR, C.A;Embotelladoras;Fact. Nac. Proy. PET;8000019930;Servicios;Venta Directa;20251123;Zona Metropolitana;;FLETE POR VIAJE CORTINERO;1,000;SER;1,000;SER;318,00;318,00;0,00;318,00;Factura;Crédito 15 Días;20251208;USD;NA;;GV ClReg. Proy. PET;OFICINA PROYECTOS PET;00-0152033;1302007584;Servicios Administrat.;;;KG;0,000;TO;0,000;Alimentos;Fletes;FLETE PROD TERMINADO;0,00000;11;2025;318,00;318,00;0,00;318,00;;91000036;Precio Base General;;0010001106;17;;N;03.12.2025 - 11:15:05;;;00130005;1300
CERVECERIA POLAR, C.A;Embotelladoras;Fact. Nac. Proy. PET;8000019931;Botellas;Venta Directa;20251123;Zona Metropolitana;3000;BOTELLAS  AMBAR  1,5L MALTIN POLAR 52Gr;17,60;PAL;22356,23;PZA;496,01;6674,60;1215,05;9402,56;Factura;Crédito 15 Días;20251208;USD;NA;;GV ClReg. Proy. PET;OFICINA PROYECTOS PET;00-0152034;1302007624;Farma S/Impresión;Ambar;120 ml.;G;1179360,000;TO;1,179;Alimentos;PP-Botella;BOTELLAS GASEOSAS;0,00000;11;2025;489,59;6676,48;997,91;8082,36;;70000776;Precio Base General;;0010001106;17;;N;03.12.2025 - 11:15:05;;;00130005;1300
CERVECERIA POLAR, C.A;Embotelladoras;Fact. Nac. Proy. PET;8000019932;Servicios;Venta Directa;20251123;Zona Metropolitana;;FLETE POR VIAJE CORTINERO;1,000;SER;1,000;SER;318,00;318,00;0,00;318,00;Factura;Crédito 15 Días;20251208;USD;NA;;GV ClReg. Proy. PET;OFICINA PROYECTOS PET;00-0152035;1302007584;Servicios Administrat.;;;KG;0,000;TO;0,000;Alimentos;Fletes;FLETE PROD TERMINADO;0,00000;11;2025;318,00;318,00;0,00;318,00;;91000036;Precio Base General;;0010001106;17;;N;03.12.2025 - 11:15:05;;;00130005;1300
CERVECERIA POLAR, C.A;Embotelladoras;Fact. Nac. Proy. PET;8000019933;Botellas;Venta Directa;20251123;Zona Metropolitana;3000;BOTELLAS  AMBAR  1,5L MALTIN POLAR 52Gr;24,000;PAL;30240,000;PZA;424,56;10189,37;1630,30;11819,67;Factura;Crédito 15 Días;20251208;USD;NA;;GV ClReg. Proy. PET;OFICINA PROYECTOS PET;00-0152036;1302007624;Farma S/Impresión;Ambar;120 ml.;G;1572480,000;TO;1,572;Alimentos;PP-Botella;BOTELLAS GASEOSAS;0,00000;11;2025;424,56;10189,37;1630,30;11819,67;;70000776;Precio Base General;;0010001106;17;;N;03.12.2025 - 11:15:05;;;00130005;1300
CERVECERIA POLAR, C.A;Embotelladoras;Fact. Nac. Proy. PET;8000019934;Servicios;Venta Directa;20251123;Zona Metropolitana;;FLETE POR VIAJE CORTINERO;1,000;SER;1,000;SER;318,00;318,00;0,00;318,00;Factura;Crédito 15 Días;20251208;USD;NA;;GV ClReg. Proy. PET;OFICINA PROYECTOS PET;00-0152037;1302007584;Servicios Administrat.;;;KG;0,000;TO;0,000;Alimentos;Fletes;FLETE PROD TERMINADO;0,00000;11;2025;318,00;318,00;0,00;318,00;;91000036;Precio Base General;;0010001106;17;;N;03.12.2025 - 11:15:05;;;00130005;1300
CERVECERIA POLAR, C.A;Embotelladoras;Fact. Nac. Proy. PET;8000019935;Botellas;Venta Directa;20251123;Zona Metropolitana;3000;BOTELLAS  AMBAR  1,5L MALTIN POLAR 52Gr;22,000;PAL;27720,000;PZA;424,56;9340,25;1494,44;10834,69;Factura;Crédito 15 Días;20251208;USD;NA;;GV ClReg. Proy. PET;OFICINA PROYECTOS PET;00-0152038;1302007624;Farma S/Impresión;Ambar;120 ml.;G;1441440,000;TO;1,441;Alimentos;PP-Botella;BOTELLAS GASEOSAS;0,00000;11;2025;424,56;9340,25;1494,44;10834,69;;70000776;Precio Base General;;0010001106;17;;N;03.12.2025 - 11:15:05;;;00130005;1300
CERVECERIA POLAR, C.A;Embotelladoras;Fact. Nac. Proy. PET;8000019936;Servicios;Venta Directa;20251123;Zona Metropolitana;;FLETE POR VIAJE CORTINERO;1,000;SER;1,000;SER;318,00;318,00;0,00;318,00;Factura;Crédito 15 Días;20251208;USD;NA;;GV ClReg. Proy. PET;OFICINA PROYECTOS PET;00-0152039;1302007584;Servicios Administrat.;;;KG;0,000;TO;0,000;Alimentos;Fletes;FLETE PROD TERMINADO;0,00000;11;2025;318,00;318,00;0,00;318,00;;91000036;Precio Base General;;0010001106;17;;N;03.12.2025 - 11:15:05;;;00130005;1300
CERVECERIA POLAR, C.A;Embotelladoras;Fact. Nac. Proy. PET;8000019937;Botellas;Venta Directa;20251123;Zona Metropolitana;3000;BOTELLAS  AMBAR  1,5L MALTIN POLAR 52Gr;18,000;PAL;22680,000;PZA;424,56;7642,03;1222,72;8864,75;Factura;Crédito 15 Días;20251208;USD;NA;;GV ClReg. Proy. PET;OFICINA PROYECTOS PET;00-0152040;1302007624;Farma S/Impresión;Ambar;120 ml.;G;1179360,000;TO;1,179;Alimentos;PP-Botella;BOTELLAS GASEOSAS;0,00000;11;2025;424,56;7642,03;1222,72;8864,75;;70000776;Precio Base General;;0010001106;17;;N;03.12.2025 - 11:15:05;;;00130005;1300
CERVECERIA POLAR, C.A;Embotelladoras;Fact. Nac. Proy. PET;8000019938;Servicios;Venta Directa;20251123;Zona Metropolitana;;FLETE POR VIAJE CORTINERO;1,000;SER;1,000;SER;318,00;318,00;0,00;318,00;Factura;Crédito 15 Días;20251208;USD;NA;;GV ClReg. Proy. PET;OFICINA PROYECTOS PET;00-0152041;1302007584;Servicios Administrat.;;;KG;0,000;TO;0,000;Alimentos;Fletes;FLETE PROD TERMINADO;0,00000;11;2025;318,00;318,00;0,00;318,00;;91000036;Precio Base General;;0010001106;17;;N;03.12.2025 - 11:15:05;;;00130005;1300
CERVECERIA POLAR, C.A;Embotelladoras;Fact. Nac. Proy. PET;8000019942;Botellas;Venta Directa;20251124;Zona Metropolitana;3000;BOTELLAS  AMBAR  1,5L MALTIN POLAR 52Gr;18,000;PAL;22680,000;PZA;424,71;7644,75;1223,16;8867,91;Factura;Crédito 15 Días;20251209;USD;NA;;GV ClReg. Proy. PET;OFICINA PROYECTOS PET;00-0152045;1302007630;Farma S/Impresión;Ambar;120 ml.;G;1179360,000;TO;1,179;Alimentos;PP-Botella;BOTELLAS GASEOSAS;0,00000;11;2025;424,71;7644,75;1223,16;8867,91;;70000776;Precio Base General;;0010001106;17;;N;03.12.2025 - 11:15:05;;;00130005;1300
CERVECERIA POLAR, C.A;Embotelladoras;Fact. Nac. Proy. PET;8000019943;Servicios;Venta Directa;20251124;Zona Metropolitana;;FLETE POR VIAJE CORTINERO;1,000;SER;1,000;SER;318,00;318,00;0,00;318,00;Factura;Crédito 15 Días;20251209;USD;NA;;GV ClReg. Proy. PET;OFICINA PROYECTOS PET;00-0152046;1302007584;Servicios Administrat.;;;KG;0,000;TO;0,000;Alimentos;Fletes;FLETE PROD TERMINADO;0,00000;11;2025;318,00;318,00;0,00;318,00;;91000036;Precio Base General;;0010001106;17;;N;03.12.2025 - 11:15:05;;;00130005;1300
CERVECERIA POLAR, C.A;Embotelladoras;Fact. Nac. Proy. PET;8000019944;Botellas;Venta Directa;20251124;Zona Metropolitana;3000;BOTELLAS  AMBAR  1,5L MALTIN POLAR 52Gr;18,000;PAL;22680,000;PZA;424,71;7644,75;1223,16;8867,91;Factura;Crédito 15 Días;20251209;USD;NA;;GV ClReg. Proy. PET;OFICINA PROYECTOS PET;00-0152047;1302007630;Farma S/Impresión;Ambar;120 ml.;G;1179360,000;TO;1,179;Alimentos;PP-Botella;BOTELLAS GASEOSAS;0,00000;11;2025;424,71;7644,75;1223,16;8867,91;;70000776;Precio Base General;;0010001106;17;;N;03.12.2025 - 11:15:05;;;00130005;1300
CERVECERIA POLAR, C.A;Embotelladoras;Fact. Nac. Proy. PET;8000019945;Servicios;Venta Directa;20251124;Zona Metropolitana;;FLETE POR VIAJE CORTINERO;1,000;SER;1,000;SER;318,00;318,00;0,00;318,00;Factura;Crédito 15 Días;20251209;USD;NA;;GV ClReg. Proy. PET;OFICINA PROYECTOS PET;00-0152048;1302007584;Servicios Administrat.;;;KG;0,000;TO;0,000;Alimentos;Fletes;FLETE PROD TERMINADO;0,00000;11;2025;318,00;318,00;0,00;318,00;;91000036;Precio Base General;;0010001106;17;;N;03.12.2025 - 11:15:05;;;00130005;1300
CERVECERIA POLAR, C.A;Embotelladoras;Fact. Nac. Proy. PET;8000019946;Botellas;Venta Directa;20251124;Zona Metropolitana;3000;BOTELLAS  AMBAR  1,5L MALTIN POLAR 52Gr;18,000;PAL;22680,000;PZA;424,71;7644,75;1223,16;8867,91;Factura;Crédito 15 Días;20251209;USD;NA;;GV ClReg. Proy. PET;OFICINA PROYECTOS PET;00-0152049;1302007630;Farma S/Impresión;Ambar;120 ml.;G;1179360,000;TO;1,179;Alimentos;PP-Botella;BOTELLAS GASEOSAS;0,00000;11;2025;424,71;7644,75;1223,16;8867,91;;70000776;Precio Base General;;0010001106;17;;N;03.12.2025 - 11:15:05;;;00130005;1300
CERVECERIA POLAR, C.A;Embotelladoras;Fact. Nac. Proy. PET;8000019947;Servicios;Venta Directa;20251124;Zona Metropolitana;;FLETE POR VIAJE CORTINERO;1,000;SER;1,000;SER;318,00;318,00;0,00;318,00;Factura;Crédito 15 Días;20251209;USD;NA;;GV ClReg. Proy. PET;OFICINA PROYECTOS PET;00-0152050;1302007584;Servicios Administrat.;;;KG;0,000;TO;0,000;Alimentos;Fletes;FLETE PROD TERMINADO;0,00000;11;2025;318,00;318,00;0,00;318,00;;91000036;Precio Base General;;0010001106;17;;N;03.12.2025 - 11:15:05;;;00130005;1300
CERVECERIA POLAR, C.A;Embotelladoras;Fact. Nac. Proy. PET;8000019948;Botellas;Venta Directa;20251124;Zona Metropolitana;3000;BOTELLAS  AMBAR  1,5L MALTIN POLAR 52Gr;20,000;PAL;25200,000;PZA;424,71;8494,16;1359,07;9853,23;Factura;Crédito 15 Días;20251209;USD;NA;;GV ClReg. Proy. PET;OFICINA PROYECTOS PET;00-0152051;1302007630;Farma S/Impresión;Ambar;120 ml.;G;1310400,000;TO;1,310;Alimentos;PP-Botella;BOTELLAS GASEOSAS;0,00000;11;2025;424,71;8494,16;1359,07;9853,23;;70000776;Precio Base General;;0010001106;17;;N;03.12.2025 - 11:15:05;;;00130005;1300
CERVECERIA POLAR, C.A;Embotelladoras;Fact. Nac. Proy. PET;8000019949;Servicios;Venta Directa;20251124;Zona Metropolitana;;FLETE POR VIAJE CORTINERO;1,000;SER;1,000;SER;318,00;318,00;0,00;318,00;Factura;Crédito 15 Días;20251209;USD;NA;;GV ClReg. Proy. PET;OFICINA PROYECTOS PET;00-0152052;1302007584;Servicios Administrat.;;;KG;0,000;TO;0,000;Alimentos;Fletes;FLETE PROD TERMINADO;0,00000;11;2025;318,00;318,00;0,00;318,00;;91000036;Precio Base General;;0010001106;17;;N;03.12.2025 - 11:15:05;;;00130005;1300
CERVECERIA POLAR, C.A;Embotelladoras;Fact. Nac. Proy. PET;8000019950;Botellas;Venta Directa;20251124;Zona Metropolitana;3000;BOTELLAS  AMBAR  1,5L MALTIN POLAR 52Gr;22,000;PAL;27720,000;PZA;424,71;9343,58;1494,97;10838,55;Factura;Crédito 15 Días;20251209;USD;NA;;GV ClReg. Proy. PET;OFICINA PROYECTOS PET;00-0152053;1302007630;Farma S/Impresión;Ambar;120 ml.;G;1441440,000;TO;1,441;Alimentos;PP-Botella;BOTELLAS GASEOSAS;0,00000;11;2025;424,71;9343,58;1494,97;10838,55;;70000776;Precio Base General;;0010001106;17;;N;03.12.2025 - 11:15:05;;;00130005;1300
CERVECERIA POLAR, C.A;Embotelladoras;Fact. Nac. Proy. PET;8000019951;Servicios;Venta Directa;20251124;Zona Metropolitana;;FLETE POR VIAJE CORTINERO;1,000;SER;1,000;SER;318,00;318,00;0,00;318,00;Factura;Crédito 15 Días;20251209;USD;NA;;GV ClReg. Proy. PET;OFICINA PROYECTOS PET;00-0152054;1302007584;Servicios Administrat.;;;KG;0,000;TO;0,000;Alimentos;Fletes;FLETE PROD TERMINADO;0,00000;11;2025;318,00;318,00;0,00;318,00;;91000036;Precio Base General;;0010001106;17;;N;03.12.2025 - 11:15:05;;;00130005;1300
CERVECERIA POLAR, C.A;Embotelladoras;Fact. Nac. Proy. PET;8000019952;Botellas;Venta Directa;20251124;Zona Metropolitana;3000;BOTELLAS  AMBAR  1,5L MALTIN POLAR 52Gr;20,000;PAL;25200,000;PZA;424,71;8494,16;1359,07;9853,23;Factura;Crédito 15 Días;20251209;USD;NA;;GV ClReg. Proy. PET;OFICINA PROYECTOS PET;00-0152055;1302007630;Farma S/Impresión;Ambar;120 ml.;G;1310400,000;TO;1,310;Alimentos;PP-Botella;BOTELLAS GASEOSAS;0,00000;11;2025;424,71;8494,16;1359,07;9853,23;;70000776;Precio Base General;;0010001106;17;;N;03.12.2025 - 11:15:05;;;00130005;1300
CERVECERIA POLAR, C.A;Embotelladoras;Fact. Nac. Proy. PET;8000019953;Servicios;Venta Directa;20251124;Zona Metropolitana;;FLETE POR VIAJE CORTINERO;1,000;SER;1,000;SER;318,00;318,00;0,00;318,00;Factura;Crédito 15 Días;20251209;USD;NA;;GV ClReg. Proy. PET;OFICINA PROYECTOS PET;00-0152056;1302007584;Servicios Administrat.;;;KG;0,000;TO;0,000;Alimentos;Fletes;FLETE PROD TERMINADO;0,00000;11;2025;318,00;318,00;0,00;318,00;;91000036;Precio Base General;;0010001106;17;;N;03.12.2025 - 11:15:05;;;00130005;1300
CERVECERIA POLAR, C.A;Embotelladoras;Fact. Nac. Proy. PET;8000019956;Botellas;Venta Directa;20251124;Zona Metropolitana;3000;BOTELLAS  AMBAR  1,5L MALTIN POLAR 52Gr;19,25;PAL;23738,26;PZA;461,03;6427,92;1086,41;10597,28;Factura;Crédito 15 Días;20251209;USD;NA;;GV ClReg. Proy. PET;OFICINA PROYECTOS PET;00-0152059;1302007630;Farma S/Impresión;Ambar;120 ml.;G;1179360,000;TO;1,179;Alimentos;PP-Botella;BOTELLAS GASEOSAS;0,00000;11;2025;408,26;8577,92;1137,14;8790,51;;70000776;Precio Base General;;0010001106;17;;N;03.12.2025 - 11:15:05;;;00130005;1300
CERVECERIA POLAR, C.A;Embotelladoras;Fact. Nac. Proy. PET;8000019957;Servicios;Venta Directa;20251124;Zona Metropolitana;;FLETE POR VIAJE CORTINERO;1,02;SER;0,95;SER;278,13;277,10;0,00;342,90;Factura;Crédito 15 Días;20251209;USD;NA;;GV ClReg. Proy. PET;OFICINA PROYECTOS PET;00-0152060;1302007584;Servicios Administrat.;;;KG;0,000;TO;0,000;Alimentos;Fletes;FLETE PROD TERMINADO;0,00000;11;2025;264,71;367,84;0,00;260,18;;91000036;Precio Base General;;0010001106;17;;N;03.12.2025 - 11:15:05;;;00130005;1300
CERVECERIA POLAR, C.A;Embotelladoras;Fact. Nac. Proy. PET;8000019958;Botellas;Venta Directa;20251124;Zona Metropolitana;3000;BOTELLAS  AMBAR  1,5L MALTIN POLAR 52Gr;18,000;PAL;22680,000;PZA;424,71;7644,75;1223,16;8867,91;Factura;Crédito 15 Días;20251209;USD;NA;;GV ClReg. Proy. PET;OFICINA PROYECTOS PET;00-0152061;1302007630;Farma S/Impresión;Ambar;120 ml.;G;1179360,000;TO;1,179;Alimentos;PP-Botella;BOTELLAS GASEOSAS;0,00000;11;2025;424,71;7644,75;1223,16;8867,91;;70000776;Precio Base General;;0010001106;17;;N;03.12.2025 - 11:15:05;;;00130005;1300
CERVECERIA POLAR, C.A;Embotelladoras;Fact. Nac. Proy. PET;8000019959;Servicios;Venta Directa;20251124;Zona Metropolitana;;FLETE POR VIAJE CORTINERO;1,000;SER;1,000;SER;318,00;318,00;0,00;318,00;Factura;Crédito 15 Días;20251209;USD;NA;;GV ClReg. Proy. PET;OFICINA PROYECTOS PET;00-0152062;1302007584;Servicios Administrat.;;;KG;0,000;TO;0,000;Alimentos;Fletes;FLETE PROD TERMINADO;0,00000;11;2025;318,00;318,00;0,00;318,00;;91000036;Precio Base General;;0010001106;17;;N;03.12.2025 - 11:15:05;;;00130005;1300
CERVECERIA POLAR, C.A;Embotelladoras;Fact. Nac. Proy. PET;8000019960;Botellas;Venta Directa;20251124;Zona Metropolitana;3000;BOTELLAS  AMBAR  1,5L MALTIN POLAR 52Gr;18,000;PAL;22680,000;PZA;424,71;7644,75;1223,16;8867,91;Factura;Crédito 15 Días;20251209;USD;NA;;GV ClReg. Proy. PET;OFICINA PROYECTOS PET;00-0152063;1302007630;Farma S/Impresión;Ambar;120 ml.;G;1179360,000;TO;1,179;Alimentos;PP-Botella;BOTELLAS GASEOSAS;0,00000;11;2025;424,71;7644,75;1223,16;8867,91;;70000776;Precio Base General;;0010001106;17;;N;03.12.2025 - 11:15:05;;;00130005;1300
CERVECERIA POLAR, C.A;Embotelladoras;Fact. Nac. Proy. PET;8000019961;Servicios;Venta Directa;20251124;Zona Metropolitana;;FLETE POR VIAJE CORTINERO;1,000;SER;1,000;SER;318,00;318,00;0,00;318,00;Factura;Crédito 15 Días;20251209;USD;NA;;GV ClReg. Proy. PET;OFICINA PROYECTOS PET;00-0152064;1302007584;Servicios Administrat.;;;KG;0,000;TO;0,000;Alimentos;Fletes;FLETE PROD TERMINADO;0,00000;11;2025;318,00;318,00;0,00;318,00;;91000036;Precio Base General;;0010001106;17;;N;03.12.2025 - 11:15:05;;;00130005;1300
CERVECERIA POLAR, C.A;Embotelladoras;Fact. Nac. Proy. PET;8000019969;Botellas;Venta Directa;20251125;Zona Metropolitana;3000;BOTELLAS  AMBAR  1,5L MALTIN POLAR 52Gr;18,000;PAL;22680,000;PZA;424,71;7644,75;1223,16;8867,91;Factura;Crédito 15 Días;20251210;USD;NA;;GV ClReg. Proy. PET;OFICINA PROYECTOS PET;00-0152072;1302007630;Farma S/Impresión;Ambar;120 ml.;G;1179360,000;TO;1,179;Alimentos;PP-Botella;BOTELLAS GASEOSAS;0,00000;11;2025;424,71;7644,75;1223,16;8867,91;;70000776;Precio Base General;;0010001106;17;;N;03.12.2025 - 11:15:05;;;00130005;1300
CERVECERIA POLAR, C.A;Embotelladoras;Fact. Nac. Proy. PET;8000019970;Servicios;Venta Directa;20251125;Zona Metropolitana;;FLETE POR VIAJE CORTINERO;0,90;SER;1,03;SER;280,29;276,37;0,00;363,88;Factura;Crédito 15 Días;20251210;USD;NA;;GV ClReg. Proy. PET;OFICINA PROYECTOS PET;00-0152073;1302007584;Servicios Administrat.;;;KG;0,000;TO;0,000;Alimentos;Fletes;FLETE PROD TERMINADO;0,00000;11;2025;345,14;350,66;0,00;321,99;;91000036;Precio Base General;;0010001106;17;;N;03.12.2025 - 11:15:05;;;00130005;1300
CERVECERIA POLAR, C.A;Embotelladoras;Fact. Nac. Proy. PET;8000019971;Botellas;Venta Directa;20251125;Zona Metropolitana;3000;BOTELLAS  AMBAR  1,5L MALTIN POLAR 52Gr;20,000;PAL;25200,000;PZA;424,71;8494,16;1359,07;9853,23;Factura;Crédito 15 Días;20251210;USD;NA;;GV ClReg. Proy. PET;OFICINA PROYECTOS PET;00-0152074;1302007630;Farma S/Impresión;Ambar;120 ml.;G;1310400,000;TO;1,310;Alimentos;PP-Botella;BOTELLAS GASEOSAS;0,00000;11;2025;424,71;8494,16;1359,07;9853,23;;70000776;Precio Base General;;0010001106;17;;N;03.12.2025 - 11:15:05;;;00130005;1300
CERVECERIA POLAR, C.A;Embotelladoras;Fact. Nac. Proy. PET;8000019972;Servicios;Venta Directa;20251125;Zona Metropolitana;;FLETE POR VIAJE CORTINERO;1,000;SER;1,000;SER;318,00;318,00;0,00;318,00;Factura;Crédito 15 Días;20251210;USD;NA;;GV ClReg. Proy. PET;OFICINA PROYECTOS PET;00-0152075;1302007584;Servicios Administrat.;;;KG;0,000;TO;0,000;Alimentos;Fletes;FLETE PROD TERMINADO;0,00000;11;2025;318,00;318,00;0,00;318,00;;91000036;Precio Base General;;0010001106;17;;N;03.12.2025 - 11:15:05;;;00130005;1300
CERVECERIA POLAR, C.A;Embotelladoras;Fact. Nac. Proy. PET;8000019973;Botellas;Venta Directa;20251125;Zona Metropolitana;3000;BOTELLAS  AMBAR  1,5L MALTIN POLAR 52Gr;24,000;PAL;30240,000;PZA;424,71;10193,00;1630,88;11823,88;Factura;Crédito 15 Días;20251210;USD;NA;;GV ClReg. Proy. PET;OFICINA PROYECTOS PET;00-0152076;1302007630;Farma S/Impresión;Ambar;120 ml.;G;1572480,000;TO;1,572;Alimentos;PP-Botella;BOTELLAS GASEOSAS;0,00000;11;2025;424,71;10193,00;1630,88;11823,88;;70000776;Precio Base General;;0010001106;17;;N;03.12.2025 - 11:15:05;;;00130005;1300
CERVECERIA POLAR, C.A;Embotelladoras;Fact. Nac. Proy. PET;8000019974;Servicios;Venta Directa;20251125;Zona Metropolitana;;FLETE POR VIAJE CORTINERO;1,000;SER;1,000;SER;318,00;318,00;0,00;318,00;Factura;Crédito 15 Días;20251210;USD;NA;;GV ClReg. Proy. PET;OFICINA PROYECTOS PET;00-0152077;1302007584;Servicios Administrat.;;;KG;0,000;TO;0,000;Alimentos;Fletes;FLETE PROD TERMINADO;0,00000;11;2025;318,00;318,00;0,00;318,00;;91000036;Precio Base General;;0010001106;17;;N;03.12.2025 - 11:15:05;;;00130005;1300
CERVECERIA POLAR, C.A;Embotelladoras;Fact. Nac. Proy. PET;8000019977;Botellas;Venta Directa;20251125;Zona Metropolitana;3000;BOTELLAS  AMBAR  1,5L MALTIN POLAR 52Gr;20,000;PAL;25200,000;PZA;424,71;8494,16;1359,07;9853,23;Factura;Crédito 15 Días;20251210;USD;NA;;GV ClReg. Proy. PET;OFICINA PROYECTOS PET;00-0152080;1302007630;Farma S/Impresión;Ambar;120 ml.;G;1310400,000;TO;1,310;Alimentos;PP-Botella;BOTELLAS GASEOSAS;0,00000;11;2025;424,71;8494,16;1359,07;9853,23;;70000776;Precio Base General;;0010001106;17;;N;03.12.2025 - 11:15:05;;;00130005;1300
CERVECERIA POLAR, C.A;Embotelladoras;Fact. Nac. Proy. PET;8000019978;Servicios;Venta Directa;20251125;Zona Metropolitana;;FLETE POR VIAJE CORTINERO;1,000;SER;1,000;SER;318,00;318,00;0,00;318,00;Factura;Crédito 15 Días;20251210;USD;NA;;GV ClReg. Proy. PET;OFICINA PROYECTOS PET;00-0152081;1302007584;Servicios Administrat.;;;KG;0,000;TO;0,000;Alimentos;Fletes;FLETE PROD TERMINADO;0,00000;11;2025;318,00;318,00;0,00;318,00;;91000036;Precio Base General;;0010001106;17;;N;03.12.2025 - 11:15:05;;;00130005;1300
CERVECERIA POLAR, C.A;Embotelladoras;Fact. Nac. Proy. PET;8000019979;Botellas;Venta Directa;20251125;Zona Metropolitana;3000;BOTELLAS  AMBAR  1,5L MALTIN POLAR 52Gr;18,000;PAL;22680,000;PZA;424,71;7644,75;1223,16;8867,91;Factura;Crédito 15 Días;20251210;USD;NA;;GV ClReg. Proy. PET;OFICINA PROYECTOS PET;00-0152082;1302007630;Farma S/Impresión;Ambar;120 ml.;G;1179360,000;TO;1,179;Alimentos;PP-Botella;BOTELLAS GASEOSAS;0,00000;11;2025;424,71;7644,75;1223,16;8867,91;;70000776;Precio Base General;;0010001106;17;;N;03.12.2025 - 11:15:05;;;00130005;1300
CERVECERIA POLAR, C.A;Embotelladoras;Fact. Nac. Proy. PET;8000019980;Servicios;Venta Directa;20251125;Zona Metropolitana;;FLETE POR VIAJE CORTINERO;1,000;SER;1,000;SER;318,00;318,00;0,00;318,00;Factura;Crédito 15 Días;20251210;USD;NA;;GV ClReg. Proy. PET;OFICINA PROYECTOS PET;00-0152083;1302007584;Servicios Administrat.;;;KG;0,000;TO;0,000;Alimentos;Fletes;FLETE PROD TERMINADO;0,00000;11;2025;318,00;318,00;0,00;318,00;;91000036;Precio Base General;;0010001106;17;;N;03.12.2025 - 11:15:05;;;00130005;1300
CERVECERIA POLAR, C.A;Embotelladoras;Fact. Nac. Proy. PET;8000019985;Botellas;Venta Directa;20251126;Zona Metropolitana;3000;BOTELLAS  AMBAR  1,5L MALTIN POLAR 52Gr;18,000;PAL;22680,000;PZA;424,71;7644,75;1223,16;8867,91;Factura;Crédito 15 Días;20251211;USD;NA;;GV ClReg. Proy. PET;OFICINA PROYECTOS PET;00-0152088;1302007630;Farma S/Impresión;Ambar;120 ml.;G;1179360,000;TO;1,179;Alimentos;PP-Botella;BOTELLAS GASEOSAS;0,00000;11;2025;424,71;7644,75;1223,16;8867,91;;70000776;Precio Base General;;0010001106;17;;N;03.12.2025 - 11:15:05;;;00130005;1300
CERVECERIA POLAR, C.A;Embotelladoras;Fact. Nac. Proy. PET;8000019986;Servicios;Venta Directa;20251126;Zona Metropolitana;;FLETE POR VIAJE CORTINERO;1,000;SER;1,000;SER;318,00;318,00;0,00;318,00;Factura;Crédito 15 Días;20251211;USD;NA;;GV ClReg. Proy. PET;OFICINA PROYECTOS PET;00-0152089;1302007584;Servicios Administrat.;;;KG;0,000;TO;0,000;Alimentos;Fletes;FLETE PROD TERMINADO;0,00000;11;2025;318,00;318,00;0,00;318,00;;91000036;Precio Base General;;0010001106;17;;N;03.12.2025 - 11:15:05;;;00130005;1300
CERVECERIA POLAR, C.A;Embotelladoras;Fact. Nac. Proy. PET;8000019987;Botellas;Venta Directa;20251126;Zona Metropolitana;3000;BOTELLAS  AMBAR  1,5L MALTIN POLAR 52Gr;24,000;PAL;30240,000;PZA;424,71;10193,00;1630,88;11823,88;Factura;Crédito 15 Días;20251211;USD;NA;;GV ClReg. Proy. PET;OFICINA PROYECTOS PET;00-0152090;1302007630;Farma S/Impresión;Ambar;120 ml.;G;1572480,000;TO;1,572;Alimentos;PP-Botella;BOTELLAS GASEOSAS;0,00000;11;2025;424,71;10193,00;1630,88;11823,88;;70000776;Precio Base General;;0010001106;17;;N;03.12.2025 - 11:15:05;;;00130005;1300
CERVECERIA POLAR, C.A;Embotelladoras;Fact. Nac. Proy. PET;8000019988;Servicios;Venta Directa;20251126;Zona Metropolitana;;FLETE POR VIAJE CORTINERO;1,000;SER;1,000;SER;318,00;318,00;0,00;318,00;Factura;Crédito 15 Días;20251211;USD;NA;;GV ClReg. Proy. PET;OFICINA PROYECTOS PET;00-0152091;1302007584;Servicios Administrat.;;;KG;0,000;TO;0,000;Alimentos;Fletes;FLETE PROD TERMINADO;0,00000;11;2025;318,00;318,00;0,00;318,00;;91000036;Precio Base General;;0010001106;17;;N;03.12.2025 - 11:15:05;;;00130005;1300
CERVECERIA POLAR, C.A;Embotelladoras;Fact. Nac. Proy. PET;8000019989;Botellas;Venta Directa;20251126;Zona Metropolitana;3000;BOTELLAS  AMBAR  1,5L MALTIN POLAR 52Gr;18,000;PAL;22680,000;PZA;424,71;7644,75;1223,16;8867,91;Factura;Crédito 15 Días;20251211;USD;NA;;GV ClReg. Proy. PET;OFICINA PROYECTOS PET;00-0152092;1302007630;Farma S/Impresión;Ambar;120 ml.;G;1179360,000;TO;1,179;Alimentos;PP-Botella;BOTELLAS GASEOSAS;0,00000;11;2025;424,71;7644,75;1223,16;8867,91;;70000776;Precio Base General;;0010001106;17;;N;03.12.2025 - 11:15:05;;;00130005;1300
CERVECERIA POLAR, C.A;Embotelladoras;Fact. Nac. Proy. PET;8000019990;Servicios;Venta Directa;20251126;Zona Metropolitana;;FLETE POR VIAJE CORTINERO;0,99;SER;0,99;SER;357,00;267,05;0,00;278,58;Factura;Crédito 15 Días;20251211;USD;NA;;GV ClReg. Proy. PET;OFICINA PROYECTOS PET;00-0152093;1302007584;Servicios Administrat.;;;KG;0,000;TO;0,000;Alimentos;Fletes;FLETE PROD TERMINADO;0,00000;11;2025;260,98;285,59;0,00;334,88;;91000036;Precio Base General;;0010001106;17;;N;03.12.2025 - 11:15:05;;;00130005;1300
CERVECERIA POLAR, C.A;Embotelladoras;Fact. Nac. Proy. PET;8000019991;Botellas;Venta Directa;20251126;Zona Metropolitana;3000;BOTELLAS  AMBAR  1,5L MALTIN POLAR 52Gr;18,000;PAL;22680,000;PZA;424,71;7644,75;1223,16;8867,91;Factura;Crédito 15 Días;20251211;USD;NA;;GV ClReg. Proy. PET;OFICINA PROYECTOS PET;00-0152094;1302007630;Farma S/Impresión;Ambar;120 ml.;G;1179360,000;TO;1,179;Alimentos;PP-Botella;BOTELLAS GASEOSAS;0,00000;11;2025;424,71;7644,75;1223,16;8867,91;;70000776;Precio Base General;;0010001106;17;;N;03.12.2025 - 11:15:05;;;00130005;1300
CERVECERIA POLAR, C.A;Embotelladoras;Fact. Nac. Proy. PET;8000019992;Servicios;Venta Directa;20251126;Zona Metropolitana;;FLETE POR VIAJE CORTINERO;1,000;SER;1,000;SER;318,00;318,00;0,00;318,00;Factura;Crédito 15 Días;20251211;USD;NA;;GV ClReg. Proy. PET;OFICINA PROYECTOS PET;00-0152095;1302007584;Servicios Administrat.;;;KG;0,000;TO;0,000;Alimentos;Fletes;FLETE PROD TERMINADO;0,00000;11;2025;318,00;318,00;0,00;318,00;;91000036;Precio Base General;;0010001106;17;;N;03.12.2025 - 11:15:05;;;00130005;1300
CERVECERIA POLAR, C.A;Embotelladoras;Fact. Nac. Proy. PET;8000020000;Botellas;Venta Directa;20251126;Zona Metropolitana;3000;BOTELLAS  AMBAR  1,5L MALTIN POLAR 52Gr;18,000;PAL;22680,000;PZA;424,71;7644,75;1223,16;8867,91;Factura;Crédito 15 Días;20251211;USD;NA;;GV ClReg. Proy. PET;OFICINA PROYECTOS PET;00-0152109;1302007630;Farma S/Impresión;Ambar;120 ml.;G;1179360,000;TO;1,179;Alimentos;PP-Botella;BOTELLAS GASEOSAS;0,00000;11;2025;424,71;7644,75;1223,16;8867,91;;70000776;Precio Base General;;0010001106;17;;N;03.12.2025 - 11:15:05;;;00130005;1300
CERVECERIA POLAR, C.A;Embotelladoras;Fact. Nac. Proy. PET;8000020001;Servicios;Venta Directa;20251126;Zona Metropolitana;;FLETE POR VIAJE CORTINERO;1,000;SER;1,000;SER;318,00;318,00;0,00;318,00;Factura;Crédito 15 Días;20251211;USD;NA;;GV ClReg. Proy. PET;OFICINA PROYECTOS PET;00-0152110;1302007584;Servicios Administrat.;;;KG;0,000;TO;0,000;Alimentos;Fletes;FLETE PROD TERMINADO;0,00000;11;2025;318,00;318,00;0,00;318,00;;91000036;Precio Base General;;0010001106;17;;N;03.12.2025 - 11:15:05;;;00130005;1300
CERVECERIA POLAR, C.A;Embotelladoras;Fact. Nac. Proy. PET;8000020009;Botellas;Venta Directa;20251127;Zona Metropolitana;3000;BOTELLAS  AMBAR  1,5L MALTIN POLAR 52Gr;18,000;PAL;22680,000;PZA;448,91;8080,43;1292,87;9373,30;Factura;Crédito 15 Días;20251212;USD;NA;;GV ClReg. Proy. PET;OFICINA PROYECTOS PET;00-0152119;1302007640;Farma S/Impresión;Ambar;120 ml.;G;1179360,000;TO;1,179;Alimentos;PP-Botella;BOTELLAS GASEOSAS;0,00000;11;2025;448,91;8080,43;1292,87;9373,30;;70000776;Precio Base General;;0010001106;17;;N;03.12.2025 - 11:15:05;;;00130005;1300
CERVECERIA POLAR, C.A;Embotelladoras;Fact. Nac. Proy. PET;8000020010;Servicios;Venta Directa;20251127;Zona Metropolitana;;FLETE POR VIAJE CORTINERO;1,000;SER;1,000;SER;318,00;318,00;0,00;318,00;Factura;Crédito 15 Días;20251212;USD;NA;;GV ClReg. Proy. PET;OFICINA PROYECTOS PET;00-0152120;1302007584;Servicios Administrat.;;;KG;0,000;TO;0,000;Alimentos;Fletes;FLETE PROD TERMINADO;0,00000;11;2025;318,00;318,00;0,00;318,00;;91000036;Precio Base General;;0010001106;17;;N;03.12.2025 - 11:15:05;;;00130005;1300
CERVECERIA POLAR, C.A;Embotelladoras;Fact. Nac. Proy. PET;8000020011;Botellas;Venta Directa;20251127;Zona Metropolitana;3000;BOTELLAS  AMBAR  1,5L MALTIN POLAR 52Gr;18,000;PAL;22680,000;PZA;448,91;8080,43;1292,87;9373,30;Factura;Crédito 15 Días;20251212;USD;NA;;GV ClReg. Proy. PET;OFICINA PROYECTOS PET;00-0152121;1302007640;Farma S/Impresión;Ambar;120 ml.;G;1179360,000;TO;1,179;Alimentos;PP-Botella;BOTELLAS GASEOSAS;0,00000;11;2025;448,91;8080,43;1292,87;9373,30;;70000776;Precio Base General;;0010001106;17;;N;03.12.2025 - 11:15:05;;;00130005;1300
CERVECERIA POLAR, C.A;Embotelladoras;Fact. Nac. Proy. PET;8000020012;Servicios;Venta Directa;20251127;Zona Metropolitana;;FLETE POR VIAJE CORTINERO;1,000;SER;1,000;SER;318,00;318,00;0,00;318,00;Factura;Crédito 15 Días;20251212;USD;NA;;GV ClReg. Proy. PET;OFICINA PROYECTOS PET;00-0152122;1302007584;Servicios Administrat.;;;KG;0,000;TO;0,000;Alimentos;Fletes;FLETE PROD TERMINADO;0,00000;11;2025;318,00;318,00;0,00;318,00;;91000036;Precio Base General;;0010001106;17;;N;03.12.2025 - 11:15:05;;;00130005;1300
CERVECERIA POLAR, C.A;Embotelladoras;Fact. Nac. Proy. PET;8000020015;Botellas;Venta Directa;20251127;Zona Metropolitana;3000;BOTELLAS  AMBAR  1,5L MALTIN POLAR 52Gr;18,000;PAL;22680,000;PZA;448,91;8080,43;1292,87;9373,30;Factura;Crédito 15 Días;20251212;USD;NA;;GV ClReg. Proy. PET;OFICINA PROYECTOS PET;00-0152125;1302007640;Farma S/Impresión;Ambar;120 ml.;G;1179360,000;TO;1,179;Alimentos;PP-Botella;BOTELLAS GASEOSAS;0,00000;11;2025;448,91;8080,43;1292,87;9373,30;;70000776;Precio Base General;;0010001106;17;;N;03.12.2025 - 11:15:05;;;00130005;1300
CERVECERIA POLAR, C.A;Embotelladoras;Fact. Nac. Proy. PET;8000020016;Servicios;Venta Directa;20251127;Zona Metropolitana;;FLETE POR VIAJE CORTINERO;1,000;SER;1,000;SER;318,00;318,00;0,00;318,00;Factura;Crédito 15 Días;20251212;USD;NA;;GV ClReg. Proy. PET;OFICINA PROYECTOS PET;00-0152126;1302007584;Servicios Administrat.;;;KG;0,000;TO;0,000;Alimentos;Fletes;FLETE PROD TERMINADO;0,00000;11;2025;318,00;318,00;0,00;318,00;;91000036;Precio Base General;;0010001106;17;;N;03.12.2025 - 11:15:05;;;00130005;1300
CERVECERIA POLAR, C.A;Embotelladoras;Fact. Nac. Proy. PET;8000020017;Botellas;Venta Directa;20251127;Zona Metropolitana;3000;BOTELLAS  AMBAR  1,5L MALTIN POLAR 52Gr;18,000;PAL;22680,000;PZA;448,91;8080,43;1292,87;9373,30;Factura;Crédito 15 Días;20251212;USD;NA;;GV ClReg. Proy. PET;OFICINA PROYECTOS PET;00-0152127;1302007640;Farma S/Impresión;Ambar;120 ml.;G;1179360,000;TO;1,179;Alimentos;PP-Botella;BOTELLAS GASEOSAS;0,00000;11;2025;448,91;8080,43;1292,87;9373,30;;70000776;Precio Base General;;0010001106;17;;N;03.12.2025 - 11:15:05;;;00130005;1300
CERVECERIA POLAR, C.A;Embotelladoras;Fact. Nac. Proy. PET;8000020018;Servicios;Venta Directa;20251127;Zona Metropolitana;;FLETE POR VIAJE CORTINERO;1,000;SER;1,000;SER;318,00;318,00;0,00;318,00;Factura;Crédito 15 Días;20251212;USD;NA;;GV ClReg. Proy. PET;OFICINA PROYECTOS PET;00-0152128;1302007584;Servicios Administrat.;;;KG;0,000;TO;0,000;Alimentos;Fletes;FLETE PROD TERMINADO;0,00000;11;2025;318,00;318,00;0,00;318,00;;91000036;Precio Base General;;0010001106;17;;N;03.12.2025 - 11:15:05;;;00130005;1300
CERVECERIA POLAR, C.A;Embotelladoras;Fact. Nac. Proy. PET;8000020022;Botellas;Venta Directa;20251128;Zona Metropolitana;3000;BOTELLAS  AMBAR  1,5L MALTIN POLAR 52Gr;18,000;PAL;22680,000;PZA;448,91;8080,43;1292,87;9373,30;Factura;Crédito 15 Días;20251213;USD;NA;;GV ClReg. Proy. PET;OFICINA PROYECTOS PET;00-0152132;1302007640;Farma S/Impresión;Ambar;120 ml.;G;1179360,000;TO;1,179;Alimentos;PP-Botella;BOTELLAS GASEOSAS;0,00000;11;2025;448,91;8080,43;1292,87;9373,30;;70000776;Precio Base General;;0010001106;17;;N;03.12.2025 - 11:15:05;;;00130005;1300
CERVECERIA POLAR, C.A;Embotelladoras;Fact. Nac. Proy. PET;8000020023;Servicios;Venta Directa;20251128;Zona Metropolitana;;FLETE POR VIAJE CORTINERO;1,000;SER;1,000;SER;318,00;318,00;0,00;318,00;Factura;Crédito 15 Días;20251213;USD;NA;;GV ClReg. Proy. PET;OFICINA PROYECTOS PET;00-0152133;1302007584;Servicios Administrat.;;;KG;0,000;TO;0,000;Alimentos;Fletes;FLETE PROD TERMINADO;0,00000;11;2025;318,00;318,00;0,00;318,00;;91000036;Precio Base General;;0010001106;17;;N;03.12.2025 - 11:15:05;;;00130005;1300
CERVECERIA POLAR, C.A;Embotelladoras;Fact. Nac. Proy. PET;8000020024;Botellas;Venta Directa;20251128;Zona Metropolitana;3000;BOTELLAS  AMBAR  1,5L MALTIN POLAR 52Gr;20,000;PAL;25200,000;PZA;448,91;8978,26;1436,52;10414,78;Factura;Crédito 15 Días;20251213;USD;NA;;GV ClReg. Proy. PET;OFICINA PROYECTOS PET;00-0152134;1302007640;Farma S/Impresión;Ambar;120 ml.;G;1310400,000;TO;1,310;Alimentos;PP-Botella;BOTELLAS GASEOSAS;0,00000;11;2025;448,91;8978,26;1436,52;10414,78;;70000776;Precio Base General;;0010001106;17;;N;03.12.2025 - 11:15:05;;;00130005;1300
CERVECERIA POLAR, C.A;Embotelladoras;Fact. Nac. Proy. PET;8000020025;Servicios;Venta Directa;20251128;Zona Metropolitana;;FLETE POR VIAJE CORTINERO;1,000;SER;1,000;SER;318,00;318,00;0,00;318,00;Factura;Crédito 15 Días;20251213;USD;NA;;GV ClReg. Proy. PET;OFICINA PROYECTOS PET;00-0152135;1302007584;Servicios Administrat.;;;KG;0,000;TO;0,000;Alimentos;Fletes;FLETE PROD TERMINADO;0,00000;11;2025;318,00;318,00;0,00;318,00;;91000036;Precio Base General;;0010001106;17;;N;03.12.2025 - 11:15:05;;;00130005;1300
CERVECERIA POLAR, C.A;Embotelladoras;Fact. Nac. Proy. PET;8000020026;Botellas;Venta Directa;20251128;Zona Metropolitana;3000;BOTELLAS  AMBAR  1,5L MALTIN POLAR 52Gr;18,000;PAL;22680,000;PZA;448,91;8080,43;1292,87;9373,30;Factura;Crédito 15 Días;20251213;USD;NA;;GV ClReg. Proy. PET;OFICINA PROYECTOS PET;00-0152136;1302007640;Farma S/Impresión;Ambar;120 ml.;G;1179360,000;TO;1,179;Alimentos;PP-Botella;BOTELLAS GASEOSAS;0,00000;11;2025;448,91;8080,43;1292,87;9373,30;;70000776;Precio Base General;;0010001106;17;;N;03.12.2025 - 11:15:05;;;00130005;1300
CERVECERIA POLAR, C.A;Embotelladoras;Fact. Nac. Proy. PET;8000020029;Botellas;Venta Directa;20251128;Zona Metropolitana;3000;BOTELLAS  AMBAR  1,5L MALTIN POLAR 52Gr;18,000;PAL;22680,000;PZA;448,91;8080,43;1292,87;9373,30;Factura;Crédito 15 Días;20251213;USD;NA;;GV ClReg. Proy. PET;OFICINA PROYECTOS PET;00-0152139;1302007640;Farma S/Impresión;Ambar;120 ml.;G;1179360,000;TO;1,179;Alimentos;PP-Botella;BOTELLAS GASEOSAS;0,00000;11;2025;448,91;8080,43;1292,87;9373,30;;70000776;Precio Base General;;0010001106;17;;N;03.12.2025 - 11:15:05;;;00130005;1300
CERVECERIA POLAR, C.A;Embotelladoras;N/C Dev. Nac. P.PET;8200001906;Botellas;Venta Directa;20251104;Zona Metropolitana;3000;BOTELLAS  AMBAR  1,5L MALTIN POLAR 52Gr;-24,000;PAL;-30240,000;PZA;-433,74;-10409,82;-1665,57;-12075,39;Abono;Crédito 15 Días;20251119;USD;NA;;GV ClReg. Proy. PET;OFICINA PROYECTOS PET;00-0151827;1306000882;Farma S/Impresión;Ambar;120 ml.;G;-1572480,000;TO;-1,572;Alimentos;PP-Botella;BOTELLAS GASEOSAS;0,00000;11;2025;-433,74;-10409,82;-1665,57;-12075,39;;70000776;Precio Base General;;0010001106;17;;N;03.12.2025 - 11:15:05;101;schlechte Qualität;00130005;1300
CERVECERIA POLAR, C.A;Embotelladoras;N/C Dev. Nac. P.PET;8200001907;Botellas;Venta Directa;20251104;Zona Metropolitana;3000;BOTELLAS  AMBAR  1,5L MALTIN POLAR 52Gr;-19,75;PAL;-24860,13;PZA;-439,23;-6328,82;-1011,24;-8657,23;Abono;Crédito 15 Días;20251119;USD;NA;;GV ClReg. Proy. PET;OFICINA PROYECTOS PET;00-0151828;1306000883;Farma S/Impresión;Ambar;120 ml.;G;-1179360,000;TO;-1,179;Alimentos;PP-Botella;BOTELLAS GASEOSAS;0,00000;11;2025;-414,02;-7078,60;-1405,21;-8296,61;;70000776;Precio Base General;;0010001106;17;;N;03.12.2025 - 11:15:05;101;schlechte Qualität;00130005;1300
CERVECERIA POLAR, C.A;Embotelladoras;N/C Dev. Nac. P.PET;8200001908;Botellas;Venta Directa;20251104;Zona Metropolitana;3000;BOTELLAS  AMBAR  1,5L MALTIN POLAR 52Gr;-12,000;PAL;-15120,000;PZA;-423,73;-5084,70;-813,55;-5898,25;Abono;Crédito 15 Días;20251119;USD;NA;;GV ClReg. Proy. PET;OFICINA PROYECTOS PET;00-0151829;1306000884;Farma S/Impresión;Ambar;120 ml.;G;-786240,000;TO;-0,786;Alimentos;PP-Botella;BOTELLAS GASEOSAS;0,00000;11;2025;-423,73;-5084,70;-813,55;-5898,25;;70000776;Precio Base General;;0010001106;17;;N;03.12.2025 - 11:15:05;101;schlechte Qualität;00130005;1300
CERVECERIA POLAR, C.A;Embotelladoras;N/C Dev. Nac. P.PET;8200001909;Botellas;Venta Directa;20251112;Zona Metropolitana;3000;BOTELLAS  AMBAR  1,5L MALTIN POLAR 52Gr;-6,000;PAL;-7560,000;PZA;-433,74;-2602,45;-416,39;-3018,84;Abono;Crédito 15 Días;20251127;USD;NA;;GV ClReg. Proy. PET;OFICINA PROYECTOS PET;00-0151947;1306000885;Farma S/Impresión;Ambar;120 ml.;G;-393120,000;TO;-0,393;Alimentos;PP-Botella;BOTELLAS GASEOSAS;0,00000;11;2025;-433,74;-2602,45;-416,39;-3018,84;;70000776;Precio Base General;;0010001106;17;;N;03.12.2025 - 11:15:05;101;schlechte Qualität;00130005;1300
CERVECERIA POLAR, C.A;Embotelladoras;N/C Dev. Nac. P.PET;8200001910;Botellas;Venta Directa;20251112;Zona Metropolitana;3000;BOTELLAS  AMBAR  1,5L MALTIN POLAR 52Gr;-6,000;PAL;-7560,000;PZA;-423,73;-2542,35;-406,78;-2949,13;Abono;Crédito 15 Días;20251127;USD;NA;;GV ClReg. Proy. PET;OFICINA PROYECTOS PET;00-0151948;1306000884;Farma S/Impresión;Ambar;120 ml.;G;-393120,000;TO;-0,393;Alimentos;PP-Botella;BOTELLAS GASEOSAS;0,00000;11;2025;-423,73;-2542,35;-406,78;-2949,13;;70000776;Precio Base General;;0010001106;17;;N;03.12.2025 - 11:15:05;101;schlechte Qualität;00130005;1300
CERVECERIA POLAR, C.A;Embotelladoras;N/C Dev. Nac. P.PET;8200001915;Botellas;Venta Directa;20251118;Zona Metropolitana;3004;BOTELLAS  AMBAR  1,5L MALTIN POLAR 52Gr;-18,000;PAL;-22680,000;PZA;-461,31;-8303,60;-1328,58;-9632,18;Abono;Crédito 15 Días;20251203;USD;NA;;GV ClReg. Proy. PET;OFICINA PROYECTOS PET;00-0152005;1306000889;Farma S/Impresión;Ambar;120 ml.;G;-1179360,000;TO;-1,179;Alimentos;PP-Botella;BOTELLAS GASEOSAS;0,00000;11;2025;-461,31;-8303,60;-1328,58;-9632,18;;70000776;Precio Base General;;0010001106;17;;N;03.12.2025 - 11:15:05;101;schlechte Qualität;00130005;1300
CERVECERIA POLAR, C.A;Embotelladoras;N/C Dev. Nac. P.PET;8200001916;Botellas;Venta Directa;20251119;Zona Metropolitana;3004;BOTELLAS  AMBAR  1,5L MALTIN POLAR 52Gr;-14,000;PAL;-17640,000;PZA;-461,31;-6458,36;-1033,34;-7491,70;Abono;Crédito 15 Días;20251204;USD;NA;;GV ClReg. Proy. PET;OFICINA PROYECTOS PET;00-0152015;1306000890;Farma S/Impresión;Ambar;120 ml.;G;-917280,000;TO;-0,917;Alimentos;PP-Botella;BOTELLAS GASEOSAS;0,00000;11;2025;-461,31;-6458,36;-1033,34;-7491,70;;70000776;Precio Base General;;0010001106;17;;N;03.12.2025 - 11:15:05;101;schlechte Qualität;00130005;1300
ALIMENTOS CALVEN, C.A;Manufactura;Fact. Nac. Ampo.;7000011944;Inyecto Soplado;Venta Directa;20251114;Zona Occidente;3000;ENVASE PET TRANSP ESPECIAS 200 G;9045,000;PZA;9045,000;PZA;24,67;223099,00;35695,84;258794,84;Factura;Contado;20251114;VED;NA;;GV ClReg. Ampofr.;HORACIO HERNANDEZ;00-056471;1202009240;Especias;Transparente;200 gr.;G;173211,750;TO;0,173;Alimentos;AM-Especias;ENVASES PT;234,87150;11;2025;0,11;949,88;151,98;1101,86;CALVEN;70000082;Precio Base General;Alimentos;0010001124;17;01;X;03.12.2025 - 11:15:05;;;00120003;1200
ALIMENTOS CALVEN, C.A;Manufactura;Fact. Nac. Ampo.;7000011944;Inyección Liviana;Venta Directa;20251114;Zona Occidente;3000;TAPAS ENVASES ESPECIAS BLANCAS;8000,000;PZA;8000,000;PZA;15,35;122829,36;19652,70;142482,06;Factura;Contado;20251114;VED;NA;;GV ClReg. Ampofr.;HORACIO HERNANDEZ;00-056471;1202009240;Tapa Especie;Blanco;42 gr.;G;45200,000;TO;0,045;Alimentos;AM-Tapas Ampofrasca;TAPAS;234,87150;11;2025;0,07;522,96;83,67;606,64;CALVEN;70000167;Precio Base General;Alimentos;0010001124;17;01;X;03.12.2025 - 11:15:05;;;00120003;1200
GUSTAVO JOSE PINTO RAMOS;Distribuidores Enf.;Fact. Nac. Ampo.;7000011933;Inyecto Soplado;Distribuidor;20251112;Zona Centro Occid.;3000;ENVASE PET AMBAR FARMA 240 ML;1904,000;PZA;1904,000;PZA;62,69;119360,43;19097,68;138458,11;Factura;Contado;20251112;VED;NA;;GV ClReg. Ampofr.;JORGE REYES;00-056460;1202009231;Farma S/Impresión;Ambar;240 ml.;G;43639,680;TO;0,044;Comercializadora;AM-Farma;ENVASES PT;233,04580;11;2025;0,27;512,18;81,95;594,12;GUSTAVO;70000059;Precio Base General;Distribuidor;0010001125;17;01;X;03.12.2025 - 11:15:05;;;00120005;1200
GUSTAVO JOSE PINTO RAMOS;Distribuidores Enf.;Fact. Nac. Ampo.;7000011933;Inyecto Soplado;Distribuidor;20251112;Zona Centro Occid.;3000;ENVASE PET AMBAR FARMA 180 ML;880,000;PZA;880,000;PZA;62,69;55166,58;8826,65;63993,23;Factura;Contado;20251112;VED;NA;;GV ClReg. Ampofr.;JORGE REYES;00-056460;1202009231;Farma S/Impresión;Ambar;180 ml.;G;20794,400;TO;0,021;Comercializadora;AM-Farma;ENVASES PT;233,04580;11;2025;0,27;236,72;37,88;274,60;GUSTAVO;70000058;Precio Base General;Distribuidor;0010001125;17;01;X;03.12.2025 - 11:15:05;;;00120005;1200
GUSTAVO JOSE PINTO RAMOS;Distribuidores Enf.;Fact. Nac. Ampo.;7000011933;Inyecto Soplado;Distribuidor;20251112;Zona Centro Occid.;3000;ENVASE PET AMBAR FARMA 120 ML (18gr);234,000;PZA;234,000;PZA;46,14;10797,46;1727,59;12525,05;Factura;Contado;20251112;VED;NA;;GV ClReg. Ampofr.;JORGE REYES;00-056460;1202009231;Farma S/Impresión;Ambar;120 ml.;G;4212,000;TO;0,004;Comercializadora;AM-Farma;ENVASES PT;233,04580;11;2025;0,20;46,33;7,41;53,75;GUSTAVO;70000667;Precio Base General;Distribuidor;0010001125;17;01;X;03.12.2025 - 11:15:05;;;00120005;1200
GUSTAVO JOSE PINTO RAMOS;Distribuidores Enf.;Fact. Nac. Ampo.;7000011983;Inyecto Soplado;Distribuidor;20251126;Zona Centro Occid.;3000;ENVASE PET AMBAR FARMA 120 ML (18gr);234,48;PZA;234,09;PZA;56,64;9795,62;1913,25;12499,04;Factura;Contado;20251126;VED;NA;;GV ClReg. Ampofr.;JORGE REYES;00-056515;1202009268;Farma S/Impresión;Ambar;120 ml.;G;4212,000;TO;0,004;Comercializadora;AM-Farma;ENVASES PT;243,57270;11;2025;0,22;51,36;8,13;43,81;GUSTAVO;70000667;Precio Base General;Distribuidor;0010001125;17;01;X;03.12.2025 - 11:15:05;;;00120005;1200
GUSTAVO JOSE PINTO RAMOS;Distribuidores Enf.;Fact. Nac. Ampo.;7000011983;Inyecto Soplado;Distribuidor;20251126;Zona Centro Occid.;3000;ENVASE PET AMBAR FARMA 240 ML;1680,000;PZA;1680,000;PZA;63,09;105983,05;16957,28;122940,33;Factura;Contado;20251126;VED;NA;;GV ClReg. Ampofr.;JORGE REYES;00-056515;1202009268;Farma S/Impresión;Ambar;240 ml.;G;38505,600;TO;0,039;Comercializadora;AM-Farma;ENVASES PT;243,57270;11;2025;0,26;435,12;69,62;504,74;GUSTAVO;70000059;Precio Base General;Distribuidor;0010001125;17;01;X;03.12.2025 - 11:15:05;;;00120005;1200
ALIMENTOS POLAR COMERCIAL, C.A.;Manufactura;Fact. Nac. Ampo.;7000011900;Inyecto Soplado;Venta Directa;20251104;Zona Metropolitana;3000;ENVASE PET MAYONESA 200 ML;24,000;PAL;202752,000;PZA;1388,34;33320,26;5331,24;38651,50;Factura;Crédito 15 Días;20251119;USD;NA;;GV ClReg. Ampofr.;OFICINA AMPOFRASCA;00-056427;1202009204;Especias;Transparente;200 gr.;G;3902976,000;TO;3,903;Alimentos;AM-Especias;ENVASES PT;0,00000;11;2025;1388,34;33320,26;5331,24;38651,50;MME-PULMON;70000666;Precio Base General;;0010001154;17;01;X;03.12.2025 - 11:15:05;;;00120002;1200
ALIMENTOS POLAR COMERCIAL, C.A.;Manufactura;Fact. Nac. Ampo.;7000011901;Servicios;Venta Directa;20251104;Zona Metropolitana;;FLETE POR VIAJE CORTINERO;1,000;SER;1,000;SER;318,00;318,00;0,00;318,00;Factura;Crédito 15 Días;20251119;USD;NA;;GV ClReg. Ampofr.;OFICINA AMPOFRASCA;00-056428;1202009205;Servicios Administrat.;;;KG;0,000;TO;0,000;Alimentos;Fletes;FLETE PROD TERMINADO;0,00000;11;2025;318,00;318,00;0,00;318,00;MME-PULMON;91000036;Precio Base General;;0010001154;17;01;X;03.12.2025 - 11:15:05;;;00120002;1200
ALIMENTOS POLAR COMERCIAL, C.A.;Manufactura;Fact. Nac. Ampo.;7000011902;Inyecto Soplado;Venta Directa;20251104;Zona Metropolitana;3000;ENVASE PET MAYONESA 200 ML;24,000;PAL;202752,000;PZA;1388,34;33320,26;5331,24;38651,50;Factura;Crédito 15 Días;20251119;USD;NA;;GV ClReg. Ampofr.;OFICINA AMPOFRASCA;00-056429;1202009204;Especias;Transparente;200 gr.;G;3902976,000;TO;3,903;Alimentos;AM-Especias;ENVASES PT;0,00000;11;2025;1388,34;33320,26;5331,24;38651,50;MME-PULMON;70000666;Precio Base General;;0010001154;17;01;X;03.12.2025 - 11:15:05;;;00120002;1200
ALIMENTOS POLAR COMERCIAL, C.A.;Manufactura;Fact. Nac. Ampo.;7000011903;Servicios;Venta Directa;20251104;Zona Metropolitana;;FLETE POR VIAJE CORTINERO;1,000;SER;1,000;SER;318,00;318,00;0,00;318,00;Factura;Crédito 15 Días;20251119;USD;NA;;GV ClReg. Ampofr.;OFICINA AMPOFRASCA;00-056430;1202009205;Servicios Administrat.;;;KG;0,000;TO;0,000;Alimentos;Fletes;FLETE PROD TERMINADO;0,00000;11;2025;318,00;318,00;0,00;318,00;MME-PULMON;91000036;Precio Base General;;0010001154;17;01;X;03.12.2025 - 11:15:05;;;00120002;1200
ALIMENTOS POLAR COMERCIAL, C.A.;Manufactura;Fact. Nac. Ampo.;7000011914;Inyecto Soplado;Venta Directa;20251106;Zona Metropolitana;3000;ENVASE PET MAYONESA 200 ML;24,000;PAL;202752,000;PZA;1334,87;32036,84;5125,89;37162,73;Factura;Crédito 15 Días;20251121;USD;NA;;GV ClReg. Ampofr.;OFICINA AMPOFRASCA;00-056441;1202009221;Especias;Transparente;200 gr.;G;3902976,000;TO;3,903;Alimentos;AM-Especias;ENVASES PT;0,00000;11;2025;1334,87;32036,84;5125,89;37162,73;MME-PULMON;70000666;Precio Base General;;0010001154;17;01;X;03.12.2025 - 11:15:05;;;00120002;1200
ALIMENTOS POLAR COMERCIAL, C.A.;Manufactura;Fact. Nac. Ampo.;7000011915;Servicios;Venta Directa;20251106;Zona Metropolitana;;FLETE POR VIAJE CORTINERO;1,000;SER;1,000;SER;318,00;318,00;0,00;318,00;Factura;Crédito 15 Días;20251121;USD;NA;;GV ClReg. Ampofr.;OFICINA AMPOFRASCA;00-056442;1202009205;Servicios Administrat.;;;KG;0,000;TO;0,000;Alimentos;Fletes;FLETE PROD TERMINADO;0,00000;11;2025;318,00;318,00;0,00;318,00;MME-PULMON;91000036;Precio Base General;;0010001154;17;01;X;03.12.2025 - 11:15:05;;;00120002;1200
ALIMENTOS POLAR COMERCIAL, C.A.;Manufactura;Fact. Nac. Ampo.;7000011923;Inyecto Soplado;Venta Directa;20251109;Zona Metropolitana;3000;ENVASE PET MAYONESA 200 ML;18,000;PAL;152064,000;PZA;1334,78;24026,11;3844,18;27870,29;Factura;Crédito 15 Días;20251124;USD;NA;;GV ClReg. Ampofr.;OFICINA AMPOFRASCA;00-056450;1202009226;Especias;Transparente;200 gr.;G;2927232,000;TO;2,927;Alimentos;AM-Especias;ENVASES PT;0,00000;11;2025;1334,78;24026,11;3844,18;27870,29;MME-PULMON;70000666;Precio Base General;;0010001154;17;01;X;03.12.2025 - 11:15:05;;;00120002;1200
ALIMENTOS POLAR COMERCIAL, C.A.;Manufactura;Fact. Nac. Ampo.;7000011924;Servicios;Venta Directa;20251109;Zona Metropolitana;;FLETE POR VIAJE CORTINERO;1,000;SER;1,000;SER;318,00;318,00;0,00;318,00;Factura;Crédito 15 Días;20251124;USD;NA;;GV ClReg. Ampofr.;OFICINA AMPOFRASCA;00-056451;1202009205;Servicios Administrat.;;;KG;0,000;TO;0,000;Alimentos;Fletes;FLETE PROD TERMINADO;0,00000;11;2025;318,00;318,00;0,00;318,00;MME-PULMON;91000036;Precio Base General;;0010001154;17;01;X;03.12.2025 - 11:15:05;;;00120002;1200
ALIMENTOS POLAR COMERCIAL, C.A.;Manufactura;Fact. Nac. Ampo.;7000011928;Inyecto Soplado;Venta Directa;20251110;Zona Metropolitana;3000;ENVASE PET MAYONESA 200 ML;24,000;PAL;202752,000;PZA;1334,78;32034,82;5125,57;37160,39;Factura;Crédito 15 Días;20251125;USD;NA;;GV ClReg. Ampofr.;OFICINA AMPOFRASCA;00-056455;1202009226;Especias;Transparente;200 gr.;G;3902976,000;TO;3,903;Alimentos;AM-Especias;ENVASES PT;0,00000;11;2025;1334,78;32034,82;5125,57;37160,39;MME-PULMON;70000666;Precio Base General;;0010001154;17;01;X;03.12.2025 - 11:15:05;;;00120002;1200
ALIMENTOS POLAR COMERCIAL, C.A.;Manufactura;Fact. Nac. Ampo.;7000011929;Servicios;Venta Directa;20251110;Zona Metropolitana;;FLETE POR VIAJE CORTINERO;1,000;SER;1,000;SER;318,00;318,00;0,00;318,00;Factura;Crédito 15 Días;20251125;USD;NA;;GV ClReg. Ampofr.;OFICINA AMPOFRASCA;00-056456;1202009205;Servicios Administrat.;;;KG;0,000;TO;0,000;Alimentos;Fletes;FLETE PROD TERMINADO;0,00000;11;2025;318,00;318,00;0,00;318,00;MME-PULMON;91000036;Precio Base General;;0010001154;17;01;X;03.12.2025 - 11:15:05;;;00120002;1200
ALIMENTOS POLAR COMERCIAL, C.A.;Manufactura;Fact. Nac. Ampo.;7000011930;Inyecto Soplado;Venta Directa;20251111;Zona Metropolitana;3000;ENVASE PET MAYONESA 200 ML;20,000;PAL;168960,000;PZA;1334,78;26695,68;4271,31;30966,99;Factura;Crédito 15 Días;20251126;USD;NA;;GV ClReg. Ampofr.;OFICINA AMPOFRASCA;00-056457;1202009226;Especias;Transparente;200 gr.;G;3252480,000;TO;3,252;Alimentos;AM-Especias;ENVASES PT;0,00000;11;2025;1334,78;26695,68;4271,31;30966,99;MME-PULMON;70000666;Precio Base General;;0010001154;17;01;X;03.12.2025 - 11:15:05;;;00120002;1200
ALIMENTOS POLAR COMERCIAL, C.A.;Manufactura;Fact. Nac. Ampo.;7000011931;Servicios;Venta Directa;20251111;Zona Metropolitana;;FLETE POR VIAJE CORTINERO;1,000;SER;1,000;SER;318,00;318,00;0,00;318,00;Factura;Crédito 15 Días;20251126;USD;NA;;GV ClReg. Ampofr.;OFICINA AMPOFRASCA;00-056458;1202009205;Servicios Administrat.;;;KG;0,000;TO;0,000;Alimentos;Fletes;FLETE PROD TERMINADO;0,00000;11;2025;318,00;318,00;0,00;318,00;MME-PULMON;91000036;Precio Base General;;0010001154;17;01;X;03.12.2025 - 11:15:05;;;00120002;1200
ALIMENTOS POLAR COMERCIAL, C.A.;Manufactura;Fact. Nac. Ampo.;7000011939;Inyecto Soplado;Venta Directa;20251113;Zona Metropolitana;3000;ENVASE PET MAYONESA 200 ML;24,000;PAL;202752,000;PZA;1365,70;32776,89;5244,30;38021,19;Factura;Crédito 15 Días;20251128;USD;NA;;GV ClReg. Ampofr.;OFICINA AMPOFRASCA;00-056466;1202009236;Especias;Transparente;200 gr.;G;3902976,000;TO;3,903;Alimentos;AM-Especias;ENVASES PT;0,00000;11;2025;1365,70;32776,89;5244,30;38021,19;MME-PULMON;70000666;Precio Base General;;0010001154;17;01;X;03.12.2025 - 11:15:05;;;00120002;1200
ALIMENTOS POLAR COMERCIAL, C.A.;Manufactura;Fact. Nac. Ampo.;7000011940;Servicios;Venta Directa;20251113;Zona Metropolitana;;FLETE POR VIAJE CORTINERO;1,000;SER;1,000;SER;318,00;318,00;0,00;318,00;Factura;Crédito 15 Días;20251128;USD;NA;;GV ClReg. Ampofr.;OFICINA AMPOFRASCA;00-056467;1202009205;Servicios Administrat.;;;KG;0,000;TO;0,000;Alimentos;Fletes;FLETE PROD TERMINADO;0,00000;11;2025;318,00;318,00;0,00;318,00;MME-PULMON;91000036;Precio Base General;;0010001154;17;01;X;03.12.2025 - 11:15:05;;;00120002;1200
ALIMENTOS POLAR COMERCIAL, C.A.;Manufactura;Fact. Nac. Ampo.;7000011945;Inyecto Soplado;Venta Directa;20251116;Zona Metropolitana;3000;ENVASE PET MAYONESA 200 ML;22,000;PAL;185856,000;PZA;1365,70;30045,48;4807,28;34852,76;Factura;Crédito 15 Días;20251201;USD;NA;;GV ClReg. Ampofr.;OFICINA AMPOFRASCA;00-056472;1202009236;Especias;Transparente;200 gr.;G;3577728,000;TO;3,578;Alimentos;AM-Especias;ENVASES PT;0,00000;11;2025;1365,70;30045,48;4807,28;34852,76;MME-PULMON;70000666;Precio Base General;;0010001154;17;01;X;03.12.2025 - 11:15:05;;;00120002;1200
ALIMENTOS POLAR COMERCIAL, C.A.;Manufactura;Fact. Nac. Ampo.;7000011946;Servicios;Venta Directa;20251116;Zona Metropolitana;;FLETE POR VIAJE CORTINERO;1,000;SER;1,000;SER;318,00;318,00;0,00;318,00;Factura;Crédito 15 Días;20251201;USD;NA;;GV ClReg. Ampofr.;OFICINA AMPOFRASCA;00-056477;1202009205;Servicios Administrat.;;;KG;0,000;TO;0,000;Alimentos;Fletes;FLETE PROD TERMINADO;0,00000;11;2025;318,00;318,00;0,00;318,00;MME-PULMON;91000036;Precio Base General;;0010001154;17;01;X;03.12.2025 - 11:15:05;;;00120002;1200
ALIMENTOS POLAR COMERCIAL, C.A.;Manufactura;Fact. Nac. Ampo.;7000011951;Inyecto Soplado;Venta Directa;20251117;Zona Metropolitana;3000;ENVASE PET MAYONESA 200 ML;20,000;PAL;168960,000;PZA;1365,70;27314,07;4370,25;31684,32;Factura;Crédito 15 Días;20251202;USD;NA;;GV ClReg. Ampofr.;OFICINA AMPOFRASCA;00-056482;1202009236;Especias;Transparente;200 gr.;G;3252480,000;TO;3,252;Alimentos;AM-Especias;ENVASES PT;0,00000;11;2025;1365,70;27314,07;4370,25;31684,32;MME-PULMON;70000666;Precio Base General;;0010001154;17;01;X;03.12.2025 - 11:15:05;;;00120002;1200
ALIMENTOS POLAR COMERCIAL, C.A.;Manufactura;Fact. Nac. Ampo.;7000011952;Servicios;Venta Directa;20251117;Zona Metropolitana;;FLETE POR VIAJE CORTINERO;1,000;SER;1,000;SER;318,00;318,00;0,00;318,00;Factura;Crédito 15 Días;20251202;USD;NA;;GV ClReg. Ampofr.;OFICINA AMPOFRASCA;00-056483;1202009205;Servicios Administrat.;;;KG;0,000;TO;0,000;Alimentos;Fletes;FLETE PROD TERMINADO;0,00000;11;2025;318,00;318,00;0,00;318,00;MME-PULMON;91000036;Precio Base General;;0010001154;17;01;X;03.12.2025 - 11:15:05;;;00120002;1200
ALIMENTOS POLAR COMERCIAL, C.A.;Manufactura;Fact. Nac. Ampo.;7000011958;Inyecto Soplado;Venta Directa;20251119;Zona Metropolitana;3000;ENVASE PET MAYONESA 200 ML;21,15;PAL;162591,64;PZA;1531,96;24924,16;3677,69;29205,93;Factura;Crédito 15 Días;20251204;USD;NA;;GV ClReg. Ampofr.;OFICINA AMPOFRASCA;00-056489;1202009253;Especias;Transparente;200 gr.;G;3252480,000;TO;3,252;Alimentos;AM-Especias;ENVASES PT;0,00000;11;2025;1303,92;24661,87;3760,85;35718,42;MME-PULMON;70000666;Precio Base General;;0010001154;17;01;X;03.12.2025 - 11:15:05;;;00120002;1200
ALIMENTOS POLAR COMERCIAL, C.A.;Manufactura;Fact. Nac. Ampo.;7000011959;Servicios;Venta Directa;20251119;Zona Metropolitana;;FLETE POR VIAJE CORTINERO;1,000;SER;1,000;SER;318,00;318,00;0,00;318,00;Factura;Crédito 15 Días;20251204;USD;NA;;GV ClReg. Ampofr.;OFICINA AMPOFRASCA;00-056490;1202009205;Servicios Administrat.;;;KG;0,000;TO;0,000;Alimentos;Fletes;FLETE PROD TERMINADO;0,00000;11;2025;318,00;318,00;0,00;318,00;MME-PULMON;91000036;Precio Base General;;0010001154;17;01;X;03.12.2025 - 11:15:05;;;00120002;1200
ALIMENTOS POLAR COMERCIAL, C.A.;Manufactura;Fact. Nac. Ampo.;7000011962;Inyecto Soplado;Venta Directa;20251120;Zona Metropolitana;3000;ENVASE PET MAYONESA 200 ML;18,000;PAL;152064,000;PZA;1371,45;24686,07;3949,77;28635,84;Factura;Crédito 15 Días;20251205;USD;NA;;GV ClReg. Ampofr.;OFICINA AMPOFRASCA;00-056493;1202009253;Especias;Transparente;200 gr.;G;2927232,000;TO;2,927;Alimentos;AM-Especias;ENVASES PT;0,00000;11;2025;1371,45;24686,07;3949,77;28635,84;MME-PULMON;70000666;Precio Base General;;0010001154;17;01;X;03.12.2025 - 11:15:05;;;00120002;1200
ALIMENTOS POLAR COMERCIAL, C.A.;Manufactura;Fact. Nac. Ampo.;7000011963;Servicios;Venta Directa;20251120;Zona Metropolitana;;FLETE POR VIAJE CORTINERO;1,000;SER;1,000;SER;318,00;318,00;0,00;318,00;Factura;Crédito 15 Días;20251205;USD;NA;;GV ClReg. Ampofr.;OFICINA AMPOFRASCA;00-056494;1202009205;Servicios Administrat.;;;KG;0,000;TO;0,000;Alimentos;Fletes;FLETE PROD TERMINADO;0,00000;11;2025;318,00;318,00;0,00;318,00;MME-PULMON;91000036;Precio Base General;;0010001154;17;01;X;03.12.2025 - 11:15:05;;;00120002;1200
ALIMENTOS POLAR COMERCIAL, C.A.;Manufactura;Fact. Nac. Ampo.;7000011970;Inyecto Soplado;Venta Directa;20251123;Zona Metropolitana;3000;ENVASE PET MAYONESA 200 ML;18,000;PAL;152064,000;PZA;1371,45;24686,07;3949,77;28635,84;Factura;Crédito 15 Días;20251208;USD;NA;;GV ClReg. Ampofr.;OFICINA AMPOFRASCA;00-056502;1202009253;Especias;Transparente;200 gr.;G;2927232,000;TO;2,927;Alimentos;AM-Especias;ENVASES PT;0,00000;11;2025;1371,45;24686,07;3949,77;28635,84;MME-PULMON;70000666;Precio Base General;;0010001154;17;01;X;03.12.2025 - 11:15:05;;;00120002;1200
ALIMENTOS POLAR COMERCIAL, C.A.;Manufactura;Fact. Nac. Ampo.;7000011971;Servicios;Venta Directa;20251123;Zona Metropolitana;;FLETE POR VIAJE CORTINERO;1,000;SER;1,000;SER;318,00;318,00;0,00;318,00;Factura;Crédito 15 Días;20251208;USD;NA;;GV ClReg. Ampofr.;OFICINA AMPOFRASCA;00-056503;1202009205;Servicios Administrat.;;;KG;0,000;TO;0,000;Alimentos;Fletes;FLETE PROD TERMINADO;0,00000;11;2025;318,00;318,00;0,00;318,00;MME-PULMON;91000036;Precio Base General;;0010001154;17;01;X;03.12.2025 - 11:15:05;;;00120002;1200
ALIMENTOS POLAR COMERCIAL, C.A.;Manufactura;Fact. Nac. Ampo.;7000011975;Inyecto Soplado;Venta Directa;20251124;Zona Metropolitana;3000;ENVASE PET MAYONESA 200 ML;24,000;PAL;202752,000;PZA;1371,87;32924,90;5267,98;38192,88;Factura;Crédito 15 Días;20251209;USD;NA;;GV ClReg. Ampofr.;OFICINA AMPOFRASCA;00-056507;1202009262;Especias;Transparente;200 gr.;G;3902976,000;TO;3,903;Alimentos;AM-Especias;ENVASES PT;0,00000;11;2025;1371,87;32924,90;5267,98;38192,88;MME-PULMON;70000666;Precio Base General;;0010001154;17;01;X;03.12.2025 - 11:15:05;;;00120002;1200
ALIMENTOS POLAR COMERCIAL, C.A.;Manufactura;Fact. Nac. Ampo.;7000011976;Servicios;Venta Directa;20251124;Zona Metropolitana;;FLETE POR VIAJE CORTINERO;1,000;SER;1,000;SER;318,00;318,00;0,00;318,00;Factura;Crédito 15 Días;20251209;USD;NA;;GV ClReg. Ampofr.;OFICINA AMPOFRASCA;00-056508;1202009205;Servicios Administrat.;;;KG;0,000;TO;0,000;Alimentos;Fletes;FLETE PROD TERMINADO;0,00000;11;2025;318,00;318,00;0,00;318,00;MME-PULMON;91000036;Precio Base General;;0010001154;17;01;X;03.12.2025 - 11:15:05;;;00120002;1200
ALIMENTOS POLAR COMERCIAL, C.A.;Manufactura;Fact. Nac. Ampo.;7000011981;Inyecto Soplado;Venta Directa;20251126;Zona Metropolitana;3000;ENVASE PET MAYONESA 200 ML;24,000;PAL;202752,000;PZA;1371,87;32924,90;5267,98;38192,88;Factura;Crédito 15 Días;20251211;USD;NA;;GV ClReg. Ampofr.;OFICINA AMPOFRASCA;00-056513;1202009262;Especias;Transparente;200 gr.;G;3902976,000;TO;3,903;Alimentos;AM-Especias;ENVASES PT;0,00000;11;2025;1371,87;32924,90;5267,98;38192,88;MME-PULMON;70000666;Precio Base General;;0010001154;17;01;X;03.12.2025 - 11:15:05;;;00120002;1200
ALIMENTOS POLAR COMERCIAL, C.A.;Manufactura;Fact. Nac. Ampo.;7000011982;Servicios;Venta Directa;20251126;Zona Metropolitana;;FLETE POR VIAJE CORTINERO;1,000;SER;1,000;SER;318,00;318,00;0,00;318,00;Factura;Crédito 15 Días;20251211;USD;NA;;GV ClReg. Ampofr.;OFICINA AMPOFRASCA;00-056514;1202009205;Servicios Administrat.;;;KG;0,000;TO;0,000;Alimentos;Fletes;FLETE PROD TERMINADO;0,00000;11;2025;318,00;318,00;0,00;318,00;MME-PULMON;91000036;Precio Base General;;0010001154;17;01;X;03.12.2025 - 11:15:05;;;00120002;1200
ALIMENTOS POLAR COMERCIAL, C.A.;Manufactura;Fact. Nac. Ampo.;7000011988;Inyecto Soplado;Venta Directa;20251127;Zona Metropolitana;3000;ENVASE PET MAYONESA 200 ML;17,000;PAL;143616,000;PZA;1450,10;24651,69;3944,27;28595,96;Factura;Crédito 15 Días;20251212;USD;NA;;GV ClReg. Ampofr.;OFICINA AMPOFRASCA;00-056520;1202009275;Especias;Transparente;200 gr.;G;2764608,000;TO;2,765;Alimentos;AM-Especias;ENVASES PT;0,00000;11;2025;1450,10;24651,69;3944,27;28595,96;MME-PULMON;70000666;Precio Base General;;0010001154;17;01;X;03.12.2025 - 11:15:05;;;00120002;1200
ALIMENTOS POLAR COMERCIAL, C.A.;Manufactura;Fact. Nac. Ampo.;7000011989;Inyecto Soplado;Venta Directa;20251127;Zona Metropolitana;3000;ENVASE LIMPIEZA 500ml (P) 25g;6336,000;PZA;6336,000;PZA;0,19;1234,13;197,46;1431,59;Factura;Crédito 15 Días;20251212;USD;NA;;GV ClReg. Ampofr.;OFICINA AMPOFRASCA;00-056521;1202009277;Short Finish;Transparente;29,5 gr.;G;158400,000;TO;0,158;Alimentos;AM-Tapas Ampofrasca;ENVASES PT;0,00000;11;2025;0,19;1234,13;197,46;1431,59;MME-PULMON;70000620;Precio Base General;;0010001154;17;01;X;03.12.2025 - 11:15:05;;;00120002;1200
ALIMENTOS POLAR COMERCIAL, C.A.;Manufactura;Fact. Nac. Ampo.;7000011990;Servicios;Venta Directa;20251127;Zona Metropolitana;;FLETE POR VIAJE CORTINERO;1,000;SER;1,000;SER;318,00;318,00;0,00;318,00;Factura;Crédito 15 Días;20251212;USD;NA;;GV ClReg. Ampofr.;OFICINA AMPOFRASCA;00-056522;1202009205;Servicios Administrat.;;;KG;0,000;TO;0,000;Alimentos;Fletes;FLETE PROD TERMINADO;0,00000;11;2025;318,00;318,00;0,00;318,00;MME-PULMON;91000036;Precio Base General;;0010001154;17;01;X;03.12.2025 - 11:15:05;;;00120002;1200
ALIMENTOS POLAR COMERCIAL, C.A.;Manufactura;Fact. Nac. Proy. PET;8000020007;Servicios;Venta Directa;20251127;Zona Metropolitana;;FLETE POR VIAJE CORTINERO;1,000;SER;1,000;SER;318,00;318,00;0,00;318,00;Factura;Crédito 15 Días;20251212;USD;NA;;GV CClave Proy. PET;OFICINA PROYECTOS PET;00-0152117;1302007638;Servicios Administrat.;;;KG;0,000;TO;0,000;Alimentos;Fletes;FLETE PROD TERMINADO;0,00000;11;2025;318,00;318,00;0,00;318,00;PALO NEGRO;91000036;Precio Base General;Alimentos;0010001154;17;01;X;03.12.2025 - 11:15:05;;;00130005;1300
ALIMENTOS POLAR COMERCIAL, C.A.;Manufactura;Fact. Nac. Proy. PET;8000020008;Tapas PT;Venta Directa;20251127;Zona Metropolitana;3000;TAPA PCO 28MM 1810 DORADA 3,1 G (3.500);408,000;CS;408,000;CS;80,95;33027,60;5284,42;38312,02;Factura;Crédito 15 Días;20251212;USD;NA;;GV CClave Proy. PET;OFICINA PROYECTOS PET;00-0152118;1302007637;Tapas S/Impresión;Blanco;28 mm. 1810;G;4426800,000;TO;4,427;Alimentos;PP-Tap. Long Finish;TAPAS;0,00000;11;2025;80,95;33027,60;5284,42;38312,02;TURMERO;70000402;Precio Base General;Alimentos;0010001154;17;01;X;03.12.2025 - 11:15:05;;;00130005;1300
COMERCIALIZADORA ROYALTY C.A.;Distribuidores Trad.;Fact. Nac. Ampo.;7000011995;Inyecto Soplado;Distribuidor;20251128;Zona Centro Occid.;3000;ENVASE PET AMBAR FARMA 240 ML;4876,86;PZA;4635,07;PZA;59,10;283911,69;47813,27;353548,36;Factura;Contado;20251128;VED;NA;;GV ClReg. Ampofr.;HORACIO HERNANDEZ;00-056527;1202009269;Farma S/Impresión;Ambar;240 ml.;G;102681,600;TO;0,103;Comercializadora;AM-Farma;ENVASES PT;245,66970;11;2025;0,31;1065,28;156,51;1079,28;ROYALTY;70000059;Precio Base General;Distribuidor;0010001156;17;;N;03.12.2025 - 11:15:05;;;00120003;1200
AIDA DEL CARMEN DAZA MUJICA;Distribuidores Trad.;Fact. Nac. Ampo.;7000011907;Inyecto Soplado;Venta Directa;20251105;Zona Occidente;3000;ENVASE PET AMBAR FARMA 180 ML;440,000;PZA;440,000;PZA;58,11;25569,72;4091,16;29660,88;Factura;Contado;20251105;VED;NA;;GV ClReg. Ampofr.;JORGE REYES;00-056434;1202009208;Farma S/Impresión;Ambar;180 ml.;G;10397,200;TO;0,010;Comercializadora;AM-Farma;ENVASES PT;226,13050;11;2025;0,26;113,08;18,09;131,17;AIDA;70000058;Precio Base General;Distribuidor;0010001311;17;;N;03.12.2025 - 11:15:05;;;00120005;1200
AIDA DEL CARMEN DAZA MUJICA;Distribuidores Trad.;Fact. Nac. Ampo.;7000011907;Inyecto Soplado;Venta Directa;20251105;Zona Occidente;3000;CILINDRICO PCO 28MM 200ml (17,82)Gr;1400,000;PZA;1400,000;PZA;34,55;48374,06;7739,84;56113,90;Factura;Contado;20251105;VED;NA;;GV ClReg. Ampofr.;JORGE REYES;00-056434;1202009208;Cosmetica Cilindrica;Transparente;200 ml.;G;24948,000;TO;0,025;Comercializadora;AM-Env. Plásticos;ENVASES PT;226,13050;11;2025;0,15;213,92;34,23;248,15;AIDA;70000469;Precio Base General;Distribuidor;0010001311;17;;N;03.12.2025 - 11:15:05;;;00120005;1200
AIDA DEL CARMEN DAZA MUJICA;Distribuidores Trad.;Fact. Nac. Ampo.;7000011907;Inyecto Soplado;Venta Directa;20251105;Zona Occidente;3000;CILINDRICO PCO 28mm 400ml (23,00)Gr;980,000;PZA;980,000;PZA;44,65;43757,98;7001,28;50759,26;Factura;Contado;20251105;VED;NA;;GV ClReg. Ampofr.;JORGE REYES;00-056434;1202009208;Cosmetica Cilindrica;Transparente;200 ml.;G;22540,000;TO;0,023;Comercializadora;AM-Env. Plásticos;ENVASES PT;226,13050;11;2025;0,20;193,51;30,96;224,47;AIDA;70000470;Precio Base General;Distribuidor;0010001311;17;;N;03.12.2025 - 11:15:05;;;00120005;1200
AIDA DEL CARMEN DAZA MUJICA;Distribuidores Trad.;Fact. Nac. Ampo.;7000011909;Inyecto Soplado;Venta Directa;20251105;Zona Occidente;3000;ENVASE PET AMBAR FARMA 120 ML (18gr);1755,000;PZA;1755,000;PZA;44,77;78571,35;12571,42;91142,77;Factura;Contado;20251105;VED;NA;;GV ClReg. Ampofr.;JORGE REYES;00-056436;1202009214;Farma S/Impresión;Ambar;120 ml.;G;31590,000;TO;0,032;Comercializadora;AM-Farma;ENVASES PT;226,13050;11;2025;0,20;347,46;55,59;403,05;AIDA;70000667;Precio Base General;Distribuidor;0010001311;17;;N;03.12.2025 - 11:15:05;;;00120005;1200
AIDA DEL CARMEN DAZA MUJICA;Distribuidores Trad.;Fact. Nac. Ampo.;7000011966;Inyecto Soplado;Venta Directa;20251121;Zona Occidente;3000;ENVASE MULTIUSOS 500ml  (17,82gr);455,000;PZA;455,000;PZA;39,52;17981,60;2877,06;20858,66;Factura;Contado;20251121;VED;NA;;GV ClReg. Ampofr.;JORGE REYES;00-056497;1202009250;Jugos;Transparente;500 ml.;G;8108,100;TO;0,008;Comercializadora;PP-Botella;ENVASES PT;241,57800;11;2025;0,16;74,43;11,91;86,34;AIDA;70000489;Precio Base General;Distribuidor;0010001311;17;;N;03.12.2025 - 11:15:05;;;00120005;1200
AIDA DEL CARMEN DAZA MUJICA;Distribuidores Trad.;Fact. Nac. Ampo.;7000011967;Inyecto Soplado;Venta Directa;20251121;Zona Occidente;3000;ENVASE PET AMBAR FARMA 120 ML (18gr);1404,000;PZA;1404,000;PZA;46,82;65734,02;10517,44;76251,46;Factura;Contado;20251121;VED;NA;;GV ClReg. Ampofr.;JORGE REYES;00-056498;1202009250;Farma S/Impresión;Ambar;120 ml.;G;25272,000;TO;0,025;Comercializadora;AM-Farma;ENVASES PT;241,57800;11;2025;0,19;272,10;43,54;315,64;AIDA;70000667;Precio Base General;Distribuidor;0010001311;17;;N;03.12.2025 - 11:15:05;;;00120005;1200
AIDA DEL CARMEN DAZA MUJICA;Distribuidores Trad.;Fact. Nac. Ampo.;7000011967;Inyecto Soplado;Venta Directa;20251121;Zona Occidente;3000;Envase ADEREZOS 200ml (17,82)Gr;1200,000;PZA;1200,000;PZA;36,42;43698,00;6991,68;50689,68;Factura;Contado;20251121;VED;NA;;GV ClReg. Ampofr.;JORGE REYES;00-056498;1202009250;Cosmetica Cilindrica;Transparente;200 ml.;G;21384,000;TO;0,021;Comercializadora;AM-Env. Plásticos;ENVASES PT;241,57800;11;2025;0,15;180,89;28,94;209,83;AIDA;70000465;Precio Base General;Distribuidor;0010001311;17;;N;03.12.2025 - 11:15:05;;;00120005;1200
AIDA DEL CARMEN DAZA MUJICA;Distribuidores Trad.;Fact. Nac. Ampo.;7000011968;Inyecto Soplado;Venta Directa;20251121;Zona Occidente;3000;ENVASE PET AMBAR FARMA 240 ML;1344,000;PZA;1344,000;PZA;61,45;82588,28;13214,12;95802,40;Factura;Contado;20251121;VED;NA;;GV ClReg. Ampofr.;JORGE REYES;00-056499;1202009251;Farma S/Impresión;Ambar;240 ml.;G;30804,480;TO;0,031;Comercializadora;AM-Farma;ENVASES PT;241,57800;11;2025;0,25;341,87;54,70;396,57;AIDA;70000059;Precio Base General;Distribuidor;0010001311;17;;N;03.12.2025 - 11:15:05;;;00120005;1200
COSMETICOS LARENSE, C.A;Manufactura;Fact. Nac. Ampo.;7000011960;Inyecto Soplado;Venta Directa;20251120;Zona Occidente;3000;ENVASE PET TRANSP COSMETIC OVAL 200 ML;1200,000;PZA;1200,000;PZA;60,77;72918,12;11666,90;84585,02;Factura;Contado;20251120;VED;NA;;GV ClReg. Ampofr.;JORGE REYES;00-056491;1202009229;Cosmetica Oval;Transparente;200 ml.;G;28440,000;TO;0,028;Cuidado Personal;AM-Cosmética;ENVASES PT;240,32090;11;2025;0,25;303,42;48,55;351,97;LARENSE;70000077;Precio Base General;Cosmetica;0010001367;17;01;X;03.12.2025 - 11:15:05;;;00120005;1200
INDUVAR, S.A.;Manufactura;N/C Dev. Nac. Ampo.;7200000771;Inyección Liviana;Venta Directa;20251121;Zona Centro;3000;TAPA PUSH&PULL BLANCA (PH);-18617,19;PZA;-19441,67;PZA;-5,29;-109830,65;-21261,93;-112842,99;Abono;Contado;20251121;VED;NA;;GV ClReg. Ampofr.;RAMON DAZA;00-056501;1206000333;Tapas Push & Pull;Blanco;Vacío;G;-70000,000;TO;-0,070;Cuidado Personal;AM-Tapas Ampofrasca;TAPAS;241,57800;11;2025;-0,02;-479,93;-65,77;-665,39;INDUVAR, S.A.;70000355;Precio Base General;Cosmetica;0010001427;17;01;X;03.12.2025 - 11:15:05;101;schlechte Qualität;00120004;1200
INVERSIONES CJ21, C.A.;Manufactura;Fact. Nac. Ampo.;7000011906;Inyecto Soplado;Venta Directa;20251105;Zona Centro;3000;ENVASE PET BLANCO COSMETIC OVAL 200 ML;120,000;PZA;120,000;PZA;59,01;7081,43;1133,03;8214,46;Factura;Contado;20251105;VED;NA;;GV ClReg. Ampofr.;JORGE REYES;00-056433;1202009206;Cosmetica Oval;Blanco;200 ml.;G;2922,000;TO;0,003;Cuidado Personal;AM-Cosmética;ENVASES PT;226,13050;11;2025;0,26;31,32;5,01;36,33;;70000155;Precio Base General;Cosmetica;0010001663;17;01;X;03.12.2025 - 11:15:05;;;00120005;1200
INVERSIONES CJ21, C.A.;Manufactura;Fact. Nac. Ampo.;7000011906;Inyecto Soplado;Venta Directa;20251105;Zona Centro;3000;ENVASE PET TRANSP COSMETIC OVAL 200 ML;120,000;PZA;120,000;PZA;59,01;7081,43;1133,03;8214,46;Factura;Contado;20251105;VED;NA;;GV ClReg. Ampofr.;JORGE REYES;00-056433;1202009206;Cosmetica Oval;Transparente;200 ml.;G;2844,000;TO;0,003;Cuidado Personal;AM-Cosmética;ENVASES PT;226,13050;11;2025;0,26;31,32;5,01;36,33;;70000077;Precio Base General;Cosmetica;0010001663;17;01;X;03.12.2025 - 11:15:05;;;00120005;1200
INVERSIONES CJ21, C.A.;Manufactura;Fact. Nac. Ampo.;7000011978;Inyecto Soplado;Venta Directa;20251125;Zona Centro;3000;ENV PET TRANSP COSMETIC OVAL 100 ML (PH);117,000;PZA;117,000;PZA;41,22;4822,27;771,56;5593,83;Factura;Contado;20251125;VED;NA;;GV ClReg. Ampofr.;JORGE REYES;00-056510;1202009258;Cosmetica Cilindrica;Transparente;100 ml.;G;1872,000;TO;0,002;Cuidado Personal;AM-Cosmética;ENVASES PT;243,11050;11;2025;0,17;19,84;3,17;23,01;;70000421;Precio Base General;Cosmetica;0010001663;17;01;X;03.12.2025 - 11:15:05;;;00120005;1200
INVERSIONES CJ21, C.A.;Manufactura;Fact. Nac. Ampo.;7000011978;Inyecto Soplado;Venta Directa;20251125;Zona Centro;3000;ENVASE PET BLANCO COSMETIC OVAL 200 ML;120,000;PZA;120,000;PZA;65,15;7817,54;1250,81;9068,35;Factura;Contado;20251125;VED;NA;;GV ClReg. Ampofr.;JORGE REYES;00-056510;1202009258;Cosmetica Oval;Blanco;200 ml.;G;2922,000;TO;0,003;Cuidado Personal;AM-Cosmética;ENVASES PT;243,11050;11;2025;0,27;32,16;5,15;37,30;;70000155;Precio Base General;Cosmetica;0010001663;17;01;X;03.12.2025 - 11:15:05;;;00120005;1200
AGROINDUSTRIA PUPPY & PETS, C.A.;Manufactura;Fact. Nac. Ampo.;7000011922;Inyecto Soplado;Venta Directa;20251107;Zona Centro Occid.;3000;CILINDRICO PCO 28mm 400ml (23,00)Gr;980,000;PZA;980,000;PZA;52,34;51292,02;8206,72;59498,74;Factura;Contado;20251107;VED;NA;;GV ClReg. Ampofr.;JORGE REYES;00-056449;1202009225;Cosmetica Cilindrica;Transparente;200 ml.;G;22540,000;TO;0,023;Agroindustrial;AM-Env. Plásticos;ENVASES PT;228,47960;11;2025;0,23;224,49;35,92;260,41;PUPPY & PETS;70000470;Precio Base General;Cosmetica;0010001823;17;;N;03.12.2025 - 11:15:05;;;00120005;1200
AGROINDUSTRIA PUPPY & PETS, C.A.;Manufactura;Fact. Nac. Ampo.;7000011969;Inyecto Soplado;Venta Directa;20251121;Zona Centro Occid.;3000;CILINDRICO PCO 28mm 400ml (23,00)Gr;1176,000;PZA;1176,000;PZA;54,69;64313,09;10290,09;74603,18;Factura;Contado;20251121;VED;NA;;GV ClReg. Ampofr.;JORGE REYES;00-056500;1202009256;Cosmetica Cilindrica;Transparente;200 ml.;G;27048,000;TO;0,027;Agroindustrial;AM-Env. Plásticos;ENVASES PT;241,57800;11;2025;0,23;266,22;42,60;308,82;PUPPY & PETS;70000470;Precio Base General;Cosmetica;0010001823;17;;N;03.12.2025 - 11:15:05;;;00120005;1200
SOTO GLOBAL GROUP, C.A.;Embotelladoras;Fact. Nac. Ampo.;7000011949;Inyecto Soplado;Venta Directa;20251117;Zona Metropolitana;3000;ENVASE PET AMBAR FARMA  60 ML;6240,000;PZA;6240,000;PZA;35,23;219835,20;35173,63;255008,83;Factura;Contado;20251117;VED;NA;;GV ClReg. Ampofr.;JORGE REYES;00-056480;1202009241;Farma S/Impresión;Ambar;60 ml.;G;87360,000;TO;0,087;Productos De Limpiez;AM-Farma;ENVASES PT;236,46010;11;2025;0,15;929,69;148,75;1078,44;;70000054;Precio Base General;Cosmetica;0010001876;17;;N;03.12.2025 - 11:15:05;;;00120005;1200
SOTO GLOBAL GROUP, C.A.;Embotelladoras;Fact. Nac. Proy. PET;8000019894;Tapas PT;Venta Directa;20251117;Zona Metropolitana;3000;TAPA PCO 28MM 1810 NATURAL 3,10G (3.500);4,000;CS;4,000;CS;16112,25;64449,00;10311,84;74760,84;Factura;Contado;20251117;VED;NA;;GV ClReg. Proy. PET;JORGE REYES;00-0151995;1302007616;Tapas S/Impresión;Transparente;28 mm. 1810;G;43400,000;TO;0,043;Productos De Limpiez;PP-Tap. Long Finish;TAPAS;236,46010;11;2025;68,14;272,56;43,61;316,17;;70000403;Precio Base General;Alimentos;0010001876;17;01;X;03.12.2025 - 11:15:05;;;00120005;1300
INDUSTRIAS FLAMANTE, C.A;Manufactura;Fact. Nac. Ampo.;7000011980;Inyección Liviana;Venta Directa;20251126;Zona Centro Occid.;3000;TAPA PUSH&PULL BLANCA (PH);8194,22;PZA;8417,30;PZA;7,43;69883,16;9792,06;67449,81;Factura;Contado;20251126;VED;NA;;GV ClReg. Ampofr.;JORGE REYES;00-056512;1202009264;Tapas Push & Pull;Blanco;Vacío;G;28000,000;TO;0,028;Industria Química;AM-Tapas Ampofrasca;TAPAS;243,57270;11;2025;0,03;255,51;36,05;250,15;FLAMANTE;70000355;Precio Base General;Cosmetica;0010001927;17;;N;03.12.2025 - 11:15:05;;;00120005;1200
ALIMENTOS TERRE, S.A.;Manufactura;Fact. Nac. Ampo.;7000011919;Inyecto Soplado;Venta Directa;20251107;Zona Occidente;3000;ENVASE PET TRANSP ESPECIAS 200 G;2025,000;PZA;2025,000;PZA;21,83;44210,49;7073,68;51284,17;Factura;Contado;20251107;VED;NA;;GV ClReg. Ampofr.;HORACIO HERNANDEZ;00-056446;1202009169;Especias;Transparente;200 gr.;G;38778,750;TO;0,039;Alimentos;AM-Especias;ENVASES PT;228,47960;11;2025;0,10;193,50;30,96;224,46;ALIMENTOS;70000082;Precio Base General;Alimentos;0010002064;17;;N;03.12.2025 - 11:15:05;;;00120003;1200
ALIMENTOS TERRE, S.A.;Manufactura;Fact. Nac. Ampo.;7000011919;Inyección Liviana;Venta Directa;20251107;Zona Occidente;3000;TAPA FLIP TOP ESPECIAS 5 ORIFICIO VERDE;2000,000;PZA;2000,000;PZA;16,84;33674,64;5387,94;39062,58;Factura;Contado;20251107;VED;NA;;GV ClReg. Ampofr.;HORACIO HERNANDEZ;00-056446;1202009169;Tapa Especie;Blanco;42 gr.;G;13980,000;TO;0,014;Alimentos;AM-Tapas Ampofrasca;TAPAS;228,47960;11;2025;0,07;147,39;23,58;170,97;ALIMENTOS;70000783;Precio Base General;Alimentos;0010002064;17;;N;03.12.2025 - 11:15:05;;;00120003;1200
LABORATORIO BIOFAR, C.A.;Manufactura;Fact. Nac. Ampo.;7000011904;Inyecto Soplado;Venta Directa;20251104;Zona Metropolitana;3000;ENVASE PET TRANSP FARMA 180 ML;9064,000;PZA;9064,000;PZA;69,43;629297,93;100687,67;729985,60;Factura;Contado;20251104;VED;NA;;GV ClReg. Ampofr.;RAMON DAZA;00-056431;1202009207;Farma S/Impresión;Transparente;180 ml.;G;213547,840;TO;0,214;Comercializadora;AM-Farma;ENVASES PT;224,37620;11;2025;0,31;2804,66;448,74;3253,40;LABORATORIO;70000087;Precio Base General;Farma;0010002148;17;;N;03.12.2025 - 11:15:05;;;00120004;1200
LABORATORIO BIOFAR, C.A.;Manufactura;Fact. Nac. Proy. PET;8000019728;Tapas PT;Venta Directa;20251104;Zona Metropolitana;3000;TAPA PCO 1810 Blanca 28MM 3,10 G (3500);3,000;CS;3,000;CS;18499,51;55498,53;8879,76;64378,29;Factura;Contado;20251104;VED;NA;;GV ClReg. Proy. PET;HORACIO HERNANDEZ;00-0151813;1302007585;Tapas S/Impresión;Blanco;28 mm. 1810;G;32550,000;TO;0,033;Comercializadora;PP-Tap. Long Finish;TAPAS;224,37620;11;2025;82,45;247,35;39,58;286,92;LABORATORIO;70000401;Precio Base General;Farma;0010002148;17;;N;03.12.2025 - 11:15:05;;;00120003;1300
CORPORACION MANANTIAL, C.A.;Manufactura;Fact. Nac. Ampo.;7000011912;Inyecto Soplado;Venta Directa;20251106;Zona Centro;3000;ENVASE PET TRANSP ESPECIAS 200 G;10125,000;PZA;10125,000;PZA;23,79;240895,42;38543,27;279438,69;Factura;Contado;20251106;VED;NA;;GV ClReg. Ampofr.;HORACIO HERNANDEZ;00-056439;1202009215;Especias;Transparente;200 gr.;G;193893,750;TO;0,194;Alimentos;AM-Especias;ENVASES PT;227,55670;11;2025;0,10;1058,62;169,38;1228,00;CORPORACION;70000082;Precio Base General;Alimentos;0010002238;17;;N;03.12.2025 - 11:15:05;;;00120003;1200
LABORATORIOS FISA C.A.;Manufactura;Fact. Nac. Ampo.;7000011917;Inyección Liviana;Venta Directa;20251107;Zona Metropolitana;3000;TAPA PUSH&PULL MARRON (F);7619,34;PZA;8240,96;PZA;13,06;109528,79;15648,59;104095,97;Factura;Contado;20251107;VED;NA;;GV ClReg. Ampofr.;RAMON DAZA;00-056444;1202009223;Tapas Push & Pull;;Vacío;G;36000,000;TO;0,036;Cuidado Personal;AM-Tapas Ampofrasca;TAPAS;228,47960;11;2025;0,06;512,01;76,89;490,29;LABORATORIOS  FISA;70000586;Precio Base General;Cosmetica;0010002352;17;01;X;03.12.2025 - 11:15:05;;;00120004;1200
LABORATORIOS FISA C.A.;Manufactura;Fact. Nac. Ampo.;7000011918;Inyección Liviana;Venta Directa;20251107;Zona Metropolitana;3000;TAPA PUSH&PULL MARRON (F);10000,000;PZA;10000,000;PZA;14,39;143942,10;23030,74;166972,84;Factura;Contado;20251107;VED;NA;;GV ClReg. Ampofr.;RAMON DAZA;00-056445;1202009224;Tapas Push & Pull;;Vacío;G;45000,000;TO;0,045;Cuidado Personal;AM-Tapas Ampofrasca;TAPAS;228,47960;11;2025;0,06;630,00;100,80;730,80;LABORATORIOS  FISA;70000586;Precio Base General;Cosmetica;0010002352;17;01;X;03.12.2025 - 11:15:05;;;00120004;1200
PLASTIENVASES BARINAS, C.A;Manufactura;Fact. Nac. Ampo.;7000011905;Inyecto Soplado;Venta Directa;20251105;Zona Llanos;3000;ENVASE PET AMBAR FARMA 120 ML (18gr);585,000;PZA;585,000;PZA;38,80;22698,41;3631,75;26330,16;Factura;Contado;20251105;VED;NA;;GV ClReg. Ampofr.;GLISNEIDY ISABEL FARFAR;00-056432;1202009097;Farma S/Impresión;Ambar;120 ml.;G;10530,000;TO;0,011;Comercializadora;AM-Farma;ENVASES PT;226,13050;11;2025;0,17;100,38;16,06;116,44;PLASTIENVASES BARINA;70000667;Precio Base General;;0010002564;17;02;X;03.12.2025 - 11:15:05;;;00100095;1200
PLASTIENVASES BARINAS, C.A;Manufactura;Fact. Nac. Ampo.;7000011986;Inyecto Soplado;Venta Directa;20251127;Zona Llanos;3000;Envase ADEREZOS 275ml (23,00)Gr;604,26;PZA;603,20;PZA;0,12;73,66;14,17;109,66;Factura;Contado;20251127;USD;NA;;GV ClReg. Ampofr.;GLISNEIDY ISABEL FARFAR;00-056518;1202009271;Cosmetica Cilindrica;Transparente;200 ml.;G;14904,000;TO;0,015;Comercializadora;AM-Env. Plásticos;ENVASES PT;0,00000;11;2025;0,10;92,78;14,35;84,79;PLASTIENVASES BARINA;70000467;Precio Base General;;0010002564;17;02;X;03.12.2025 - 11:15:05;;;00100095;1200
PLASTIENVASES BARINAS, C.A;Manufactura;Fact. Nac. Ampo.;7000011986;Inyecto Soplado;Venta Directa;20251127;Zona Llanos;3000;CILINDRICO PCO 28MM 200ml (17,82)Gr;1400,000;PZA;1400,000;PZA;0,12;170,80;27,32;198,12;Factura;Contado;20251127;USD;NA;;GV ClReg. Ampofr.;GLISNEIDY ISABEL FARFAR;00-056518;1202009271;Cosmetica Cilindrica;Transparente;200 ml.;G;24948,000;TO;0,025;Comercializadora;AM-Env. Plásticos;ENVASES PT;0,00000;11;2025;0,12;170,80;27,32;198,12;PLASTIENVASES BARINA;70000469;Precio Base General;;0010002564;17;02;X;03.12.2025 - 11:15:05;;;00100095;1200
PLASTIENVASES BARINAS, C.A;Manufactura;Fact. Nac. Ampo.;7000011986;Inyecto Soplado;Venta Directa;20251127;Zona Llanos;3000;CILINDRICO PCO 28mm 400ml (23,00)Gr;1078,000;PZA;1078,000;PZA;0,16;169,79;27,17;196,96;Factura;Contado;20251127;USD;NA;;GV ClReg. Ampofr.;GLISNEIDY ISABEL FARFAR;00-056518;1202009271;Cosmetica Cilindrica;Transparente;200 ml.;G;24794,000;TO;0,025;Comercializadora;AM-Env. Plásticos;ENVASES PT;0,00000;11;2025;0,16;169,79;27,17;196,96;PLASTIENVASES BARINA;70000470;Precio Base General;;0010002564;17;02;X;03.12.2025 - 11:15:05;;;00100095;1200
ALFONZO RIVAS & CIA, C.A.;Manufactura;Fact. Nac. Ampo.;7000011972;Inyección Liviana;Venta Directa;20251124;Zona Metropolitana;3000;TAPA ROJA 5 ORIFICIOS P/ ENV ESPECIAS(AR;100000,000;PZA;100000,000;PZA;0,09;8722,00;1395,52;10117,52;Factura;Contado;20251124;USD;NA;;GV ClReg. Ampofr.;HORACIO HERNANDEZ;00-056504;1202009259;Tapa Especie;Blanco;42 gr.;G;699000,000;TO;0,699;Alimentos;AM-Tapas Ampofrasca;TAPAS;0,00000;11;2025;0,09;8722,00;1395,52;10117,52;ALFONZO RIVAS & CIA,;70000786;Precio Base General;;0010002567;17;01;X;03.12.2025 - 11:15:05;;;00120003;1200
ALFONZO RIVAS & CIA, C.A.;Manufactura;Fact. Nac. Ampo.;7000011973;Servicios;Venta Directa;20251124;Zona Metropolitana;;FLETE POR VIAJE CAMION 350;1,000;SER;1,000;SER;53,00;53,00;0,00;53,00;Factura;Contado;20251124;USD;NA;;GV ClReg. Ampofr.;HORACIO HERNANDEZ;00-056505;1202009260;Servicios Administrat.;;;KG;0,000;TO;0,000;Alimentos;Fletes;FLETE PROD TERMINADO;0,00000;11;2025;53,00;53,00;0,00;53,00;ALFONZO RIVAS & CIA,;91000016;Precio Base General;;0010002567;17;01;X;03.12.2025 - 11:15:05;;;00120003;1200
REPRESENTACIONES MEDICAL PV, C.A.;Manufactura;Fact. Nac. Ampo.;7000011926;Inyecto Soplado;Venta Directa;20251110;Zona Centro;3000;ENVASE PET AMBAR FARMA 120 ML (18gr);1170,000;PZA;1170,000;PZA;46,93;54910,92;8785,75;63696,67;Factura;Contado;20251110;VED;NA;;GV ClReg. Ampofr.;HORACIO HERNANDEZ;00-056453;1202009227;Farma S/Impresión;Ambar;120 ml.;G;21060,000;TO;0,021;Medicina Humana;AM-Farma;ENVASES PT;231,04620;11;2025;0,20;237,66;38,03;275,69;REPRESENTACIONES MED;70000667;Precio Base General;;0010002672;17;02;X;03.12.2025 - 11:15:05;;;00120003;1200
REPRESENTACIONES MEDICAL PV, C.A.;Manufactura;Fact. Nac. Ampo.;7000011938;Inyecto Soplado;Venta Directa;20251113;Zona Centro;3000;ENVASE PET AMBAR FARMA 120 ML (18gr);1170,000;PZA;1170,000;PZA;46,94;54922,23;8787,56;63709,79;Factura;Contado;20251113;VED;NA;;GV ClReg. Ampofr.;HORACIO HERNANDEZ;00-056465;1202009233;Farma S/Impresión;Ambar;120 ml.;G;21060,000;TO;0,021;Medicina Humana;AM-Farma;ENVASES PT;233,55760;11;2025;0,20;235,15;37,62;272,78;REPRESENTACIONES MED;70000667;Precio Base General;;0010002672;17;02;X;03.12.2025 - 11:15:05;;;00120003;1200
REPRESENTACIONES MEDICAL PV, C.A.;Manufactura;Fact. Nac. Ampo.;7000011950;Inyecto Soplado;Venta Directa;20251117;Zona Centro;3000;ENVASE PET AMBAR FARMA 120 ML (18gr);1170,000;PZA;1170,000;PZA;47,71;55820,06;8931,21;64751,27;Factura;Contado;20251117;VED;NA;;GV ClReg. Ampofr.;HORACIO HERNANDEZ;00-056481;1202009243;Farma S/Impresión;Ambar;120 ml.;G;21060,000;TO;0,021;Medicina Humana;AM-Farma;ENVASES PT;236,46010;11;2025;0,20;236,07;37,77;273,84;REPRESENTACIONES MED;70000667;Precio Base General;;0010002672;17;02;X;03.12.2025 - 11:15:05;;;00120003;1200
REPRESENTACIONES MEDICAL PV, C.A.;Manufactura;Fact. Nac. Ampo.;7000011964;Inyecto Soplado;Venta Directa;20251120;Zona Centro;3000;ENVASE PET AMBAR FARMA 120 ML (18gr);1170,000;PZA;1170,000;PZA;48,29;56504,28;9040,68;65544,96;Factura;Contado;20251120;VED;NA;;GV ClReg. Ampofr.;HORACIO HERNANDEZ;00-056495;1202009257;Farma S/Impresión;Ambar;120 ml.;G;21060,000;TO;0,021;Medicina Humana;AM-Farma;ENVASES PT;240,32090;11;2025;0,20;235,12;37,62;272,74;REPRESENTACIONES MED;70000667;Precio Base General;;0010002672;17;02;X;03.12.2025 - 11:15:05;;;00120003;1200
REPRESENTACIONES MEDICAL PV, C.A.;Manufactura;Fact. Nac. Ampo.;7000011984;Inyecto Soplado;Venta Directa;20251126;Zona Centro;3000;ENVASE PET AMBAR FARMA 120 ML (18gr);4095,000;PZA;4095,000;PZA;49,48;202607,41;32417,19;235024,60;Factura;Contado;20251126;VED;NA;;GV ClReg. Ampofr.;HORACIO HERNANDEZ;00-056516;1202009270;Farma S/Impresión;Ambar;120 ml.;G;73710,000;TO;0,074;Medicina Humana;AM-Farma;ENVASES PT;243,57270;11;2025;0,20;831,81;133,09;964,91;REPRESENTACIONES MED;70000667;Precio Base General;;0010002672;17;02;X;03.12.2025 - 11:15:05;;;00120003;1200
REPRESENTACIONES MEDICAL PV, C.A.;Manufactura;Fact. Nac. Proy. PET;8000019920;Tapas PT;Venta Directa;20251120;Zona Centro;3000;TAPA PCO 1810 Blanca 28MM 3,10 G (3500);2,000;CS;2,000;CS;16328,82;32657,64;5225,22;37882,86;Factura;Contado;20251120;VED;NA;;GV ClReg. Proy. PET;HORACIO HERNANDEZ;00-0152023;1302007625;Tapas S/Impresión;Blanco;28 mm. 1810;G;21700,000;TO;0,022;Medicina Humana;PP-Tap. Long Finish;TAPAS;240,32090;11;2025;67,95;135,89;21,74;157,63;REPRESENTACIONES MED;70000401;Precio Base General;;0010002672;17;02;X;03.12.2025 - 11:15:05;;;00120003;1300
EMBOTELLADORA VISTA HERMOSA, C.A.;Manufactura;Fact. Nac. Proy. PET;8000019940;Servicios;Venta Directa;20251124;Zona Metropolitana;;FLETE POR VIAJE CAMION;1,000;SER;1,000;SER;278,00;278,00;0,00;278,00;Factura;Contado;20251124;USD;NA;;GV ClReg. Proy. PET;HORACIO HERNANDEZ;00-0152043;1302007620;Servicios Administrat.;;;KG;0,000;TO;0,000;Agua;Fletes;FLETE PROD TERMINADO;0,00000;11;2025;278,00;278,00;0,00;278,00;EMBOTELLADORA VISTA;91000002;Precio Base General;;0010002696;17;01;X;03.12.2025 - 11:15:05;;;00120003;1300
SOFT DRINKS COMPANY, C.A.;Manufactura;Fact. Nac. Proy. PET;8000019811;Preformas;Venta Directa;20251110;Zona Centro;3000;PREF TRANSP 38,05 MAQ SOFT DRI CR-8828;188352,000;PZA;188352,000;PZA;0,02;4143,74;663,00;4806,74;Factura;Contado;20251110;USD;NA;;GV ClReg. Proy. PET;GLISNEIDY ISABEL FARFAR;00-0151904;1302007595;Long Finish;Transparente;44 gr.;G;7166793,600;TO;7,167;Carbonatadas;PP-Preforma;PREFORMAS;0,00000;11;2025;0,02;4143,74;663,00;4806,74;SOFT DRINKS COMPANY,;70000762;Precio Base General;;0010002882;17;01;X;03.12.2025 - 11:15:05;;;00100095;1300
SOFT DRINKS COMPANY, C.A.;Manufactura;Fact. Nac. Proy. PET;8000019826;Preformas;Venta Directa;20251111;Zona Centro;3000;PREF TRANSP 38,05 MAQ SOFT DRI CR-8828;188352,000;PZA;188352,000;PZA;0,02;4143,74;663,00;4806,74;Factura;Contado;20251111;USD;NA;;GV ClReg. Proy. PET;GLISNEIDY ISABEL FARFAR;00-0151920;1302007595;Long Finish;Transparente;44 gr.;G;7166793,600;TO;7,167;Carbonatadas;PP-Preforma;PREFORMAS;0,00000;11;2025;0,02;4143,74;663,00;4806,74;SOFT DRINKS COMPANY,;70000762;Precio Base General;;0010002882;17;01;X;03.12.2025 - 11:15:05;;;00100095;1300
SOFT DRINKS COMPANY, C.A.;Manufactura;Fact. Nac. Proy. PET;8000019848;Preformas;Venta Directa;20251111;Zona Centro;3000;PREF TRANSP 38,05 MAQ SOFT DRI CR-8828;188352,000;PZA;188352,000;PZA;0,02;4143,74;663,00;4806,74;Factura;Contado;20251111;USD;NA;;GV ClReg. Proy. PET;GLISNEIDY ISABEL FARFAR;00-0151942;1302007595;Long Finish;Transparente;44 gr.;G;7166793,600;TO;7,167;Carbonatadas;PP-Preforma;PREFORMAS;0,00000;11;2025;0,02;4143,74;663,00;4806,74;SOFT DRINKS COMPANY,;70000762;Precio Base General;;0010002882;17;01;X;03.12.2025 - 11:15:05;;;00100095;1300
SOFT DRINKS COMPANY, C.A.;Manufactura;Fact. Nac. Proy. PET;8000019855;Preformas;Venta Directa;20251112;Zona Centro;3000;PREFORMAS 42,64GR CR 8828 MAQ SOFT DRI;185472,000;PZA;185472,000;PZA;0,03;5063,39;810,14;5873,53;Factura;Contado;20251112;USD;NA;;GV ClReg. Proy. PET;GLISNEIDY ISABEL FARFAR;00-0151954;1302007609;Long Finish;Transparente;44 gr.;G;7908526,080;TO;7,909;Carbonatadas;PP-Preforma;PREFORMAS;0,00000;11;2025;0,03;5063,39;810,14;5873,53;SOFT DRINKS COMPANY,;70000772;Precio Base General;;0010002882;17;01;X;03.12.2025 - 11:15:05;;;00100095;1300
SOFT DRINKS COMPANY, C.A.;Manufactura;Fact. Nac. Proy. PET;8000019857;Preformas;Venta Directa;20251112;Zona Centro;3000;PREFORMAS 42,64GR CR 8828 MAQ SOFT DRI;38640,000;PZA;38640,000;PZA;0,03;1054,87;168,78;1223,65;Factura;Contado;20251112;USD;NA;;GV ClReg. Proy. PET;GLISNEIDY ISABEL FARFAR;00-0151956;1302007610;Long Finish;Transparente;44 gr.;G;1647609,600;TO;1,648;Carbonatadas;PP-Preforma;PREFORMAS;0,00000;11;2025;0,03;1054,87;168,78;1223,65;SOFT DRINKS COMPANY,;70000772;Precio Base General;;0010002882;17;01;X;03.12.2025 - 11:15:05;;;00100095;1300
SOFT DRINKS COMPANY, C.A.;Manufactura;Fact. Nac. Proy. PET;8000019858;Preformas;Venta Directa;20251112;Zona Centro;3000;PREF TRANSP 38,05 MAQ SOFT DRI CR-8828;149112,000;PZA;149112,000;PZA;0,02;3280,46;524,87;3805,33;Factura;Contado;20251112;USD;NA;;GV ClReg. Proy. PET;GLISNEIDY ISABEL FARFAR;00-0151957;1302007595;Long Finish;Transparente;44 gr.;G;5673711,600;TO;5,674;Carbonatadas;PP-Preforma;PREFORMAS;0,00000;11;2025;0,02;3280,46;524,87;3805,33;SOFT DRINKS COMPANY,;70000762;Precio Base General;;0010002882;17;01;X;03.12.2025 - 11:15:05;;;00100095;1300
SOFT DRINKS COMPANY, C.A.;Manufactura;Fact. Nac. Proy. PET;8000019860;Preformas;Venta Directa;20251112;Zona Centro;3000;PREF TRANSP 38,05 MAQ SOFT DRI CR-8828;12943,000;PZA;12943,000;PZA;1,34;17364,33;2778,29;20142,62;Factura;Contado;20251112;VED;NA;;GV ClReg. Proy. PET;GLISNEIDY ISABEL FARFAR;00-0151959;1302007611;Long Finish;Transparente;44 gr.;G;492481,150;TO;0,492;Carbonatadas;PP-Preforma;PREFORMAS;233,04580;11;2025;0,01;74,51;11,92;86,43;SOFT DRINKS COMPANY,;70000762;Precio Base General;;0010002882;17;01;X;03.12.2025 - 11:15:05;;;00100095;1300
SOFT DRINKS COMPANY, C.A.;Manufactura;Fact. Nac. Proy. PET;8000019861;Preformas;Venta Directa;20251112;Zona Centro;3000;PREF TRANSP 38,05 MAQ SOFT DRI CR-8828;172656,000;PZA;172656,000;PZA;0,02;3798,43;607,75;4406,18;Factura;Contado;20251112;USD;NA;;GV ClReg. Proy. PET;GLISNEIDY ISABEL FARFAR;00-0151960;1302007595;Long Finish;Transparente;44 gr.;G;6569560,800;TO;6,570;Carbonatadas;PP-Preforma;PREFORMAS;0,00000;11;2025;0,02;3798,43;607,75;4406,18;SOFT DRINKS COMPANY,;70000762;Precio Base General;;0010002882;17;01;X;03.12.2025 - 11:15:05;;;00100095;1300
SOFT DRINKS COMPANY, C.A.;Manufactura;Fact. Nac. Proy. PET;8000019868;Preformas;Venta Directa;20251113;Zona Centro;3000;PREF TRANSP 38,05 MAQ SOFT DRI CR-8828;188352,000;PZA;188352,000;PZA;0,02;4143,74;663,00;4806,74;Factura;Contado;20251113;USD;NA;;GV ClReg. Proy. PET;GLISNEIDY ISABEL FARFAR;00-0151968;1302007595;Long Finish;Transparente;44 gr.;G;7166793,600;TO;7,167;Carbonatadas;PP-Preforma;PREFORMAS;0,00000;11;2025;0,02;4143,74;663,00;4806,74;SOFT DRINKS COMPANY,;70000762;Precio Base General;;0010002882;17;01;X;03.12.2025 - 11:15:05;;;00100095;1300
SOFT DRINKS COMPANY, C.A.;Manufactura;Fact. Nac. Proy. PET;8000019877;Preformas;Venta Directa;20251113;Zona Centro;3000;PREFORMAS 16,56GR CR-8828F MAQ SOFT DRI;383616,000;PZA;383616,000;PZA;0,01;3682,71;589,23;4271,94;Factura;Contado;20251113;USD;NA;;GV ClReg. Proy. PET;GLISNEIDY ISABEL FARFAR;00-0151977;1302007598;Long Finish;Transparente;44 gr.;G;6352680,960;TO;6,353;Carbonatadas;PP-Preforma;PREFORMAS;0,00000;11;2025;0,01;3682,71;589,23;4271,94;SOFT DRINKS COMPANY,;70000837;Precio Base General;;0010002882;17;01;X;03.12.2025 - 11:15:05;;;00100095;1300
SOFT DRINKS COMPANY, C.A.;Manufactura;Fact. Nac. Proy. PET;8000019893;Preformas;Venta Directa;20251117;Zona Centro;3000;PREFORMAS 16,56GR CR-8828F MAQ SOFT DRI;383616,000;PZA;383616,000;PZA;0,01;3682,71;589,23;4271,94;Factura;Contado;20251117;USD;NA;;GV ClReg. Proy. PET;GLISNEIDY ISABEL FARFAR;00-0151994;1302007598;Long Finish;Transparente;44 gr.;G;6352680,960;TO;6,353;Carbonatadas;PP-Preforma;PREFORMAS;0,00000;11;2025;0,01;3682,71;589,23;4271,94;SOFT DRINKS COMPANY,;70000837;Precio Base General;;0010002882;17;01;X;03.12.2025 - 11:15:05;;;00100095;1300
SOFT DRINKS COMPANY, C.A.;Manufactura;Fact. Nac. Proy. PET;8000019895;Preformas;Venta Directa;20251117;Zona Centro;3000;PREFORMAS 16,56GR CR-8828F MAQ SOFT DRI;351648,000;PZA;351648,000;PZA;0,01;3375,82;540,13;3915,95;Factura;Contado;20251117;USD;NA;;GV ClReg. Proy. PET;GLISNEIDY ISABEL FARFAR;00-0151996;1302007598;Long Finish;Transparente;44 gr.;G;5823290,880;TO;5,823;Carbonatadas;PP-Preforma;PREFORMAS;0,00000;11;2025;0,01;3375,82;540,13;3915,95;SOFT DRINKS COMPANY,;70000837;Precio Base General;;0010002882;17;01;X;03.12.2025 - 11:15:05;;;00100095;1300
SOFT DRINKS COMPANY, C.A.;Manufactura;Fact. Nac. Proy. PET;8000019896;Preformas;Venta Directa;20251117;Zona Centro;3000;PREF TRANSP 38,05 MAQ SOFT DRI CR-8828;15696,000;PZA;15696,000;PZA;0,02;345,31;55,25;400,56;Factura;Contado;20251117;USD;NA;;GV ClReg. Proy. PET;GLISNEIDY ISABEL FARFAR;00-0151997;1302007595;Long Finish;Transparente;44 gr.;G;597232,800;TO;0,597;Carbonatadas;PP-Preforma;PREFORMAS;0,00000;11;2025;0,02;345,31;55,25;400,56;SOFT DRINKS COMPANY,;70000762;Precio Base General;;0010002882;17;01;X;03.12.2025 - 11:15:05;;;00100095;1300
SOFT DRINKS COMPANY, C.A.;Manufactura;Fact. Nac. Proy. PET;8000019898;Preformas;Venta Directa;20251118;Zona Centro;3000;PREF TRANSP 38,05 MAQ SOFT DRI CR-8828;188352,000;PZA;188352,000;PZA;0,02;4143,74;663,00;4806,74;Factura;Contado;20251118;USD;NA;;GV ClReg. Proy. PET;GLISNEIDY ISABEL FARFAR;00-0151999;1302007595;Long Finish;Transparente;44 gr.;G;7166793,600;TO;7,167;Carbonatadas;PP-Preforma;PREFORMAS;0,00000;11;2025;0,02;4143,74;663,00;4806,74;SOFT DRINKS COMPANY,;70000762;Precio Base General;;0010002882;17;01;X;03.12.2025 - 11:15:05;;;00100095;1300
SOFT DRINKS COMPANY, C.A.;Manufactura;Fact. Nac. Proy. PET;8000019901;Preformas;Venta Directa;20251118;Zona Centro;3000;PREF TRANSP 38,05 MAQ SOFT DRI CR-8828;188352,000;PZA;188352,000;PZA;0,02;4143,74;663,00;4806,74;Factura;Contado;20251118;USD;NA;;GV ClReg. Proy. PET;GLISNEIDY ISABEL FARFAR;00-0152002;1302007595;Long Finish;Transparente;44 gr.;G;7166793,600;TO;7,167;Carbonatadas;PP-Preforma;PREFORMAS;0,00000;11;2025;0,02;4143,74;663,00;4806,74;SOFT DRINKS COMPANY,;70000762;Precio Base General;;0010002882;17;01;X;03.12.2025 - 11:15:05;;;00100095;1300
SOFT DRINKS COMPANY, C.A.;Manufactura;Fact. Nac. Proy. PET;8000019907;Preformas;Venta Directa;20251118;Zona Centro;3000;PREF TRANSP 38,05 MAQ SOFT DRI CR-8828;188352,000;PZA;188352,000;PZA;0,02;4143,74;663,00;4806,74;Factura;Contado;20251118;USD;NA;;GV ClReg. Proy. PET;GLISNEIDY ISABEL FARFAR;00-0152009;1302007595;Long Finish;Transparente;44 gr.;G;7166793,600;TO;7,167;Carbonatadas;PP-Preforma;PREFORMAS;0,00000;11;2025;0,02;4143,74;663,00;4806,74;SOFT DRINKS COMPANY,;70000762;Precio Base General;;0010002882;17;01;X;03.12.2025 - 11:15:05;;;00100095;1300
SOFT DRINKS COMPANY, C.A.;Manufactura;Fact. Nac. Proy. PET;8000019908;Preformas;Venta Directa;20251119;Zona Centro;3000;PREF TRANSP 38,05 MAQ SOFT DRI CR-8828;188352,000;PZA;188352,000;PZA;0,02;4143,74;663,00;4806,74;Factura;Contado;20251119;USD;NA;;GV ClReg. Proy. PET;GLISNEIDY ISABEL FARFAR;00-0152010;1302007595;Long Finish;Transparente;44 gr.;G;7166793,600;TO;7,167;Carbonatadas;PP-Preforma;PREFORMAS;0,00000;11;2025;0,02;4143,74;663,00;4806,74;SOFT DRINKS COMPANY,;70000762;Precio Base General;;0010002882;17;01;X;03.12.2025 - 11:15:05;;;00100095;1300
SOFT DRINKS COMPANY, C.A.;Manufactura;Fact. Nac. Proy. PET;8000019909;Preformas;Venta Directa;20251119;Zona Centro;3000;PREF TRANSP 38,05 MAQ SOFT DRI CR-8828;188352,000;PZA;188352,000;PZA;0,02;4143,74;663,00;4806,74;Factura;Contado;20251119;USD;NA;;GV ClReg. Proy. PET;GLISNEIDY ISABEL FARFAR;00-0152011;1302007595;Long Finish;Transparente;44 gr.;G;7166793,600;TO;7,167;Carbonatadas;PP-Preforma;PREFORMAS;0,00000;11;2025;0,02;4143,74;663,00;4806,74;SOFT DRINKS COMPANY,;70000762;Precio Base General;;0010002882;17;01;X;03.12.2025 - 11:15:05;;;00100095;1300
SOFT DRINKS COMPANY, C.A.;Manufactura;Fact. Nac. Proy. PET;8000019910;Preformas;Venta Directa;20251119;Zona Centro;3000;PREF TRANSP 38,05 MAQ SOFT DRI CR-8828;188352,000;PZA;188352,000;PZA;0,02;4143,74;663,00;4806,74;Factura;Contado;20251119;USD;NA;;GV ClReg. Proy. PET;GLISNEIDY ISABEL FARFAR;00-0152012;1302007595;Long Finish;Transparente;44 gr.;G;7166793,600;TO;7,167;Carbonatadas;PP-Preforma;PREFORMAS;0,00000;11;2025;0,02;4143,74;663,00;4806,74;SOFT DRINKS COMPANY,;70000762;Precio Base General;;0010002882;17;01;X;03.12.2025 - 11:15:05;;;00100095;1300
SOFT DRINKS COMPANY, C.A.;Manufactura;Fact. Nac. Proy. PET;8000019916;Preformas;Venta Directa;20251120;Zona Centro;3000;PREF TRANSP 38,05 MAQ SOFT DRI CR-8828;188352,000;PZA;188352,000;PZA;0,02;4143,74;663,00;4806,74;Factura;Contado;20251120;USD;NA;;GV ClReg. Proy. PET;GLISNEIDY ISABEL FARFAR;00-0152019;1302007595;Long Finish;Transparente;44 gr.;G;7166793,600;TO;7,167;Carbonatadas;PP-Preforma;PREFORMAS;0,00000;11;2025;0,02;4143,74;663,00;4806,74;SOFT DRINKS COMPANY,;70000762;Precio Base General;;0010002882;17;01;X;03.12.2025 - 11:15:05;;;00100095;1300
SOFT DRINKS COMPANY, C.A.;Manufactura;Fact. Nac. Proy. PET;8000019919;Preformas;Venta Directa;20251120;Zona Centro;3000;PREF TRANSP 38,05 MAQ SOFT DRI CR-8828;188352,000;PZA;188352,000;PZA;0,02;4143,74;663,00;4806,74;Factura;Contado;20251120;USD;NA;;GV ClReg. Proy. PET;GLISNEIDY ISABEL FARFAR;00-0152022;1302007595;Long Finish;Transparente;44 gr.;G;7166793,600;TO;7,167;Carbonatadas;PP-Preforma;PREFORMAS;0,00000;11;2025;0,02;4143,74;663,00;4806,74;SOFT DRINKS COMPANY,;70000762;Precio Base General;;0010002882;17;01;X;03.12.2025 - 11:15:05;;;00100095;1300
SOFT DRINKS COMPANY, C.A.;Manufactura;Fact. Nac. Proy. PET;8000019923;Preformas;Venta Directa;20251121;Zona Centro;3000;PREF TRANSP 38,05 MAQ SOFT DRI CR-8828;115811,000;PZA;115811,000;PZA;0,02;2547,84;407,65;2955,49;Factura;Contado;20251121;USD;NA;;GV ClReg. Proy. PET;GLISNEIDY ISABEL FARFAR;00-0152026;1302007595;Long Finish;Transparente;44 gr.;G;4406608,550;TO;4,407;Carbonatadas;PP-Preforma;PREFORMAS;0,00000;11;2025;0,02;2547,84;407,65;2955,49;SOFT DRINKS COMPANY,;70000762;Precio Base General;;0010002882;17;01;X;03.12.2025 - 11:15:05;;;00100095;1300
SOFT DRINKS COMPANY, C.A.;Manufactura;Fact. Nac. Proy. PET;8000019924;Preformas;Venta Directa;20251121;Zona Centro;3000;PREF VERDE 20,79 MAQ SOFT DRI CR8828;164098,82;PZA;167481,23;PZA;0,01;1773,89;338,77;2374,71;Factura;Contado;20251121;USD;NA;;GV ClReg. Proy. PET;GLISNEIDY ISABEL FARFAR;00-0152027;1302007596;Long Finish;Transparente;44 gr.;G;3206316,960;TO;3,206;Carbonatadas;PP-Preforma;PREFORMAS;0,00000;11;2025;0,01;1916,66;282,98;2483,67;SOFT DRINKS COMPANY,;70000798;Precio Base General;;0010002882;17;01;X;03.12.2025 - 11:15:05;;;00100095;1300
SOFT DRINKS COMPANY, C.A.;Manufactura;Fact. Nac. Proy. PET;8000019955;Preformas;Venta Directa;20251124;Zona Centro;3000;PREF VERDE 42,64 GR MAQ SOFT DRI CR 8828;185472,000;PZA;185472,000;PZA;0,02;4581,16;732,99;5314,15;Factura;Contado;20251124;USD;NA;;GV ClReg. Proy. PET;GLISNEIDY ISABEL FARFAR;00-0152058;1302007597;Long Finish;Transparente;44 gr.;G;7908526,080;TO;7,909;Carbonatadas;PP-Preforma;PREFORMAS;0,00000;11;2025;0,02;4581,16;732,99;5314,15;SOFT DRINKS COMPANY,;70000799;Precio Base General;;0010002882;17;01;X;03.12.2025 - 11:15:05;;;00100095;1300
SOFT DRINKS COMPANY, C.A.;Manufactura;Fact. Nac. Proy. PET;8000019962;Preformas;Venta Directa;20251125;Zona Centro;3000;PREF VERDE 20,79 MAQ SOFT DRI CR8828;411264,000;PZA;411264,000;PZA;0,01;4935,17;789,63;5724,80;Factura;Contado;20251125;USD;NA;;GV ClReg. Proy. PET;GLISNEIDY ISABEL FARFAR;00-0152065;1302007596;Long Finish;Transparente;44 gr.;G;8550178,560;TO;8,550;Carbonatadas;PP-Preforma;PREFORMAS;0,00000;11;2025;0,01;4935,17;789,63;5724,80;SOFT DRINKS COMPANY,;70000798;Precio Base General;;0010002882;17;01;X;03.12.2025 - 11:15:05;;;00100095;1300
SOFT DRINKS COMPANY, C.A.;Manufactura;Fact. Nac. Proy. PET;8000019963;Preformas;Venta Directa;20251125;Zona Centro;3000;PREF VERDE 20,79 MAQ SOFT DRI CR8828;342720,000;PZA;342720,000;PZA;0,01;4112,64;658,02;4770,66;Factura;Contado;20251125;USD;NA;;GV ClReg. Proy. PET;GLISNEIDY ISABEL FARFAR;00-0152066;1302007596;Long Finish;Transparente;44 gr.;G;7125148,800;TO;7,125;Carbonatadas;PP-Preforma;PREFORMAS;0,00000;11;2025;0,01;4112,64;658,02;4770,66;SOFT DRINKS COMPANY,;70000798;Precio Base General;;0010002882;17;01;X;03.12.2025 - 11:15:05;;;00100095;1300
SOFT DRINKS COMPANY, C.A.;Manufactura;Fact. Nac. Proy. PET;8000019964;Preformas;Venta Directa;20251125;Zona Centro;3000;PREF VERDE 42,64 GR MAQ SOFT DRI CR 8828;30912,000;PZA;30912,000;PZA;0,02;763,53;122,16;885,69;Factura;Contado;20251125;USD;NA;;GV ClReg. Proy. PET;GLISNEIDY ISABEL FARFAR;00-0152067;1302007597;Long Finish;Transparente;44 gr.;G;1318087,680;TO;1,318;Carbonatadas;PP-Preforma;PREFORMAS;0,00000;11;2025;0,02;763,53;122,16;885,69;SOFT DRINKS COMPANY,;70000799;Precio Base General;;0010002882;17;01;X;03.12.2025 - 11:15:05;;;00100095;1300
SOFT DRINKS COMPANY, C.A.;Manufactura;Fact. Nac. Proy. PET;8000019975;Preformas;Venta Directa;20251125;Zona Centro;3000;PREF VERDE 42,64 GR MAQ SOFT DRI CR 8828;168305,84;PZA;194262,01;PZA;0,02;4841,58;603,69;6015,91;Factura;Contado;20251125;USD;NA;;GV ClReg. Proy. PET;GLISNEIDY ISABEL FARFAR;00-0152078;1302007597;Long Finish;Transparente;44 gr.;G;7908526,080;TO;7,909;Carbonatadas;PP-Preforma;PREFORMAS;0,00000;11;2025;0,02;4895,11;836,84;5461,29;SOFT DRINKS COMPANY,;70000799;Precio Base General;;0010002882;17;01;X;03.12.2025 - 11:15:05;;;00100095;1300
SOFT DRINKS COMPANY, C.A.;Manufactura;Fact. Nac. Proy. PET;8000019976;Preformas;Venta Directa;20251125;Zona Centro;3000;PREF VERDE 42,64 GR MAQ SOFT DRI CR 8828;185472,000;PZA;185472,000;PZA;0,02;4581,16;732,99;5314,15;Factura;Contado;20251125;USD;NA;;GV ClReg. Proy. PET;GLISNEIDY ISABEL FARFAR;00-0152079;1302007597;Long Finish;Transparente;44 gr.;G;7908526,080;TO;7,909;Carbonatadas;PP-Preforma;PREFORMAS;0,00000;11;2025;0,02;4581,16;732,99;5314,15;SOFT DRINKS COMPANY,;70000799;Precio Base General;;0010002882;17;01;X;03.12.2025 - 11:15:05;;;00100095;1300
SOFT DRINKS COMPANY, C.A.;Manufactura;Fact. Nac. Proy. PET;8000019983;Preformas;Venta Directa;20251126;Zona Centro;3000;PREF VERDE 42,64 GR MAQ SOFT DRI CR 8828;30912,000;PZA;30912,000;PZA;0,02;763,53;122,16;885,69;Factura;Contado;20251126;USD;NA;;GV ClReg. Proy. PET;GLISNEIDY ISABEL FARFAR;00-0152086;1302007597;Long Finish;Transparente;44 gr.;G;1318087,680;TO;1,318;Carbonatadas;PP-Preforma;PREFORMAS;0,00000;11;2025;0,02;763,53;122,16;885,69;SOFT DRINKS COMPANY,;70000799;Precio Base General;;0010002882;17;01;X;03.12.2025 - 11:15:05;;;00100095;1300
SOFT DRINKS COMPANY, C.A.;Manufactura;N/C Dev. Nac. P.PET;8200001911;Preformas;Venta Directa;20251112;Zona Centro;3000;PREFORMAS 42,64GR CR 8828 MAQ SOFT DRI;-185472,000;PZA;-185472,000;PZA;-0,03;-5063,39;-810,14;-5873,53;Abono;Contado;20251112;USD;NA;;GV ClReg. Proy. PET;GLISNEIDY ISABEL FARFAR;00-0151949;1306000886;Long Finish;Transparente;44 gr.;G;-7908526,080;TO;-7,909;Carbonatadas;PP-Preforma;PREFORMAS;0,00000;11;2025;-0,03;-5063,39;-810,14;-5873,53;SOFT DRINKS COMPANY,;70000772;Precio Base General;;0010002882;17;01;X;03.12.2025 - 11:15:05;101;schlechte Qualität;00100095;1300
SOFT DRINKS COMPANY, C.A.;Manufactura;N/C Dev. Nac. P.PET;8200001912;Preformas;Venta Directa;20251112;Zona Centro;3000;PREFORMAS 42,64GR CR 8828 MAQ SOFT DRI;-38640,000;PZA;-38640,000;PZA;-0,03;-1054,87;-168,78;-1223,65;Abono;Contado;20251112;USD;NA;;GV ClReg. Proy. PET;GLISNEIDY ISABEL FARFAR;00-0151950;1306000887;Long Finish;Transparente;44 gr.;G;-1647609,600;TO;-1,648;Carbonatadas;PP-Preforma;PREFORMAS;0,00000;11;2025;-0,03;-1054,87;-168,78;-1223,65;SOFT DRINKS COMPANY,;70000772;Precio Base General;;0010002882;17;01;X;03.12.2025 - 11:15:05;101;schlechte Qualität;00100095;1300
SOFT DRINKS COMPANY, C.A.;Manufactura;N/C Dev. Nac. P.PET;8200001913;Preformas;Venta Directa;20251112;Zona Centro;3000;PREF TRANSP 38,05 MAQ SOFT DRI CR-8828;-12943,000;PZA;-12943,000;PZA;-1,34;-17364,33;-2778,29;-20142,62;Abono;Contado;20251112;VED;NA;;GV ClReg. Proy. PET;GLISNEIDY ISABEL FARFAR;00-0151951;1306000888;Long Finish;Transparente;44 gr.;G;-492481,150;TO;-0,492;Carbonatadas;PP-Preforma;PREFORMAS;233,04580;11;2025;-0,01;-74,51;-11,92;-86,43;SOFT DRINKS COMPANY,;70000762;Precio Base General;;0010002882;17;01;X;03.12.2025 - 11:15:05;101;schlechte Qualität;00100095;1300
 INDUSTRIAS MICROKILL, C.A;Manufactura;Fact. Nac. Ampo.;7000011913;Inyecto Soplado;Venta Directa;20251106;Zona Centro;3000;ENV PET TRANSP COSMETIC OVAL 100 ML (PH);936,000;PZA;936,000;PZA;38,48;36018,61;5762,98;41781,59;Factura;Contado;20251106;VED;NA;;GV ClReg. Ampofr.;HORACIO HERNANDEZ;00-056440;1202009209;Cosmetica Cilindrica;Transparente;100 ml.;G;14976,000;TO;0,015;Medicina Humana;AM-Cosmética;ENVASES PT;227,55670;11;2025;0,17;158,28;25,33;183,61; INDUSTRIAS MICROKIL;70000421;Precio Base General;;0010002898;17;02;X;03.12.2025 - 11:15:05;;;00120003;1200
 INDUSTRIAS MICROKILL, C.A;Manufactura;Fact. Nac. Ampo.;7000011913;Inyecto Soplado;Venta Directa;20251106;Zona Centro;3000;ENVASE PET AMBAR FARMA 120 ML (18gr);2340,000;PZA;2340,000;PZA;45,58;106651,44;17064,23;123715,67;Factura;Contado;20251106;VED;NA;;GV ClReg. Ampofr.;HORACIO HERNANDEZ;00-056440;1202009209;Farma S/Impresión;Ambar;120 ml.;G;42120,000;TO;0,042;Medicina Humana;AM-Farma;ENVASES PT;227,55670;11;2025;0,20;468,68;74,99;543,67; INDUSTRIAS MICROKIL;70000667;Precio Base General;;0010002898;17;02;X;03.12.2025 - 11:15:05;;;00120003;1200
 INDUSTRIAS MICROKILL, C.A;Manufactura;Fact. Nac. Ampo.;7000011979;Inyecto Soplado;Venta Directa;20251126;Zona Centro;3000;ENVASE PET AMBAR FARMA 120 ML (18gr);1755,000;PZA;1755,000;PZA;49,38;86667,24;13866,76;100534,00;Factura;Contado;20251126;VED;NA;;GV ClReg. Ampofr.;HORACIO HERNANDEZ;00-056511;1202009263;Farma S/Impresión;Ambar;120 ml.;G;31590,000;TO;0,032;Medicina Humana;AM-Farma;ENVASES PT;243,57270;11;2025;0,20;355,82;56,93;412,75; INDUSTRIAS MICROKIL;70000667;Precio Base General;;0010002898;17;02;X;03.12.2025 - 11:15:05;;;00120003;1200
FARMAGRO, C.A.;Manufactura;Fact. Nac. Ampo.;7000011954;Inyecto Soplado;Venta Directa;20251119;Zona Centro;3000;ENVASE PET AMBAR FARMA 240 ML;1008,000;PZA;1008,000;PZA;61,00;61489,90;9838,38;71328,28;Factura;Contado;20251119;VED;NA;;GV ClReg. Ampofr.;HORACIO HERNANDEZ;00-056485;1202009244;Farma S/Impresión;Ambar;240 ml.;G;23103,360;TO;0,023;Comercializadora;AM-Farma;ENVASES PT;237,75050;11;2025;0,26;258,63;41,38;300,01;FARMAGRO, C.A.;70000059;Precio Base General;;0010002911;17;02;;03.12.2025 - 11:15:05;;;00120003;1200
DROGUERIA SALUD SS, C.A;Manufactura;Fact. Nac. Ampo.;7000011948;Inyecto Soplado;Venta Directa;20251117;Zona Centro;3000;ENVASE PET AMBAR FARMA 180 ML;8448,000;PZA;8448,000;PZA;60,83;513902,82;82224,45;596127,27;Factura;Contado;20251117;VED;NA;;GV ClReg. Ampofr.;JORGE REYES;00-056479;1202009239;Farma S/Impresión;Ambar;180 ml.;G;199626,240;TO;0,200;Drogueria;AM-Farma;ENVASES PT;236,46010;11;2025;0,26;2173,32;347,73;2521,05;DROGUERIA SALUD SS,;70000058;Precio Base General;;0010002941;17;02;X;03.12.2025 - 11:15:05;;;00120005;1200
GLOBAL GLAM COSMETICS, C.A.;Manufactura;Fact. Nac. Ampo.;7000011925;Inyecto Soplado;Venta Directa;20251110;Zona Metropolitana;3000;ENV.PET TRANSP COSMETIC 200 ML SENSITIVE;1829,000;PZA;1829,000;PZA;67,61;123663,94;19786,23;143450,17;Factura;Contado;20251110;VED;NA;;GV ClReg. Ampofr.;RAMON DAZA;00-056452;1202009216;Cosmetica Sensitive;Transparente;200 ml.;G;40238,000;TO;0,040;Cosmetica;AM-Cosmética;ENVASES PT;231,04620;11;2025;0,29;535,23;85,64;620,87;GLOBAL GLAM COSMETIC;70000042;Precio Base General;;0010002946;17;02;X;03.12.2025 - 11:15:05;;;00120004;1200
GLOBAL GLAM COSMETICS, C.A.;Manufactura;Fact. Nac. Ampo.;7000011941;Inyecto Soplado;Venta Directa;20251114;Zona Metropolitana;3000;ENV.PET TRANSP COSMETIC 200 ML SENSITIVE;826,000;PZA;826,000;PZA;69,68;57554,82;9208,77;66763,59;Factura;Contado;20251114;VED;NA;;GV ClReg. Ampofr.;RAMON DAZA;00-056468;1202009237;Cosmetica Sensitive;Transparente;200 ml.;G;18172,000;TO;0,018;Cosmetica;AM-Cosmética;ENVASES PT;234,87150;11;2025;0,30;245,05;39,21;284,26;GLOBAL GLAM COSMETIC;70000042;Precio Base General;;0010002946;17;02;X;03.12.2025 - 11:15:05;;;00120004;1200
GLOBAL GLAM COSMETICS, C.A.;Manufactura;Fact. Nac. Ampo.;7000011992;Inyecto Soplado;Venta Directa;20251128;Zona Metropolitana;3000;ENV.PET TRANSP COSMETIC 200 ML SENSITIVE;590,000;PZA;590,000;PZA;72,83;42968,18;6874,91;49843,09;Factura;Contado;20251128;VED;NA;;GV ClReg. Ampofr.;RAMON DAZA;00-056524;1202009272;Cosmetica Sensitive;Transparente;200 ml.;G;12980,000;TO;0,013;Cosmetica;AM-Cosmética;ENVASES PT;245,66970;11;2025;0,30;174,90;27,98;202,89;GLOBAL GLAM COSMETIC;70000042;Precio Base General;;0010002946;17;02;X;03.12.2025 - 11:15:05;;;00120004;1200
GLOBAL GLAM COSMETICS, C.A.;Manufactura;Fact. Nac. Ampo.;7000011998;Inyecto Soplado;Venta Directa;20251128;Zona Metropolitana;3000;ENV.PET TRANSP COSMETIC 200 ML SENSITIVE;1062,000;PZA;1062,000;PZA;72,69;77196,66;12351,47;89548,13;Factura;Contado;20251128;VED;NA;;GV ClReg. Ampofr.;RAMON DAZA;00-056530;1202009265;Cosmetica Sensitive;Transparente;200 ml.;G;23364,000;TO;0,023;Cosmetica;AM-Cosmética;ENVASES PT;245,66970;11;2025;0,30;314,23;50,28;364,51;GLOBAL GLAM COSMETIC;70000042;Precio Base General;;0010002946;17;02;X;03.12.2025 - 11:15:05;;;00120004;1200
GLENNIS YOLANIS PEREZ PEREZ;Manufactura;Fact. Nac. Ampo.;7000011927;Desperdicio;Venta Directa;20251110;Zona Centro;2006;DESPERDICIO ENVASES PET TRANSPARENTE;1112,25;KG;1269,96;KG;65,66;91659,80;12480,06;112694,22;Factura;Contado;20251110;VED;NA;;GV ClReg. Ampofr.;OFICINA AMPOFRASCA;00-056454;1202009228;Desperdicios;;;KG;1162,000;TO;1,162;Transporte;Desperdicio;BOTELLAS GASEOSAS;231,04620;11;2025;0,40;351,49;61,22;424,54;GLENNIS YOLANIS;30000003;Precio Base General;;0010003052;17;01;X;03.12.2025 - 11:15:05;;;00120002;1200
GLENNIS YOLANIS PEREZ PEREZ;Manufactura;Fact. Nac. Ampo.;7000011927;Desperdicio;Venta Directa;20251110;Zona Centro;2006;DESPERDICIO DE TAPAS;615,500;KG;615,500;KG;77,68;47812,04;7649,93;55461,97;Factura;Contado;20251110;VED;NA;;GV ClReg. Ampofr.;OFICINA AMPOFRASCA;00-056454;1202009228;Desperdicios;;;KG;615,500;TO;0,616;Transporte;Desperdicio;POLIETILENO;231,04620;11;2025;0,34;206,94;33,11;240,05;GLENNIS YOLANIS;30000059;Precio Base General;;0010003052;17;01;X;03.12.2025 - 11:15:05;;;00120002;1200
GLENNIS YOLANIS PEREZ PEREZ;Manufactura;Fact. Nac. Ampo.;7000011947;Desperdicio;Venta Directa;20251117;Zona Centro;2006;DESPERDICIO ENVASES PET TRANSPARENTE;648,500;KG;648,500;KG;79,86;51789,21;8286,27;60075,48;Factura;Contado;20251117;VED;NA;;GV ClReg. Ampofr.;OFICINA AMPOFRASCA;00-056478;1202009242;Desperdicios;;;KG;648,500;TO;0,649;Transporte;Desperdicio;BOTELLAS GASEOSAS;236,46010;11;2025;0,34;219,02;35,04;254,06;GLENNIS YOLANIS;30000003;Precio Base General;;0010003052;17;01;X;03.12.2025 - 11:15:05;;;00120002;1200
GLENNIS YOLANIS PEREZ PEREZ;Manufactura;Fact. Nac. Ampo.;7000011947;Desperdicio;Venta Directa;20251117;Zona Centro;2006;DESPERDICIO BOTELLA DE COLOR;149,500;KG;149,500;KG;79,86;11939,07;1910,25;13849,32;Factura;Contado;20251117;VED;NA;;GV ClReg. Ampofr.;OFICINA AMPOFRASCA;00-056478;1202009242;;;;KG;149,500;TO;0,150;Transporte;Desperdicio;BOTELLAS GASEOSAS;236,46010;11;2025;0,34;50,49;8,08;58,57;GLENNIS YOLANIS;30000012;Precio Base General;;0010003052;17;01;X;03.12.2025 - 11:15:05;;;00120002;1200
GLENNIS YOLANIS PEREZ PEREZ;Manufactura;Fact. Nac. Ampo.;7000011974;Desperdicio;Venta Directa;20251124;Zona Centro;2006;DESPERDICIO ENVASES PET TRANSPARENTE;704,000;KG;704,000;KG;82,14;57826,56;9252,25;67078,81;Factura;Contado;20251124;VED;NA;;GV ClReg. Ampofr.;OFICINA AMPOFRASCA;00-056506;1202009261;Desperdicios;;;KG;704,000;TO;0,704;Transporte;Desperdicio;BOTELLAS GASEOSAS;241,57800;11;2025;0,34;239,37;38,30;277,67;GLENNIS YOLANIS;30000003;Precio Base General;;0010003052;17;01;X;03.12.2025 - 11:15:05;;;00120002;1200
GLENNIS YOLANIS PEREZ PEREZ;Manufactura;Fact. Nac. Ampo.;7000011974;Desperdicio;Venta Directa;20251124;Zona Centro;2006;DESPERDICIO PURGA DE PET;382,000;KG;382,000;KG;19,33;7384,06;1181,45;8565,51;Factura;Contado;20251124;VED;NA;;GV ClReg. Ampofr.;OFICINA AMPOFRASCA;00-056506;1202009261;Desperdicios;;;KG;382,000;TO;0,382;Transporte;Desperdicio;RESINAS(POLI/SILICON;241,57800;11;2025;0,08;30,57;4,89;35,46;GLENNIS YOLANIS;30000009;Precio Base General;;0010003052;17;01;X;03.12.2025 - 11:15:05;;;00120002;1200
GLENNIS YOLANIS PEREZ PEREZ;Manufactura;Fact. Nac. Ampo.;7000011974;Desperdicio;Venta Directa;20251124;Zona Centro;2006;DESPERDICIO DE TAPAS;376,500;KG;376,500;KG;82,14;30925,71;4948,11;35873,82;Factura;Contado;20251124;VED;NA;;GV ClReg. Ampofr.;OFICINA AMPOFRASCA;00-056506;1202009261;Desperdicios;;;KG;376,500;TO;0,377;Transporte;Desperdicio;POLIETILENO;241,57800;11;2025;0,34;128,02;20,48;148,50;GLENNIS YOLANIS;30000059;Precio Base General;;0010003052;17;01;X;03.12.2025 - 11:15:05;;;00120002;1200
GLENNIS YOLANIS PEREZ PEREZ;Manufactura;Fact. Nac. Ampo.;7000011997;Desperdicio;Venta Directa;20251128;Zona Centro;2006;DESPERDICIO DE TARRO;48,500;KG;48,500;KG;83,53;4051,21;648,19;4699,40;Factura;Contado;20251128;VED;NA;;GV ClReg. Ampofr.;OFICINA AMPOFRASCA;00-056529;1202009279;Desperdicios;;;KG;48,500;TO;0,049;Transporte;Desperdicio;BOTELLAS GASEOSAS;245,66970;11;2025;0,34;16,49;2,64;19,13;GLENNIS YOLANIS;30001078;Precio Base General;;0010003052;17;01;X;03.12.2025 - 11:15:05;;;00120002;1200
GLENNIS YOLANIS PEREZ PEREZ;Manufactura;Fact. Nac. Ampo.;7000011997;Desperdicio;Venta Directa;20251128;Zona Centro;2006;DESPERDICIO DE TAPAS;279,15;KG;248,28;KG;90,73;22708,85;3142,90;23259,48;Factura;Contado;20251128;VED;NA;;GV ClReg. Ampofr.;OFICINA AMPOFRASCA;00-056529;1202009279;Desperdicios;;;KG;255,500;TO;0,256;Transporte;Desperdicio;POLIETILENO;245,66970;11;2025;0,35;74,51;12,28;114,71;GLENNIS YOLANIS;30000059;Precio Base General;;0010003052;17;01;X;03.12.2025 - 11:15:05;;;00120002;1200
GLENNIS YOLANIS PEREZ PEREZ;Manufactura;Fact. Nac. Ampo.;7000011997;Desperdicio;Venta Directa;20251128;Zona Centro;2006;DESPERDICIO PURGA DE PET;295,500;KG;295,500;KG;19,65;5806,58;929,05;6735,63;Factura;Contado;20251128;VED;NA;;GV ClReg. Ampofr.;OFICINA AMPOFRASCA;00-056529;1202009279;Desperdicios;;;KG;295,500;TO;0,296;Transporte;Desperdicio;RESINAS(POLI/SILICON;245,66970;11;2025;0,08;23,64;3,78;27,42;GLENNIS YOLANIS;30000009;Precio Base General;;0010003052;17;01;X;03.12.2025 - 11:15:05;;;00120002;1200
GLENNIS YOLANIS PEREZ PEREZ;Manufactura;Fact. Nac. Ampo.;7000011997;Desperdicio;Venta Directa;20251128;Zona Centro;2006;DESPERDICIO BOTELLA DE COLOR;227,000;KG;227,000;KG;83,53;18961,31;3033,81;21995,12;Factura;Contado;20251128;VED;NA;;GV ClReg. Ampofr.;OFICINA AMPOFRASCA;00-056529;1202009279;;;;KG;227,000;TO;0,227;Transporte;Desperdicio;BOTELLAS GASEOSAS;245,66970;11;2025;0,34;77,18;12,35;89,53;GLENNIS YOLANIS;30000012;Precio Base General;;0010003052;17;01;X;03.12.2025 - 11:15:05;;;00120002;1200
GLENNIS YOLANIS PEREZ PEREZ;Manufactura;Fact. Nac. Ampo.;7000011997;Desperdicio;Venta Directa;20251128;Zona Centro;2006;DESPERDICIO ENVASES PET TRANSPARENTE;1103,46;KG;931,48;KG;75,98;74224,95;13453,43;115075,34;Factura;Contado;20251128;VED;NA;;GV ClReg. Ampofr.;OFICINA AMPOFRASCA;00-056529;1202009279;Desperdicios;;;KG;1021,500;TO;1,022;Transporte;Desperdicio;BOTELLAS GASEOSAS;245,66970;11;2025;0,40;339,51;52,12;461,04;GLENNIS YOLANIS;30000003;Precio Base General;;0010003052;17;01;X;03.12.2025 - 11:15:05;;;00120002;1200
GLENNIS YOLANIS PEREZ PEREZ;Manufactura;Fact. Nac. Proy. PET;8000019815;Desperdicio;Venta Directa;20251110;Zona Centro;2006;BOLSAS PLASTICAS TIPO D.;369,000;KG;369,000;KG;6,85;2527,65;404,42;2932,07;Factura;Contado;20251110;VED;NA;;GV ClReg. Proy. PET;OFICINA PROYECTOS PET;00-0151908;1302007605;Desperdicios;;;KG;369,000;TO;0,369;Transporte;Desperdicio;MATERIAL EMBALAJE;231,04620;11;2025;0,03;10,94;1,75;12,69;GLENNIS YOLANIS;30000068;Precio Base General;;0010003052;17;01;X;03.12.2025 - 11:15:05;;;00130005;1300
GLENNIS YOLANIS PEREZ PEREZ;Manufactura;Fact. Nac. Proy. PET;8000019815;Desperdicio;Venta Directa;20251110;Zona Centro;2006;DESPERDICIO BOTELLA DE COLOR;1620,89;KG;1854,02;KG;92,38;141857,69;17816,01;172827,17;Factura;Contado;20251110;VED;NA;;GV ClReg. Proy. PET;OFICINA PROYECTOS PET;00-0151908;1302007605;Desperdicios;;;KG;1759,000;TO;1,759;Transporte;Desperdicio;BOTELLAS GASEOSAS;231,04620;11;2025;0,35;573,87;98,26;599,11;GLENNIS YOLANIS;30000012;Precio Base General;;0010003052;17;01;X;03.12.2025 - 11:15:05;;;00130005;1300
GLENNIS YOLANIS PEREZ PEREZ;Manufactura;Fact. Nac. Proy. PET;8000019815;Desperdicio;Venta Directa;20251110;Zona Centro;2006;DESPERDICIO PREFORMA ENTERA PET;610,500;KG;610,500;KG;77,68;47423,64;7587,78;55011,42;Factura;Contado;20251110;VED;NA;;GV ClReg. Proy. PET;OFICINA PROYECTOS PET;00-0151908;1302007605;Desperdicios;;;G;0,611;TO;0,000;Transporte;Desperdicio;PREFORMAS;231,04620;11;2025;0,34;205,26;32,84;238,10;GLENNIS YOLANIS;30000006;Precio Base General;;0010003052;17;01;X;03.12.2025 - 11:15:05;;;00130005;1300
GLENNIS YOLANIS PEREZ PEREZ;Manufactura;Fact. Nac. Proy. PET;8000019892;Desperdicio;Venta Directa;20251117;Zona Centro;2006;PREFORMA ENTERA DESPERDICIO COLOR;2026,500;KG;2026,500;KG;79,86;161836,29;25893,81;187730,10;Factura;Contado;20251117;VED;NA;;GV ClReg. Proy. PET;OFICINA PROYECTOS PET;00-0151993;1302007617;Desperdicios;;;G;2,027;TO;0,000;Transporte;Desperdicio;PREFORMAS;236,46010;11;2025;0,34;684,41;109,51;793,92;GLENNIS YOLANIS;30001168;Precio Base General;;0010003052;17;01;X;03.12.2025 - 11:15:05;;;00130005;1300
GLENNIS YOLANIS PEREZ PEREZ;Manufactura;Fact. Nac. Proy. PET;8000019892;Desperdicio;Venta Directa;20251117;Zona Centro;2006;DESPERDICIO BOTELLA DE COLOR;728,500;KG;728,500;KG;79,86;58178,01;9308,48;67486,49;Factura;Contado;20251117;VED;NA;;GV ClReg. Proy. PET;OFICINA PROYECTOS PET;00-0151993;1302007617;Desperdicios;;;KG;728,500;TO;0,729;Transporte;Desperdicio;BOTELLAS GASEOSAS;236,46010;11;2025;0,34;246,04;39,37;285,40;GLENNIS YOLANIS;30000012;Precio Base General;;0010003052;17;01;X;03.12.2025 - 11:15:05;;;00130005;1300
GLENNIS YOLANIS PEREZ PEREZ;Manufactura;Fact. Nac. Proy. PET;8000019892;Desperdicio;Venta Directa;20251117;Zona Centro;2006;DESPERDICIO PURGA DE PET;735,500;KG;735,500;KG;18,79;13820,05;2211,21;16031,26;Factura;Contado;20251117;VED;NA;;GV ClReg. Proy. PET;OFICINA PROYECTOS PET;00-0151993;1302007617;Desperdicios;;;KG;735,500;TO;0,736;Transporte;Desperdicio;RESINAS(POLI/SILICON;236,46010;11;2025;0,08;58,45;9,35;67,80;GLENNIS YOLANIS;30000009;Precio Base General;;0010003052;17;01;X;03.12.2025 - 11:15:05;;;00130005;1300
GLENNIS YOLANIS PEREZ PEREZ;Manufactura;Fact. Nac. Proy. PET;8000019892;Desperdicio;Venta Directa;20251117;Zona Centro;2006;DESPERDICIO PREFORMA ENTERA PET;1666,000;KG;1666,000;KG;79,86;133046,76;21287,48;154334,24;Factura;Contado;20251117;VED;NA;;GV ClReg. Proy. PET;OFICINA PROYECTOS PET;00-0151993;1302007617;Desperdicios;;;G;1,666;TO;0,000;Transporte;Desperdicio;PREFORMAS;236,46010;11;2025;0,34;562,66;90,03;652,69;GLENNIS YOLANIS;30000006;Precio Base General;;0010003052;17;01;X;03.12.2025 - 11:15:05;;;00130005;1300
GLENNIS YOLANIS PEREZ PEREZ;Manufactura;Fact. Nac. Proy. PET;8000019892;Desperdicio;Venta Directa;20251117;Zona Centro;2006;BOLSAS PLASTICAS TIPO D.;310,500;KG;310,500;KG;7,05;2189,03;350,24;2539,27;Factura;Contado;20251117;VED;NA;;GV ClReg. Proy. PET;OFICINA PROYECTOS PET;00-0151993;1302007617;Desperdicios;;;KG;310,500;TO;0,311;Transporte;Desperdicio;MATERIAL EMBALAJE;236,46010;11;2025;0,03;9,26;1,48;10,74;GLENNIS YOLANIS;30000068;Precio Base General;;0010003052;17;01;X;03.12.2025 - 11:15:05;;;00130005;1300
GLENNIS YOLANIS PEREZ PEREZ;Manufactura;Fact. Nac. Proy. PET;8000019941;Desperdicio;Venta Directa;20251124;Zona Centro;2006;DESPERDICIO BOTELLA DE COLOR;2295,000;KG;2295,000;KG;82,14;188511,30;30161,81;218673,11;Factura;Contado;20251124;VED;NA;;GV ClReg. Proy. PET;OFICINA PROYECTOS PET;00-0152044;1302007629;Desperdicios;;;KG;2295,000;TO;2,295;Transporte;Desperdicio;BOTELLAS GASEOSAS;241,57800;11;2025;0,34;780,33;124,85;905,19;GLENNIS YOLANIS;30000012;Precio Base General;;0010003052;17;01;X;03.12.2025 - 11:15:05;;;00130005;1300
GLENNIS YOLANIS PEREZ PEREZ;Manufactura;Fact. Nac. Proy. PET;8000019941;Desperdicio;Venta Directa;20251124;Zona Centro;2006;DESPERDICIO DE TAPAS;441,500;KG;441,500;KG;82,14;36264,81;5802,37;42067,18;Factura;Contado;20251124;VED;NA;;GV ClReg. Proy. PET;OFICINA PROYECTOS PET;00-0152044;1302007629;Desperdicios;;;KG;441,500;TO;0,442;Transporte;Desperdicio;POLIETILENO;241,57800;11;2025;0,34;150,12;24,02;174,13;GLENNIS YOLANIS;30000059;Precio Base General;;0010003052;17;01;X;03.12.2025 - 11:15:05;;;00130005;1300
GLENNIS YOLANIS PEREZ PEREZ;Manufactura;Fact. Nac. Proy. PET;8000019941;Desperdicio;Venta Directa;20251124;Zona Centro;2006;PREFORMA ENTERA DESPERDICIO COLOR;727,000;KG;727,000;KG;82,14;59715,78;9554,52;69270,30;Factura;Contado;20251124;VED;NA;;GV ClReg. Proy. PET;OFICINA PROYECTOS PET;00-0152044;1302007629;Desperdicios;;;G;0,727;TO;0,000;Transporte;Desperdicio;PREFORMAS;241,57800;11;2025;0,34;247,19;39,55;286,74;GLENNIS YOLANIS;30001168;Precio Base General;;0010003052;17;01;X;03.12.2025 - 11:15:05;;;00130005;1300
GLENNIS YOLANIS PEREZ PEREZ;Manufactura;Fact. Nac. Proy. PET;8000019941;Desperdicio;Venta Directa;20251124;Zona Centro;2006;BOLSAS PLASTICAS TIPO D.;134,000;KG;134,000;KG;7,25;971,50;155,44;1126,94;Factura;Contado;20251124;VED;NA;;GV ClReg. Proy. PET;OFICINA PROYECTOS PET;00-0152044;1302007629;Desperdicios;;;KG;134,000;TO;0,134;Transporte;Desperdicio;MATERIAL EMBALAJE;241,57800;11;2025;0,03;4,02;0,64;4,66;GLENNIS YOLANIS;30000068;Precio Base General;;0010003052;17;01;X;03.12.2025 - 11:15:05;;;00130005;1300
GLENNIS YOLANIS PEREZ PEREZ;Manufactura;Fact. Nac. Proy. PET;8000019941;Desperdicio;Venta Directa;20251124;Zona Centro;2006;DESPERDICIO PREFORMA ENTERA PET;220,500;KG;220,500;KG;82,14;18111,87;2897,90;21009,77;Factura;Contado;20251124;VED;NA;;GV ClReg. Proy. PET;OFICINA PROYECTOS PET;00-0152044;1302007629;Desperdicios;;;G;0,221;TO;0,000;Transporte;Desperdicio;PREFORMAS;241,57800;11;2025;0,34;74,97;12,00;86,97;GLENNIS YOLANIS;30000006;Precio Base General;;0010003052;17;01;X;03.12.2025 - 11:15:05;;;00130005;1300
GLENNIS YOLANIS PEREZ PEREZ;Manufactura;Fact. Nac. Proy. PET;8000020031;Desperdicio;Venta Directa;20251128;Zona Centro;2006;BOLSAS PLASTICAS TIPO D.;179,000;KG;179,000;KG;7,37;1319,23;211,08;1530,31;Factura;Contado;20251128;VED;NA;;GV ClReg. Proy. PET;OFICINA PROYECTOS PET;00-0152141;1302007642;Desperdicios;;;KG;179,000;TO;0,179;Transporte;Desperdicio;MATERIAL EMBALAJE;245,66970;11;2025;0,03;5,37;0,86;6,23;GLENNIS YOLANIS;30000068;Precio Base General;;0010003052;17;01;X;03.12.2025 - 11:15:05;;;00130005;1300
GLENNIS YOLANIS PEREZ PEREZ;Manufactura;Fact. Nac. Proy. PET;8000020031;Desperdicio;Venta Directa;20251128;Zona Centro;2006;DESPERDICIO DE TAPAS;345,000;KG;345,000;KG;83,53;28817,85;4610,86;33428,71;Factura;Contado;20251128;VED;NA;;GV ClReg. Proy. PET;OFICINA PROYECTOS PET;00-0152141;1302007642;Desperdicios;;;KG;345,000;TO;0,345;Transporte;Desperdicio;POLIETILENO;245,66970;11;2025;0,34;117,30;18,77;136,07;GLENNIS YOLANIS;30000059;Precio Base General;;0010003052;17;01;X;03.12.2025 - 11:15:05;;;00130005;1300
GLENNIS YOLANIS PEREZ PEREZ;Manufactura;Fact. Nac. Proy. PET;8000020031;Desperdicio;Venta Directa;20251128;Zona Centro;2006;DESPERDICIO RESINA CONTAMINADA;412,000;KG;412,000;KG;83,53;34414,36;5506,30;39920,66;Factura;Contado;20251128;VED;NA;;GV ClReg. Proy. PET;OFICINA PROYECTOS PET;00-0152141;1302007642;Desperdicios;;;KG;412,000;TO;0,412;Transporte;Desperdicio;RESINAS(POLI/SILICON;245,66970;11;2025;0,34;140,08;22,41;162,50;GLENNIS YOLANIS;30000020;Precio Base General;;0010003052;17;01;X;03.12.2025 - 11:15:05;;;00130005;1300
GLENNIS YOLANIS PEREZ PEREZ;Manufactura;Fact. Nac. Proy. PET;8000020031;Desperdicio;Venta Directa;20251128;Zona Centro;2006;DESPERDICIO BOTELLA DE COLOR;1997,500;KG;1997,500;KG;83,53;166851,18;26696,19;193547,37;Factura;Contado;20251128;VED;NA;;GV ClReg. Proy. PET;OFICINA PROYECTOS PET;00-0152141;1302007642;Desperdicios;;;KG;1997,500;TO;1,998;Transporte;Desperdicio;BOTELLAS GASEOSAS;245,66970;11;2025;0,34;679,17;108,67;787,84;GLENNIS YOLANIS;30000012;Precio Base General;;0010003052;17;01;X;03.12.2025 - 11:15:05;;;00130005;1300
GLENNIS YOLANIS PEREZ PEREZ;Manufactura;Fact. Nac. Proy. PET;8000020031;Desperdicio;Venta Directa;20251128;Zona Centro;2006;DESPERDICIO PURGA DE PET;676,500;KG;676,500;KG;19,65;13293,23;2126,92;15420,15;Factura;Contado;20251128;VED;NA;;GV ClReg. Proy. PET;OFICINA PROYECTOS PET;00-0152141;1302007642;Desperdicios;;;KG;676,500;TO;0,677;Transporte;Desperdicio;RESINAS(POLI/SILICON;245,66970;11;2025;0,08;54,11;8,66;62,77;GLENNIS YOLANIS;30000009;Precio Base General;;0010003052;17;01;X;03.12.2025 - 11:15:05;;;00130005;1300
GLENNIS YOLANIS PEREZ PEREZ;Manufactura;Fact. Nac. Proy. PET;8000020031;Desperdicio;Venta Directa;20251128;Zona Centro;2006;DESPERDICIO PREFORMA ENTERA PET;3648,000;KG;3648,000;KG;83,53;304717,44;48754,77;353472,21;Factura;Contado;20251128;VED;NA;;GV ClReg. Proy. PET;OFICINA PROYECTOS PET;00-0152141;1302007642;Desperdicios;;;G;3,648;TO;0,000;Transporte;Desperdicio;PREFORMAS;245,66970;11;2025;0,34;1240,35;198,46;1438,81;GLENNIS YOLANIS;30000006;Precio Base General;;0010003052;17;01;X;03.12.2025 - 11:15:05;;;00130005;1300
GLENNIS YOLANIS PEREZ PEREZ;Manufactura;Fact. Nac. Proy. PET;8000020031;Desperdicio;Venta Directa;20251128;Zona Centro;2006;PREFORMA ENTERA DESPERDICIO COLOR;2911,09;KG;2974,98;KG;82,42;246188,56;45238,44;306794,32;Factura;Contado;20251128;VED;NA;;GV ClReg. Proy. PET;OFICINA PROYECTOS PET;00-0152141;1302007642;Desperdicios;;;G;2,908;TO;0,000;Transporte;Desperdicio;PREFORMAS;245,66970;11;2025;0,30;1036,04;130,96;1246,72;GLENNIS YOLANIS;30001168;Precio Base General;;0010003052;17;01;X;03.12.2025 - 11:15:05;;;00130005;1300
GLENNIS YOLANIS PEREZ PEREZ;Manufactura;N/D Nac. Proy. PET;8400000508;Desperdicio;Venta Directa;20251104;Zona Centro;2006;DESPERDICIO DE CARTON SIN USO PRODUCTIVO;0,000;;0,000;;0,00;841847,63;134695,62;976543,25;Nota de cargo;Contado;20251104;VED;NA;;GV ClReg. Proy. PET;OFICINA PROYECTOS PET;00-0151814;1314000562;Desperdicios;;;KG;0,000;TO;0,000;Transporte;Desperdicio;MATERIAL EMBALAJE;224,37620;11;2025;0,00;3751,95;600,31;4352,26;GLENNIS YOLANIS;30000000;Precio Base General;;0010003052;17;01;X;03.12.2025 - 11:15:05;200;Preisdifferenz: Preis war zu niedrig;00130005;1300
INDUSTRIA ECONOMICA, C.A;Manufactura;Fact. Nac. Proy. PET;8000019897;Preformas;Venta Directa;20251117;Zona Oriente;3000;PREFORMAS TRANSP 16,56 G(1881PCO)BIG BAG;95904,000;PZA;95904,000;PZA;0,07;6540,65;1046,50;7587,15;Factura;Contado;20251117;USD;NA;;GV ClReg. Proy. PET;GLISNEIDY ISABEL FARFAR;00-0151998;1302007618;Short Finish;;16,5 gr.;G;1588170,240;TO;1,588;Aceites;PP-Preforma;PREFORMAS;0,00000;11;2025;0,07;6540,65;1046,50;7587,15;INDUSTRIA ECONOMICA,;70000822;Precio Base General;;0010003083;17;02;X;03.12.2025 - 11:15:05;;;00100095;1300
INDUSTRIA ECONOMICA, C.A;Manufactura;Fact. Nac. Proy. PET;8000019921;Preformas;Venta Directa;20251120;Zona Oriente;3000;PREFORMAS TRANSP 16,56 G(1881PCO)BIG BAG;95904,000;PZA;95904,000;PZA;0,07;6540,65;1046,50;7587,15;Factura;Contado;20251120;USD;NA;;GV ClReg. Proy. PET;GLISNEIDY ISABEL FARFAR;00-0152024;1302007618;Short Finish;;16,5 gr.;G;1588170,240;TO;1,588;Aceites;PP-Preforma;PREFORMAS;0,00000;11;2025;0,07;6540,65;1046,50;7587,15;INDUSTRIA ECONOMICA,;70000822;Precio Base General;;0010003083;17;02;X;03.12.2025 - 11:15:05;;;00100095;1300
INDUSTRIA ECONOMICA, C.A;Manufactura;Fact. Nac. Proy. PET;8000019981;Preformas;Venta Directa;20251125;Zona Oriente;3000;PREFORMAS TRANSP 16,56 G(1881PCO)BIG BAG;31968,000;PZA;31968,000;PZA;0,07;2180,22;348,84;2529,06;Factura;Contado;20251125;USD;NA;;GV ClReg. Proy. PET;GLISNEIDY ISABEL FARFAR;00-0152084;1302007618;Short Finish;;16,5 gr.;G;529390,080;TO;0,529;Aceites;PP-Preforma;PREFORMAS;0,00000;11;2025;0,07;2180,22;348,84;2529,06;INDUSTRIA ECONOMICA,;70000822;Precio Base General;;0010003083;17;02;X;03.12.2025 - 11:15:05;;;00100095;1300
BAHIA SUPERMARKET, C.A;Distribuidores Trad.;Fact. Nac. Ampo.;7000011985;Inyecto Soplado;Venta Directa;20251127;Zona Metropolitana;3000;ENVASE PET TRANSP ESPECIAS 200 G;5940,000;PZA;5940,000;PZA;25,63;152225,75;24356,12;176581,87;Factura;Contado;20251127;VED;NA;;GV ClReg. Ampofr.;GLISNEIDY ISABEL FARFAR;00-056517;1202009267;Especias;Transparente;200 gr.;G;113751,000;TO;0,114;Supermercado;AM-Especias;ENVASES PT;244,65040;11;2025;0,10;622,22;99,55;721,77;COMERCIO TRADICIONAL;70000082;Precio Base General;;0010003108;17;01;X;03.12.2025 - 11:15:05;;;00100095;1200
BAHIA SUPERMARKET, C.A;Distribuidores Trad.;Fact. Nac. Ampo.;7000011985;Inyección Liviana;Venta Directa;20251127;Zona Metropolitana;3000;TAPA FLIP TOP ESPECIAS 5 ORIFICIO NATURA;6000,000;PZA;6000,000;PZA;19,27;115599,30;18495,89;134095,19;Factura;Contado;20251127;VED;NA;;GV ClReg. Ampofr.;GLISNEIDY ISABEL FARFAR;00-056517;1202009267;Tapa Especie;Blanco;42 gr.;G;41940,000;TO;0,042;Supermercado;AM-Tapas Ampofrasca;TAPAS;244,65040;11;2025;0,08;472,51;75,60;548,11;COMERCIO TRADICIONAL;70000785;Precio Base General;;0010003108;17;01;X;03.12.2025 - 11:15:05;;;00100095;1200
MARIA YOLISBETH TORREALBA JUSTO;Manufactura;Fact. Nac. Ampo.;7000011937;Inyecto Soplado;Venta Directa;20251113;Zona Centro Occid.;3000;ENVASE PET AMBAR FARMA 240 ML;2530,97;PZA;2552,52;PZA;59,20;200923,51;32698,16;185528,21;Factura;Contado;20251113;VED;NA;;GV ClReg. Ampofr.;HORACIO HERNANDEZ;00-056464;1202009194;Farma S/Impresión;Ambar;240 ml.;G;61608,960;TO;0,062;Comercializadora;AM-Farma;ENVASES PT;233,55760;11;2025;0,35;794,08;126,57;994,50;MARIA YOLISBETH TORR;70000059;Precio Base General;;0010003245;17;02;X;03.12.2025 - 11:15:05;;;00120003;1200
PROQUIMICOS DE OCCIDENTE C.A;Manufactura;Fact. Nac. Proy. PET;8000019784;Preformas;Venta Directa;20251107;Zona Occidente;3000;PREFORMAS TRANSPARENTE 27,9 GR CESTA;12007,000;PZA;12007,000;PZA;0,11;1368,80;219,01;1587,81;Factura;Contado;20251107;USD;NA;;GV ClReg. Proy. PET;GLISNEIDY ISABEL FARFAR;00-0151876;1302007586;Long Finish;Transparente;28 gr.;G;334995,300;TO;0,335;Comercializadora;PP-Preforma;PREFORMAS;0,00000;11;2025;0,11;1368,80;219,01;1587,81;PROQUIMICOS DE OCCID;70000330;Precio Base General;;0010003370;17;01;X;03.12.2025 - 11:15:05;;;00100095;1300
PROQUIMICOS DE OCCIDENTE C.A;Manufactura;Fact. Nac. Proy. PET;8000019784;Preformas;Venta Directa;20251107;Zona Occidente;3000;PREFORMAS TRANSPARENTE 39,31GRS;18316,000;PZA;18316,000;PZA;0,16;2948,88;471,82;3420,70;Factura;Contado;20251107;USD;NA;;GV ClReg. Proy. PET;GLISNEIDY ISABEL FARFAR;00-0151876;1302007586;Long Finish;Transparente;28 gr.;G;720001,960;TO;0,720;Comercializadora;PP-Preforma;PREFORMAS;0,00000;11;2025;0,16;2948,88;471,82;3420,70;PROQUIMICOS DE OCCID;70000260;Precio Base General;;0010003370;17;01;X;03.12.2025 - 11:15:05;;;00100095;1300
ITC MANUFACTURA C.A;Manufactura;Fact. Nac. Ampo.;7000011911;Inyecto Soplado;Venta Directa;20251106;Zona Centro Occid.;3000;ENVASE MULTIUSOS 828ml  (23g);17280,000;PZA;17280,000;PZA;0,23;4049,91;647,99;4697,90;Factura;Contado;20251106;USD;NA;;GV ClReg. Ampofr.;HORACIO HERNANDEZ;00-056438;1202009217;Jugos;Transparente;500 ml.;G;397440,000;TO;0,397;Alimentos;PP-Botella;ENVASES PT;0,00000;11;2025;0,23;4049,91;647,99;4697,90;;70000808;Precio Base General;;0010003593;17;;N;03.12.2025 - 11:15:05;;;00120003;1200
ITC MANUFACTURA C.A;Manufactura;Fact. Nac. Ampo.;7000011916;Inyecto Soplado;Venta Directa;20251106;Zona Centro Occid.;3000;ENVASE MULTIUSOS 828ml  (23g);12744,000;PZA;12744,000;PZA;0,23;2986,81;477,89;3464,70;Factura;Contado;20251106;USD;NA;;GV ClReg. Ampofr.;HORACIO HERNANDEZ;00-056443;1202009218;Jugos;Transparente;500 ml.;G;293112,000;TO;0,293;Alimentos;PP-Botella;ENVASES PT;0,00000;11;2025;0,23;2986,81;477,89;3464,70;;70000808;Precio Base General;;0010003593;17;;N;03.12.2025 - 11:15:05;;;00120003;1200
ITC MANUFACTURA C.A;Manufactura;Fact. Nac. Ampo.;7000011921;Inyecto Soplado;Venta Directa;20251107;Zona Centro Occid.;3000;ENVASE MULTIUSOS 500ml  (17,82gr);25480,000;PZA;25480,000;PZA;0,13;3391,90;542,70;3934,60;Factura;Contado;20251107;USD;NA;;GV ClReg. Ampofr.;HORACIO HERNANDEZ;00-056448;1202009219;Jugos;Transparente;500 ml.;G;454053,600;TO;0,454;Alimentos;PP-Botella;ENVASES PT;0,00000;11;2025;0,13;3391,90;542,70;3934,60;;70000489;Precio Base General;;0010003593;17;;N;03.12.2025 - 11:15:05;;;00120003;1200
ITC MANUFACTURA C.A;Manufactura;Fact. Nac. Ampo.;7000011957;Inyecto Soplado;Venta Directa;20251119;Zona Centro Occid.;3000;ENVASE MULTIUSOS 500ml  (17,82gr);25480,000;PZA;25480,000;PZA;0,13;3391,90;542,70;3934,60;Factura;Contado;20251119;USD;NA;;GV ClReg. Ampofr.;HORACIO HERNANDEZ;00-056488;1202009220;Jugos;Transparente;500 ml.;G;454053,600;TO;0,454;Alimentos;PP-Botella;ENVASES PT;0,00000;11;2025;0,13;3391,90;542,70;3934,60;;70000489;Precio Base General;;0010003593;17;;N;03.12.2025 - 11:15:05;;;00120003;1200
RAFAEL LISANDRO MATERANO;Distribuidores Trad.;Fact. Nac. Proy. PET;8000019926;Tapas PT;Venta Directa;20251121;Zona Centro Occid.;3000;TAPA PCO 1810 Blanca 28MM 3,10 G (3500);4,000;CS;4,000;CS;16591,70;66366,80;10618,69;76985,49;Factura;Contado;20251121;VED;NA;;GV ClReg. Proy. PET;HORACIO HERNANDEZ;00-0152029;1302007626;Tapas S/Impresión;Blanco;28 mm. 1810;G;43400,000;TO;0,043;Comercializadora;PP-Tap. Long Finish;TAPAS;241,57800;11;2025;68,68;274,72;43,96;318,68;;70000401;Precio Base General;;0010003620;17;;N;03.12.2025 - 11:15:05;;;00120003;1300
GLOBAL IMPORT PLAST, C.A.;Manufactura;Fact. Nac. Ampo.;7000011987;Inyecto Soplado;Venta Directa;20251127;Zona Centro;3000;ENVASE PET MAYONESA 500 ML MAQUILA;19008,000;PZA;19008,000;PZA;0,09;1634,69;261,55;1896,24;Factura;Contado;20251127;USD;NA;;GV ClReg. Ampofr.;;00-056519;1202009266;Especias;Transparente;200 gr.;G;484704,000;TO;0,485;Alimentos;AM-Especias;ENVASES PT;0,00000;11;2025;0,09;1634,69;261,55;1896,24;;70000835;Precio Base General;;0010003630;17;01;X;03.12.2025 - 11:15:05;;;00000000;1200
GLOBAL IMPORT PLAST, C.A.;Manufactura;Fact. Nac. Proy. PET;8000020002;Preformas;Venta Directa;20251126;Zona Centro;3000;PREFORMAS TRANSP 27,90G MAQ GLOBAL IMP P;36021,000;PZA;36021,000;PZA;0,02;601,55;96,25;697,80;Factura;Contado;20251126;USD;NA;;GV ClReg. Proy. PET;GLISNEIDY ISABEL FARFAR;00-0152111;1302007505;Long Finish;Transparente;44 gr.;G;1004985,900;TO;1,005;Alimentos;PP-Preforma;PREFORMAS;0,00000;11;2025;0,02;601,55;96,25;697,80;;70000834;Precio Base General;;0010003630;17;01;X;03.12.2025 - 11:15:05;;;00100095;1300
GLOBAL IMPORT PLAST, C.A.;Manufactura;Fact. Nac. Proy. PET;8000020004;Preformas;Venta Directa;20251126;Zona Centro;3000;PREFORMAS TRANSP 27,90G MAQ GLOBAL IMP P;36021,000;PZA;36021,000;PZA;0,02;601,55;96,25;697,80;Factura;Contado;20251126;USD;NA;;GV ClReg. Proy. PET;GLISNEIDY ISABEL FARFAR;00-0152113;1302007505;Long Finish;Transparente;44 gr.;G;1004985,900;TO;1,005;Alimentos;PP-Preforma;PREFORMAS;0,00000;11;2025;0,02;601,55;96,25;697,80;;70000834;Precio Base General;;0010003630;17;01;X;03.12.2025 - 11:15:05;;;00100095;1300
INVERSIONES PICK & LOU C.A.;Manufactura;Fact. Nac. Ampo.;7000011910;Inyecto Soplado;Venta Directa;20251105;Zona Centro;3000;ENVASE MULTIUSOS 828ml  (23g);3600,000;PZA;3600,000;PZA;44,64;160702,70;25712,43;186415,13;Factura;Contado;20251105;VED;NA;;GV ClReg. Ampofr.;HORACIO HERNANDEZ;00-056437;1202009210;Jugos;Transparente;500 ml.;G;82800,000;TO;0,083;Alimentos;PP-Botella;ENVASES PT;226,13050;11;2025;0,20;710,66;113,71;824,37;;70000808;Precio Base General;;0010003687;17;;N;03.12.2025 - 11:15:05;;;00120003;1200
INVERSIONES PICK & LOU C.A.;Manufactura;Fact. Nac. Proy. PET;8000019749;Tapas PT;Venta Directa;20251105;Zona Centro;3000;TAPA PCO 1810 Blanca 28MM 3,10 G (3500);1,000;CS;1,000;CS;15410,27;15410,27;2465,64;17875,91;Factura;Contado;20251105;VED;NA;;GV ClReg. Proy. PET;;00-0151839;1302007587;Tapas S/Impresión;Blanco;28 mm. 1810;G;10850,000;TO;0,011;Alimentos;PP-Tap. Long Finish;TAPAS;226,13050;11;2025;68,15;68,15;10,90;79,05;;70000401;Precio Base General;;0010003687;17;;N;03.12.2025 - 11:15:05;;;00000000;1300
PHARSANA DE VENEZUELA, C. A.;Intercompañias;Fact. Nac. Ampo.;7000011991;Inyecto Soplado;Venta Directa;20251127;Zona Centro;3000;ENV PET TRANSP COSMETIC OVAL 200 ML (PH);22648,25;PZA;23281,74;PZA;55,91;1539973,24;268864,23;1843164,82;Factura;Crédito 07 Días;20251204;VED;NA;;GV ClReg. Ampofr.;GLISNEIDY ISABEL FARFAR;00-056523;1202009273;Cosmetica Oval;Transparente;200 ml.;G;575634,000;TO;0,576;Intercompañia;AM-Cosmética;ENVASES PT;244,65040;11;2025;0,27;7367,27;1146,91;7879,59;INTERCOMPAÑIA SD;70000585;Intercompañías;Cosmetica;0041000000;14;01;X;03.12.2025 - 11:15:05;;;00100095;1200
AMPOLLAS Y FRASCOS VENEZOLANOS, C.A.;Intercompañias;Fact. Mu. Ampo.;7000011943;Inyecto Soplado;Muestra;20251114;Zona Centro;3000;ENVASE PET MAYONESA 500 ML;0,04;PAL;138,09;PZA;54759,79;2803,83;381,94;2899,89;Factura;Contado;20251114;VED;NA;;GV ClReg. Ampofr.;;00-056470;1205000144;Especias;Transparente;200 gr.;G;3366,000;TO;0,003;Intercompañia;AM-Env. Plásticos;ENVASES PT;234,87150;11;2025;210,09;12,07;1,87;10,42;INTERCOMPAÑIA SD;70000751;Intercompañías;;0041000002;14;01;X;03.12.2025 - 11:15:05;;;00000000;1200
AMPOLLAS Y FRASCOS VENEZOLANOS, C.A.;Intercompañias;Fact. Nac. Proy. PET;8000019827;Preformas;Venta Directa;20251111;Zona Centro;3000;PREFORMAS TRANSPARENTE 23,00 G CESTA;241736,000;PZA;241736,000;PZA;8,18;1977371,47;316379,44;2293750,91;Factura;Contado;20251111;VED;NA;;GV ClReg. Proy. PET;;00-0151921;1302007607;Long Finish;Transparente;25 gr.;G;5559928,000;TO;5,560;Intercompañia;PP-Preforma;PREFORMAS;231,09380;11;2025;0,04;8556,58;1369,05;9925,63;INTERCOMPAÑIA SD;70000651;Intercompañías;;0041000002;14;01;X;03.12.2025 - 11:15:05;;;00000000;1300
AMPOLLAS Y FRASCOS VENEZOLANOS, C.A.;Intercompañias;Fact. Nac. Proy. PET;8000019982;Preformas;Venta Directa;20251126;Zona Centro;3000;PREFORMAS TRANSPARENTE 25,00 GR (PCO);12400,000;PZA;12400,000;PZA;7,10;88010,36;14081,66;102092,02;Factura;Contado;20251126;VED;NA;;GV ClReg. Proy. PET;;00-0152085;1302007635;Long Finish;Transparente;25 gr.;G;310000,000;TO;0,310;Intercompañia;PP-Preforma;PREFORMAS;243,57270;11;2025;0,03;361,33;57,81;419,14;INTERCOMPAÑIA SD;70000112;Intercompañías;;0041000002;14;01;X;03.12.2025 - 11:15:05;;;00000000;1300
AMPOLLAS Y FRASCOS VENEZOLANOS, C.A.;Intercompañias;Fact. Nac. Proy. PET;8000020013;Preformas;Venta Directa;20251127;Zona Centro;3000;PREFORMAS TRANSPARENTE 25,00 GR (PCO);12400,000;PZA;12400,000;PZA;7,10;88010,36;14081,66;102092,02;Factura;Contado;20251127;VED;NA;;GV ClReg. Proy. PET;;00-0152123;1302007641;Long Finish;Transparente;25 gr.;G;310000,000;TO;0,310;Intercompañia;PP-Preforma;PREFORMAS;244,65040;11;2025;0,03;359,74;57,56;417,30;INTERCOMPAÑIA SD;70000112;Intercompañías;;0041000002;14;01;X;03.12.2025 - 11:15:05;;;00000000;1300
AMPOLLAS Y FRASCOS VENEZOLANOS, C.A.;Intercompañias;N/C Dev. Nac. P.PET;8200001923;Preformas;Venta Directa;20251127;Zona Centro;3000;PREFORMAS TRANSPARENTE 23,00 G CESTA;-2461,000;PZA;-2461,000;PZA;-8,18;-20130,68;-3220,91;-23351,59;Abono;Contado;20251127;VED;NA;;GV ClReg. Proy. PET;;00-0152116;1306000891;Long Finish;Transparente;25 gr.;G;-56603,000;TO;-0,057;Intercompañia;PP-Preforma;PREFORMAS;244,65040;11;2025;-0,03;-82,28;-13,17;-95,45;INTERCOMPAÑIA SD;70000651;Intercompañías;;0041000002;14;01;X;03.12.2025 - 11:15:05;YB1;Devolución Por Seguimiento;00000000;1300
LABORATORIO MR CASA DE RECETURA;Cliente de Internet;Fact. Vta EComm PET;8000019781;Inyecto Soplado;Ventas por Internet;20251106;Zona Centro;3009;ENV.PET BCO COSMETIC OVAL 100 ML(Ecomm);351,000;PZA;351,000;PZA;62,13;21807,56;3489,21;25296,77;Factura;Prepagado;20251106;VED;NA;;Clientes de Internet;;00-0151873;1360001774;Cosmetica Oval;Blanco;200 ml.;G;5703,750;TO;0,006;Esporádico;AM-Cosmética;ENVASES PT;227,55670;11;2025;0,27;95,83;15,33;111,17;;70000551;Internet;;0099000001;22;;N;03.12.2025 - 11:15:05;;;00000000;1300
MARIBEL MINGUEZ;Cliente de Internet;Fact. Vta EComm PET;8000019782;Inyecto Soplado;Ventas por Internet;20251106;Zona Centro;3009;ENV.PET BCO COSMETIC 200ML SENSITIVE(Eco;48,000;PZA;48,000;PZA;134,32;6447,48;1031,60;7479,08;Factura;Prepagado;20251106;VED;NA;;Clientes de Internet;;00-0151874;1360001775;Cosmetica Oval;Blanco;200 ml.;G;1068,000;TO;0,001;Esporádico;AM-Cosmética;ENVASES PT;227,55670;11;2025;0,59;28,33;4,53;32,87;;70000481;Internet;;0099000001;22;;N;03.12.2025 - 11:15:05;;;00000000;1300
LUIS RAMIREZ;Cliente de Internet;Fact. Vta EComm PET;8000019783;Botellas;Ventas por Internet;20251106;Zona Centro;3009;FARMACEUTICO AMBAR 120cc (Ecomm);571,62;PZA;535,79;PZA;54,56;25159,68;5134,87;37064,36;Factura;Prepagado;20251106;VED;NA;;Clientes de Internet;;00-0151875;1360001776;Farma S/Impresión;Ambar;60 ml.;G;9436,050;TO;0,009;Esporádico;PP-Botella;ENVASES PT;227,55670;11;2025;0,22;112,37;20,66;141,82;;70000496;Internet;;0099000001;22;;N;03.12.2025 - 11:15:05;;;00000000;1300
GREGORY TORRES;Cliente de Internet;Fact. Vta EComm PET;8000019859;Inyecto Soplado;Ventas por Internet;20251112;Zona Centro;3009;ENVASE PET TRANSP FARMA 120 ML (Ecomm);1170,000;PZA;1170,000;PZA;65,18;76259,66;12201,54;88461,20;Factura;Prepagado;20251112;VED;NA;;Clientes de Internet;;00-0151958;1360001777;Short Finish;Transparente;29,5 gr.;G;19293,300;TO;0,019;Esporádico;PP-Botella;ENVASES PT;233,04580;11;2025;0,28;327,23;52,36;379,59;;70000665;Internet;;0099000001;22;;N;03.12.2025 - 11:15:05;;;00000000;1300
GREGORY TORRES;Cliente de Internet;Fact. Vta EComm PET;8000019859;Inyecto Soplado;Ventas por Internet;20251112;Zona Centro;3009;CILINDRICO PCO 28mm 400ml (23,00Gr)Ecomm;409,80;PZA;413,82;PZA;70,38;25392,99;4779,94;31282,22;Factura;Prepagado;20251112;VED;NA;;Clientes de Internet;;00-0151958;1360001777;Cosmetica Cilindrica;Transparente;200 ml.;G;9016,000;TO;0,009;Esporádico;AM-Env. Plásticos;ENVASES PT;233,04580;11;2025;0,33;111,91;21,69;114,80;;70000505;Internet;;0099000001;22;;N;03.12.2025 - 11:15:05;;;00000000;1300
MARIBEL MINGUEZ;Cliente de Internet;Fact. Vta EComm PET;8000019878;Tapas PT;Ventas por Internet;20251113;Zona Centro;3009;TAPA PUSH&PULL NARANJA (Ecomm);50,000;PZA;50,000;PZA;35,99;1799,50;287,92;2087,42;Factura;Prepagado;20251113;VED;NA;;Clientes de Internet;;00-0151978;1360001778;Tapas Push & Pull;;;G;225,000;TO;0,000;Esporádico;PP-Tap. Long Finish;TAPAS;233,55760;11;2025;0,15;7,70;1,23;8,94;;70000605;Internet;;0099000001;22;;N;03.12.2025 - 11:15:05;;;00000000;1300
JORDY PAREDES;Cliente de Internet;Fact. Vta EComm PET;8000019905;Inyecto Soplado;Ventas por Internet;20251118;Zona Centro;3009;ENV.PET TRANSP COSMETIC OVAL 100 ML(Ecom;240,000;PZA;240,000;PZA;143,79;34509,82;5521,56;40031,38;Factura;Prepagado;20251118;VED;NA;;Clientes de Internet;;00-0152007;1360001779;Cosmetica Oval;Transparente;100 ml.;G;3840,000;TO;0,004;Esporádico;AM-Cosmética;ENVASES PT;236,83890;11;2025;0,61;145,71;23,31;169,02;;70000480;Internet;;0099000001;22;;N;03.12.2025 - 11:15:05;;;00000000;1300
JORDY PAREDES;Cliente de Internet;Fact. Vta EComm PET;8000019905;Tapas PT;Ventas por Internet;20251118;Zona Centro;3009;TAPA PUSH&PULL VERDE  (ECOMM);250,000;PZA;250,000;PZA;36,97;9243,60;1478,98;10722,58;Factura;Prepagado;20251118;VED;NA;;Clientes de Internet;;00-0152007;1360001779;Tapas Push & Pull;;;G;1125,000;TO;0,001;Esporádico;PP-Tap. Long Finish;TAPAS;236,83890;11;2025;0,16;39,03;6,24;45,27;;70000602;Internet;;0099000001;22;;N;03.12.2025 - 11:15:05;;;00000000;1300
JORDY PAREDES;Cliente de Internet;Fact. Vta EComm PET;8000019905;Tapas PT;Ventas por Internet;20251118;Zona Centro;3009;TAPA PUSH&PULL AMARILLA (Ecomm);150,000;PZA;150,000;PZA;36,97;5546,16;887,39;6433,55;Factura;Prepagado;20251118;VED;NA;;Clientes de Internet;;00-0152007;1360001779;Tapas Push & Pull;;;G;675,000;TO;0,001;Esporádico;PP-Tap. Long Finish;TAPAS;236,83890;11;2025;0,16;23,42;3,75;27,16;;70000606;Internet;;0099000001;22;;N;03.12.2025 - 11:15:05;;;00000000;1300
JORDY PAREDES;Cliente de Internet;Fact. Vta EComm PET;8000019906;Inyecto Soplado;Ventas por Internet;20251118;Zona Centro;3009;ENV.PET TRANSP COSMETIC OVAL 100 ML(Ecom;345,000;PZA;345,000;PZA;143,79;49607,86;7937,26;57545,12;Factura;Prepagado;20251118;VED;NA;;Clientes de Internet;;00-0152008;1360001780;Cosmetica Oval;Transparente;100 ml.;G;5520,000;TO;0,006;Esporádico;AM-Cosmética;ENVASES PT;236,83890;11;2025;0,61;209,46;33,51;242,97;;70000480;Internet;;0099000001;22;;N;03.12.2025 - 11:15:05;;;00000000;1300
MARTHA NIÑO;Cliente de Internet;Fact. Vta EComm PET;8000019927;Tapas PT;Ventas por Internet;20251121;Zona Centro;3009;TAPA PCO 28MM 1810 BLANCA ECOMMERCE;1,000;PZA;50,000;PZA;1214,91;1214,91;194,39;1409,30;Factura;Prepagado;20251121;VED;NA;;Clientes de Internet;;00-0152030;1360001781;Tapas S/Impresión;Blanco;28 mm. 1810;G;155,000;TO;0,000;Esporádico;PP-Tap. Long Finish;TAPAS;241,57800;11;2025;5,03;5,03;0,80;5,83;;70000562;Internet;;0099000001;22;;N;03.12.2025 - 11:15:05;;;00000000;1300
MARTHA NIÑO;Cliente de Internet;Fact. Vta EComm PET;8000019927;Inyecto Soplado;Ventas por Internet;20251121;Zona Centro;3009;BOTELLAS LICOR 0,350 L (48 Und) Ecomm;48,000;PZA;48,000;PZA;74,64;3582,89;573,26;4156,15;Factura;Prepagado;20251121;VED;NA;;Clientes de Internet;;00-0152030;1360001781;Licores;Transparente;350 ml.;G;1104,000;TO;0,001;Esporádico;PP-Botella;BOTELLAS GASEOSAS;241,57800;11;2025;0,31;14,83;2,37;17,20;;70000525;Internet;;0099000001;22;;N;03.12.2025 - 11:15:05;;;00000000;1300
JUAN COIMAN;Cliente de Internet;Fact. Vta EComm PET;8000019997;Inyecto Soplado;Ventas por Internet;20251126;Zona Centro;3009;FARMACEUTICO AMBAR 240cc (Ecomm);224,000;PZA;224,000;PZA;62,13;13916,54;2226,65;16143,19;Factura;Prepagado;20251126;VED;NA;;Clientes de Internet;;00-0152106;1360001782;Farma S/Impresión;Ambar;60 ml.;G;5134,080;TO;0,005;Esporádico;AM-Farma;ENVASES PT;243,57270;11;2025;0,26;57,14;9,14;66,28;;70000497;Internet;;0099000001;22;;N;03.12.2025 - 11:15:05;;;00000000;1300
AURELIO PEREIRA;Cliente de Internet;Fact. Vta EComm PET;8000019998;Inyecto Soplado;Ventas por Internet;20251126;Zona Centro;3009;BOTELLAS GENERICA 500 ML (48 PZAS)Ecomm;288,000;PZA;288,000;PZA;44,36;12774,56;2043,93;14818,49;Factura;Prepagado;20251126;VED;NA;;Clientes de Internet;;00-0152107;1360001783;Jugos;Transparente;500 ml.;G;6624,000;TO;0,007;Esporádico;PP-Botella;ENVASES PT;243,57270;11;2025;0,18;52,45;8,39;60,84;;70000461;Internet;;0099000001;22;;N;03.12.2025 - 11:15:05;;;00000000;1300
AURELIO PEREIRA;Cliente de Internet;Fact. Vta EComm PET;8000019998;Inyecto Soplado;Ventas por Internet;20251126;Zona Centro;3009;ENVASE PET AMBAR FARMA 180 ML (Ecomm);176,000;PZA;176,000;PZA;40,27;7086,94;1133,91;8220,85;Factura;Prepagado;20251126;VED;NA;;Clientes de Internet;;00-0152107;1360001783;Farma S/Impresión;Ambar;180 ml.;G;4158,880;TO;0,004;Esporádico;AM-Cosmética;ENVASES PT;243,57270;11;2025;0,17;29,10;4,66;33,75;;70000498;Internet;;0099000001;22;;N;03.12.2025 - 11:15:05;;;00000000;1300
AURELIO PEREIRA;Cliente de Internet;Fact. Vta EComm PET;8000019998;Botellas;Ventas por Internet;20251126;Zona Centro;3009;FARMACEUTICO AMBAR 120cc (Ecomm);234,000;PZA;234,000;PZA;28,07;6567,21;1050,75;7617,96;Factura;Prepagado;20251126;VED;NA;;Clientes de Internet;;00-0152107;1360001783;Farma S/Impresión;Ambar;60 ml.;G;3774,420;TO;0,004;Esporádico;PP-Botella;ENVASES PT;243,57270;11;2025;0,12;26,96;4,31;31,28;;70000496;Internet;;0099000001;22;;N;03.12.2025 - 11:15:05;;;00000000;1300
AURELIO PEREIRA;Cliente de Internet;Fact. Vta EComm PET;8000019998;Tapas PT;Ventas por Internet;20251126;Zona Centro;3009;TAPA PCO 28MM 1810 NATURAL ECOMMERCE;2500,000;PZA;2500,000;PZA;5,19;12979,75;2076,76;15056,51;Factura;Prepagado;20251126;VED;NA;;Clientes de Internet;;00-0152107;1360001783;Tapas S/Impresión;Transparente;28 mm. 1810;G;7750,000;TO;0,008;Esporádico;PP-Tap. Long Finish;TAPAS;243,57270;11;2025;0,02;53,29;8,53;61,82;;70000563;Internet;;0099000001;22;;N;03.12.2025 - 11:15:05;;;00000000;1300
JUAN COIMAN;Cliente de Internet;Fact. Vta EComm PET;8000019999;Inyecto Soplado;Ventas por Internet;20251126;Zona Centro;3009;FARMACEUTICO AMBAR 240cc (Ecomm);112,000;PZA;112,000;PZA;65,95;7385,90;1181,74;8567,64;Factura;Prepagado;20251126;VED;NA;;Clientes de Internet;;00-0152108;1360001784;Farma S/Impresión;Ambar;60 ml.;G;2567,040;TO;0,003;Esporádico;AM-Farma;ENVASES PT;243,57270;11;2025;0,27;30,32;4,85;35,17;;70000497;Internet;;0099000001;22;;N;03.12.2025 - 11:15:05;;;00000000;1300
LUIS RAMIREZ;Cliente de Internet;Fact. Vta EComm PET;8000020005;Inyecto Soplado;Ventas por Internet;20251127;Zona Centro;3009;ENVASE PET AMBAR FARMA 180 ML (Ecomm);880,000;PZA;880,000;PZA;69,35;61026,24;9764,20;70790,44;Factura;Prepagado;20251127;VED;NA;;Clientes de Internet;;00-0152114;1360001786;Farma S/Impresión;Ambar;180 ml.;G;20794,400;TO;0,021;Esporádico;AM-Cosmética;ENVASES PT;244,65040;11;2025;0,28;249,44;39,91;289,35;;70000498;Internet;;0099000001;22;;N;03.12.2025 - 11:15:05;;;00000000;1300
INVERSIONES ORQUIDEA 2016;Cliente de Internet;Fact. Vta EComm PET;8000020006;Inyecto Soplado;Ventas por Internet;20251127;Zona Centro;3009;ESPECIAS 100 GR.  (ECOMM);0,04;PAL;253,63;PZA;245090,31;15551,05;2283,06;16730,06;Factura;Prepagado;20251127;VED;NA;;Clientes de Internet;;00-0152115;1360001785;Especias;Transparente;100 gr.;G;4328,800;TO;0,004;Esporádico;AM-Especias;ENVASES PT;244,65040;11;2025;1128,43;63,23;10,67;58,90;;70000553;Internet;;0099000001;22;;N;03.12.2025 - 11:15:05;;;00000000;1300
INVERSIONES ORQUIDEA 2016;Cliente de Internet;Fact. Vta EComm PET;8000020006;Tapas PT;Ventas por Internet;20251127;Zona Centro;3009;TAPA FLIP TOP ESPECIAS 5 ORIFIC BCO Ecom;2000,000;PZA;2000,000;PZA;22,56;45112,00;7217,92;52329,92;Factura;Prepagado;20251127;VED;NA;;Clientes de Internet;;00-0152115;1360001785;Tapa Especie;Blanco;42 gr.;G;13980,000;TO;0,014;Esporádico;AM-Tapas Ampofrasca;TAPAS;244,65040;11;2025;0,09;184,39;29,50;213,90;;70000789;Internet;;0099000001;22;;N;03.12.2025 - 11:15:05;;;00000000;1300
LUIS RAMIREZ;Cliente de Internet;Fact. Vta EComm PET;8000020021;Inyecto Soplado;Ventas por Internet;20251128;Zona Centro;3009;ENVASE PET AMBAR FARMA 180 ML (Ecomm);880,000;PZA;880,000;PZA;69,35;61026,24;9764,20;70790,44;Factura;Prepagado;20251128;VED;NA;;Clientes de Internet;;00-0152131;1360001787;Farma S/Impresión;Ambar;180 ml.;G;20794,400;TO;0,021;Esporádico;AM-Cosmética;ENVASES PT;245,66970;11;2025;0,28;248,41;39,75;288,15;;70000498;Internet;;0099000001;22;;N;03.12.2025 - 11:15:05;;;00000000;1300
LUIS RAMIREZ;Cliente de Internet;Fact. Vta EComm PET;8000020021;Botellas;Ventas por Internet;20251128;Zona Centro;3009;FARMACEUTICO AMBAR 120cc (Ecomm);1053,000;PZA;1053,000;PZA;57,23;60261,08;9641,77;69902,85;Factura;Prepagado;20251128;VED;NA;;Clientes de Internet;;00-0152131;1360001787;Farma S/Impresión;Ambar;60 ml.;G;16984,890;TO;0,017;Esporádico;PP-Botella;ENVASES PT;245,66970;11;2025;0,23;245,29;39,25;284,54;;70000496;Internet;;0099000001;22;;N;03.12.2025 - 11:15:05;;;00000000;1300
JUAN COIMAN;Cliente de Internet;N/C Dev.Nac ECom PET;8200001917;Inyecto Soplado;Ventas por Internet;20251126;Zona Centro;3009;FARMACEUTICO AMBAR 240cc (Ecomm);-224,000;PZA;-224,000;PZA;-62,13;-13916,54;-2226,65;-16143,19;Abono;Prepagado;20251126;VED;NA;;Clientes de Internet;;00-0152100;1361000038;Farma S/Impresión;Ambar;60 ml.;G;-5134,080;TO;-0,005;Esporádico;AM-Farma;ENVASES PT;243,57270;11;2025;-0,26;-57,14;-9,14;-66,28;;70000497;Internet;;0099000001;22;;N;03.12.2025 - 11:15:05;Z02;Reverso Total De Factura;00000000;1300
INVERSIONES ORQUIDEA 20216;Cliente de Internet;N/C Dev.Nac ECom PET;8200001919;Tapas PT;Ventas por Internet;20251126;Zona Centro;3009;TAPA FLIP TOP ESPECIAS 5 ORIFIC BCO Ecom;-2000,000;PZA;-2000,000;PZA;-22,56;-45112,00;-7217,92;-52329,92;Abono;Prepagado;20251126;VED;NA;;Clientes de Internet;;00-0152102;1361000041;Tapa Especie;Blanco;42 gr.;G;-13980,000;TO;-0,014;Esporádico;AM-Tapas Ampofrasca;TAPAS;243,57270;11;2025;-0,09;-185,21;-29,63;-214,84;;70000789;Internet;;0099000001;22;;N;03.12.2025 - 11:15:05;Z02;Reverso Total De Factura;00000000;1300
LUIS RAMIREZ;Cliente de Internet;N/C Dev.Nac ECom PET;8200001920;Inyecto Soplado;Ventas por Internet;20251126;Zona Centro;3009;ENVASE PET AMBAR FARMA 180 ML (Ecomm);-880,000;PZA;-880,000;PZA;-69,35;-61026,24;-9764,20;-70790,44;Abono;Prepagado;20251126;VED;NA;;Clientes de Internet;;00-0152103;1361000042;Farma S/Impresión;Ambar;180 ml.;G;-20794,400;TO;-0,021;Esporádico;AM-Cosmética;ENVASES PT;243,57270;11;2025;-0,28;-250,55;-40,09;-290,63;;70000498;Internet;;0099000001;22;;N;03.12.2025 - 11:15:05;Z02;Reverso Total De Factura;00000000;1300
AURELIO PEREIRA;Cliente de Internet;N/C An.Vta EComm PET;8200001922;Tapas PT;Ventas por Internet;20251126;Zona Centro;3009;TAPA PCO 28MM 1810 NATURAL ECOMMERCE;-2500,000;PZA;-2500,000;PZA;-5,19;-12979,75;-2076,76;-15056,51;Abono;Prepagado;20251126;VED;NA;;Clientes de Internet;;00-0152105;1364000035;Tapas S/Impresión;Transparente;28 mm. 1810;G;-7750,000;TO;-0,008;Esporádico;PP-Tap. Long Finish;TAPAS;243,57270;11;2025;-0,02;-53,29;-8,53;-61,82;;70000563;Internet;;0099000001;22;;N;03.12.2025 - 11:15:05;Z02;Reverso Total De Factura;00000000;1300
AURELIO PEREIRA;Cliente de Internet;N/C An.Vta EComm PET;8200001922;Botellas;Ventas por Internet;20251126;Zona Centro;3009;FARMACEUTICO AMBAR 120cc (Ecomm);-234,000;PZA;-234,000;PZA;-28,07;-6567,21;-1050,75;-7617,96;Abono;Prepagado;20251126;VED;NA;;Clientes de Internet;;00-0152105;1364000035;Farma S/Impresión;Ambar;60 ml.;G;-3774,420;TO;-0,004;Esporádico;PP-Botella;ENVASES PT;243,57270;11;2025;-0,12;-26,96;-4,31;-31,28;;70000496;Internet;;0099000001;22;;N;03.12.2025 - 11:15:05;Z02;Reverso Total De Factura;00000000;1300
AURELIO PEREIRA;Cliente de Internet;N/C An.Vta EComm PET;8200001922;Inyecto Soplado;Ventas por Internet;20251126;Zona Centro;3009;ENVASE PET AMBAR FARMA 180 ML (Ecomm);-176,000;PZA;-176,000;PZA;-40,27;-7086,94;-1133,91;-8220,85;Abono;Prepagado;20251126;VED;NA;;Clientes de Internet;;00-0152105;1364000035;Farma S/Impresión;Ambar;180 ml.;G;-4158,880;TO;-0,004;Esporádico;AM-Cosmética;ENVASES PT;243,57270;11;2025;-0,17;-29,10;-4,66;-33,75;;70000498;Internet;;0099000001;22;;N;03.12.2025 - 11:15:05;Z02;Reverso Total De Factura;00000000;1300
AURELIO PEREIRA;Cliente de Internet;N/C An.Vta EComm PET;8200001922;Inyecto Soplado;Ventas por Internet;20251126;Zona Centro;3009;BOTELLAS GENERICA 500 ML (48 PZAS)Ecomm;-288,000;PZA;-288,000;PZA;-44,36;-12774,56;-2043,93;-14818,49;Abono;Prepagado;20251126;VED;NA;;Clientes de Internet;;00-0152105;1364000035;Jugos;Transparente;500 ml.;G;-6624,000;TO;-0,007;Esporádico;PP-Botella;ENVASES PT;243,57270;11;2025;-0,18;-52,45;-8,39;-60,84;;70000461;Internet;;0099000001;22;;N;03.12.2025 - 11:15:05;Z02;Reverso Total De Factura;00000000;1300
AURELIO PEREIRA;Cliente de Internet;N/C An.Vta EComm PET;8200001922;Inyecto Soplado;Ventas por Internet;20251126;Zona Centro;3009;BOTELLAS GENERICA 1 L  (48 PZAS) Ecomm;-96,000;PZA;-96,000;PZA;-39,60;-3801,22;-608,20;-4409,42;Abono;Prepagado;20251126;VED;NA;;Clientes de Internet;;00-0152105;1364000035;Jugos;Transparente;500 ml.;G;-2678,400;TO;-0,003;Esporádico;PP-Botella;ENVASES PT;243,57270;11;2025;-0,16;-15,61;-2,50;-18,10;;70000462;Internet;;0099000001;22;;N;03.12.2025 - 11:15:05;Z02;Reverso Total De Factura;00000000;1300
CERVECERIA POLAR, C.A;Embotelladoras;Fact. Nac. Proy. PET;8000891195;Botellas;Venta Directa;20251119;Zona Metropolitana;3000;BOTELLAS  AMBAR  1,5L MALTIN POLAR 52Gr;18,000;PAL;22680,000;PZA;533,33;8943,78;1556,44;8253,23;Factura;Crédito 15 Días;20251217;USD;NA;;GV ClReg. Proy. PET;OFICINA PROYECTOS PET;00-0151819;1302007583;Farma S/Impresión;Ambar;120 ml.;G;1179360,000;TO;1,179;Alimentos;PP-Botella;BOTELLAS GASEOSAS;0,00000;11;2025;399,21;8214,33;1447,45;7044,24;;70000776;Precio Base General;;0010001106;17;;N;03.12.2025 - 11:15:05;;;00130005;1300
CERVECERIA POLAR, C.A;Embotelladoras;N/C Dev. Nac. P.PET;8200414236;Botellas;Venta Directa;20251128;Zona Metropolitana;3004;BOTELLAS  AMBAR  1,5L MALTIN POLAR 52Gr;-18,000;PAL;-22680,000;PZA;-379,30;-8040,57;-1370,90;-11165,34;Abono;Crédito 15 Días;20251225;USD;NA;;GV ClReg. Proy. PET;OFICINA PROYECTOS PET;00-0152005;1306000889;Farma S/Impresión;Ambar;120 ml.;G;-1179360,000;TO;-1,179;Alimentos;PP-Botella;BOTELLAS GASEOSAS;0,00000;11;2025;-326,44;-6615,39;-1587,05;-12439,44;;70000776;Precio Base General;;0010001106;17;;N;03.12.2025 - 11:15:05;101;schlechte Qualität;00130005;1300
CERVECERIA POLAR, C.A;Embotelladoras;Fact. Nac. Proy. PET;8000136857;Servicios;Venta Directa;20251125;Zona Metropolitana;;FLETE POR VIAJE CORTINERO;1,000;SER;1,000;SER;320,51;223,02;0,00;321,11;Factura;Crédito 15 Días;20251122;USD;NA;;GV ClReg. Proy. PET;OFICINA PROYECTOS PET;00-0151845;1302007584;Servicios Administrat.;;;KG;0,000;TO;0,000;Alimentos;Fletes;FLETE PROD TERMINADO;0,00000;11;2025;327,50;231,06;0,00;300,72;;91000036;Precio Base General;;0010001106;17;;N;03.12.2025 - 11:15:05;;;00130005;1300
CERVECERIA POLAR, C.A;Embotelladoras;Fact. Nac. Proy. PET;8000755686;Botellas;Venta Directa;20251128;Zona Metropolitana;3000;BOTELLAS  AMBAR  1,5L MALTIN POLAR 52Gr;20,000;PAL;25200,000;PZA;369,85;7357,89;1475,77;12390,23;Factura;Crédito 15 Días;20251204;USD;NA;;GV ClReg. Proy. PET;OFICINA PROYECTOS PET;00-0151934;1302007604;Farma S/Impresión;Ambar;120 ml.;G;1310400,000;TO;1,310;Alimentos;PP-Botella;BOTELLAS GASEOSAS;0,00000;11;2025;300,88;8520,71;970,13;8639,10;;70000776;Precio Base General;;0010001106;17;;N;03.12.2025 - 11:15:05;;;00130005;1300
PEPSI-COLA VENEZUELA C.A.;Embotelladoras;Fact. Nac. Proy. PET;8000867131;Servicios;Venta Directa;20251211;Zona Metropolitana;;FLETE POR VIAJE CORTINERO;1,000;SER;1,000;SER;1997,88;1666,86;0,00;1829,92;Factura;Crédito 15 Días;20251229;USD;NA;;GV ClReg. Proy. PET;OFICINA PROYECTOS PET;00-0151984;1302007603;Servicios Administrat.;;;KG;0,000;TO;0,000;Agua;Fletes;FLETE PROD TERMINADO;0,00000;11;2025;2522,51;2382,26;0,00;1981,12;PEPSICOLA;91000036;Precio Base General;Carbonatada;0010000975;17;01;X;03.12.2025 - 11:15:05;;;00130005;1300
RAFAEL LISANDRO MATERANO;Distribuidores Trad.;Fact. Nac. Proy. PET;8000411467;Tapas PT;Venta Directa;20251214;Zona Centro Occid.;3000;TAPA PCO 1810 Blanca 28MM 3,10 G (3500);4,000;CS;4,000;CS;15859,39;70036,27;11859,20;76996,24;Factura;Contado;20251205;VED;NA;;GV ClReg. Proy. PET;HORACIO HERNANDEZ;00-0152029;1302007626;Tapas S/Impresión;Blanco;28 mm. 1810;G;43400,000;TO;0,043;Comercializadora;PP-Tap. Long Finish;TAPAS;241,57800;11;2025;88,99;289,54;56,28;316,93;;70000401;Precio Base General;;0010003620;17;;N;03.12.2025 - 11:15:05;;;00120003;1300
REPRESENTACIONES MEDICAL PV, C.A.;Manufactura;Fact. Nac. Ampo.;7000962477;Inyecto Soplado;Venta Directa;20251117;Zona Centro;3000;ENVASE PET AMBAR FARMA 120 ML (18gr);1170,000;PZA;1170,000;PZA;34,93;66857,41;9869,50;65789,84;Factura;Contado;20251117;VED;NA;;GV ClReg. Ampofr.;HORACIO HERNANDEZ;00-056453;1202009227;Farma S/Impresión;Ambar;120 ml.;G;21060,000;TO;0,021;Medicina Humana;AM-Farma;ENVASES PT;231,04620;11;2025;0,25;213,01;32,33;325,17;REPRESENTACIONES MED;70000667;Precio Base General;;0010002672;17;02;X;03.12.2025 - 11:15:05;;;00120003;1200
JORDY PAREDES;Cliente de Internet;Fact. Vta EComm PET;8000930396;Inyecto Soplado;Ventas por Internet;20251211;Zona Centro;3009;ENV.PET TRANSP COSMETIC OVAL 100 ML(Ecom;345,000;PZA;345,000;PZA;167,88;55083,92;7720,95;63057,64;Factura;Prepagado;20251213;VED;NA;;Clientes de Internet;;00-0152008;1360001780;Cosmetica Oval;Transparente;100 ml.;G;5520,000;TO;0,006;Esporádico;AM-Cosmética;ENVASES PT;236,83890;11;2025;0,65;220,15;39,75;233,38;;70000480;Internet;;0099000001;22;;N;03.12.2025 - 11:15:05;;;00000000;1300
CERVECERIA POLAR, C.A;Embotelladoras;Fact. Nac. Proy. PET;8000231328;Botellas;Venta Directa;20251203;Zona Metropolitana;3000;BOTELLAS  AMBAR  1,5L MALTIN POLAR 52Gr;18,000;PAL;22680,000;PZA;453,73;8284,46;1133,63;10200,75;Factura;Crédito 15 Días;20251128;USD;NA;;GV ClReg. Proy. PET;OFICINA PROYECTOS PET;00-0151803;1302007583;Farma S/Impresión;Ambar;120 ml.;G;1179360,000;TO;1,179;Alimentos;PP-Botella;BOTELLAS GASEOSAS;0,00000;11;2025;437,41;8653,97;1067,01;7700,69;;70000776;Precio Base General;;0010001106;17;;N;03.12.2025 - 11:15:05;;;00130005;1300
ALIMENTOS POLAR COMERCIAL, C.A.;Manufactura;Fact. Nac. Ampo.;7000398184;Inyecto Soplado;Venta Directa;20251222;Zona Metropolitana;3000;ENVASE PET MAYONESA 200 ML;24,000;PAL;202752,000;PZA;1729,46;30307,10;6157,27;46195,72;Factura;Crédito 15 Días;20251230;USD;NA;;GV ClReg. Ampofr.;OFICINA AMPOFRASCA;00-056507;1202009262;Especias;Transparente;200 gr.;G;3902976,000;TO;3,903;Alimentos;AM-Especias;ENVASES PT;0,00000;11;2025;1716,73;40408,61;5467,62;39124,13;MME-PULMON;70000666;Precio Base General;;0010001154;17;01;X;03.12.2025 - 11:15:05;;;00120002;1200
CERVECERIA POLAR, C.A;Embotelladoras;Fact. Nac. Proy. PET;8000286273;Botellas;Venta Directa;20251209;Zona Metropolitana;3000;BOTELLAS  AMBAR  1,5L MALTIN POLAR 52Gr;24,000;PAL;30240,000;PZA;479,01;10005,70;1814,50;8965,67;Factura;Crédito 15 Días;20251203;USD;NA;;GV ClReg. Proy. PET;OFICINA PROYECTOS PET;00-0151973;1302007615;Farma S/Impresión;Ambar;120 ml.;G;1572480,000;TO;1,572;Alimentos;PP-Botella;BOTELLAS GASEOSAS;0,00000;11;2025;520,63;12517,01;1703,31;9118,93;;70000776;Precio Base General;;0010001106;17;;N;03.12.2025 - 11:15:05;;;00130005;1300
ALIMENTOS POLAR COMERCIAL, C.A.;Manufactura;Fact. Nac. Ampo.;7000193818;Inyecto Soplado;Venta Directa;20251113;Zona Metropolitana;3000;ENVASE PET MAYONESA 200 ML;20,000;PAL;168960,000;PZA;1268,51;33630,79;4764,52;22842,39;Factura;Crédito 15 Días;20251126;USD;NA;;GV ClReg. Ampofr.;OFICINA AMPOFRASCA;00-056457;1202009226;Especias;Transparente;200 gr.;G;3252480,000;TO;3,252;Alimentos;AM-Especias;ENVASES PT;0,00000;11;2025;1658,70;23042,52;5115,02;32961,27;MME-PULMON;70000666;Precio Base General;;0010001154;17;01;X;03.12.2025 - 11:15:05;;;00120002;1200
CERVECERIA POLAR, C.A;Embotelladoras;Fact. Nac. Proy. PET;8000146590;Servicios;Venta Directa;20251130;Zona Metropolitana;;FLETE POR VIAJE CORTINERO;1,000;SER;1,000;SER;390,79;363,78;0,00;354,72;Factura;Crédito 15 Días;20251130;USD;NA;;GV ClReg. Proy. PET;OFICINA PROYECTOS PET;00-0151816;1302007584;Servicios Administrat.;;;KG;0,000;TO;0,000;Alimentos;Fletes;FLETE PROD TERMINADO;0,00000;11;2025;281,07;247,94;0,00;307,76;;91000036;Precio Base General;;0010001106;17;;N;03.12.2025 - 11:15:05;;;00130005;1300
AMPOLLAS Y FRASCOS VENEZOLANOS, C.A.;Intercompañias;Fact. Nac. Proy. PET;8000121769;Preformas;Venta Directa;20251205;Zona Centro;3000;PREFORMAS TRANSPARENTE 25,00 GR (PCO);12400,000;PZA;12400,000;PZA;5,69;78186,43;18256,47;112622,23;Factura;Contado;20251216;VED;NA;;GV ClReg. Proy. PET;;00-0152123;1302007641;Long Finish;Transparente;25 gr.;G;310000,000;TO;0,310;Intercompañia;PP-Preforma;PREFORMAS;244,65040;11;2025;0,02;270,42;66,17;343,00;INTERCOMPAÑIA SD;70000112;Intercompañías;;0041000002;14;01;X;03.12.2025 - 11:15:05;;;00000000;1300
CERVECERIA POLAR, C.A;Embotelladoras;Fact. Nac. Proy. PET;8000804703;Botellas;Venta Directa;20251201;Zona Metropolitana;3000;BOTELLAS  AMBAR  1,5L MALTIN POLAR 52Gr;20,000;PAL;25200,000;PZA;533,91;9231,93;1546,70;9793,89;Factura;Crédito 15 Días;20251222;USD;NA;;GV ClReg. Proy. PET;OFICINA PROYECTOS PET;00-0152055;1302007630;Farma S/Impresión;Ambar;120 ml.;G;1310400,000;TO;1,310;Alimentos;PP-Botella;BOTELLAS GASEOSAS;0,00000;11;2025;321,06;8434,83;1002,23;11604,30;;70000776;Precio Base General;;0010001106;17;;N;03.12.2025 - 11:15:05;;;00130005;1300
SOFT DRINKS COMPANY, C.A.;Manufactura;Fact. Nac. Proy. PET;8000520022;Preformas;Venta Directa;20251206;Zona Centro;3000;PREFORMAS 42,64GR CR 8828 MAQ SOFT DRI;185472,000;PZA;185472,000;PZA;0,04;3710,95;778,98;6864,52;Factura;Contado;20251206;USD;NA;;GV ClReg. Proy. PET;GLISNEIDY ISABEL FARFAR;00-0151954;1302007609;Long Finish;Transparente;44 gr.;G;7908526,080;TO;7,909;Carbonatadas;PP-Preforma;PREFORMAS;0,00000;11;2025;0,03;6531,88;647,77;5569,49;SOFT DRINKS COMPANY,;70000772;Precio Base General;;0010002882;17;01;X;03.12.2025 - 11:15:05;;;00100095;1300
INDUSTRIA ECONOMICA, C.A;Manufactura;Fact. Nac. Proy. PET;8000316851;Preformas;Venta Directa;20251202;Zona Oriente;3000;PREFORMAS TRANSP 16,56 G(1881PCO)BIG BAG;95904,000;PZA;95904,000;PZA;0,06;4638,08;995,85;7328,86;Factura;Contado;20251216;USD;NA;;GV ClReg. Proy. PET;GLISNEIDY ISABEL FARFAR;00-0151998;1302007618;Short Finish;;16,5 gr.;G;1588170,240;TO;1,588;Aceites;PP-Preforma;PREFORMAS;0,00000;11;2025;0,06;5822,87;1106,63;5622,70;INDUSTRIA ECONOMICA,;70000822;Precio Base General;;0010003083;17;02;X;03.12.2025 - 11:15:05;;;00100095;1300
INVERSIONES PICK & LOU C.A.;Manufactura;Fact. Nac. Ampo.;7000353155;Inyecto Soplado;Venta Directa;20251126;Zona Centro;3000;ENVASE MULTIUSOS 828ml  (23g);3600,000;PZA;3600,000;PZA;31,79;146373,85;28980,74;198074,25;Factura;Contado;20251202;VED;NA;;GV ClReg. Ampofr.;HORACIO HERNANDEZ;00-056437;1202009210;Jugos;Transparente;500 ml.;G;82800,000;TO;0,083;Alimentos;PP-Botella;ENVASES PT;226,13050;11;2025;0,23;915,56;145,61;943,91;;70000808;Precio Base General;;0010003687;17;;N;03.12.2025 - 11:15:05;;;00120003;1200
DROGUERIA SALUD SS, C.A;Manufactura;Fact. Nac. Ampo.;7000249944;Inyecto Soplado;Venta Directa;20251130;Zona Centro;3000;ENVASE PET AMBAR FARMA 180 ML;8448,000;PZA;8448,000;PZA;64,20;635279,20;71696,41;588804,17;Factura;Contado;20251212;VED;NA;;GV ClReg. Ampofr.;JORGE REYES;00-056479;1202009239;Farma S/Impresión;Ambar;180 ml.;G;199626,240;TO;0,200;Drogueria;AM-Farma;ENVASES PT;236,46010;11;2025;0,26;2719,25;275,70;2327,75;DROGUERIA SALUD SS,;70000058;Precio Base General;;0010002941;17;02;X;03.12.2025 - 11:15:05;;;00120005;1200
CERVECERIA POLAR, C.A;Embotelladoras;Fact. Nac. Proy. PET;8000941184;Botellas;Venta Directa;20251204;Zona Metropolitana;3000;BOTELLAS  AMBAR  1,5L MALTIN POLAR 52Gr;18,000;PAL;22680,000;PZA;397,56;7157,58;1321,43;7906,17;Factura;Crédito 15 Días;20251228;USD;NA;;GV ClReg. Proy. PET;OFICINA PROYECTOS PET;00-0152127;1302007640;Farma S/Impresión;Ambar;120 ml.;G;1179360,000;TO;1,179;Alimentos;PP-Botella;BOTELLAS GASEOSAS;0,00000;11;2025;372,11;6699,82;1199,57;8671,84;;70000776;Precio Base General;;0010001106;17;;N;03.12.2025 - 11:15:05;;;00130005;1300
CONSORCIO OLEAGINOSO;Embotelladoras;Fact. Nac. Proy. PET;8000621114;Tapas PT;Venta Directa;20251221;Zona Centro Occid.;3000;TAPA PCO 28MM 1810 NATURAL 3,10G (3.500);384,000;CS;384,000;CS;65,56;19538,07;3031,40;26155,48;Factura;Crédito 07 Días;20251214;USD;NA;;GV ClReg. Proy. PET;HORACIO HERNANDEZ;00-0152099;1302007634;Tapas S/Impresión;Transparente;28 mm. 1810;G;4166400,000;TO;4,166;Aceites;PP-Tap. Long Finish;TAPAS;0,00000;11;2025;62,14;20433,73;3009,15;24679,60;COPOSA;70000403;Precio Base General;Aceite;0010001009;17;;N;03.12.2025 - 11:15:05;;;00120003;1300
GLENNIS YOLANIS PEREZ PEREZ;Manufactura;Fact. Nac. Proy. PET;8000179492;Desperdicio;Venta Directa;20251119;Zona Centro;2006;DESPERDICIO BOTELLA DE COLOR;728,500;KG;728,500;KG;65,70;43282,25;9865,63;82637,15;Factura;Contado;20251122;VED;NA;;GV ClReg. Proy. PET;OFICINA PROYECTOS PET;00-0151993;1302007617;Desperdicios;;;KG;728,500;TO;0,729;Transporte;Desperdicio;BOTELLAS GASEOSAS;236,46010;11;2025;0,43;291,22;44,75;210,20;GLENNIS YOLANIS;30000012;Precio Base General;;0010003052;17;01;X;03.12.2025 - 11:15:05;;;00130005;1300
GLENNIS YOLANIS PEREZ PEREZ;Manufactura;Fact. Nac. Proy. PET;8000170261;Desperdicio;Venta Directa;20251124;Zona Centro;2006;BOLSAS PLASTICAS TIPO D.;310,500;KG;310,500;KG;6,13;1843,49;278,48;1916,04;Factura;Contado;20251124;VED;NA;;GV ClReg. Proy. PET;OFICINA PROYECTOS PET;00-0151993;1302007617;Desperdicios;;;KG;310,500;TO;0,311;Transporte;Desperdicio;MATERIAL EMBALAJE;236,46010;11;2025;0,02;7,39;1,56;13,22;GLENNIS YOLANIS;30000068;Precio Base General;;0010003052;17;01;X;03.12.2025 - 11:15:05;;;00130005;1300
CERVECERIA POLAR, C.A;Embotelladoras;Fact. Nac. Proy. PET;8000853418;Botellas;Venta Directa;20251207;Zona Metropolitana;3000;BOTELLAS  AMBAR  1,5L MALTIN POLAR 52Gr;18,000;PAL;22680,000;PZA;504,65;7022,04;1362,61;7041,55;Factura;Crédito 15 Días;20251212;USD;NA;;GV ClReg. Proy. PET;OFICINA PROYECTOS PET;00-0152059;1302007630;Farma S/Impresión;Ambar;120 ml.;G;1179360,000;TO;1,179;Alimentos;PP-Botella;BOTELLAS GASEOSAS;0,00000;11;2025;467,79;9845,43;1338,95;6988,96;;70000776;Precio Base General;;0010001106;17;;N;03.12.2025 - 11:15:05;;;00130005;1300
