Entrega;Solicitante;Nombre del solicitante;Destinatario mcía.;Codigo_Mat;Denominación;Cantidad entrega;Un.medida venta;FechaE;FechaR;ClaseE;Zona;Vendedor;Pedido;PosPed;Monto;Moneda;Cod.Vend;Categoría;Marca;Grupo;Sector;MesEntr;Cod G.V.;Grupo Vend
2000087659;10003382;COMERCIAL SANTA BELLA C.A ACT 26041;10003382;50001021;SECUREZZA POST PARTO (12X15UN) ACT 26041;1,193;PAK;13.03.2026;13.03.2026 - 08:15:00;Ent. Nac. Pharsana;Zona Oriente;ERIS R PEÑA;2026041220;10;43,65;USD;100112;INCONTINENCIA;Securezza;PH-Toalla Post-Parto;Absorbentes;02;101;GV Ger. Reg. Oriente
2000087659;10003382;COMERCIAL SANTA BELLA C.A ACT 26041;10003382;50001111;FRIENDS TS NOCTURNA SIN ALAS (12x10UN) ACT 26041;1,254;PAK;13.03.2026;13.03.2026 - 08:15:00;Ent. Nac. Pharsana;Zona Oriente;ERIS R PEÑA;2026041220;20;39,11;USD;100112;ABSORBENTES FEMENINA;Friends;PH-Toalla Sanitaria;Absorbentes;02;101;GV Ger. Reg. Oriente
2000087660;10002788;KEI MARKET, C.A;10002788;50000970;CHICCO BS COLONIA (10x220ML);              1,000;CS;05.02.2026;20.02.2026 - 22:04:03;Ent. Nac. Pharsana;Zona Oriente;ERIS R PEÑA;1002065628;10;         54,70;USD;100112;HIGIENE PERSONAL;Chicco;PH-Colonia;Cuidado Personal;02;101;GV Ger. Reg. Oriente
2000087660;10002788;KEI MARKET, C.A;10002788;50001011;CHICCO BS COLONIA (28x100ML);              1,000;CS;05.02.2026;20.02.2026 - 22:04:03;Ent. Nac. Pharsana;Zona Oriente;ERIS R PEÑA;1002065628;20;         84,00;USD;100112;HIGIENE PERSONAL;Chicco;PH-Colonia;Cuidado Personal;02;101;GV Ger. Reg. Oriente
2000087660;10002788;KEI MARKET, C.A;10002788;50000981;SIEMPRE SECO PROTEC DE CAMA HB(4X20UN);              1,000;PAK;05.02.2026;20.02.2026 - 22:04:03;Ent. Nac. Pharsana;Zona Oriente;ERIS R PEÑA;1002065628;30;         47,28;USD;100112;INCONTINENCIA;Siempre Seco;PH-Protector de Cama;Absorbentes;02;101;GV Ger. Reg. Oriente
2000087660;10002788;KEI MARKET, C.A;10002788;50000975;CHICCO BS TH ORIGINAL (20x48UN);              1,000;CS;05.02.2026;20.02.2026 - 22:04:03;Ent. Nac. Pharsana;Zona Oriente;ERIS R PEÑA;1002065628;40;         39,60;USD;100112;TOALLAS HUMEDAS;Chicco;PH-TH Flow Pack;Cuidado Personal;02;101;GV Ger. Reg. Oriente
2000087661;10002788;KEI MARKET, C.A;10002788;50000902;AMY COLONIA PARA BEBES (10x220ML);              1,000;CS;05.02.2026;20.02.2026 - 22:04:03;Ent. Nac. Pharsana;Zona Oriente;ERIS R PEÑA;1002065629;10;         43,10;USD;100112;HIGIENE PERSONAL;Amy;PH-Colonia;Cuidado Personal;02;101;GV Ger. Reg. Oriente
2000087661;10002788;KEI MARKET, C.A;10002788;50000532;AMY CHAMPU PARA BEBES (10x200ML);              1,000;CS;05.02.2026;20.02.2026 - 22:04:03;Ent. Nac. Pharsana;Zona Oriente;ERIS R PEÑA;1002065629;20;         31,70;USD;100112;HIGIENE PERSONAL;Amy;PH-Champú;Cuidado Personal;02;101;GV Ger. Reg. Oriente
2000087661;10002788;KEI MARKET, C.A;10002788;50001072;AMY SEC TH 99% AGUA (20x48UN);              1,000;CS;05.02.2026;20.02.2026 - 22:04:03;Ent. Nac. Pharsana;Zona Oriente;ERIS R PEÑA;1002065629;30;         25,80;USD;100112;TOALLAS HUMEDAS;Amy;PH-TH Flow Pack;Cuidado Personal;02;101;GV Ger. Reg. Oriente
2000087661;10002788;KEI MARKET, C.A;10002788;50001079;AMY SEC TH 99% AGUA (48x24UN);              1,000;CS;05.02.2026;20.02.2026 - 22:04:03;Ent. Nac. Pharsana;Zona Oriente;ERIS R PEÑA;1002065629;40;         40,80;USD;100112;TOALLAS HUMEDAS;Amy;PH-TH Travel Pack;Cuidado Personal;02;101;GV Ger. Reg. Oriente
2000087661;10002788;KEI MARKET, C.A;10002788;50000884;ACTIVA PD PERD. OCASIONALES (12X40UN);              1,000;PAK;05.02.2026;20.02.2026 - 22:04:03;Ent. Nac. Pharsana;Zona Oriente;ERIS R PEÑA;1002065629;50;         38,64;USD;100112;ABSORBENTES FEMENINA;Activa;PH-Protector Diario;Absorbentes;02;101;GV Ger. Reg. Oriente
2000087662;10002788;KEI MARKET, C.A;10002788;50000993;CHICCO PAÑAL DE NIÑO XG REG (8X20UN);              1,000;PAK;05.02.2026;20.02.2026 - 22:04:03;Ent. Nac. Pharsana;Zona Oriente;ERIS R PEÑA;1002065630;10;         54,16;USD;100112;ABSORBENTES NIÑOS;Chicco;PH-Pañal Anatóm. T3;Absorbentes;02;101;GV Ger. Reg. Oriente
2000087662;10002788;KEI MARKET, C.A;10002788;50001111;FRIENDS TS NOCTURNA SIN ALAS (12x10UN);              1,000;PAK;05.02.2026;20.02.2026 - 22:04:03;Ent. Nac. Pharsana;Zona Oriente;ERIS R PEÑA;1002065630;20;         31,20;USD;100112;ABSORBENTES FEMENINA;Friends;PH-Toalla Sanitaria;Absorbentes;02;101;GV Ger. Reg. Oriente
2000087662;10002788;KEI MARKET, C.A;10002788;50001169;FRIENDS PD LONG (24X20UN);              1,000;PAK;05.02.2026;20.02.2026 - 22:04:03;Ent. Nac. Pharsana;Zona Oriente;ERIS R PEÑA;1002065630;30;         33,60;USD;100112;ABSORBENTES FEMENINA;Friends;PH-Protector Diario;Absorbentes;02;101;GV Ger. Reg. Oriente
2000087662;10002788;KEI MARKET, C.A;10002788;50001130;FRIENDS PD REGULAR S/P (24X20UN);              1,000;PAK;05.02.2026;20.02.2026 - 22:04:03;Ent. Nac. Pharsana;Zona Oriente;ERIS R PEÑA;1002065630;40;         33,60;USD;100112;ABSORBENTES FEMENINA;Friends;PH-Protector Diario;Absorbentes;02;101;GV Ger. Reg. Oriente
2000087742;10000590;FARMACOSTO C.A.;10000590;50000974;CHICCO BS TH ORIGINAL (24x72UN);              1,000;CS;06.02.2026;20.02.2026 - 22:04:03;Ent. Nac. Pharsana;Zona Occidente;JESUS A. MARQUEZ;1002065710;10;         68,40;USD;100023;TOALLAS HUMEDAS;Chicco;PH-TH Flow Pack;Cuidado Personal;02;100;GV. Ger. Reg. Occid.
2000087742;10000590;FARMACOSTO C.A.;10000590;50000975;CHICCO BS TH ORIGINAL (20x48UN);              1,000;CS;06.02.2026;20.02.2026 - 22:04:03;Ent. Nac. Pharsana;Zona Occidente;JESUS A. MARQUEZ;1002065710;20;         39,60;USD;100023;TOALLAS HUMEDAS;Chicco;PH-TH Flow Pack;Cuidado Personal;02;100;GV. Ger. Reg. Occid.
2000087742;10000590;FARMACOSTO C.A.;10000590;50001011;CHICCO BS COLONIA (28x100ML);              1,000;CS;06.02.2026;20.02.2026 - 22:04:03;Ent. Nac. Pharsana;Zona Occidente;JESUS A. MARQUEZ;1002065710;30;         84,00;USD;100023;HIGIENE PERSONAL;Chicco;PH-Colonia;Cuidado Personal;02;100;GV. Ger. Reg. Occid.
2000087742;10000590;FARMACOSTO C.A.;10000590;50000639;SIEMPRE SECO BASICO M (6X6UN);              1,000;PAK;06.02.2026;20.02.2026 - 22:04:03;Ent. Nac. Pharsana;Zona Occidente;JESUS A. MARQUEZ;1002065710;40;         34,08;USD;100023;INCONTINENCIA;Siempre Seco;PH-Protector Incont.;Absorbentes;02;100;GV. Ger. Reg. Occid.
2000087742;10000590;FARMACOSTO C.A.;10000590;50000640;SIEMPRE SECO BASICO G (6X6UN);              1,000;PAK;06.02.2026;20.02.2026 - 22:04:03;Ent. Nac. Pharsana;Zona Occidente;JESUS A. MARQUEZ;1002065710;50;         37,62;USD;100023;INCONTINENCIA;Siempre Seco;PH-Protector Incont.;Absorbentes;02;100;GV. Ger. Reg. Occid.
2000087743;10000590;FARMACOSTO C.A.;10000590;50000627;SECUREZZA CLASSIC L REG (6x6UN);              1,000;PAK;06.02.2026;20.02.2026 - 22:04:03;Ent. Nac. Pharsana;Zona Occidente;JESUS A. MARQUEZ;1002065711;10;         50,70;USD;100023;INCONTINENCIA;Securezza;PH-Protector Incont.;Absorbentes;02;100;GV. Ger. Reg. Occid.
2000087744;10000590;FARMACOSTO C.A.;10000590;50000969;CHICCO BS TALCO (24x200G);              1,000;CS;06.02.2026;20.02.2026 - 22:04:03;Ent. Nac. Pharsana;Zona Occidente;JESUS A. MARQUEZ;1002065712;10;        143,28;USD;100023;HIGIENE PERSONAL;Chicco;PH-Talco;Cuidado Personal;02;100;GV. Ger. Reg. Occid.
2000087744;10000590;FARMACOSTO C.A.;10000590;50001045;CHICCO BS TALCO (24x100G);              1,000;CS;06.02.2026;20.02.2026 - 22:04:03;Ent. Nac. Pharsana;Zona Occidente;JESUS A. MARQUEZ;1002065712;20;         80,88;USD;100023;HIGIENE PERSONAL;Chicco;PH-Talco;Cuidado Personal;02;100;GV. Ger. Reg. Occid.
2000087744;10000590;FARMACOSTO C.A.;10000590;50000443;AMY HISOPOS (48x60UN);              1,000;CS;06.02.2026;20.02.2026 - 22:04:03;Ent. Nac. Pharsana;Zona Occidente;JESUS A. MARQUEZ;1002065712;30;         58,08;USD;100023;ALGODONES PT;Amy;PH-Hisopos;Cuidado Personal;02;100;GV. Ger. Reg. Occid.
2000087744;10000590;FARMACOSTO C.A.;10000590;50001072;AMY SEC TH 99% AGUA (20x48UN);              1,000;CS;06.02.2026;20.02.2026 - 22:04:03;Ent. Nac. Pharsana;Zona Occidente;JESUS A. MARQUEZ;1002065712;40;         25,80;USD;100023;TOALLAS HUMEDAS;Amy;PH-TH Flow Pack;Cuidado Personal;02;100;GV. Ger. Reg. Occid.
2000087744;10000590;FARMACOSTO C.A.;10000590;50001079;AMY SEC TH 99% AGUA (48x24UN);              1,000;CS;06.02.2026;20.02.2026 - 22:04:03;Ent. Nac. Pharsana;Zona Occidente;JESUS A. MARQUEZ;1002065712;50;         40,80;USD;100023;TOALLAS HUMEDAS;Amy;PH-TH Travel Pack;Cuidado Personal;02;100;GV. Ger. Reg. Occid.
2000087744;10000590;FARMACOSTO C.A.;10000590;50000569;ACTIVA SEC PERDIDAS ABUNDANTES (12X10UN);              1,000;PAK;06.02.2026;20.02.2026 - 22:04:03;Ent. Nac. Pharsana;Zona Occidente;JESUS A. MARQUEZ;1002065712;60;         18,72;USD;100023;INCONTINENCIA;Activa;PH-Toalla Incontinen;Absorbentes;02;100;GV. Ger. Reg. Occid.
2000087763;10002762;NUEVO MUNDO 2012,C.A.;10002762;50000965;CHICCO BS LOCION (10x200ML);              1,000;CS;06.02.2026;20.02.2026 - 22:04:03;Ent. Nac. Pharsana;Zona Oriente;ERIS R PEÑA;1002065731;10;         44,90;USD;100112;HIGIENE PERSONAL;Chicco;PH-Loción;Cuidado Personal;02;101;GV Ger. Reg. Oriente
2000087763;10002762;NUEVO MUNDO 2012,C.A.;10002762;50000974;CHICCO BS TH ORIGINAL (24x72UN);              1,000;CS;06.02.2026;20.02.2026 - 22:04:03;Ent. Nac. Pharsana;Zona Oriente;ERIS R PEÑA;1002065731;20;         68,40;USD;100112;TOALLAS HUMEDAS;Chicco;PH-TH Flow Pack;Cuidado Personal;02;101;GV Ger. Reg. Oriente
2000087763;10002762;NUEVO MUNDO 2012,C.A.;10002762;50000975;CHICCO BS TH ORIGINAL (20x48UN);              1,000;CS;06.02.2026;20.02.2026 - 22:04:03;Ent. Nac. Pharsana;Zona Oriente;ERIS R PEÑA;1002065731;30;         39,60;USD;100112;TOALLAS HUMEDAS;Chicco;PH-TH Flow Pack;Cuidado Personal;02;101;GV Ger. Reg. Oriente
2000087763;10002762;NUEVO MUNDO 2012,C.A.;10002762;50000632;SECUREZZA POST PARTO PREMIUM (12X10UN);              1,000;PAK;06.02.2026;20.02.2026 - 22:04:03;Ent. Nac. Pharsana;Zona Oriente;ERIS R PEÑA;1002065731;40;         30,24;USD;100112;INCONTINENCIA;Securezza;PH-Toalla Post-Parto;Absorbentes;02;101;GV Ger. Reg. Oriente
2000087763;10002762;NUEVO MUNDO 2012,C.A.;10002762;50001021;SECUREZZA POST PARTO (12X15UN);              1,000;PAK;06.02.2026;20.02.2026 - 22:04:03;Ent. Nac. Pharsana;Zona Oriente;ERIS R PEÑA;1002065731;50;         36,60;USD;100112;INCONTINENCIA;Securezza;PH-Toalla Post-Parto;Absorbentes;02;101;GV Ger. Reg. Oriente
2000087764;10002762;NUEVO MUNDO 2012,C.A.;10002762;50000990;CHICCO PAÑAL DE NIÑO M REG (8X20UN);              1,000;PAK;06.02.2026;20.02.2026 - 22:04:03;Ent. Nac. Pharsana;Zona Oriente;ERIS R PEÑA;1002065732;10;         48,80;USD;100112;ABSORBENTES NIÑOS;Chicco;PH-Pañal Anatóm. T3;Absorbentes;02;101;GV Ger. Reg. Oriente
2000087764;10002762;NUEVO MUNDO 2012,C.A.;10002762;50000992;CHICCO PAÑAL DE NIÑO G REG (8X20UN);              1,000;PAK;06.02.2026;20.02.2026 - 22:04:03;Ent. Nac. Pharsana;Zona Oriente;ERIS R PEÑA;1002065732;20;         52,56;USD;100112;ABSORBENTES NIÑOS;Chicco;PH-Pañal Anatóm. T3;Absorbentes;02;101;GV Ger. Reg. Oriente
2000087764;10002762;NUEVO MUNDO 2012,C.A.;10002762;50000993;CHICCO PAÑAL DE NIÑO XG REG (8X20UN);              1,000;PAK;06.02.2026;20.02.2026 - 22:04:03;Ent. Nac. Pharsana;Zona Oriente;ERIS R PEÑA;1002065732;30;         54,16;USD;100112;ABSORBENTES NIÑOS;Chicco;PH-Pañal Anatóm. T3;Absorbentes;02;101;GV Ger. Reg. Oriente
2000087764;10002762;NUEVO MUNDO 2012,C.A.;10002762;50000626;SECUREZZA CLASSIC M REG (6x6UN);              1,000;PAK;06.02.2026;20.02.2026 - 22:04:03;Ent. Nac. Pharsana;Zona Oriente;ERIS R PEÑA;1002065732;40;         42,96;USD;100112;INCONTINENCIA;Securezza;PH-Protector Incont.;Absorbentes;02;101;GV Ger. Reg. Oriente
2000087764;10002762;NUEVO MUNDO 2012,C.A.;10002762;50000627;SECUREZZA CLASSIC L REG (6x6UN);              1,000;PAK;06.02.2026;20.02.2026 - 22:04:03;Ent. Nac. Pharsana;Zona Oriente;ERIS R PEÑA;1002065732;50;         50,70;USD;100112;INCONTINENCIA;Securezza;PH-Protector Incont.;Absorbentes;02;101;GV Ger. Reg. Oriente
2000087764;10002762;NUEVO MUNDO 2012,C.A.;10002762;50001108;FRIENDS TS XTREME SEC REGULAR (12x14UN);              1,000;PAK;06.02.2026;20.02.2026 - 22:04:03;Ent. Nac. Pharsana;Zona Oriente;ERIS R PEÑA;1002065732;60;         30,00;USD;100112;ABSORBENTES FEMENINA;Friends;PH-Toalla Sanitaria;Absorbentes;02;101;GV Ger. Reg. Oriente
2000087764;10002762;NUEVO MUNDO 2012,C.A.;10002762;50001130;FRIENDS PD REGULAR S/P (24X20UN);              1,000;PAK;06.02.2026;20.02.2026 - 22:04:03;Ent. Nac. Pharsana;Zona Oriente;ERIS R PEÑA;1002065732;70;         33,60;USD;100112;ABSORBENTES FEMENINA;Friends;PH-Protector Diario;Absorbentes;02;101;GV Ger. Reg. Oriente
2000087766;10002762;NUEVO MUNDO 2012,C.A.;10002762;50001084;CHICCO BS TH ORIGINAL (48x24UN);              1,000;CS;06.02.2026;20.02.2026 - 22:04:03;Ent. Nac. Pharsana;Zona Oriente;ERIS R PEÑA;1002065734;10;         55,68;USD;100112;TOALLAS HUMEDAS;Chicco;PH-TH Travel Pack;Cuidado Personal;02;101;GV Ger. Reg. Oriente
2000087766;10002762;NUEVO MUNDO 2012,C.A.;10002762;50001072;AMY SEC TH 99% AGUA (20x48UN);              1,000;CS;06.02.2026;20.02.2026 - 22:04:03;Ent. Nac. Pharsana;Zona Oriente;ERIS R PEÑA;1002065734;20;         25,80;USD;100112;TOALLAS HUMEDAS;Amy;PH-TH Flow Pack;Cuidado Personal;02;101;GV Ger. Reg. Oriente
2000087766;10002762;NUEVO MUNDO 2012,C.A.;10002762;50001079;AMY SEC TH 99% AGUA (48x24UN);              1,000;CS;06.02.2026;20.02.2026 - 22:04:03;Ent. Nac. Pharsana;Zona Oriente;ERIS R PEÑA;1002065734;30;         40,80;USD;100112;TOALLAS HUMEDAS;Amy;PH-TH Travel Pack;Cuidado Personal;02;101;GV Ger. Reg. Oriente
2000087766;10002762;NUEVO MUNDO 2012,C.A.;10002762;50001055;LADY FACE TH DESMAQUILLANTE (24x24UN);              1,000;CS;06.02.2026;20.02.2026 - 22:04:03;Ent. Nac. Pharsana;Zona Oriente;ERIS R PEÑA;1002065734;40;         30,24;USD;100112;TOALLAS HUMEDAS;Lady Face;PH-TH Travel Pack;Cuidado Personal;02;101;GV Ger. Reg. Oriente
2000087767;10003436;FARMADEPOT,C.A;10003436;50000970;CHICCO BS COLONIA (10x220ML);              1,000;CS;06.02.2026;20.02.2026 - 22:04:03;Ent. Nac. Pharsana;Zona Oriente;ERIS R PEÑA;1002065735;10;         54,70;USD;100112;HIGIENE PERSONAL;Chicco;PH-Colonia;Cuidado Personal;02;101;GV Ger. Reg. Oriente
2000087767;10003436;FARMADEPOT,C.A;10003436;50000975;CHICCO BS TH ORIGINAL (20x48UN);              1,000;CS;06.02.2026;20.02.2026 - 22:04:03;Ent. Nac. Pharsana;Zona Oriente;ERIS R PEÑA;1002065735;20;         39,60;USD;100112;TOALLAS HUMEDAS;Chicco;PH-TH Flow Pack;Cuidado Personal;02;101;GV Ger. Reg. Oriente
2000087772;10000308;CATANIA HIPERMERCADO, C.A.;11000513;50000626;SECUREZZA CLASSIC M REG (6x6UN);              1,000;PAK;09.02.2026;20.02.2026 - 22:04:03;Ent. Nac. Pharsana;Zona Centro;JHONATAN A. GONZALEZ;1002065736;10;         38,10;USD;100144;INCONTINENCIA;Securezza;PH-Protector Incont.;Absorbentes;02;104;GV Ger. Reg. CClave
2000087846;10003392;COMERCIAL PLAZA IGUALDAD,C.A.;10003392;50000990;CHICCO PAÑAL DE NIÑO M REG (8X20UN);              1,000;PAK;09.02.2026;20.02.2026 - 22:04:03;Ent. Nac. Pharsana;Zona Oriente;ERIS R PEÑA;1002065813;10;         48,80;USD;100112;ABSORBENTES NIÑOS;Chicco;PH-Pañal Anatóm. T3;Absorbentes;02;101;GV Ger. Reg. Oriente
2000087846;10003392;COMERCIAL PLAZA IGUALDAD,C.A.;10003392;50000992;CHICCO PAÑAL DE NIÑO G REG (8X20UN);              1,000;PAK;09.02.2026;20.02.2026 - 22:04:03;Ent. Nac. Pharsana;Zona Oriente;ERIS R PEÑA;1002065813;20;         52,56;USD;100112;ABSORBENTES NIÑOS;Chicco;PH-Pañal Anatóm. T3;Absorbentes;02;101;GV Ger. Reg. Oriente
2000087846;10003392;COMERCIAL PLAZA IGUALDAD,C.A.;10003392;50000993;CHICCO PAÑAL DE NIÑO XG REG (8X20UN);              1,000;PAK;09.02.2026;20.02.2026 - 22:04:03;Ent. Nac. Pharsana;Zona Oriente;ERIS R PEÑA;1002065813;30;         54,16;USD;100112;ABSORBENTES NIÑOS;Chicco;PH-Pañal Anatóm. T3;Absorbentes;02;101;GV Ger. Reg. Oriente
2000087846;10003392;COMERCIAL PLAZA IGUALDAD,C.A.;10003392;50001139;CHICCO PAÑAL DE NIÑO XXG REG (8X20UN);              1,000;PAK;09.02.2026;20.02.2026 - 22:04:03;Ent. Nac. Pharsana;Zona Oriente;ERIS R PEÑA;1002065813;40;         54,16;USD;100112;ABSORBENTES NIÑOS;Chicco;PH-Pañal Anatóm. T3;Absorbentes;02;101;GV Ger. Reg. Oriente
2000087846;10003392;COMERCIAL PLAZA IGUALDAD,C.A.;10003392;50001109;FRIENDS TS TELA REGULAR (12x14UN);              1,000;PAK;09.02.2026;20.02.2026 - 22:04:03;Ent. Nac. Pharsana;Zona Oriente;ERIS R PEÑA;1002065813;50;         30,00;USD;100112;ABSORBENTES FEMENINA;Friends;PH-Toalla Sanitaria;Absorbentes;02;101;GV Ger. Reg. Oriente
2000087846;10003392;COMERCIAL PLAZA IGUALDAD,C.A.;10003392;50001111;FRIENDS TS NOCTURNA SIN ALAS (12x10UN);              1,000;PAK;09.02.2026;20.02.2026 - 22:04:03;Ent. Nac. Pharsana;Zona Oriente;ERIS R PEÑA;1002065813;60;         31,20;USD;100112;ABSORBENTES FEMENINA;Friends;PH-Toalla Sanitaria;Absorbentes;02;101;GV Ger. Reg. Oriente
2000087847;10003392;COMERCIAL PLAZA IGUALDAD,C.A.;10003392;50001134;FRIENDS PD REGULAR S/P PROMO (12X60UN);              1,000;PAK;09.02.2026;20.02.2026 - 22:04:03;Ent. Nac. Pharsana;Zona Oriente;ERIS R PEÑA;1002065814;10;         27,48;USD;100112;ABSORBENTES FEMENINA;Friends;PH-Protector Diario;Absorbentes;02;101;GV Ger. Reg. Oriente
2000087863;10003138;INVERSIONES ALEX ZHENG, C.A.;10003138;50000975;CHICCO BS TH ORIGINAL (20x48UN);              1,000;CS;10.02.2026;20.02.2026 - 22:04:03;Ent. Nac. Pharsana;Zona Oriente;ERIS R PEÑA;1002065828;10;         39,60;USD;100112;TOALLAS HUMEDAS;Chicco;PH-TH Flow Pack;Cuidado Personal;02;101;GV Ger. Reg. Oriente
2000087864;10003138;INVERSIONES ALEX ZHENG, C.A.;10003138;50001005;AMY SEC TH MANZANILLA P/BEBES (24x72UN);              1,000;CS;10.02.2026;20.02.2026 - 22:04:03;Ent. Nac. Pharsana;Zona Oriente;ERIS R PEÑA;1002065829;10;         46,08;USD;100112;TOALLAS HUMEDAS;Amy;PH-TH Flow Pack;Cuidado Personal;02;101;GV Ger. Reg. Oriente
2000087865;10003138;INVERSIONES ALEX ZHENG, C.A.;10003138;50000443;AMY HISOPOS (48x60UN);              1,000;CS;10.02.2026;20.02.2026 - 22:04:03;Ent. Nac. Pharsana;Zona Oriente;ERIS R PEÑA;1002065830;10;         58,08;USD;100112;ALGODONES PT;Amy;PH-Hisopos;Cuidado Personal;02;101;GV Ger. Reg. Oriente
2000087938;10003668;KALIMAN II C.A;10003668;50000990;CHICCO PAÑAL DE NIÑO M REG (8X20UN);              1,000;PAK;11.02.2026;20.02.2026 - 22:04:03;Ent. Nac. Pharsana;Zona Oriente;ERIS R PEÑA;1002065903;10;         48,80;USD;100112;ABSORBENTES NIÑOS;Chicco;PH-Pañal Anatóm. T3;Absorbentes;02;101;GV Ger. Reg. Oriente
2000087938;10003668;KALIMAN II C.A;10003668;50000992;CHICCO PAÑAL DE NIÑO G REG (8X20UN);              1,000;PAK;11.02.2026;20.02.2026 - 22:04:03;Ent. Nac. Pharsana;Zona Oriente;ERIS R PEÑA;1002065903;20;         52,56;USD;100112;ABSORBENTES NIÑOS;Chicco;PH-Pañal Anatóm. T3;Absorbentes;02;101;GV Ger. Reg. Oriente
2000087938;10003668;KALIMAN II C.A;10003668;50000993;CHICCO PAÑAL DE NIÑO XG REG (8X20UN);              1,000;PAK;11.02.2026;20.02.2026 - 22:04:03;Ent. Nac. Pharsana;Zona Oriente;ERIS R PEÑA;1002065903;30;         54,16;USD;100112;ABSORBENTES NIÑOS;Chicco;PH-Pañal Anatóm. T3;Absorbentes;02;101;GV Ger. Reg. Oriente
2000087938;10003668;KALIMAN II C.A;10003668;50001111;FRIENDS TS NOCTURNA SIN ALAS (12x10UN);              1,000;PAK;11.02.2026;20.02.2026 - 22:04:03;Ent. Nac. Pharsana;Zona Oriente;ERIS R PEÑA;1002065903;40;         31,20;USD;100112;ABSORBENTES FEMENINA;Friends;PH-Toalla Sanitaria;Absorbentes;02;101;GV Ger. Reg. Oriente
2000087939;10003668;KALIMAN II C.A;10003668;50000902;AMY COLONIA PARA BEBES (10x220ML);              2,000;CS;11.02.2026;20.02.2026 - 22:04:03;Ent. Nac. Pharsana;Zona Oriente;ERIS R PEÑA;1002065904;10;         86,20;USD;100112;HIGIENE PERSONAL;Amy;PH-Colonia;Cuidado Personal;02;101;GV Ger. Reg. Oriente
2000087939;10003668;KALIMAN II C.A;10003668;50000495;AMY LOCION PARA BEBES (10x200ML);              1,000;CS;11.02.2026;20.02.2026 - 22:04:03;Ent. Nac. Pharsana;Zona Oriente;ERIS R PEÑA;1002065904;20;         33,20;USD;100112;HIGIENE PERSONAL;Amy;PH-Loción;Cuidado Personal;02;101;GV Ger. Reg. Oriente
2000087939;10003668;KALIMAN II C.A;10003668;50001072;AMY SEC TH 99% AGUA (20x48UN);              1,000;CS;11.02.2026;20.02.2026 - 22:04:03;Ent. Nac. Pharsana;Zona Oriente;ERIS R PEÑA;1002065904;30;         25,80;USD;100112;TOALLAS HUMEDAS;Amy;PH-TH Flow Pack;Cuidado Personal;02;101;GV Ger. Reg. Oriente
2000087939;10003668;KALIMAN II C.A;10003668;50001079;AMY SEC TH 99% AGUA (48x24UN);              2,000;CS;11.02.2026;20.02.2026 - 22:04:03;Ent. Nac. Pharsana;Zona Oriente;ERIS R PEÑA;1002065904;40;         81,60;USD;100112;TOALLAS HUMEDAS;Amy;PH-TH Travel Pack;Cuidado Personal;02;101;GV Ger. Reg. Oriente
2000087939;10003668;KALIMAN II C.A;10003668;50000957;SECUREZZA PROTECTOR DE CAMA (6X10UN);              6,000;PAK;11.02.2026;20.02.2026 - 22:04:03;Ent. Nac. Pharsana;Zona Oriente;ERIS R PEÑA;1002065904;50;        300,60;USD;100112;INCONTINENCIA;Securezza;PH-Protector de Cama;Absorbentes;02;101;GV Ger. Reg. Oriente
2000087939;10003668;KALIMAN II C.A;10003668;50001055;LADY FACE TH DESMAQUILLANTE (24x24UN);              1,000;CS;11.02.2026;20.02.2026 - 22:04:03;Ent. Nac. Pharsana;Zona Oriente;ERIS R PEÑA;1002065904;60;         30,24;USD;100112;TOALLAS HUMEDAS;Lady Face;PH-TH Travel Pack;Cuidado Personal;02;101;GV Ger. Reg. Oriente
2000087939;10003668;KALIMAN II C.A;10003668;50001134;FRIENDS PD REGULAR S/P PROMO (12X60UN);              4,000;PAK;11.02.2026;20.02.2026 - 22:04:03;Ent. Nac. Pharsana;Zona Oriente;ERIS R PEÑA;1002065904;70;        109,92;USD;100112;ABSORBENTES FEMENINA;Friends;PH-Protector Diario;Absorbentes;02;101;GV Ger. Reg. Oriente
2000087940;10003668;KALIMAN II C.A;10003668;50001011;CHICCO BS COLONIA (28x100ML);              1,000;CS;11.02.2026;20.02.2026 - 22:04:03;Ent. Nac. Pharsana;Zona Oriente;ERIS R PEÑA;1002065905;10;         84,00;USD;100112;HIGIENE PERSONAL;Chicco;PH-Colonia;Cuidado Personal;02;101;GV Ger. Reg. Oriente
2000087941;10003390;IMPORTADORA DAYANG C.A.;10003390;50000632;SECUREZZA POST PARTO PREMIUM (12X10UN);              4,000;PAK;11.02.2026;20.02.2026 - 22:04:03;Ent. Nac. Pharsana;Zona Oriente;ERIS R PEÑA;1002065906;10;        120,96;USD;100112;INCONTINENCIA;Securezza;PH-Toalla Post-Parto;Absorbentes;02;101;GV Ger. Reg. Oriente
2000087942;10003390;IMPORTADORA DAYANG C.A.;10003390;50001005;AMY SEC TH MANZANILLA P/BEBES (24x72UN);              2,000;CS;11.02.2026;20.02.2026 - 22:04:03;Ent. Nac. Pharsana;Zona Oriente;ERIS R PEÑA;1002065907;10;         92,16;USD;100112;TOALLAS HUMEDAS;Amy;PH-TH Flow Pack;Cuidado Personal;02;101;GV Ger. Reg. Oriente
2000087943;10003390;IMPORTADORA DAYANG C.A.;10003390;50001072;AMY SEC TH 99% AGUA (20x48UN);              1,000;CS;11.02.2026;20.02.2026 - 22:04:03;Ent. Nac. Pharsana;Zona Oriente;ERIS R PEÑA;1002065908;10;         25,80;USD;100112;TOALLAS HUMEDAS;Amy;PH-TH Flow Pack;Cuidado Personal;02;101;GV Ger. Reg. Oriente
2000087943;10003390;IMPORTADORA DAYANG C.A.;10003390;50001079;AMY SEC TH 99% AGUA (48x24UN);              2,000;CS;11.02.2026;20.02.2026 - 22:04:03;Ent. Nac. Pharsana;Zona Oriente;ERIS R PEÑA;1002065908;20;         81,60;USD;100112;TOALLAS HUMEDAS;Amy;PH-TH Travel Pack;Cuidado Personal;02;101;GV Ger. Reg. Oriente
2000087943;10003390;IMPORTADORA DAYANG C.A.;10003390;50000569;ACTIVA SEC PERDIDAS ABUNDANTES (12X10UN);              2,000;PAK;11.02.2026;20.02.2026 - 22:04:03;Ent. Nac. Pharsana;Zona Oriente;ERIS R PEÑA;1002065908;30;         37,44;USD;100112;INCONTINENCIA;Activa;PH-Toalla Incontinen;Absorbentes;02;101;GV Ger. Reg. Oriente
2000088031;10003200;GRUPO DASHKA 2020, C.A;10003200;50001011;CHICCO BS COLONIA (28x100ML);              1,000;CS;11.02.2026;20.02.2026 - 22:04:03;Ent. Nac. Pharsana;Zona Oriente;TREICY C. ROCA;1002065994;10;         74,48;USD;100057;HIGIENE PERSONAL;Chicco;PH-Colonia;Cuidado Personal;02;101;GV Ger. Reg. Oriente
2000088032;10003200;GRUPO DASHKA 2020, C.A;10003200;50001106;FRIENDS PD REGULAR S/P (12X40UN);              1,000;PAK;11.02.2026;20.02.2026 - 22:04:03;Ent. Nac. Pharsana;Zona Oriente;TREICY C. ROCA;1002065995;10;         29,88;USD;100057;ABSORBENTES FEMENINA;Friends;PH-Protector Diario;Absorbentes;02;101;GV Ger. Reg. Oriente
2000088033;10003200;GRUPO DASHKA 2020, C.A;10003200;50001072;AMY SEC TH 99% AGUA (20x48UN);              1,000;CS;11.02.2026;20.02.2026 - 22:04:03;Ent. Nac. Pharsana;Zona Oriente;TREICY C. ROCA;1002065996;10;         22,80;USD;100057;TOALLAS HUMEDAS;Amy;PH-TH Flow Pack;Cuidado Personal;02;101;GV Ger. Reg. Oriente
2000088057;10003746;MUNDO MARKET MONAGAS, C.A.;10003746;50001011;CHICCO BS COLONIA (28x100ML);              1,000;CS;11.02.2026;20.02.2026 - 22:04:03;Ent. Nac. Pharsana;Zona Oriente;TREICY C. ROCA;1002066026;10;         74,48;USD;100057;HIGIENE PERSONAL;Chicco;PH-Colonia;Cuidado Personal;02;101;GV Ger. Reg. Oriente
2000088057;10003746;MUNDO MARKET MONAGAS, C.A.;10003746;50000970;CHICCO BS COLONIA (10x220ML);              1,000;CS;11.02.2026;20.02.2026 - 22:04:03;Ent. Nac. Pharsana;Zona Oriente;TREICY C. ROCA;1002066026;20;         48,50;USD;100057;HIGIENE PERSONAL;Chicco;PH-Colonia;Cuidado Personal;02;101;GV Ger. Reg. Oriente
2000088057;10003746;MUNDO MARKET MONAGAS, C.A.;10003746;50000974;CHICCO BS TH ORIGINAL (24x72UN);              1,000;CS;11.02.2026;20.02.2026 - 22:04:03;Ent. Nac. Pharsana;Zona Oriente;TREICY C. ROCA;1002066026;30;         60,48;USD;100057;TOALLAS HUMEDAS;Chicco;PH-TH Flow Pack;Cuidado Personal;02;101;GV Ger. Reg. Oriente
2000088057;10003746;MUNDO MARKET MONAGAS, C.A.;10003746;50000975;CHICCO BS TH ORIGINAL (20x48UN);              1,000;CS;11.02.2026;20.02.2026 - 22:04:03;Ent. Nac. Pharsana;Zona Oriente;TREICY C. ROCA;1002066026;40;         35,20;USD;100057;TOALLAS HUMEDAS;Chicco;PH-TH Flow Pack;Cuidado Personal;02;101;GV Ger. Reg. Oriente
2000088057;10003746;MUNDO MARKET MONAGAS, C.A.;10003746;50000639;SIEMPRE SECO BASICO M (6X6UN);              1,000;PAK;11.02.2026;20.02.2026 - 22:04:03;Ent. Nac. Pharsana;Zona Oriente;TREICY C. ROCA;1002066026;50;         30,18;USD;100057;INCONTINENCIA;Siempre Seco;PH-Protector Incont.;Absorbentes;02;101;GV Ger. Reg. Oriente
2000088057;10003746;MUNDO MARKET MONAGAS, C.A.;10003746;50000640;SIEMPRE SECO BASICO G (6X6UN);              1,000;PAK;11.02.2026;20.02.2026 - 22:04:03;Ent. Nac. Pharsana;Zona Oriente;TREICY C. ROCA;1002066026;60;         33,36;USD;100057;INCONTINENCIA;Siempre Seco;PH-Protector Incont.;Absorbentes;02;101;GV Ger. Reg. Oriente
2000088058;10003746;MUNDO MARKET MONAGAS, C.A.;10003746;50001084;CHICCO BS TH ORIGINAL (48x24UN);              1,000;CS;11.02.2026;20.02.2026 - 22:04:03;Ent. Nac. Pharsana;Zona Oriente;TREICY C. ROCA;1002066027;10;         49,44;USD;100057;TOALLAS HUMEDAS;Chicco;PH-TH Travel Pack;Cuidado Personal;02;101;GV Ger. Reg. Oriente
2000088063;10003716;DISTRIBUIDORA ALEX 2012 CA;10003716;50000990;CHICCO PAÑAL DE NIÑO M REG (8X20UN);              2,000;PAK;12.02.2026;20.02.2026 - 22:04:03;Ent. Nac. Pharsana;Zona Oriente;ERIS R PEÑA;1002066031;10;         93,92;USD;100112;ABSORBENTES NIÑOS;Chicco;PH-Pañal Anatóm. T3;Absorbentes;02;101;GV Ger. Reg. Oriente
2000088063;10003716;DISTRIBUIDORA ALEX 2012 CA;10003716;50000992;CHICCO PAÑAL DE NIÑO G REG (8X20UN);              4,000;PAK;12.02.2026;20.02.2026 - 22:04:03;Ent. Nac. Pharsana;Zona Oriente;ERIS R PEÑA;1002066031;20;        201,92;USD;100112;ABSORBENTES NIÑOS;Chicco;PH-Pañal Anatóm. T3;Absorbentes;02;101;GV Ger. Reg. Oriente
2000088063;10003716;DISTRIBUIDORA ALEX 2012 CA;10003716;50000993;CHICCO PAÑAL DE NIÑO XG REG (8X20UN);              2,000;PAK;12.02.2026;20.02.2026 - 22:04:03;Ent. Nac. Pharsana;Zona Oriente;ERIS R PEÑA;1002066031;30;        104,16;USD;100112;ABSORBENTES NIÑOS;Chicco;PH-Pañal Anatóm. T3;Absorbentes;02;101;GV Ger. Reg. Oriente
2000088063;10003716;DISTRIBUIDORA ALEX 2012 CA;10003716;50001139;CHICCO PAÑAL DE NIÑO XXG REG (8X20UN);              2,000;PAK;12.02.2026;20.02.2026 - 22:04:03;Ent. Nac. Pharsana;Zona Oriente;ERIS R PEÑA;1002066031;40;        104,16;USD;100112;ABSORBENTES NIÑOS;Chicco;PH-Pañal Anatóm. T3;Absorbentes;02;101;GV Ger. Reg. Oriente
2000088064;10003716;DISTRIBUIDORA ALEX 2012 CA;10003716;50000974;CHICCO BS TH ORIGINAL (24x72UN);              1,000;CS;12.02.2026;20.02.2026 - 22:04:03;Ent. Nac. Pharsana;Zona Oriente;ERIS R PEÑA;1002066032;10;         65,76;USD;100112;TOALLAS HUMEDAS;Chicco;PH-TH Flow Pack;Cuidado Personal;02;101;GV Ger. Reg. Oriente
2000088064;10003716;DISTRIBUIDORA ALEX 2012 CA;10003716;50000975;CHICCO BS TH ORIGINAL (20x48UN);              1,000;CS;12.02.2026;20.02.2026 - 22:04:03;Ent. Nac. Pharsana;Zona Oriente;ERIS R PEÑA;1002066032;20;         38,20;USD;100112;TOALLAS HUMEDAS;Chicco;PH-TH Flow Pack;Cuidado Personal;02;101;GV Ger. Reg. Oriente
2000088064;10003716;DISTRIBUIDORA ALEX 2012 CA;10003716;50000639;SIEMPRE SECO BASICO M (6X6UN);              1,000;PAK;12.02.2026;20.02.2026 - 22:04:03;Ent. Nac. Pharsana;Zona Oriente;ERIS R PEÑA;1002066032;30;         32,76;USD;100112;INCONTINENCIA;Siempre Seco;PH-Protector Incont.;Absorbentes;02;101;GV Ger. Reg. Oriente
2000088064;10003716;DISTRIBUIDORA ALEX 2012 CA;10003716;50000640;SIEMPRE SECO BASICO G (6X6UN);              1,000;PAK;12.02.2026;20.02.2026 - 22:04:03;Ent. Nac. Pharsana;Zona Oriente;ERIS R PEÑA;1002066032;40;         36,18;USD;100112;INCONTINENCIA;Siempre Seco;PH-Protector Incont.;Absorbentes;02;101;GV Ger. Reg. Oriente
2000088064;10003716;DISTRIBUIDORA ALEX 2012 CA;10003716;50000981;SIEMPRE SECO PROTEC DE CAMA HB(4X20UN);              1,000;PAK;12.02.2026;20.02.2026 - 22:04:03;Ent. Nac. Pharsana;Zona Oriente;ERIS R PEÑA;1002066032;50;         45,44;USD;100112;INCONTINENCIA;Siempre Seco;PH-Protector de Cama;Absorbentes;02;101;GV Ger. Reg. Oriente
2000088065;10003716;DISTRIBUIDORA ALEX 2012 CA;10003716;50001084;CHICCO BS TH ORIGINAL (48x24UN);              1,000;CS;12.02.2026;20.02.2026 - 22:04:03;Ent. Nac. Pharsana;Zona Oriente;ERIS R PEÑA;1002066033;10;         53,28;USD;100112;TOALLAS HUMEDAS;Chicco;PH-TH Travel Pack;Cuidado Personal;02;101;GV Ger. Reg. Oriente
2000088065;10003716;DISTRIBUIDORA ALEX 2012 CA;10003716;50001072;AMY SEC TH 99% AGUA (20x48UN);              1,000;CS;12.02.2026;20.02.2026 - 22:04:03;Ent. Nac. Pharsana;Zona Oriente;ERIS R PEÑA;1002066033;20;         24,80;USD;100112;TOALLAS HUMEDAS;Amy;PH-TH Flow Pack;Cuidado Personal;02;101;GV Ger. Reg. Oriente
2000088065;10003716;DISTRIBUIDORA ALEX 2012 CA;10003716;50001079;AMY SEC TH 99% AGUA (48x24UN);              1,000;CS;12.02.2026;20.02.2026 - 22:04:03;Ent. Nac. Pharsana;Zona Oriente;ERIS R PEÑA;1002066033;30;         39,36;USD;100112;TOALLAS HUMEDAS;Amy;PH-TH Travel Pack;Cuidado Personal;02;101;GV Ger. Reg. Oriente
2000088066;10000162;TODOHOGAR VISTAMAR, C. A.;11000168;50001113;ACTIVA SEC PERD. ABUNDANTE(6x20UN) PROMO;              2,000;PAK;12.02.2026;20.02.2026 - 22:04:03;Ent. Nac. Pharsana;Zona Oriente;DANIELA A. RODRIGUEZ;1002066034;10;         43,80;USD;100131;INCONTINENCIA;Activa;PH-Toalla Incontinen;Absorbentes;02;101;GV Ger. Reg. Oriente
2000088066;10000162;TODOHOGAR VISTAMAR, C. A.;11000168;50000957;SECUREZZA PROTECTOR DE CAMA (6X10UN);              1,000;PAK;12.02.2026;20.02.2026 - 22:04:03;Ent. Nac. Pharsana;Zona Oriente;DANIELA A. RODRIGUEZ;1002066034;20;         44,46;USD;100131;INCONTINENCIA;Securezza;PH-Protector de Cama;Absorbentes;02;101;GV Ger. Reg. Oriente
2000088067;10000162;TODOHOGAR VISTAMAR, C. A.;11000168;50000627;SECUREZZA CLASSIC L REG (6x6UN);              1,000;PAK;12.02.2026;20.02.2026 - 22:04:03;Ent. Nac. Pharsana;Zona Oriente;DANIELA A. RODRIGUEZ;1002066035;10;         44,94;USD;100131;INCONTINENCIA;Securezza;PH-Protector Incont.;Absorbentes;02;101;GV Ger. Reg. Oriente
2000088067;10000162;TODOHOGAR VISTAMAR, C. A.;11000168;50000626;SECUREZZA CLASSIC M REG (6x6UN);              2,000;PAK;12.02.2026;20.02.2026 - 22:04:03;Ent. Nac. Pharsana;Zona Oriente;DANIELA A. RODRIGUEZ;1002066035;20;         76,20;USD;100131;INCONTINENCIA;Securezza;PH-Protector Incont.;Absorbentes;02;101;GV Ger. Reg. Oriente
2000088068;10000162;TODOHOGAR VISTAMAR, C. A.;11000168;50000632;SECUREZZA POST PARTO PREMIUM (12X10UN);              3,000;PAK;12.02.2026;20.02.2026 - 22:04:03;Ent. Nac. Pharsana;Zona Oriente;DANIELA A. RODRIGUEZ;1002066036;10;         80,64;USD;100131;INCONTINENCIA;Securezza;PH-Toalla Post-Parto;Absorbentes;02;101;GV Ger. Reg. Oriente
2000088068;10000162;TODOHOGAR VISTAMAR, C. A.;11000168;50000921;SECUREZZA COMFORT M REG (6x6UN);              1,000;PAK;12.02.2026;20.02.2026 - 22:04:03;Ent. Nac. Pharsana;Zona Oriente;DANIELA A. RODRIGUEZ;1002066036;20;         41,10;USD;100131;INCONTINENCIA;Securezza;PH-Protector Incont.;Absorbentes;02;101;GV Ger. Reg. Oriente
2000088068;10000162;TODOHOGAR VISTAMAR, C. A.;11000168;50001021;SECUREZZA POST PARTO (12X15UN);              1,000;PAK;12.02.2026;20.02.2026 - 22:04:03;Ent. Nac. Pharsana;Zona Oriente;DANIELA A. RODRIGUEZ;1002066036;30;         32,40;USD;100131;INCONTINENCIA;Securezza;PH-Toalla Post-Parto;Absorbentes;02;101;GV Ger. Reg. Oriente
2000088068;10000162;TODOHOGAR VISTAMAR, C. A.;11000168;50000639;SIEMPRE SECO BASICO M (6X6UN);              1,000;PAK;12.02.2026;20.02.2026 - 22:04:03;Ent. Nac. Pharsana;Zona Oriente;DANIELA A. RODRIGUEZ;1002066036;40;         30,18;USD;100131;INCONTINENCIA;Siempre Seco;PH-Protector Incont.;Absorbentes;02;101;GV Ger. Reg. Oriente
2000088068;10000162;TODOHOGAR VISTAMAR, C. A.;11000168;50000981;SIEMPRE SECO PROTEC DE CAMA HB(4X20UN);              4,000;PAK;12.02.2026;20.02.2026 - 22:04:03;Ent. Nac. Pharsana;Zona Oriente;DANIELA A. RODRIGUEZ;1002066036;50;        167,68;USD;100131;INCONTINENCIA;Siempre Seco;PH-Protector de Cama;Absorbentes;02;101;GV Ger. Reg. Oriente
2000088069;10000049;TODOHOGAR, C.A;10000049;50001113;ACTIVA SEC PERD. ABUNDANTE(6x20UN) PROMO;              1,000;PAK;12.02.2026;20.02.2026 - 22:04:03;Ent. Nac. Pharsana;Zona Oriente;DANIELA A. RODRIGUEZ;1002066037;10;         21,90;USD;100131;INCONTINENCIA;Activa;PH-Toalla Incontinen;Absorbentes;02;101;GV Ger. Reg. Oriente
2000088069;10000049;TODOHOGAR, C.A;10000049;50001107;FRIENDS PD REGULAR S/P (12X60UN);              1,000;PAK;12.02.2026;20.02.2026 - 22:04:03;Ent. Nac. Pharsana;Zona Oriente;DANIELA A. RODRIGUEZ;1002066037;20;         36,60;USD;100131;ABSORBENTES FEMENINA;Friends;PH-Protector Diario;Absorbentes;02;101;GV Ger. Reg. Oriente
2000088070;10000049;TODOHOGAR, C.A;10000049;50001011;CHICCO BS COLONIA (28x100ML);              2,000;CS;12.02.2026;20.02.2026 - 22:04:03;Ent. Nac. Pharsana;Zona Oriente;DANIELA A. RODRIGUEZ;1002066038;10;        148,96;USD;100131;HIGIENE PERSONAL;Chicco;PH-Colonia;Cuidado Personal;02;101;GV Ger. Reg. Oriente
2000088070;10000049;TODOHOGAR, C.A;10000049;50000970;CHICCO BS COLONIA (10x220ML);              1,000;CS;12.02.2026;20.02.2026 - 22:04:03;Ent. Nac. Pharsana;Zona Oriente;DANIELA A. RODRIGUEZ;1002066038;20;         48,50;USD;100131;HIGIENE PERSONAL;Chicco;PH-Colonia;Cuidado Personal;02;101;GV Ger. Reg. Oriente
2000088070;10000049;TODOHOGAR, C.A;10000049;50000975;CHICCO BS TH ORIGINAL (20x48UN);              1,000;CS;12.02.2026;20.02.2026 - 22:04:03;Ent. Nac. Pharsana;Zona Oriente;DANIELA A. RODRIGUEZ;1002066038;30;         35,20;USD;100131;TOALLAS HUMEDAS;Chicco;PH-TH Flow Pack;Cuidado Personal;02;101;GV Ger. Reg. Oriente
2000088070;10000049;TODOHOGAR, C.A;10000049;50000974;CHICCO BS TH ORIGINAL (24x72UN);              1,000;CS;12.02.2026;20.02.2026 - 22:04:03;Ent. Nac. Pharsana;Zona Oriente;DANIELA A. RODRIGUEZ;1002066038;40;         60,48;USD;100131;TOALLAS HUMEDAS;Chicco;PH-TH Flow Pack;Cuidado Personal;02;101;GV Ger. Reg. Oriente
2000088070;10000049;TODOHOGAR, C.A;10000049;50000632;SECUREZZA POST PARTO PREMIUM (12X10UN);              3,000;PAK;12.02.2026;20.02.2026 - 22:04:03;Ent. Nac. Pharsana;Zona Oriente;DANIELA A. RODRIGUEZ;1002066038;50;         80,64;USD;100131;INCONTINENCIA;Securezza;PH-Toalla Post-Parto;Absorbentes;02;101;GV Ger. Reg. Oriente
2000088070;10000049;TODOHOGAR, C.A;10000049;50001021;SECUREZZA POST PARTO (12X15UN);              1,000;PAK;12.02.2026;20.02.2026 - 22:04:03;Ent. Nac. Pharsana;Zona Oriente;DANIELA A. RODRIGUEZ;1002066038;60;         32,40;USD;100131;INCONTINENCIA;Securezza;PH-Toalla Post-Parto;Absorbentes;02;101;GV Ger. Reg. Oriente
2000088070;10000049;TODOHOGAR, C.A;10000049;50000639;SIEMPRE SECO BASICO M (6X6UN);              1,000;PAK;12.02.2026;20.02.2026 - 22:04:03;Ent. Nac. Pharsana;Zona Oriente;DANIELA A. RODRIGUEZ;1002066038;70;         30,18;USD;100131;INCONTINENCIA;Siempre Seco;PH-Protector Incont.;Absorbentes;02;101;GV Ger. Reg. Oriente
2000088070;10000049;TODOHOGAR, C.A;10000049;50000981;SIEMPRE SECO PROTEC DE CAMA HB(4X20UN);              2,000;PAK;12.02.2026;20.02.2026 - 22:04:03;Ent. Nac. Pharsana;Zona Oriente;DANIELA A. RODRIGUEZ;1002066038;80;         83,84;USD;100131;INCONTINENCIA;Siempre Seco;PH-Protector de Cama;Absorbentes;02;101;GV Ger. Reg. Oriente
2000088092;10003503;AT1988 MARKET, C.A.;10003503;50000990;CHICCO PAÑAL DE NIÑO M REG (8X20UN);              1,000;PAK;12.02.2026;20.02.2026 - 22:04:03;Ent. Nac. Pharsana;Zona Oriente;ERIS R PEÑA;1002066030;10;         48,80;USD;100112;ABSORBENTES NIÑOS;Chicco;PH-Pañal Anatóm. T3;Absorbentes;02;101;GV Ger. Reg. Oriente
2000088092;10003503;AT1988 MARKET, C.A.;10003503;50000992;CHICCO PAÑAL DE NIÑO G REG (8X20UN);              1,000;PAK;12.02.2026;20.02.2026 - 22:04:03;Ent. Nac. Pharsana;Zona Oriente;ERIS R PEÑA;1002066030;20;         52,56;USD;100112;ABSORBENTES NIÑOS;Chicco;PH-Pañal Anatóm. T3;Absorbentes;02;101;GV Ger. Reg. Oriente
2000088106;10003316;JUMBO MARKET EXPRESS,C.A;10003316;50001011;CHICCO BS COLONIA (28x100ML);              1,000;CS;12.02.2026;20.02.2026 - 22:04:03;Ent. Nac. Pharsana;Zona Oriente;ERIS R PEÑA;1002066073;10;         84,00;USD;100112;HIGIENE PERSONAL;Chicco;PH-Colonia;Cuidado Personal;02;101;GV Ger. Reg. Oriente
2000088106;10003316;JUMBO MARKET EXPRESS,C.A;10003316;50000632;SECUREZZA POST PARTO PREMIUM (12X10UN);              1,000;PAK;12.02.2026;20.02.2026 - 22:04:03;Ent. Nac. Pharsana;Zona Oriente;ERIS R PEÑA;1002066073;20;         30,24;USD;100112;INCONTINENCIA;Securezza;PH-Toalla Post-Parto;Absorbentes;02;101;GV Ger. Reg. Oriente
2000088108;10003316;JUMBO MARKET EXPRESS,C.A;10003316;50001130;FRIENDS PD REGULAR S/P (24X20UN);              1,000;PAK;12.02.2026;20.02.2026 - 22:04:03;Ent. Nac. Pharsana;Zona Oriente;ERIS R PEÑA;1002066075;10;         33,60;USD;100112;ABSORBENTES FEMENINA;Friends;PH-Protector Diario;Absorbentes;02;101;GV Ger. Reg. Oriente
2000088108;10003316;JUMBO MARKET EXPRESS,C.A;10003316;50001169;FRIENDS PD LONG (24X20UN);              1,000;PAK;12.02.2026;20.02.2026 - 22:04:03;Ent. Nac. Pharsana;Zona Oriente;ERIS R PEÑA;1002066075;20;         33,60;USD;100112;ABSORBENTES FEMENINA;Friends;PH-Protector Diario;Absorbentes;02;101;GV Ger. Reg. Oriente
2000088111;10003316;JUMBO MARKET EXPRESS,C.A;10003316;50001023;CHICCO BS COTONCITO (32x100UN);              1,000;CS;12.02.2026;20.02.2026 - 22:04:03;Ent. Nac. Pharsana;Zona Oriente;ERIS R PEÑA;1002066078;10;         48,32;USD;100112;ALGODONES PT;Chicco;PH-Hisopos;Cuidado Personal;02;101;GV Ger. Reg. Oriente
2000088111;10003316;JUMBO MARKET EXPRESS,C.A;10003316;50000902;AMY COLONIA PARA BEBES (10x220ML);              1,000;CS;12.02.2026;20.02.2026 - 22:04:03;Ent. Nac. Pharsana;Zona Oriente;ERIS R PEÑA;1002066078;20;         43,10;USD;100112;HIGIENE PERSONAL;Amy;PH-Colonia;Cuidado Personal;02;101;GV Ger. Reg. Oriente
2000088111;10003316;JUMBO MARKET EXPRESS,C.A;10003316;50001134;FRIENDS PD REGULAR S/P PROMO (12X60UN);              1,000;PAK;12.02.2026;20.02.2026 - 22:04:03;Ent. Nac. Pharsana;Zona Oriente;ERIS R PEÑA;1002066078;30;         27,48;USD;100112;ABSORBENTES FEMENINA;Friends;PH-Protector Diario;Absorbentes;02;101;GV Ger. Reg. Oriente
2000088118;10002614;INVERSIONES BARCELONA ORIENTE;11000955;50000921;SECUREZZA COMFORT M REG (6x6UN);              1,000;PAK;12.02.2026;20.02.2026 - 22:04:03;Ent. Nac. Pharsana;Zona Oriente;DANIELA A. RODRIGUEZ;1002066085;10;         46,32;USD;100131;INCONTINENCIA;Securezza;PH-Protector Incont.;Absorbentes;02;101;GV Ger. Reg. Oriente
2000088118;10002614;INVERSIONES BARCELONA ORIENTE;11000955;50000627;SECUREZZA CLASSIC L REG (6x6UN);              1,000;PAK;12.02.2026;20.02.2026 - 22:04:03;Ent. Nac. Pharsana;Zona Oriente;DANIELA A. RODRIGUEZ;1002066085;20;         50,70;USD;100131;INCONTINENCIA;Securezza;PH-Protector Incont.;Absorbentes;02;101;GV Ger. Reg. Oriente
2000088118;10002614;INVERSIONES BARCELONA ORIENTE;11000955;50000974;CHICCO BS TH ORIGINAL (24x72UN);              1,000;CS;12.02.2026;20.02.2026 - 22:04:03;Ent. Nac. Pharsana;Zona Oriente;DANIELA A. RODRIGUEZ;1002066085;30;         68,40;USD;100131;TOALLAS HUMEDAS;Chicco;PH-TH Flow Pack;Cuidado Personal;02;101;GV Ger. Reg. Oriente
2000088118;10002614;INVERSIONES BARCELONA ORIENTE;11000955;50000639;SIEMPRE SECO BASICO M (6X6UN);              1,000;PAK;12.02.2026;20.02.2026 - 22:04:03;Ent. Nac. Pharsana;Zona Oriente;DANIELA A. RODRIGUEZ;1002066085;40;         34,08;USD;100131;INCONTINENCIA;Siempre Seco;PH-Protector Incont.;Absorbentes;02;101;GV Ger. Reg. Oriente
2000088118;10002614;INVERSIONES BARCELONA ORIENTE;11000955;50000632;SECUREZZA POST PARTO PREMIUM (12X10UN);              1,000;PAK;12.02.2026;20.02.2026 - 22:04:03;Ent. Nac. Pharsana;Zona Oriente;DANIELA A. RODRIGUEZ;1002066085;50;         30,24;USD;100131;INCONTINENCIA;Securezza;PH-Toalla Post-Parto;Absorbentes;02;101;GV Ger. Reg. Oriente
2000088120;10002614;INVERSIONES BARCELONA ORIENTE;11000955;50001005;AMY SEC TH MANZANILLA P/BEBES (24x72UN);              1,000;CS;12.02.2026;20.02.2026 - 22:04:03;Ent. Nac. Pharsana;Zona Oriente;DANIELA A. RODRIGUEZ;1002066087;10;         46,08;USD;100131;TOALLAS HUMEDAS;Amy;PH-TH Flow Pack;Cuidado Personal;02;101;GV Ger. Reg. Oriente
2000088120;10002614;INVERSIONES BARCELONA ORIENTE;11000955;50000990;CHICCO PAÑAL DE NIÑO M REG (8X20UN);              1,000;PAK;12.02.2026;20.02.2026 - 22:04:03;Ent. Nac. Pharsana;Zona Oriente;DANIELA A. RODRIGUEZ;1002066087;20;         48,80;USD;100131;ABSORBENTES NIÑOS;Chicco;PH-Pañal Anatóm. T3;Absorbentes;02;101;GV Ger. Reg. Oriente
2000088120;10002614;INVERSIONES BARCELONA ORIENTE;11000955;50001109;FRIENDS TS TELA REGULAR (12x14UN);              1,000;PAK;12.02.2026;20.02.2026 - 22:04:03;Ent. Nac. Pharsana;Zona Oriente;DANIELA A. RODRIGUEZ;1002066087;30;         30,00;USD;100131;ABSORBENTES FEMENINA;Friends;PH-Toalla Sanitaria;Absorbentes;02;101;GV Ger. Reg. Oriente
2000088120;10002614;INVERSIONES BARCELONA ORIENTE;11000955;50001111;FRIENDS TS NOCTURNA SIN ALAS (12x10UN);              1,000;PAK;12.02.2026;20.02.2026 - 22:04:03;Ent. Nac. Pharsana;Zona Oriente;DANIELA A. RODRIGUEZ;1002066087;40;         31,20;USD;100131;ABSORBENTES FEMENINA;Friends;PH-Toalla Sanitaria;Absorbentes;02;101;GV Ger. Reg. Oriente
2000088121;10002614;INVERSIONES BARCELONA ORIENTE;11000952;50000626;SECUREZZA CLASSIC M REG (6x6UN);              1,000;PAK;12.02.2026;20.02.2026 - 22:04:03;Ent. Nac. Pharsana;Zona Oriente;DANIELA A. RODRIGUEZ;1002066088;10;         42,96;USD;100131;INCONTINENCIA;Securezza;PH-Protector Incont.;Absorbentes;02;101;GV Ger. Reg. Oriente
2000088125;10002614;INVERSIONES BARCELONA ORIENTE;11000952;50000965;CHICCO BS LOCION (10x200ML);              1,000;CS;12.02.2026;20.02.2026 - 22:04:03;Ent. Nac. Pharsana;Zona Oriente;DANIELA A. RODRIGUEZ;1002066092;10;         44,90;USD;100131;HIGIENE PERSONAL;Chicco;PH-Loción;Cuidado Personal;02;101;GV Ger. Reg. Oriente
2000088125;10002614;INVERSIONES BARCELONA ORIENTE;11000952;50000974;CHICCO BS TH ORIGINAL (24x72UN);              1,000;CS;12.02.2026;20.02.2026 - 22:04:03;Ent. Nac. Pharsana;Zona Oriente;DANIELA A. RODRIGUEZ;1002066092;20;         68,40;USD;100131;TOALLAS HUMEDAS;Chicco;PH-TH Flow Pack;Cuidado Personal;02;101;GV Ger. Reg. Oriente
2000088125;10002614;INVERSIONES BARCELONA ORIENTE;11000952;50000639;SIEMPRE SECO BASICO M (6X6UN);              1,000;PAK;12.02.2026;20.02.2026 - 22:04:03;Ent. Nac. Pharsana;Zona Oriente;DANIELA A. RODRIGUEZ;1002066092;30;         34,08;USD;100131;INCONTINENCIA;Siempre Seco;PH-Protector Incont.;Absorbentes;02;101;GV Ger. Reg. Oriente
2000088125;10002614;INVERSIONES BARCELONA ORIENTE;11000952;50000632;SECUREZZA POST PARTO PREMIUM (12X10UN);              1,000;PAK;12.02.2026;20.02.2026 - 22:04:03;Ent. Nac. Pharsana;Zona Oriente;DANIELA A. RODRIGUEZ;1002066092;40;         30,24;USD;100131;INCONTINENCIA;Securezza;PH-Toalla Post-Parto;Absorbentes;02;101;GV Ger. Reg. Oriente
2000088126;10002996;INVERSIONES BARCELONA ORIENTE 20.23;11001048;50000963;CHICCO BS CHAMPU CABELLONORMAL(10x200ML);              1,000;CS;12.02.2026;20.02.2026 - 22:04:03;Ent. Nac. Pharsana;Zona Oriente;DANIELA A. RODRIGUEZ;1002066093;10;         44,00;USD;100131;HIGIENE PERSONAL;Chicco;PH-Champú;Cuidado Personal;02;101;GV Ger. Reg. Oriente
2000088126;10002996;INVERSIONES BARCELONA ORIENTE 20.23;11001048;50000970;CHICCO BS COLONIA (10x220ML);              1,000;CS;12.02.2026;20.02.2026 - 22:04:03;Ent. Nac. Pharsana;Zona Oriente;DANIELA A. RODRIGUEZ;1002066093;20;         54,70;USD;100131;HIGIENE PERSONAL;Chicco;PH-Colonia;Cuidado Personal;02;101;GV Ger. Reg. Oriente
2000088126;10002996;INVERSIONES BARCELONA ORIENTE 20.23;11001048;50000975;CHICCO BS TH ORIGINAL (20x48UN);              1,000;CS;12.02.2026;20.02.2026 - 22:04:03;Ent. Nac. Pharsana;Zona Oriente;DANIELA A. RODRIGUEZ;1002066093;30;         39,60;USD;100131;TOALLAS HUMEDAS;Chicco;PH-TH Flow Pack;Cuidado Personal;02;101;GV Ger. Reg. Oriente
2000088126;10002996;INVERSIONES BARCELONA ORIENTE 20.23;11001048;50000639;SIEMPRE SECO BASICO M (6X6UN);              1,000;PAK;12.02.2026;20.02.2026 - 22:04:03;Ent. Nac. Pharsana;Zona Oriente;DANIELA A. RODRIGUEZ;1002066093;40;         34,08;USD;100131;INCONTINENCIA;Siempre Seco;PH-Protector Incont.;Absorbentes;02;101;GV Ger. Reg. Oriente
2000088126;10002996;INVERSIONES BARCELONA ORIENTE 20.23;11001048;50001021;SECUREZZA POST PARTO (12X15UN);              1,000;PAK;12.02.2026;20.02.2026 - 22:04:03;Ent. Nac. Pharsana;Zona Oriente;DANIELA A. RODRIGUEZ;1002066093;50;         36,60;USD;100131;INCONTINENCIA;Securezza;PH-Toalla Post-Parto;Absorbentes;02;101;GV Ger. Reg. Oriente
2000088128;10002996;INVERSIONES BARCELONA ORIENTE 20.23;11001048;50000990;CHICCO PAÑAL DE NIÑO M REG (8X20UN);              1,000;PAK;12.02.2026;20.02.2026 - 22:04:03;Ent. Nac. Pharsana;Zona Oriente;DANIELA A. RODRIGUEZ;1002066095;10;         48,80;USD;100131;ABSORBENTES NIÑOS;Chicco;PH-Pañal Anatóm. T3;Absorbentes;02;101;GV Ger. Reg. Oriente
2000088128;10002996;INVERSIONES BARCELONA ORIENTE 20.23;11001048;50001106;FRIENDS PD REGULAR S/P (12X40UN);              1,000;PAK;12.02.2026;20.02.2026 - 22:04:03;Ent. Nac. Pharsana;Zona Oriente;DANIELA A. RODRIGUEZ;1002066095;20;         33,72;USD;100131;ABSORBENTES FEMENINA;Friends;PH-Protector Diario;Absorbentes;02;101;GV Ger. Reg. Oriente
2000088223;10001936;DISBOTFI,C.A (DISTRIBUIDORA BOTTINI;10001936;50000632;SECUREZZA POST PARTO PREMIUM (12X10UN);             25,000;PAK;18.02.2026;20.02.2026 - 22:04:03;Ent. Nac. Pharsana;Zona Oriente;DANIELA A. RODRIGUEZ;1002066214;10;        666,00;USD;100131;INCONTINENCIA;Securezza;PH-Toalla Post-Parto;Absorbentes;02;101;GV Ger. Reg. Oriente
2000088223;10001936;DISBOTFI,C.A (DISTRIBUIDORA BOTTINI;10001936;50000975;CHICCO BS TH ORIGINAL (20x48UN);              5,000;CS;18.02.2026;20.02.2026 - 22:04:03;Ent. Nac. Pharsana;Zona Oriente;DANIELA A. RODRIGUEZ;1002066214;30;        175,00;USD;100131;TOALLAS HUMEDAS;Chicco;PH-TH Flow Pack;Cuidado Personal;02;101;GV Ger. Reg. Oriente
2000088223;10001936;DISBOTFI,C.A (DISTRIBUIDORA BOTTINI;10001936;50000639;SIEMPRE SECO BASICO M (6X6UN);              6,000;PAK;18.02.2026;20.02.2026 - 22:04:03;Ent. Nac. Pharsana;Zona Oriente;DANIELA A. RODRIGUEZ;1002066214;40;        180,00;USD;100131;INCONTINENCIA;Siempre Seco;PH-Protector Incont.;Absorbentes;02;101;GV Ger. Reg. Oriente
2000088223;10001936;DISBOTFI,C.A (DISTRIBUIDORA BOTTINI;10001936;50000640;SIEMPRE SECO BASICO G (6X6UN);              6,000;PAK;18.02.2026;20.02.2026 - 22:04:03;Ent. Nac. Pharsana;Zona Oriente;DANIELA A. RODRIGUEZ;1002066214;50;        198,72;USD;100131;INCONTINENCIA;Siempre Seco;PH-Protector Incont.;Absorbentes;02;101;GV Ger. Reg. Oriente
2000088223;10001936;DISBOTFI,C.A (DISTRIBUIDORA BOTTINI;10001936;50001011;CHICCO BS COLONIA (28x100ML);              5,000;CS;18.02.2026;20.02.2026 - 22:04:03;Ent. Nac. Pharsana;Zona Oriente;DANIELA A. RODRIGUEZ;1002066214;60;        369,60;USD;100131;HIGIENE PERSONAL;Chicco;PH-Colonia;Cuidado Personal;02;101;GV Ger. Reg. Oriente
2000088223;10001936;DISBOTFI,C.A (DISTRIBUIDORA BOTTINI;10001936;50000974;CHICCO BS TH ORIGINAL (24x72UN);              3,000;CS;18.02.2026;20.02.2026 - 22:04:03;Ent. Nac. Pharsana;Zona Oriente;DANIELA A. RODRIGUEZ;1002066214;20;        180,00;USD;100131;TOALLAS HUMEDAS;Chicco;PH-TH Flow Pack;Cuidado Personal;02;101;GV Ger. Reg. Oriente
2000088223;10001936;DISBOTFI,C.A (DISTRIBUIDORA BOTTINI;10001936;50000974;CHICCO BS TH ORIGINAL (24x72UN);             12,000;CS;18.02.2026;20.02.2026 - 22:04:03;Ent. Nac. Pharsana;Zona Oriente;DANIELA A. RODRIGUEZ;1002066214;20;        720,00;USD;100131;TOALLAS HUMEDAS;Chicco;PH-TH Flow Pack;Cuidado Personal;02;101;GV Ger. Reg. Oriente
2000088224;10002825;WILLIAM ALBERTO CALDERON GUEDEZ;10002825;50000981;SIEMPRE SECO PROTEC DE CAMA HB(4X20UN);             10,000;PAK;18.02.2026;20.02.2026 - 22:04:03;Ent. Nac. Pharsana;Zona Andina;JESUS A. MARQUEZ;1002066225;10;        419,20;USD;100023;INCONTINENCIA;Siempre Seco;PH-Protector de Cama;Absorbentes;02;100;GV. Ger. Reg. Occid.
2000088225;10002825;WILLIAM ALBERTO CALDERON GUEDEZ;10002825;50001050;SECUREZZA COMFORT L (4X20UN) PROMOPACK;              5,000;PAK;18.02.2026;20.02.2026 - 22:04:03;Ent. Nac. Pharsana;Zona Andina;JESUS A. MARQUEZ;1002066226;10;        430,40;USD;100023;INCONTINENCIA;Securezza;PH-Protector Incont.;Absorbentes;02;100;GV. Ger. Reg. Occid.
2000088226;10000108;OFERTAS CAMEL,S.A.;10000108;50000626;SECUREZZA CLASSIC M REG (6x6UN);              1,000;PAK;18.02.2026;20.02.2026 - 22:04:03;Ent. Nac. Pharsana;Zona Oriente;VICTOR A. MONTES;1002066227;10;         42,96;USD;100136;INCONTINENCIA;Securezza;PH-Protector Incont.;Absorbentes;02;101;GV Ger. Reg. Oriente
2000088226;10000108;OFERTAS CAMEL,S.A.;10000108;50000627;SECUREZZA CLASSIC L REG (6x6UN);              1,000;PAK;18.02.2026;20.02.2026 - 22:04:03;Ent. Nac. Pharsana;Zona Oriente;VICTOR A. MONTES;1002066227;20;         50,70;USD;100136;INCONTINENCIA;Securezza;PH-Protector Incont.;Absorbentes;02;101;GV Ger. Reg. Oriente
2000088226;10000108;OFERTAS CAMEL,S.A.;10000108;50001169;FRIENDS PD LONG (24X20UN);              1,000;PAK;18.02.2026;20.02.2026 - 22:04:03;Ent. Nac. Pharsana;Zona Oriente;VICTOR A. MONTES;1002066227;30;         33,60;USD;100136;ABSORBENTES FEMENINA;Friends;PH-Protector Diario;Absorbentes;02;101;GV Ger. Reg. Oriente
2000088226;10000108;OFERTAS CAMEL,S.A.;10000108;50000495;AMY LOCION PARA BEBES (10x200ML);              1,000;CS;18.02.2026;20.02.2026 - 22:04:03;Ent. Nac. Pharsana;Zona Oriente;VICTOR A. MONTES;1002066227;40;         33,20;USD;100136;HIGIENE PERSONAL;Amy;PH-Loción;Cuidado Personal;02;101;GV Ger. Reg. Oriente
2000088226;10000108;OFERTAS CAMEL,S.A.;10000108;50001072;AMY SEC TH 99% AGUA (20x48UN);              1,000;CS;18.02.2026;20.02.2026 - 22:04:03;Ent. Nac. Pharsana;Zona Oriente;VICTOR A. MONTES;1002066227;50;         25,80;USD;100136;TOALLAS HUMEDAS;Amy;PH-TH Flow Pack;Cuidado Personal;02;101;GV Ger. Reg. Oriente
2000088226;10000108;OFERTAS CAMEL,S.A.;10000108;50001123;FRIENDS JABON INTIMO (12x240ML);              1,000;CS;18.02.2026;20.02.2026 - 22:04:03;Ent. Nac. Pharsana;Zona Oriente;VICTOR A. MONTES;1002066227;60;         62,52;USD;100136;HIGIENE PERSONAL;Friends;PH-Jabón Líquido;Cuidado Personal;02;101;GV Ger. Reg. Oriente
2000088227;10002802;AUTOMERCADO NUEVO PRICA, C.A.;10002802;50000970;CHICCO BS COLONIA (10x220ML);              2,000;CS;18.02.2026;20.02.2026 - 22:04:03;Ent. Nac. Pharsana;Zona Oriente;VICTOR A. MONTES;1002066228;10;         97,00;USD;100136;HIGIENE PERSONAL;Chicco;PH-Colonia;Cuidado Personal;02;101;GV Ger. Reg. Oriente
2000088227;10002802;AUTOMERCADO NUEVO PRICA, C.A.;10002802;50000974;CHICCO BS TH ORIGINAL (24x72UN);              3,000;CS;18.02.2026;20.02.2026 - 22:04:03;Ent. Nac. Pharsana;Zona Oriente;VICTOR A. MONTES;1002066228;20;        181,44;USD;100136;TOALLAS HUMEDAS;Chicco;PH-TH Flow Pack;Cuidado Personal;02;101;GV Ger. Reg. Oriente
2000088228;10002802;AUTOMERCADO NUEVO PRICA, C.A.;10002802;50000902;AMY COLONIA PARA BEBES (10x220ML);              2,000;CS;18.02.2026;20.02.2026 - 22:04:03;Ent. Nac. Pharsana;Zona Oriente;VICTOR A. MONTES;1002066229;10;         76,40;USD;100136;HIGIENE PERSONAL;Amy;PH-Colonia;Cuidado Personal;02;101;GV Ger. Reg. Oriente
2000088228;10002802;AUTOMERCADO NUEVO PRICA, C.A.;10002802;50000990;CHICCO PAÑAL DE NIÑO M REG (8X20UN);              2,000;PAK;18.02.2026;20.02.2026 - 22:04:03;Ent. Nac. Pharsana;Zona Oriente;VICTOR A. MONTES;1002066229;20;         86,56;USD;100136;ABSORBENTES NIÑOS;Chicco;PH-Pañal Anatóm. T3;Absorbentes;02;101;GV Ger. Reg. Oriente
2000088228;10002802;AUTOMERCADO NUEVO PRICA, C.A.;10002802;50000992;CHICCO PAÑAL DE NIÑO G REG (8X20UN);              2,000;PAK;18.02.2026;20.02.2026 - 22:04:03;Ent. Nac. Pharsana;Zona Oriente;VICTOR A. MONTES;1002066229;30;         93,12;USD;100136;ABSORBENTES NIÑOS;Chicco;PH-Pañal Anatóm. T3;Absorbentes;02;101;GV Ger. Reg. Oriente
2000088228;10002802;AUTOMERCADO NUEVO PRICA, C.A.;10002802;50000993;CHICCO PAÑAL DE NIÑO XG REG (8X20UN);              2,000;PAK;18.02.2026;20.02.2026 - 22:04:03;Ent. Nac. Pharsana;Zona Oriente;VICTOR A. MONTES;1002066229;40;         96,00;USD;100136;ABSORBENTES NIÑOS;Chicco;PH-Pañal Anatóm. T3;Absorbentes;02;101;GV Ger. Reg. Oriente
2000088228;10002802;AUTOMERCADO NUEVO PRICA, C.A.;10002802;50001139;CHICCO PAÑAL DE NIÑO XXG REG (8X20UN);              2,000;PAK;18.02.2026;20.02.2026 - 22:04:03;Ent. Nac. Pharsana;Zona Oriente;VICTOR A. MONTES;1002066229;50;         96,00;USD;100136;ABSORBENTES NIÑOS;Chicco;PH-Pañal Anatóm. T3;Absorbentes;02;101;GV Ger. Reg. Oriente
2000088228;10002802;AUTOMERCADO NUEVO PRICA, C.A.;10002802;50001079;AMY SEC TH 99% AGUA (48x24UN);              2,000;CS;18.02.2026;20.02.2026 - 22:04:03;Ent. Nac. Pharsana;Zona Oriente;VICTOR A. MONTES;1002066229;60;         72,00;USD;100136;TOALLAS HUMEDAS;Amy;PH-TH Travel Pack;Cuidado Personal;02;101;GV Ger. Reg. Oriente
2000088228;10002802;AUTOMERCADO NUEVO PRICA, C.A.;10002802;50000921;SECUREZZA COMFORT M REG (6x6UN);              2,000;PAK;18.02.2026;20.02.2026 - 22:04:03;Ent. Nac. Pharsana;Zona Oriente;VICTOR A. MONTES;1002066229;70;         82,20;USD;100136;INCONTINENCIA;Securezza;PH-Protector Incont.;Absorbentes;02;101;GV Ger. Reg. Oriente
2000088228;10002802;AUTOMERCADO NUEVO PRICA, C.A.;10002802;50000922;SECUREZZA COMFORT L REG (6x6UN);              2,000;PAK;18.02.2026;20.02.2026 - 22:04:03;Ent. Nac. Pharsana;Zona Oriente;VICTOR A. MONTES;1002066229;80;         96,84;USD;100136;INCONTINENCIA;Securezza;PH-Protector Incont.;Absorbentes;02;101;GV Ger. Reg. Oriente
2000088228;10002802;AUTOMERCADO NUEVO PRICA, C.A.;10002802;50000639;SIEMPRE SECO BASICO M (6X6UN);              2,000;PAK;18.02.2026;20.02.2026 - 22:04:03;Ent. Nac. Pharsana;Zona Oriente;VICTOR A. MONTES;1002066229;90;         60,36;USD;100136;INCONTINENCIA;Siempre Seco;PH-Protector Incont.;Absorbentes;02;101;GV Ger. Reg. Oriente
2000088228;10002802;AUTOMERCADO NUEVO PRICA, C.A.;10002802;50000640;SIEMPRE SECO BASICO G (6X6UN);              2,000;PAK;18.02.2026;20.02.2026 - 22:04:03;Ent. Nac. Pharsana;Zona Oriente;VICTOR A. MONTES;1002066229;100;         66,72;USD;100136;INCONTINENCIA;Siempre Seco;PH-Protector Incont.;Absorbentes;02;101;GV Ger. Reg. Oriente
2000088228;10002802;AUTOMERCADO NUEVO PRICA, C.A.;10002802;50001123;FRIENDS JABON INTIMO (12x240ML);              1,000;CS;18.02.2026;20.02.2026 - 22:04:03;Ent. Nac. Pharsana;Zona Oriente;VICTOR A. MONTES;1002066229;110;         55,44;USD;100136;HIGIENE PERSONAL;Friends;PH-Jabón Líquido;Cuidado Personal;02;101;GV Ger. Reg. Oriente
2000088228;10002802;AUTOMERCADO NUEVO PRICA, C.A.;10002802;50001130;FRIENDS PD REGULAR S/P (24X20UN);              2,000;PAK;18.02.2026;20.02.2026 - 22:04:03;Ent. Nac. Pharsana;Zona Oriente;VICTOR A. MONTES;1002066229;120;         59,52;USD;100136;ABSORBENTES FEMENINA;Friends;PH-Protector Diario;Absorbentes;02;101;GV Ger. Reg. Oriente
2000088228;10002802;AUTOMERCADO NUEVO PRICA, C.A.;10002802;50001057;FRIENDS TH INTIMA (24x24UN);              3,000;CS;18.02.2026;20.02.2026 - 22:04:03;Ent. Nac. Pharsana;Zona Oriente;VICTOR A. MONTES;1002066229;130;         82,80;USD;100136;TOALLAS HUMEDAS;Friends;PH-TH Travel Pack;Cuidado Personal;02;101;GV Ger. Reg. Oriente
2000088228;10002802;AUTOMERCADO NUEVO PRICA, C.A.;10002802;50001137;LADY FACE DISCOS DE ALGODON (24x80UN);              1,000;CS;18.02.2026;20.02.2026 - 22:04:03;Ent. Nac. Pharsana;Zona Oriente;VICTOR A. MONTES;1002066229;140;         65,76;USD;100136;ALGODONES PT;Lady Face;PH-Cotton Round;Cuidado Personal;02;101;GV Ger. Reg. Oriente
2000088228;10002802;AUTOMERCADO NUEVO PRICA, C.A.;10002802;50001111;FRIENDS TS NOCTURNA SIN ALAS (12x10UN);              2,000;PAK;18.02.2026;20.02.2026 - 22:04:03;Ent. Nac. Pharsana;Zona Oriente;VICTOR A. MONTES;1002066229;150;         55,44;USD;100136;ABSORBENTES FEMENINA;Friends;PH-Toalla Sanitaria;Absorbentes;02;101;GV Ger. Reg. Oriente
2000088229;10002802;AUTOMERCADO NUEVO PRICA, C.A.;10002802;50001055;LADY FACE TH DESMAQUILLANTE (24x24UN);              2,000;CS;18.02.2026;20.02.2026 - 22:04:03;Ent. Nac. Pharsana;Zona Oriente;VICTOR A. MONTES;1002066230;10;         53,76;USD;100136;TOALLAS HUMEDAS;Lady Face;PH-TH Travel Pack;Cuidado Personal;02;101;GV Ger. Reg. Oriente
2000088229;10002802;AUTOMERCADO NUEVO PRICA, C.A.;10002802;50000569;ACTIVA SEC PERDIDAS ABUNDANTES (12X10UN);              1,000;PAK;18.02.2026;20.02.2026 - 22:04:03;Ent. Nac. Pharsana;Zona Oriente;VICTOR A. MONTES;1002066230;20;         16,56;USD;100136;INCONTINENCIA;Activa;PH-Toalla Incontinen;Absorbentes;02;101;GV Ger. Reg. Oriente
2000088231;10002929;ROYAL AUTO MARKET C.A;10002929;50001108;FRIENDS TS XTREME SEC REGULAR (12x14UN);              1,000;PAK;18.02.2026;20.02.2026 - 22:04:03;Ent. Nac. Pharsana;Zona Oriente;VICTOR A. MONTES;1002066232;10;         30,00;USD;100136;ABSORBENTES FEMENINA;Friends;PH-Toalla Sanitaria;Absorbentes;02;101;GV Ger. Reg. Oriente
2000088231;10002929;ROYAL AUTO MARKET C.A;10002929;50001109;FRIENDS TS TELA REGULAR (12x14UN);              1,000;PAK;18.02.2026;20.02.2026 - 22:04:03;Ent. Nac. Pharsana;Zona Oriente;VICTOR A. MONTES;1002066232;20;         30,00;USD;100136;ABSORBENTES FEMENINA;Friends;PH-Toalla Sanitaria;Absorbentes;02;101;GV Ger. Reg. Oriente
2000088231;10002929;ROYAL AUTO MARKET C.A;10002929;50001051;CHICCO BS COTONCITO(12x300UN PAGA 200UN);              1,000;CS;18.02.2026;20.02.2026 - 22:04:03;Ent. Nac. Pharsana;Zona Oriente;VICTOR A. MONTES;1002066232;30;         38,64;USD;100136;ALGODONES PT;Chicco;PH-Hisopos;Cuidado Personal;02;101;GV Ger. Reg. Oriente
2000088231;10002929;ROYAL AUTO MARKET C.A;10002929;50001137;LADY FACE DISCOS DE ALGODON (24x80UN);              1,000;CS;18.02.2026;20.02.2026 - 22:04:03;Ent. Nac. Pharsana;Zona Oriente;VICTOR A. MONTES;1002066232;40;         74,16;USD;100136;ALGODONES PT;Lady Face;PH-Cotton Round;Cuidado Personal;02;101;GV Ger. Reg. Oriente
2000088231;10002929;ROYAL AUTO MARKET C.A;10002929;50000640;SIEMPRE SECO BASICO G (6X6UN);              1,000;PAK;18.02.2026;20.02.2026 - 22:04:03;Ent. Nac. Pharsana;Zona Oriente;VICTOR A. MONTES;1002066232;50;         37,62;USD;100136;INCONTINENCIA;Siempre Seco;PH-Protector Incont.;Absorbentes;02;101;GV Ger. Reg. Oriente
2000088232;10002929;ROYAL AUTO MARKET C.A;10002929;50000970;CHICCO BS COLONIA (10x220ML);              1,000;CS;18.02.2026;20.02.2026 - 22:04:03;Ent. Nac. Pharsana;Zona Oriente;VICTOR A. MONTES;1002066233;10;         54,70;USD;100136;HIGIENE PERSONAL;Chicco;PH-Colonia;Cuidado Personal;02;101;GV Ger. Reg. Oriente
2000088232;10002929;ROYAL AUTO MARKET C.A;10002929;50001019;CHICCO BS GEL ANTIBACTERIAL (28x100ML);              1,000;CS;18.02.2026;20.02.2026 - 22:04:03;Ent. Nac. Pharsana;Zona Oriente;VICTOR A. MONTES;1002066233;20;         64,40;USD;100136;HIGIENE PERSONAL;Chicco;PH-Gel Antibacterial;Cuidado Personal;02;101;GV Ger. Reg. Oriente
2000088232;10002929;ROYAL AUTO MARKET C.A;10002929;50001015;CHICCO BS CHAMPU CABELLO CLARO(28x100ML);              1,000;CS;18.02.2026;20.02.2026 - 22:04:03;Ent. Nac. Pharsana;Zona Oriente;VICTOR A. MONTES;1002066233;30;         71,40;USD;100136;HIGIENE PERSONAL;Chicco;PH-Champú;Cuidado Personal;02;101;GV Ger. Reg. Oriente
2000088247;10003087;DROGUERIA INTERCONTINENTAL, C.A;10003087;50000922;SECUREZZA COMFORT L REG (6x6UN);             17,000;PAK;18.02.2026;20.02.2026 - 22:04:03;Ent. Nac. Pharsana;Zona Oriente;TREICY C. ROCA;1002065684;10;        892,50;USD;100057;INCONTINENCIA;Securezza;PH-Protector Incont.;Absorbentes;02;101;GV Ger. Reg. Oriente
2000088252;10002659;AUTOMERCADOS NOVA, C.A;11001280;50000975;CHICCO BS TH ORIGINAL (20x48UN);              1,000;CS;18.02.2026;20.02.2026 - 22:04:03;Ent. Nac. Pharsana;Zona Oriente;ERIS R PEÑA;1002066193;10;         39,60;USD;100112;TOALLAS HUMEDAS;Chicco;PH-TH Flow Pack;Cuidado Personal;02;101;GV Ger. Reg. Oriente
2000088252;10002659;AUTOMERCADOS NOVA, C.A;11001280;50001084;CHICCO BS TH ORIGINAL (48x24UN);              1,000;CS;18.02.2026;20.02.2026 - 22:04:03;Ent. Nac. Pharsana;Zona Oriente;ERIS R PEÑA;1002066193;20;         55,68;USD;100112;TOALLAS HUMEDAS;Chicco;PH-TH Travel Pack;Cuidado Personal;02;101;GV Ger. Reg. Oriente
2000088252;10002659;AUTOMERCADOS NOVA, C.A;11001280;50001019;CHICCO BS GEL ANTIBACTERIAL (28x100ML);              1,000;CS;18.02.2026;20.02.2026 - 22:04:03;Ent. Nac. Pharsana;Zona Oriente;ERIS R PEÑA;1002066193;30;         64,40;USD;100112;HIGIENE PERSONAL;Chicco;PH-Gel Antibacterial;Cuidado Personal;02;101;GV Ger. Reg. Oriente
2000088252;10002659;AUTOMERCADOS NOVA, C.A;11001280;50001011;CHICCO BS COLONIA (28x100ML);              1,000;CS;18.02.2026;20.02.2026 - 22:04:03;Ent. Nac. Pharsana;Zona Oriente;ERIS R PEÑA;1002066193;40;         84,00;USD;100112;HIGIENE PERSONAL;Chicco;PH-Colonia;Cuidado Personal;02;101;GV Ger. Reg. Oriente
2000088252;10002659;AUTOMERCADOS NOVA, C.A;11001280;50000632;SECUREZZA POST PARTO PREMIUM (12X10UN);              1,000;PAK;18.02.2026;20.02.2026 - 22:04:03;Ent. Nac. Pharsana;Zona Oriente;ERIS R PEÑA;1002066193;50;         30,24;USD;100112;INCONTINENCIA;Securezza;PH-Toalla Post-Parto;Absorbentes;02;101;GV Ger. Reg. Oriente
2000088252;10002659;AUTOMERCADOS NOVA, C.A;11001280;50001021;SECUREZZA POST PARTO (12X15UN);              1,000;PAK;18.02.2026;20.02.2026 - 22:04:03;Ent. Nac. Pharsana;Zona Oriente;ERIS R PEÑA;1002066193;60;         36,60;USD;100112;INCONTINENCIA;Securezza;PH-Toalla Post-Parto;Absorbentes;02;101;GV Ger. Reg. Oriente
2000088252;10002659;AUTOMERCADOS NOVA, C.A;11001280;50000640;SIEMPRE SECO BASICO G (6X6UN);              1,000;PAK;18.02.2026;20.02.2026 - 22:04:03;Ent. Nac. Pharsana;Zona Oriente;ERIS R PEÑA;1002066193;70;         37,62;USD;100112;INCONTINENCIA;Siempre Seco;PH-Protector Incont.;Absorbentes;02;101;GV Ger. Reg. Oriente
2000088252;10002659;AUTOMERCADOS NOVA, C.A;11001280;50000981;SIEMPRE SECO PROTEC DE CAMA HB(4X20UN);              1,000;PAK;18.02.2026;20.02.2026 - 22:04:03;Ent. Nac. Pharsana;Zona Oriente;ERIS R PEÑA;1002066193;80;         47,28;USD;100112;INCONTINENCIA;Siempre Seco;PH-Protector de Cama;Absorbentes;02;101;GV Ger. Reg. Oriente
2000088254;10002659;AUTOMERCADOS NOVA, C.A;11001280;50000990;CHICCO PAÑAL DE NIÑO M REG (8X20UN);              1,000;PAK;18.02.2026;20.02.2026 - 22:04:03;Ent. Nac. Pharsana;Zona Oriente;ERIS R PEÑA;1002066197;10;         48,80;USD;100112;ABSORBENTES NIÑOS;Chicco;PH-Pañal Anatóm. T3;Absorbentes;02;101;GV Ger. Reg. Oriente
2000088254;10002659;AUTOMERCADOS NOVA, C.A;11001280;50000992;CHICCO PAÑAL DE NIÑO G REG (8X20UN);              1,000;PAK;18.02.2026;20.02.2026 - 22:04:03;Ent. Nac. Pharsana;Zona Oriente;ERIS R PEÑA;1002066197;20;         52,56;USD;100112;ABSORBENTES NIÑOS;Chicco;PH-Pañal Anatóm. T3;Absorbentes;02;101;GV Ger. Reg. Oriente
2000088254;10002659;AUTOMERCADOS NOVA, C.A;11001280;50000993;CHICCO PAÑAL DE NIÑO XG REG (8X20UN);              1,000;PAK;18.02.2026;20.02.2026 - 22:04:03;Ent. Nac. Pharsana;Zona Oriente;ERIS R PEÑA;1002066197;30;         54,16;USD;100112;ABSORBENTES NIÑOS;Chicco;PH-Pañal Anatóm. T3;Absorbentes;02;101;GV Ger. Reg. Oriente
2000088254;10002659;AUTOMERCADOS NOVA, C.A;11001280;50001139;CHICCO PAÑAL DE NIÑO XXG REG (8X20UN);              1,000;PAK;18.02.2026;20.02.2026 - 22:04:03;Ent. Nac. Pharsana;Zona Oriente;ERIS R PEÑA;1002066197;40;         54,16;USD;100112;ABSORBENTES NIÑOS;Chicco;PH-Pañal Anatóm. T3;Absorbentes;02;101;GV Ger. Reg. Oriente
2000088254;10002659;AUTOMERCADOS NOVA, C.A;11001280;50000532;AMY CHAMPU PARA BEBES (10x200ML);              1,000;CS;18.02.2026;20.02.2026 - 22:04:03;Ent. Nac. Pharsana;Zona Oriente;ERIS R PEÑA;1002066197;50;         31,70;USD;100112;HIGIENE PERSONAL;Amy;PH-Champú;Cuidado Personal;02;101;GV Ger. Reg. Oriente
2000088254;10002659;AUTOMERCADOS NOVA, C.A;11001280;50001079;AMY SEC TH 99% AGUA (48x24UN);              1,000;CS;18.02.2026;20.02.2026 - 22:04:03;Ent. Nac. Pharsana;Zona Oriente;ERIS R PEÑA;1002066197;60;         40,80;USD;100112;TOALLAS HUMEDAS;Amy;PH-TH Travel Pack;Cuidado Personal;02;101;GV Ger. Reg. Oriente
2000088254;10002659;AUTOMERCADOS NOVA, C.A;11001280;50001005;AMY SEC TH MANZANILLA P/BEBES (24x72UN);              2,000;CS;18.02.2026;20.02.2026 - 22:04:03;Ent. Nac. Pharsana;Zona Oriente;ERIS R PEÑA;1002066197;70;         92,16;USD;100112;TOALLAS HUMEDAS;Amy;PH-TH Flow Pack;Cuidado Personal;02;101;GV Ger. Reg. Oriente
2000088254;10002659;AUTOMERCADOS NOVA, C.A;11001280;50000627;SECUREZZA CLASSIC L REG (6x6UN);              1,000;PAK;18.02.2026;20.02.2026 - 22:04:03;Ent. Nac. Pharsana;Zona Oriente;ERIS R PEÑA;1002066197;80;         50,70;USD;100112;INCONTINENCIA;Securezza;PH-Protector Incont.;Absorbentes;02;101;GV Ger. Reg. Oriente
2000088254;10002659;AUTOMERCADOS NOVA, C.A;11001280;50001109;FRIENDS TS TELA REGULAR (12x14UN);              1,000;PAK;18.02.2026;20.02.2026 - 22:04:03;Ent. Nac. Pharsana;Zona Oriente;ERIS R PEÑA;1002066197;90;         30,00;USD;100112;ABSORBENTES FEMENINA;Friends;PH-Toalla Sanitaria;Absorbentes;02;101;GV Ger. Reg. Oriente
2000088254;10002659;AUTOMERCADOS NOVA, C.A;11001280;50001110;FRIENDS PD MANZANILLA (12X40UN);              1,000;PAK;18.02.2026;20.02.2026 - 22:04:03;Ent. Nac. Pharsana;Zona Oriente;ERIS R PEÑA;1002066197;100;         34,44;USD;100112;ABSORBENTES FEMENINA;Friends;PH-Protector Diario;Absorbentes;02;101;GV Ger. Reg. Oriente
2000088254;10002659;AUTOMERCADOS NOVA, C.A;11001280;50001111;FRIENDS TS NOCTURNA SIN ALAS (12x10UN);              1,000;PAK;18.02.2026;20.02.2026 - 22:04:03;Ent. Nac. Pharsana;Zona Oriente;ERIS R PEÑA;1002066197;110;         31,20;USD;100112;ABSORBENTES FEMENINA;Friends;PH-Toalla Sanitaria;Absorbentes;02;101;GV Ger. Reg. Oriente
2000088254;10002659;AUTOMERCADOS NOVA, C.A;11001280;50001169;FRIENDS PD LONG (24X20UN);              1,000;PAK;18.02.2026;20.02.2026 - 22:04:03;Ent. Nac. Pharsana;Zona Oriente;ERIS R PEÑA;1002066197;120;         33,60;USD;100112;ABSORBENTES FEMENINA;Friends;PH-Protector Diario;Absorbentes;02;101;GV Ger. Reg. Oriente
2000088254;10002659;AUTOMERCADOS NOVA, C.A;11001280;50001130;FRIENDS PD REGULAR S/P (24X20UN);              1,000;PAK;18.02.2026;20.02.2026 - 22:04:03;Ent. Nac. Pharsana;Zona Oriente;ERIS R PEÑA;1002066197;130;         33,60;USD;100112;ABSORBENTES FEMENINA;Friends;PH-Protector Diario;Absorbentes;02;101;GV Ger. Reg. Oriente
2000088254;10002659;AUTOMERCADOS NOVA, C.A;11001280;50001133;FRIENDS PD MANZANILLA (24X20UN);              1,000;PAK;18.02.2026;20.02.2026 - 22:04:03;Ent. Nac. Pharsana;Zona Oriente;ERIS R PEÑA;1002066197;140;         33,60;USD;100112;ABSORBENTES FEMENINA;Friends;PH-Protector Diario;Absorbentes;02;101;GV Ger. Reg. Oriente
2000088255;10002659;AUTOMERCADOS NOVA, C.A;11001280;50001002;CHICCO BS CREMA PROTECTORA (16x80G);              1,000;CS;18.02.2026;20.02.2026 - 22:04:03;Ent. Nac. Pharsana;Zona Oriente;ERIS R PEÑA;1002066198;10;         86,72;USD;100112;HIGIENE PERSONAL;Chicco;PH-Crema Protectoras;Cuidado Personal;02;101;GV Ger. Reg. Oriente
2000088255;10002659;AUTOMERCADOS NOVA, C.A;11001280;50000569;ACTIVA SEC PERDIDAS ABUNDANTES (12X10UN);              1,000;PAK;18.02.2026;20.02.2026 - 22:04:03;Ent. Nac. Pharsana;Zona Oriente;ERIS R PEÑA;1002066198;20;         18,72;USD;100112;INCONTINENCIA;Activa;PH-Toalla Incontinen;Absorbentes;02;101;GV Ger. Reg. Oriente
2000088256;10002659;AUTOMERCADOS NOVA, C.A;11001168;50000970;CHICCO BS COLONIA (10x220ML);              1,000;CS;18.02.2026;20.02.2026 - 22:04:03;Ent. Nac. Pharsana;Zona Oriente;ERIS R PEÑA;1002066201;10;         54,70;USD;100112;HIGIENE PERSONAL;Chicco;PH-Colonia;Cuidado Personal;02;101;GV Ger. Reg. Oriente
2000088256;10002659;AUTOMERCADOS NOVA, C.A;11001168;50000971;CHICCO BS ACEITE (10x220ML);              1,000;CS;18.02.2026;20.02.2026 - 22:04:03;Ent. Nac. Pharsana;Zona Oriente;ERIS R PEÑA;1002066201;20;         64,50;USD;100112;HIGIENE PERSONAL;Chicco;PH-Aceite;Cuidado Personal;02;101;GV Ger. Reg. Oriente
2000088256;10002659;AUTOMERCADOS NOVA, C.A;11001168;50001084;CHICCO BS TH ORIGINAL (48x24UN);              2,000;CS;18.02.2026;20.02.2026 - 22:04:03;Ent. Nac. Pharsana;Zona Oriente;ERIS R PEÑA;1002066201;30;        111,36;USD;100112;TOALLAS HUMEDAS;Chicco;PH-TH Travel Pack;Cuidado Personal;02;101;GV Ger. Reg. Oriente
2000088256;10002659;AUTOMERCADOS NOVA, C.A;11001168;50001011;CHICCO BS COLONIA (28x100ML);              1,000;CS;18.02.2026;20.02.2026 - 22:04:03;Ent. Nac. Pharsana;Zona Oriente;ERIS R PEÑA;1002066201;40;         84,00;USD;100112;HIGIENE PERSONAL;Chicco;PH-Colonia;Cuidado Personal;02;101;GV Ger. Reg. Oriente
2000088256;10002659;AUTOMERCADOS NOVA, C.A;11001168;50000632;SECUREZZA POST PARTO PREMIUM (12X10UN);              5,000;PAK;18.02.2026;20.02.2026 - 22:04:03;Ent. Nac. Pharsana;Zona Oriente;ERIS R PEÑA;1002066201;50;        151,20;USD;100112;INCONTINENCIA;Securezza;PH-Toalla Post-Parto;Absorbentes;02;101;GV Ger. Reg. Oriente
2000088256;10002659;AUTOMERCADOS NOVA, C.A;11001168;50001021;SECUREZZA POST PARTO (12X15UN);              2,000;PAK;18.02.2026;20.02.2026 - 22:04:03;Ent. Nac. Pharsana;Zona Oriente;ERIS R PEÑA;1002066201;60;         73,20;USD;100112;INCONTINENCIA;Securezza;PH-Toalla Post-Parto;Absorbentes;02;101;GV Ger. Reg. Oriente
2000088256;10002659;AUTOMERCADOS NOVA, C.A;11001168;50000981;SIEMPRE SECO PROTEC DE CAMA HB(4X20UN);              1,000;PAK;18.02.2026;20.02.2026 - 22:04:03;Ent. Nac. Pharsana;Zona Oriente;ERIS R PEÑA;1002066201;70;         47,28;USD;100112;INCONTINENCIA;Siempre Seco;PH-Protector de Cama;Absorbentes;02;101;GV Ger. Reg. Oriente
2000088257;10002659;AUTOMERCADOS NOVA, C.A;11001168;50000990;CHICCO PAÑAL DE NIÑO M REG (8X20UN);              1,000;PAK;18.02.2026;20.02.2026 - 22:04:03;Ent. Nac. Pharsana;Zona Oriente;ERIS R PEÑA;1002066203;10;         48,80;USD;100112;ABSORBENTES NIÑOS;Chicco;PH-Pañal Anatóm. T3;Absorbentes;02;101;GV Ger. Reg. Oriente
2000088257;10002659;AUTOMERCADOS NOVA, C.A;11001168;50000992;CHICCO PAÑAL DE NIÑO G REG (8X20UN);              3,000;PAK;18.02.2026;20.02.2026 - 22:04:03;Ent. Nac. Pharsana;Zona Oriente;ERIS R PEÑA;1002066203;20;        157,68;USD;100112;ABSORBENTES NIÑOS;Chicco;PH-Pañal Anatóm. T3;Absorbentes;02;101;GV Ger. Reg. Oriente
2000088257;10002659;AUTOMERCADOS NOVA, C.A;11001168;50000993;CHICCO PAÑAL DE NIÑO XG REG (8X20UN);              3,000;PAK;18.02.2026;20.02.2026 - 22:04:03;Ent. Nac. Pharsana;Zona Oriente;ERIS R PEÑA;1002066203;30;        162,48;USD;100112;ABSORBENTES NIÑOS;Chicco;PH-Pañal Anatóm. T3;Absorbentes;02;101;GV Ger. Reg. Oriente
2000088257;10002659;AUTOMERCADOS NOVA, C.A;11001168;50001139;CHICCO PAÑAL DE NIÑO XXG REG (8X20UN);              3,000;PAK;18.02.2026;20.02.2026 - 22:04:03;Ent. Nac. Pharsana;Zona Oriente;ERIS R PEÑA;1002066203;40;        162,48;USD;100112;ABSORBENTES NIÑOS;Chicco;PH-Pañal Anatóm. T3;Absorbentes;02;101;GV Ger. Reg. Oriente
2000088257;10002659;AUTOMERCADOS NOVA, C.A;11001168;50001079;AMY SEC TH 99% AGUA (48x24UN);              2,000;CS;18.02.2026;20.02.2026 - 22:04:03;Ent. Nac. Pharsana;Zona Oriente;ERIS R PEÑA;1002066203;50;         81,60;USD;100112;TOALLAS HUMEDAS;Amy;PH-TH Travel Pack;Cuidado Personal;02;101;GV Ger. Reg. Oriente
2000088257;10002659;AUTOMERCADOS NOVA, C.A;11001168;50001005;AMY SEC TH MANZANILLA P/BEBES (24x72UN);              2,000;CS;18.02.2026;20.02.2026 - 22:04:03;Ent. Nac. Pharsana;Zona Oriente;ERIS R PEÑA;1002066203;60;         92,16;USD;100112;TOALLAS HUMEDAS;Amy;PH-TH Flow Pack;Cuidado Personal;02;101;GV Ger. Reg. Oriente
2000088257;10002659;AUTOMERCADOS NOVA, C.A;11001168;50001130;FRIENDS PD REGULAR S/P (24X20UN);              1,000;PAK;18.02.2026;20.02.2026 - 22:04:03;Ent. Nac. Pharsana;Zona Oriente;ERIS R PEÑA;1002066203;70;         33,60;USD;100112;ABSORBENTES FEMENINA;Friends;PH-Protector Diario;Absorbentes;02;101;GV Ger. Reg. Oriente
2000088257;10002659;AUTOMERCADOS NOVA, C.A;11001168;50001133;FRIENDS PD MANZANILLA (24X20UN);              2,000;PAK;18.02.2026;20.02.2026 - 22:04:03;Ent. Nac. Pharsana;Zona Oriente;ERIS R PEÑA;1002066203;80;         67,20;USD;100112;ABSORBENTES FEMENINA;Friends;PH-Protector Diario;Absorbentes;02;101;GV Ger. Reg. Oriente
2000088258;10002659;AUTOMERCADOS NOVA, C.A;11001168;50000569;ACTIVA SEC PERDIDAS ABUNDANTES (12X10UN);              1,000;PAK;18.02.2026;20.02.2026 - 22:04:03;Ent. Nac. Pharsana;Zona Oriente;ERIS R PEÑA;1002066204;10;         18,72;USD;100112;INCONTINENCIA;Activa;PH-Toalla Incontinen;Absorbentes;02;101;GV Ger. Reg. Oriente
2000088258;10002659;AUTOMERCADOS NOVA, C.A;11001168;50001055;LADY FACE TH DESMAQUILLANTE (24x24UN);              1,000;CS;18.02.2026;20.02.2026 - 22:04:03;Ent. Nac. Pharsana;Zona Oriente;ERIS R PEÑA;1002066204;20;         30,24;USD;100112;TOALLAS HUMEDAS;Lady Face;PH-TH Travel Pack;Cuidado Personal;02;101;GV Ger. Reg. Oriente
2000088259;10002659;AUTOMERCADOS NOVA, C.A;11001168;50001072;AMY SEC TH 99% AGUA (20x48UN);              2,000;CS;18.02.2026;20.02.2026 - 22:04:03;Ent. Nac. Pharsana;Zona Oriente;ERIS R PEÑA;1002066206;10;         51,60;USD;100112;TOALLAS HUMEDAS;Amy;PH-TH Flow Pack;Cuidado Personal;02;101;GV Ger. Reg. Oriente
2000088260;10002659;AUTOMERCADOS NOVA, C.A;11001280;50000517;AMY MOTAS DE ALGODON (12x50UN);              1,000;CS;18.02.2026;20.02.2026 - 22:04:03;Ent. Nac. Pharsana;Zona Oriente;ERIS R PEÑA;1002066208;10;         29,40;USD;100112;ALGODONES PT;Amy;PH-Motas De Algodón;Cuidado Personal;02;101;GV Ger. Reg. Oriente
2000088260;10002659;AUTOMERCADOS NOVA, C.A;11001280;50001072;AMY SEC TH 99% AGUA (20x48UN);              2,000;CS;18.02.2026;20.02.2026 - 22:04:03;Ent. Nac. Pharsana;Zona Oriente;ERIS R PEÑA;1002066208;20;         51,60;USD;100112;TOALLAS HUMEDAS;Amy;PH-TH Flow Pack;Cuidado Personal;02;101;GV Ger. Reg. Oriente
2000088264;10003018;PARAPARAL MARKET, C.A;10003018;50001021;SECUREZZA POST PARTO (12X15UN);              1,000;PAK;18.02.2026;20.02.2026 - 22:04:03;Ent. Nac. Pharsana;Zona Centro;MERY S. MOSES;1002066239;10;         36,60;USD;100082;INCONTINENCIA;Securezza;PH-Toalla Post-Parto;Absorbentes;02;10C;GV Ger. Reg. Ce.LLan
2000088265;10003007;GRAN CHINA, C.A;10003007;50001011;CHICCO BS COLONIA (28x100ML);              5,000;CS;18.02.2026;20.02.2026 - 22:04:03;Ent. Nac. Pharsana;Zona Oriente;VICTOR A. MONTES;1002066240;10;        403,20;USD;100136;HIGIENE PERSONAL;Chicco;PH-Colonia;Cuidado Personal;02;101;GV Ger. Reg. Oriente
2000088265;10003007;GRAN CHINA, C.A;10003007;50000970;CHICCO BS COLONIA (10x220ML);              5,000;CS;18.02.2026;20.02.2026 - 22:04:03;Ent. Nac. Pharsana;Zona Oriente;VICTOR A. MONTES;1002066240;20;        263,00;USD;100136;HIGIENE PERSONAL;Chicco;PH-Colonia;Cuidado Personal;02;101;GV Ger. Reg. Oriente
2000088267;10003747;SUPERMERCADO LA PARED , C.A;10003747;50000626;SECUREZZA CLASSIC M REG (6x6UN);              1,000;PAK;18.02.2026;20.02.2026 - 22:04:03;Ent. Nac. Pharsana;Zona Oriente;VICTOR A. MONTES;1002066242;10;         42,96;USD;100136;INCONTINENCIA;Securezza;PH-Protector Incont.;Absorbentes;02;101;GV Ger. Reg. Oriente
2000088267;10003747;SUPERMERCADO LA PARED , C.A;10003747;50000627;SECUREZZA CLASSIC L REG (6x6UN);              1,000;PAK;18.02.2026;20.02.2026 - 22:04:03;Ent. Nac. Pharsana;Zona Oriente;VICTOR A. MONTES;1002066242;20;         50,70;USD;100136;INCONTINENCIA;Securezza;PH-Protector Incont.;Absorbentes;02;101;GV Ger. Reg. Oriente
2000088267;10003747;SUPERMERCADO LA PARED , C.A;10003747;50000921;SECUREZZA COMFORT M REG (6x6UN);              1,000;PAK;18.02.2026;20.02.2026 - 22:04:03;Ent. Nac. Pharsana;Zona Oriente;VICTOR A. MONTES;1002066242;30;         46,32;USD;100136;INCONTINENCIA;Securezza;PH-Protector Incont.;Absorbentes;02;101;GV Ger. Reg. Oriente
2000088267;10003747;SUPERMERCADO LA PARED , C.A;10003747;50000922;SECUREZZA COMFORT L REG (6x6UN);              1,000;PAK;18.02.2026;20.02.2026 - 22:04:03;Ent. Nac. Pharsana;Zona Oriente;VICTOR A. MONTES;1002066242;40;         54,60;USD;100136;INCONTINENCIA;Securezza;PH-Protector Incont.;Absorbentes;02;101;GV Ger. Reg. Oriente
2000088269;10003149;G.T. VIDEO 2.000 C.A.;10003149;50001045;CHICCO BS TALCO (24x100G);              1,000;CS;18.02.2026;20.02.2026 - 22:04:03;Ent. Nac. Pharsana;Zona Centro;MERY S. MOSES;1002066244;10;         80,88;USD;100082;HIGIENE PERSONAL;Chicco;PH-Talco;Cuidado Personal;02;10C;GV Ger. Reg. Ce.LLan
2000088269;10003149;G.T. VIDEO 2.000 C.A.;10003149;50001011;CHICCO BS COLONIA (28x100ML);              1,000;CS;18.02.2026;20.02.2026 - 22:04:03;Ent. Nac. Pharsana;Zona Centro;MERY S. MOSES;1002066244;20;         84,00;USD;100082;HIGIENE PERSONAL;Chicco;PH-Colonia;Cuidado Personal;02;10C;GV Ger. Reg. Ce.LLan
2000088269;10003149;G.T. VIDEO 2.000 C.A.;10003149;50000963;CHICCO BS CHAMPU CABELLONORMAL(10x200ML);              1,000;CS;18.02.2026;20.02.2026 - 22:04:03;Ent. Nac. Pharsana;Zona Centro;MERY S. MOSES;1002066244;30;         44,00;USD;100082;HIGIENE PERSONAL;Chicco;PH-Champú;Cuidado Personal;02;10C;GV Ger. Reg. Ce.LLan
2000088270;10003149;G.T. VIDEO 2.000 C.A.;10003149;50001123;FRIENDS JABON INTIMO (12x240ML);              1,000;CS;18.02.2026;20.02.2026 - 22:04:03;Ent. Nac. Pharsana;Zona Centro;MERY S. MOSES;1002066245;10;         62,52;USD;100082;HIGIENE PERSONAL;Friends;PH-Jabón Líquido;Cuidado Personal;02;10C;GV Ger. Reg. Ce.LLan
2000088270;10003149;G.T. VIDEO 2.000 C.A.;10003149;50001057;FRIENDS TH INTIMA (24x24UN);              1,000;CS;18.02.2026;20.02.2026 - 22:04:03;Ent. Nac. Pharsana;Zona Centro;MERY S. MOSES;1002066245;20;         31,20;USD;100082;TOALLAS HUMEDAS;Friends;PH-TH Travel Pack;Cuidado Personal;02;10C;GV Ger. Reg. Ce.LLan
2000088270;10003149;G.T. VIDEO 2.000 C.A.;10003149;50000990;CHICCO PAÑAL DE NIÑO M REG (8X20UN);              1,000;PAK;18.02.2026;20.02.2026 - 22:04:03;Ent. Nac. Pharsana;Zona Centro;MERY S. MOSES;1002066245;30;         48,80;USD;100082;ABSORBENTES NIÑOS;Chicco;PH-Pañal Anatóm. T3;Absorbentes;02;10C;GV Ger. Reg. Ce.LLan
2000088270;10003149;G.T. VIDEO 2.000 C.A.;10003149;50000992;CHICCO PAÑAL DE NIÑO G REG (8X20UN);              1,000;PAK;18.02.2026;20.02.2026 - 22:04:03;Ent. Nac. Pharsana;Zona Centro;MERY S. MOSES;1002066245;40;         52,56;USD;100082;ABSORBENTES NIÑOS;Chicco;PH-Pañal Anatóm. T3;Absorbentes;02;10C;GV Ger. Reg. Ce.LLan
2000088270;10003149;G.T. VIDEO 2.000 C.A.;10003149;50000993;CHICCO PAÑAL DE NIÑO XG REG (8X20UN);              1,000;PAK;18.02.2026;20.02.2026 - 22:04:03;Ent. Nac. Pharsana;Zona Centro;MERY S. MOSES;1002066245;50;         54,16;USD;100082;ABSORBENTES NIÑOS;Chicco;PH-Pañal Anatóm. T3;Absorbentes;02;10C;GV Ger. Reg. Ce.LLan
2000088270;10003149;G.T. VIDEO 2.000 C.A.;10003149;50001139;CHICCO PAÑAL DE NIÑO XXG REG (8X20UN);              1,000;PAK;18.02.2026;20.02.2026 - 22:04:03;Ent. Nac. Pharsana;Zona Centro;MERY S. MOSES;1002066245;60;         54,16;USD;100082;ABSORBENTES NIÑOS;Chicco;PH-Pañal Anatóm. T3;Absorbentes;02;10C;GV Ger. Reg. Ce.LLan
2000088270;10003149;G.T. VIDEO 2.000 C.A.;10003149;50000626;SECUREZZA CLASSIC M REG (6x6UN);              1,000;PAK;18.02.2026;20.02.2026 - 22:04:03;Ent. Nac. Pharsana;Zona Centro;MERY S. MOSES;1002066245;70;         42,96;USD;100082;INCONTINENCIA;Securezza;PH-Protector Incont.;Absorbentes;02;10C;GV Ger. Reg. Ce.LLan
2000088270;10003149;G.T. VIDEO 2.000 C.A.;10003149;50000627;SECUREZZA CLASSIC L REG (6x6UN);              1,000;PAK;18.02.2026;20.02.2026 - 22:04:03;Ent. Nac. Pharsana;Zona Centro;MERY S. MOSES;1002066245;80;         50,70;USD;100082;INCONTINENCIA;Securezza;PH-Protector Incont.;Absorbentes;02;10C;GV Ger. Reg. Ce.LLan
2000088280;10000079;DROGUERIA NENA, C.A.;11000090;50000569;ACTIVA SEC PERDIDAS ABUNDANTES (12X10UN);              3,000;PAK;18.02.2026;20.02.2026 - 22:04:03;Ent. Nac. Pharsana;Zona Centro Occid.;SAMANTHA G. GARCIA;1002066255;10;         49,68;USD;100017;INCONTINENCIA;Activa;PH-Toalla Incontinen;Absorbentes;02;104;GV Ger. Reg. CClave
2000088280;10000079;DROGUERIA NENA, C.A.;11000090;50000899;AMY ACEITE PARA BEBES (10x220ML);              1,000;CS;18.02.2026;20.02.2026 - 22:04:03;Ent. Nac. Pharsana;Zona Centro Occid.;SAMANTHA G. GARCIA;1002066255;20;         46,00;USD;100017;HIGIENE PERSONAL;Amy;PH-Aceite;Cuidado Personal;02;104;GV Ger. Reg. CClave
2000088280;10000079;DROGUERIA NENA, C.A.;11000090;50000532;AMY CHAMPU PARA BEBES (10x200ML);              2,000;CS;18.02.2026;20.02.2026 - 22:04:03;Ent. Nac. Pharsana;Zona Centro Occid.;SAMANTHA G. GARCIA;1002066255;30;         56,20;USD;100017;HIGIENE PERSONAL;Amy;PH-Champú;Cuidado Personal;02;104;GV Ger. Reg. CClave
2000088280;10000079;DROGUERIA NENA, C.A.;11000090;50000902;AMY COLONIA PARA BEBES (10x220ML);              6,000;CS;18.02.2026;20.02.2026 - 22:04:03;Ent. Nac. Pharsana;Zona Centro Occid.;SAMANTHA G. GARCIA;1002066255;40;        229,20;USD;100017;HIGIENE PERSONAL;Amy;PH-Colonia;Cuidado Personal;02;104;GV Ger. Reg. CClave
2000088280;10000079;DROGUERIA NENA, C.A.;11000090;50000443;AMY HISOPOS (48x60UN);              6,000;CS;18.02.2026;20.02.2026 - 22:04:03;Ent. Nac. Pharsana;Zona Centro Occid.;SAMANTHA G. GARCIA;1002066255;50;        308,16;USD;100017;ALGODONES PT;Amy;PH-Hisopos;Cuidado Personal;02;104;GV Ger. Reg. CClave
2000088280;10000079;DROGUERIA NENA, C.A.;11000090;50000517;AMY MOTAS DE ALGODON (12x50UN);              2,000;CS;18.02.2026;20.02.2026 - 22:04:03;Ent. Nac. Pharsana;Zona Centro Occid.;SAMANTHA G. GARCIA;1002066255;60;         52,08;USD;100017;ALGODONES PT;Amy;PH-Motas De Algodón;Cuidado Personal;02;104;GV Ger. Reg. CClave
2000088280;10000079;DROGUERIA NENA, C.A.;11000090;50001072;AMY SEC TH 99% AGUA (20x48UN);             15,000;CS;18.02.2026;20.02.2026 - 22:04:03;Ent. Nac. Pharsana;Zona Centro Occid.;SAMANTHA G. GARCIA;1002066255;80;        342,00;USD;100017;TOALLAS HUMEDAS;Amy;PH-TH Flow Pack;Cuidado Personal;02;104;GV Ger. Reg. CClave
2000088280;10000079;DROGUERIA NENA, C.A.;11000090;50001005;AMY SEC TH MANZANILLA P/BEBES (24x72UN);             15,000;CS;18.02.2026;20.02.2026 - 22:04:03;Ent. Nac. Pharsana;Zona Centro Occid.;SAMANTHA G. GARCIA;1002066255;90;        612,00;USD;100017;TOALLAS HUMEDAS;Amy;PH-TH Flow Pack;Cuidado Personal;02;104;GV Ger. Reg. CClave
2000088280;10000079;DROGUERIA NENA, C.A.;11000090;50001012;CHICCO BS ACEITE (28x100ML);              1,000;CS;18.02.2026;20.02.2026 - 22:04:03;Ent. Nac. Pharsana;Zona Centro Occid.;SAMANTHA G. GARCIA;1002066255;100;         92,68;USD;100017;HIGIENE PERSONAL;Chicco;PH-Aceite;Cuidado Personal;02;104;GV Ger. Reg. CClave
2000088280;10000079;DROGUERIA NENA, C.A.;11000090;50000971;CHICCO BS ACEITE (10x220ML);              3,000;CS;18.02.2026;20.02.2026 - 22:04:03;Ent. Nac. Pharsana;Zona Centro Occid.;SAMANTHA G. GARCIA;1002066255;110;        171,60;USD;100017;HIGIENE PERSONAL;Chicco;PH-Aceite;Cuidado Personal;02;104;GV Ger. Reg. CClave
2000088280;10000079;DROGUERIA NENA, C.A.;11000090;50000963;CHICCO BS CHAMPU CABELLONORMAL(10x200ML);              2,000;CS;18.02.2026;20.02.2026 - 22:04:03;Ent. Nac. Pharsana;Zona Centro Occid.;SAMANTHA G. GARCIA;1002066255;120;         78,00;USD;100017;HIGIENE PERSONAL;Chicco;PH-Champú;Cuidado Personal;02;104;GV Ger. Reg. CClave
2000088280;10000079;DROGUERIA NENA, C.A.;11000090;50001011;CHICCO BS COLONIA (28x100ML);              2,000;CS;18.02.2026;20.02.2026 - 22:04:03;Ent. Nac. Pharsana;Zona Centro Occid.;SAMANTHA G. GARCIA;1002066255;130;        148,96;USD;100017;HIGIENE PERSONAL;Chicco;PH-Colonia;Cuidado Personal;02;104;GV Ger. Reg. CClave
2000088280;10000079;DROGUERIA NENA, C.A.;11000090;50000970;CHICCO BS COLONIA (10x220ML);             10,000;CS;18.02.2026;20.02.2026 - 22:04:03;Ent. Nac. Pharsana;Zona Centro Occid.;SAMANTHA G. GARCIA;1002066255;140;        485,00;USD;100017;HIGIENE PERSONAL;Chicco;PH-Colonia;Cuidado Personal;02;104;GV Ger. Reg. CClave
2000088280;10000079;DROGUERIA NENA, C.A.;11000090;50001023;CHICCO BS COTONCITO (32x100UN);              2,000;CS;18.02.2026;20.02.2026 - 22:04:03;Ent. Nac. Pharsana;Zona Centro Occid.;SAMANTHA G. GARCIA;1002066255;150;         85,76;USD;100017;ALGODONES PT;Chicco;PH-Hisopos;Cuidado Personal;02;104;GV Ger. Reg. CClave
2000088280;10000079;DROGUERIA NENA, C.A.;11000090;50001024;CHICCO BS COTONCITO (48x60UN);              1,000;CS;18.02.2026;20.02.2026 - 22:04:03;Ent. Nac. Pharsana;Zona Centro Occid.;SAMANTHA G. GARCIA;1002066255;160;         56,64;USD;100017;ALGODONES PT;Chicco;PH-Hisopos;Cuidado Personal;02;104;GV Ger. Reg. CClave
2000088280;10000079;DROGUERIA NENA, C.A.;11000090;50001124;CHICCO BS JABON LIQUIDO(10x400ML);              1,000;CS;18.02.2026;20.02.2026 - 22:04:03;Ent. Nac. Pharsana;Zona Centro Occid.;SAMANTHA G. GARCIA;1002066255;170;         79,10;USD;100017;HIGIENE PERSONAL;Chicco;PH-Jabón Líquido;Cuidado Personal;02;104;GV Ger. Reg. CClave
2000088280;10000079;DROGUERIA NENA, C.A.;11000090;50000990;CHICCO PAÑAL DE NIÑO M REG (8X20UN);              5,000;PAK;18.02.2026;20.02.2026 - 22:04:03;Ent. Nac. Pharsana;Zona Centro Occid.;SAMANTHA G. GARCIA;1002066255;180;        216,40;USD;100017;ABSORBENTES NIÑOS;Chicco;PH-Pañal Anatóm. T3;Absorbentes;02;104;GV Ger. Reg. CClave
2000088280;10000079;DROGUERIA NENA, C.A.;11000090;50001084;CHICCO BS TH ORIGINAL (48x24UN);              3,000;CS;18.02.2026;20.02.2026 - 22:04:03;Ent. Nac. Pharsana;Zona Centro Occid.;SAMANTHA G. GARCIA;1002066255;190;        148,32;USD;100017;TOALLAS HUMEDAS;Chicco;PH-TH Travel Pack;Cuidado Personal;02;104;GV Ger. Reg. CClave
2000088280;10000079;DROGUERIA NENA, C.A.;11000090;50000975;CHICCO BS TH ORIGINAL (20x48UN);              5,000;CS;18.02.2026;20.02.2026 - 22:04:03;Ent. Nac. Pharsana;Zona Centro Occid.;SAMANTHA G. GARCIA;1002066255;200;        176,00;USD;100017;TOALLAS HUMEDAS;Chicco;PH-TH Flow Pack;Cuidado Personal;02;104;GV Ger. Reg. CClave
2000088280;10000079;DROGUERIA NENA, C.A.;11000090;50000974;CHICCO BS TH ORIGINAL (24x72UN);              5,000;CS;18.02.2026;20.02.2026 - 22:04:03;Ent. Nac. Pharsana;Zona Centro Occid.;SAMANTHA G. GARCIA;1002066255;210;        302,40;USD;100017;TOALLAS HUMEDAS;Chicco;PH-TH Flow Pack;Cuidado Personal;02;104;GV Ger. Reg. CClave
2000088280;10000079;DROGUERIA NENA, C.A.;11000090;50000956;SECUREZZA BC TH CORPORALES (12x54UN);              1,000;CS;18.02.2026;20.02.2026 - 22:04:03;Ent. Nac. Pharsana;Zona Centro Occid.;SAMANTHA G. GARCIA;1002066255;230;         31,08;USD;100017;TOALLAS HUMEDAS;Securezza;PH-TH Flow Pack;Cuidado Personal;02;104;GV Ger. Reg. CClave
2000088280;10000079;DROGUERIA NENA, C.A.;11000090;50001048;SECUREZZA CLASSIC L (4X20UN) PROMOPACK;              5,000;PAK;18.02.2026;20.02.2026 - 22:04:03;Ent. Nac. Pharsana;Zona Centro Occid.;SAMANTHA G. GARCIA;1002066255;240;        399,20;USD;100017;INCONTINENCIA;Securezza;PH-Protector Incont.;Absorbentes;02;104;GV Ger. Reg. CClave
2000088280;10000079;DROGUERIA NENA, C.A.;11000090;50000627;SECUREZZA CLASSIC L REG (6x6UN);             40,000;PAK;18.02.2026;20.02.2026 - 22:04:03;Ent. Nac. Pharsana;Zona Centro Occid.;SAMANTHA G. GARCIA;1002066255;250;      1.797,60;USD;100017;INCONTINENCIA;Securezza;PH-Protector Incont.;Absorbentes;02;104;GV Ger. Reg. CClave
2000088280;10000079;DROGUERIA NENA, C.A.;11000090;50001047;SECUREZZA CLASSIC M (4X20UN) PROMOPACK;              8,000;PAK;18.02.2026;20.02.2026 - 22:04:03;Ent. Nac. Pharsana;Zona Centro Occid.;SAMANTHA G. GARCIA;1002066255;260;        541,12;USD;100017;INCONTINENCIA;Securezza;PH-Protector Incont.;Absorbentes;02;104;GV Ger. Reg. CClave
2000088280;10000079;DROGUERIA NENA, C.A.;11000090;50000626;SECUREZZA CLASSIC M REG (6x6UN);             40,000;PAK;18.02.2026;20.02.2026 - 22:04:03;Ent. Nac. Pharsana;Zona Centro Occid.;SAMANTHA G. GARCIA;1002066255;270;      1.524,00;USD;100017;INCONTINENCIA;Securezza;PH-Protector Incont.;Absorbentes;02;104;GV Ger. Reg. CClave
2000088280;10000079;DROGUERIA NENA, C.A.;11000090;50001050;SECUREZZA COMFORT L (4X20UN) PROMOPACK;              6,000;PAK;18.02.2026;20.02.2026 - 22:04:03;Ent. Nac. Pharsana;Zona Centro Occid.;SAMANTHA G. GARCIA;1002066255;280;        516,48;USD;100017;INCONTINENCIA;Securezza;PH-Protector Incont.;Absorbentes;02;104;GV Ger. Reg. CClave
2000088280;10000079;DROGUERIA NENA, C.A.;11000090;50000951;SECUREZZA BC LOCION HIDRATAN (12x350ML);              2,000;CS;18.02.2026;20.02.2026 - 22:04:03;Ent. Nac. Pharsana;Zona Centro Occid.;SAMANTHA G. GARCIA;1002066255;290;        176,64;USD;100017;HIGIENE PERSONAL;Securezza;PH-Loción;Cuidado Personal;02;104;GV Ger. Reg. CClave
2000088280;10000079;DROGUERIA NENA, C.A.;11000090;50000921;SECUREZZA COMFORT M REG (6x6UN);             50,000;PAK;18.02.2026;20.02.2026 - 22:04:03;Ent. Nac. Pharsana;Zona Centro Occid.;SAMANTHA G. GARCIA;1002066255;310;      2.055,00;USD;100017;INCONTINENCIA;Securezza;PH-Protector Incont.;Absorbentes;02;104;GV Ger. Reg. CClave
2000088280;10000079;DROGUERIA NENA, C.A.;11000090;50000632;SECUREZZA POST PARTO PREMIUM (12X10UN);             20,000;PAK;18.02.2026;20.02.2026 - 22:04:03;Ent. Nac. Pharsana;Zona Centro Occid.;SAMANTHA G. GARCIA;1002066255;320;        537,60;USD;100017;INCONTINENCIA;Securezza;PH-Toalla Post-Parto;Absorbentes;02;104;GV Ger. Reg. CClave
2000088280;10000079;DROGUERIA NENA, C.A.;11000090;50000640;SIEMPRE SECO BASICO G (6X6UN);             80,000;PAK;18.02.2026;20.02.2026 - 22:04:03;Ent. Nac. Pharsana;Zona Centro Occid.;SAMANTHA G. GARCIA;1002066255;340;      2.668,80;USD;100017;INCONTINENCIA;Siempre Seco;PH-Protector Incont.;Absorbentes;02;104;GV Ger. Reg. CClave
2000088280;10000079;DROGUERIA NENA, C.A.;11000090;50000639;SIEMPRE SECO BASICO M (6X6UN);             80,000;PAK;18.02.2026;20.02.2026 - 22:04:03;Ent. Nac. Pharsana;Zona Centro Occid.;SAMANTHA G. GARCIA;1002066255;350;      2.414,40;USD;100017;INCONTINENCIA;Siempre Seco;PH-Protector Incont.;Absorbentes;02;104;GV Ger. Reg. CClave
2000088280;10000079;DROGUERIA NENA, C.A.;11000090;50001079;AMY SEC TH 99% AGUA (48x24UN);              8,000;CS;18.02.2026;20.02.2026 - 22:04:03;Ent. Nac. Pharsana;Zona Centro Occid.;SAMANTHA G. GARCIA;1002066255;70;        288,00;USD;100017;TOALLAS HUMEDAS;Amy;PH-TH Travel Pack;Cuidado Personal;02;104;GV Ger. Reg. CClave
2000088280;10000079;DROGUERIA NENA, C.A.;11000090;50001079;AMY SEC TH 99% AGUA (48x24UN);              7,000;CS;18.02.2026;20.02.2026 - 22:04:03;Ent. Nac. Pharsana;Zona Centro Occid.;SAMANTHA G. GARCIA;1002066255;70;        252,00;USD;100017;TOALLAS HUMEDAS;Amy;PH-TH Travel Pack;Cuidado Personal;02;104;GV Ger. Reg. CClave
2000088280;10000079;DROGUERIA NENA, C.A.;11000090;50001045;CHICCO BS TALCO (24x100G);              1,000;CS;18.02.2026;20.02.2026 - 22:04:03;Ent. Nac. Pharsana;Zona Centro Occid.;SAMANTHA G. GARCIA;1002066255;220;         71,76;USD;100017;HIGIENE PERSONAL;Chicco;PH-Talco;Cuidado Personal;02;104;GV Ger. Reg. CClave
2000088280;10000079;DROGUERIA NENA, C.A.;11000090;50001045;CHICCO BS TALCO (24x100G);              1,000;CS;18.02.2026;20.02.2026 - 22:04:03;Ent. Nac. Pharsana;Zona Centro Occid.;SAMANTHA G. GARCIA;1002066255;220;         71,76;USD;100017;HIGIENE PERSONAL;Chicco;PH-Talco;Cuidado Personal;02;104;GV Ger. Reg. CClave
2000088280;10000079;DROGUERIA NENA, C.A.;11000090;50000922;SECUREZZA COMFORT L REG (6x6UN);             43,000;PAK;18.02.2026;20.02.2026 - 22:04:03;Ent. Nac. Pharsana;Zona Centro Occid.;SAMANTHA G. GARCIA;1002066255;300;      2.082,06;USD;100017;INCONTINENCIA;Securezza;PH-Protector Incont.;Absorbentes;02;104;GV Ger. Reg. CClave
2000088280;10000079;DROGUERIA NENA, C.A.;11000090;50000922;SECUREZZA COMFORT L REG (6x6UN);              7,000;PAK;18.02.2026;20.02.2026 - 22:04:03;Ent. Nac. Pharsana;Zona Centro Occid.;SAMANTHA G. GARCIA;1002066255;300;        338,94;USD;100017;INCONTINENCIA;Securezza;PH-Protector Incont.;Absorbentes;02;104;GV Ger. Reg. CClave
2000088280;10000079;DROGUERIA NENA, C.A.;11000090;50000957;SECUREZZA PROTECTOR DE CAMA (6X10UN);              2,000;PAK;18.02.2026;20.02.2026 - 22:04:03;Ent. Nac. Pharsana;Zona Centro Occid.;SAMANTHA G. GARCIA;1002066255;330;         88,92;USD;100017;INCONTINENCIA;Securezza;PH-Protector de Cama;Absorbentes;02;104;GV Ger. Reg. CClave
2000088280;10000079;DROGUERIA NENA, C.A.;11000090;50000957;SECUREZZA PROTECTOR DE CAMA (6X10UN);             18,000;PAK;18.02.2026;20.02.2026 - 22:04:03;Ent. Nac. Pharsana;Zona Centro Occid.;SAMANTHA G. GARCIA;1002066255;330;        800,28;USD;100017;INCONTINENCIA;Securezza;PH-Protector de Cama;Absorbentes;02;104;GV Ger. Reg. CClave
2000088286;10000079;DROGUERIA NENA, C.A.;11000245;50000884;ACTIVA PD PERD. OCASIONALES (12X40UN);              1,000;PAK;18.02.2026;20.02.2026 - 22:04:03;Ent. Nac. Pharsana;Zona Centro Occid.;SAMANTHA G. GARCIA;1002066261;10;         34,20;USD;100017;ABSORBENTES FEMENINA;Activa;PH-Protector Diario;Absorbentes;02;104;GV Ger. Reg. CClave
2000088286;10000079;DROGUERIA NENA, C.A.;11000245;50000569;ACTIVA SEC PERDIDAS ABUNDANTES (12X10UN);              5,000;PAK;18.02.2026;20.02.2026 - 22:04:03;Ent. Nac. Pharsana;Zona Centro Occid.;SAMANTHA G. GARCIA;1002066261;20;         82,80;USD;100017;INCONTINENCIA;Activa;PH-Toalla Incontinen;Absorbentes;02;104;GV Ger. Reg. CClave
2000088286;10000079;DROGUERIA NENA, C.A.;11000245;50000532;AMY CHAMPU PARA BEBES (10x200ML);              1,000;CS;18.02.2026;20.02.2026 - 22:04:03;Ent. Nac. Pharsana;Zona Centro Occid.;SAMANTHA G. GARCIA;1002066261;30;         28,10;USD;100017;HIGIENE PERSONAL;Amy;PH-Champú;Cuidado Personal;02;104;GV Ger. Reg. CClave
2000088286;10000079;DROGUERIA NENA, C.A.;11000245;50000443;AMY HISOPOS (48x60UN);              2,000;CS;18.02.2026;20.02.2026 - 22:04:03;Ent. Nac. Pharsana;Zona Centro Occid.;SAMANTHA G. GARCIA;1002066261;40;        102,72;USD;100017;ALGODONES PT;Amy;PH-Hisopos;Cuidado Personal;02;104;GV Ger. Reg. CClave
2000088286;10000079;DROGUERIA NENA, C.A.;11000245;50001079;AMY SEC TH 99% AGUA (48x24UN);              2,000;CS;18.02.2026;20.02.2026 - 22:04:03;Ent. Nac. Pharsana;Zona Centro Occid.;SAMANTHA G. GARCIA;1002066261;50;         72,00;USD;100017;TOALLAS HUMEDAS;Amy;PH-TH Travel Pack;Cuidado Personal;02;104;GV Ger. Reg. CClave
2000088286;10000079;DROGUERIA NENA, C.A.;11000245;50001072;AMY SEC TH 99% AGUA (20x48UN);             18,000;CS;18.02.2026;20.02.2026 - 22:04:03;Ent. Nac. Pharsana;Zona Centro Occid.;SAMANTHA G. GARCIA;1002066261;60;        410,40;USD;100017;TOALLAS HUMEDAS;Amy;PH-TH Flow Pack;Cuidado Personal;02;104;GV Ger. Reg. CClave
2000088286;10000079;DROGUERIA NENA, C.A.;11000245;50000106;AMY TALCO PARA BEBES (24x200G);              1,000;CS;18.02.2026;20.02.2026 - 22:04:03;Ent. Nac. Pharsana;Zona Centro Occid.;SAMANTHA G. GARCIA;1002066261;80;        120,48;USD;100017;HIGIENE PERSONAL;Amy;PH-Talco;Cuidado Personal;02;104;GV Ger. Reg. CClave
2000088286;10000079;DROGUERIA NENA, C.A.;11000245;50001046;CHICCO BS ACEITE CREMOSO (28x100ML);              1,000;CS;18.02.2026;20.02.2026 - 22:04:03;Ent. Nac. Pharsana;Zona Centro Occid.;SAMANTHA G. GARCIA;1002066261;90;         53,48;USD;100017;HIGIENE PERSONAL;Chicco;PH-Aceite;Cuidado Personal;02;104;GV Ger. Reg. CClave
2000088286;10000079;DROGUERIA NENA, C.A.;11000245;50001012;CHICCO BS ACEITE (28x100ML);              1,000;CS;18.02.2026;20.02.2026 - 22:04:03;Ent. Nac. Pharsana;Zona Centro Occid.;SAMANTHA G. GARCIA;1002066261;100;         92,68;USD;100017;HIGIENE PERSONAL;Chicco;PH-Aceite;Cuidado Personal;02;104;GV Ger. Reg. CClave
2000088286;10000079;DROGUERIA NENA, C.A.;11000245;50000986;CHICCO BS CHAMPU CABELLOOSCURO(10x200ML);              2,000;CS;18.02.2026;20.02.2026 - 22:04:03;Ent. Nac. Pharsana;Zona Centro Occid.;SAMANTHA G. GARCIA;1002066261;110;         78,00;USD;100017;HIGIENE PERSONAL;Chicco;PH-Champú;Cuidado Personal;02;104;GV Ger. Reg. CClave
2000088286;10000079;DROGUERIA NENA, C.A.;11000245;50000970;CHICCO BS COLONIA (10x220ML);             12,000;CS;18.02.2026;20.02.2026 - 22:04:03;Ent. Nac. Pharsana;Zona Centro Occid.;SAMANTHA G. GARCIA;1002066261;130;        582,00;USD;100017;HIGIENE PERSONAL;Chicco;PH-Colonia;Cuidado Personal;02;104;GV Ger. Reg. CClave
2000088286;10000079;DROGUERIA NENA, C.A.;11000245;50001019;CHICCO BS GEL ANTIBACTERIAL (28x100ML);              1,000;CS;18.02.2026;20.02.2026 - 22:04:03;Ent. Nac. Pharsana;Zona Centro Occid.;SAMANTHA G. GARCIA;1002066261;140;         57,12;USD;100017;HIGIENE PERSONAL;Chicco;PH-Gel Antibacterial;Cuidado Personal;02;104;GV Ger. Reg. CClave
2000088286;10000079;DROGUERIA NENA, C.A.;11000245;50001039;CHICCO BS JABON EN BARRA P/NIÑOS(30x90);              1,000;CS;18.02.2026;20.02.2026 - 22:04:03;Ent. Nac. Pharsana;Zona Centro Occid.;SAMANTHA G. GARCIA;1002066261;150;         58,20;USD;100017;HIGIENE PERSONAL;Chicco;PH-Jabon en barra;Cuidado Personal;02;104;GV Ger. Reg. CClave
2000088286;10000079;DROGUERIA NENA, C.A.;11000245;50001124;CHICCO BS JABON LIQUIDO(10x400ML);              1,000;CS;18.02.2026;20.02.2026 - 22:04:03;Ent. Nac. Pharsana;Zona Centro Occid.;SAMANTHA G. GARCIA;1002066261;160;         79,10;USD;100017;HIGIENE PERSONAL;Chicco;PH-Jabón Líquido;Cuidado Personal;02;104;GV Ger. Reg. CClave
2000088286;10000079;DROGUERIA NENA, C.A.;11000245;50001084;CHICCO BS TH ORIGINAL (48x24UN);              3,000;CS;18.02.2026;20.02.2026 - 22:04:03;Ent. Nac. Pharsana;Zona Centro Occid.;SAMANTHA G. GARCIA;1002066261;170;        148,32;USD;100017;TOALLAS HUMEDAS;Chicco;PH-TH Travel Pack;Cuidado Personal;02;104;GV Ger. Reg. CClave
2000088286;10000079;DROGUERIA NENA, C.A.;11000245;50001045;CHICCO BS TALCO (24x100G);              1,000;CS;18.02.2026;20.02.2026 - 22:04:03;Ent. Nac. Pharsana;Zona Centro Occid.;SAMANTHA G. GARCIA;1002066261;180;         71,76;USD;100017;HIGIENE PERSONAL;Chicco;PH-Talco;Cuidado Personal;02;104;GV Ger. Reg. CClave
2000088286;10000079;DROGUERIA NENA, C.A.;11000245;50000969;CHICCO BS TALCO (24x200G);              1,000;CS;18.02.2026;20.02.2026 - 22:04:03;Ent. Nac. Pharsana;Zona Centro Occid.;SAMANTHA G. GARCIA;1002066261;190;        127,20;USD;100017;HIGIENE PERSONAL;Chicco;PH-Talco;Cuidado Personal;02;104;GV Ger. Reg. CClave
2000088286;10000079;DROGUERIA NENA, C.A.;11000245;50001107;FRIENDS PD REGULAR S/P (12X60UN);              4,000;PAK;18.02.2026;20.02.2026 - 22:04:03;Ent. Nac. Pharsana;Zona Centro Occid.;SAMANTHA G. GARCIA;1002066261;200;        146,40;USD;100017;ABSORBENTES FEMENINA;Friends;PH-Protector Diario;Absorbentes;02;104;GV Ger. Reg. CClave
2000088286;10000079;DROGUERIA NENA, C.A.;11000245;50001057;FRIENDS TH INTIMA (24x24UN);              1,000;CS;18.02.2026;20.02.2026 - 22:04:03;Ent. Nac. Pharsana;Zona Centro Occid.;SAMANTHA G. GARCIA;1002066261;210;         27,60;USD;100017;TOALLAS HUMEDAS;Friends;PH-TH Travel Pack;Cuidado Personal;02;104;GV Ger. Reg. CClave
2000088286;10000079;DROGUERIA NENA, C.A.;11000245;50001137;LADY FACE DISCOS DE ALGODON (24x80UN);              2,000;CS;18.02.2026;20.02.2026 - 22:04:03;Ent. Nac. Pharsana;Zona Centro Occid.;SAMANTHA G. GARCIA;1002066261;220;        131,52;USD;100017;ALGODONES PT;Lady Face;PH-Cotton Round;Cuidado Personal;02;104;GV Ger. Reg. CClave
2000088286;10000079;DROGUERIA NENA, C.A.;11000245;50000956;SECUREZZA BC TH CORPORALES (12x54UN);              4,000;CS;18.02.2026;20.02.2026 - 22:04:03;Ent. Nac. Pharsana;Zona Centro Occid.;SAMANTHA G. GARCIA;1002066261;230;        124,32;USD;100017;TOALLAS HUMEDAS;Securezza;PH-TH Flow Pack;Cuidado Personal;02;104;GV Ger. Reg. CClave
2000088286;10000079;DROGUERIA NENA, C.A.;11000245;50000627;SECUREZZA CLASSIC L REG (6x6UN);             50,000;PAK;18.02.2026;20.02.2026 - 22:04:03;Ent. Nac. Pharsana;Zona Centro Occid.;SAMANTHA G. GARCIA;1002066261;240;      2.247,00;USD;100017;INCONTINENCIA;Securezza;PH-Protector Incont.;Absorbentes;02;104;GV Ger. Reg. CClave
2000088286;10000079;DROGUERIA NENA, C.A.;11000245;50001047;SECUREZZA CLASSIC M (4X20UN) PROMOPACK;              4,000;PAK;18.02.2026;20.02.2026 - 22:04:03;Ent. Nac. Pharsana;Zona Centro Occid.;SAMANTHA G. GARCIA;1002066261;250;        270,56;USD;100017;INCONTINENCIA;Securezza;PH-Protector Incont.;Absorbentes;02;104;GV Ger. Reg. CClave
2000088286;10000079;DROGUERIA NENA, C.A.;11000245;50001049;SECUREZZA COMFORT M (4X20UN) PROMOPACK;              3,000;PAK;18.02.2026;20.02.2026 - 22:04:03;Ent. Nac. Pharsana;Zona Centro Occid.;SAMANTHA G. GARCIA;1002066261;270;        219,12;USD;100017;INCONTINENCIA;Securezza;PH-Protector Incont.;Absorbentes;02;104;GV Ger. Reg. CClave
2000088286;10000079;DROGUERIA NENA, C.A.;11000245;50000951;SECUREZZA BC LOCION HIDRATAN (12x350ML);              1,000;CS;18.02.2026;20.02.2026 - 22:04:03;Ent. Nac. Pharsana;Zona Centro Occid.;SAMANTHA G. GARCIA;1002066261;280;         88,32;USD;100017;HIGIENE PERSONAL;Securezza;PH-Loción;Cuidado Personal;02;104;GV Ger. Reg. CClave
2000088286;10000079;DROGUERIA NENA, C.A.;11000245;50000922;SECUREZZA COMFORT L REG (6x6UN);             15,000;PAK;18.02.2026;20.02.2026 - 22:04:03;Ent. Nac. Pharsana;Zona Centro Occid.;SAMANTHA G. GARCIA;1002066261;290;        726,30;USD;100017;INCONTINENCIA;Securezza;PH-Protector Incont.;Absorbentes;02;104;GV Ger. Reg. CClave
2000088286;10000079;DROGUERIA NENA, C.A.;11000245;50000921;SECUREZZA COMFORT M REG (6x6UN);             20,000;PAK;18.02.2026;20.02.2026 - 22:04:03;Ent. Nac. Pharsana;Zona Centro Occid.;SAMANTHA G. GARCIA;1002066261;300;        822,00;USD;100017;INCONTINENCIA;Securezza;PH-Protector Incont.;Absorbentes;02;104;GV Ger. Reg. CClave
2000088286;10000079;DROGUERIA NENA, C.A.;11000245;50000632;SECUREZZA POST PARTO PREMIUM (12X10UN);             20,000;PAK;18.02.2026;20.02.2026 - 22:04:03;Ent. Nac. Pharsana;Zona Centro Occid.;SAMANTHA G. GARCIA;1002066261;310;        537,60;USD;100017;INCONTINENCIA;Securezza;PH-Toalla Post-Parto;Absorbentes;02;104;GV Ger. Reg. CClave
2000088286;10000079;DROGUERIA NENA, C.A.;11000245;50000957;SECUREZZA PROTECTOR DE CAMA (6X10UN);             10,000;PAK;18.02.2026;20.02.2026 - 22:04:03;Ent. Nac. Pharsana;Zona Centro Occid.;SAMANTHA G. GARCIA;1002066261;320;        444,60;USD;100017;INCONTINENCIA;Securezza;PH-Protector de Cama;Absorbentes;02;104;GV Ger. Reg. CClave
2000088286;10000079;DROGUERIA NENA, C.A.;11000245;50000639;SIEMPRE SECO BASICO M (6X6UN);             90,000;PAK;18.02.2026;20.02.2026 - 22:04:03;Ent. Nac. Pharsana;Zona Centro Occid.;SAMANTHA G. GARCIA;1002066261;340;      2.716,20;USD;100017;INCONTINENCIA;Siempre Seco;PH-Protector Incont.;Absorbentes;02;104;GV Ger. Reg. CClave
2000088286;10000079;DROGUERIA NENA, C.A.;11000245;50001005;AMY SEC TH MANZANILLA P/BEBES (24x72UN);              9,000;CS;18.02.2026;20.02.2026 - 22:04:03;Ent. Nac. Pharsana;Zona Centro Occid.;SAMANTHA G. GARCIA;1002066261;70;        367,20;USD;100017;TOALLAS HUMEDAS;Amy;PH-TH Flow Pack;Cuidado Personal;02;104;GV Ger. Reg. CClave
2000088286;10000079;DROGUERIA NENA, C.A.;11000245;50001005;AMY SEC TH MANZANILLA P/BEBES (24x72UN);              3,000;CS;18.02.2026;20.02.2026 - 22:04:03;Ent. Nac. Pharsana;Zona Centro Occid.;SAMANTHA G. GARCIA;1002066261;70;        122,40;USD;100017;TOALLAS HUMEDAS;Amy;PH-TH Flow Pack;Cuidado Personal;02;104;GV Ger. Reg. CClave
2000088286;10000079;DROGUERIA NENA, C.A.;11000245;50001011;CHICCO BS COLONIA (28x100ML);              2,000;CS;18.02.2026;20.02.2026 - 22:04:03;Ent. Nac. Pharsana;Zona Centro Occid.;SAMANTHA G. GARCIA;1002066261;120;        148,96;USD;100017;HIGIENE PERSONAL;Chicco;PH-Colonia;Cuidado Personal;02;104;GV Ger. Reg. CClave
2000088286;10000079;DROGUERIA NENA, C.A.;11000245;50001011;CHICCO BS COLONIA (28x100ML);              3,000;CS;18.02.2026;20.02.2026 - 22:04:03;Ent. Nac. Pharsana;Zona Centro Occid.;SAMANTHA G. GARCIA;1002066261;120;        223,44;USD;100017;HIGIENE PERSONAL;Chicco;PH-Colonia;Cuidado Personal;02;104;GV Ger. Reg. CClave
2000088286;10000079;DROGUERIA NENA, C.A.;11000245;50000626;SECUREZZA CLASSIC M REG (6x6UN);              7,000;PAK;18.02.2026;20.02.2026 - 22:04:03;Ent. Nac. Pharsana;Zona Centro Occid.;SAMANTHA G. GARCIA;1002066261;260;        266,70;USD;100017;INCONTINENCIA;Securezza;PH-Protector Incont.;Absorbentes;02;104;GV Ger. Reg. CClave
2000088286;10000079;DROGUERIA NENA, C.A.;11000245;50000626;SECUREZZA CLASSIC M REG (6x6UN);             13,000;PAK;18.02.2026;20.02.2026 - 22:04:03;Ent. Nac. Pharsana;Zona Centro Occid.;SAMANTHA G. GARCIA;1002066261;260;        495,30;USD;100017;INCONTINENCIA;Securezza;PH-Protector Incont.;Absorbentes;02;104;GV Ger. Reg. CClave
2000088286;10000079;DROGUERIA NENA, C.A.;11000245;50000640;SIEMPRE SECO BASICO G (6X6UN);              1,000;PAK;18.02.2026;20.02.2026 - 22:04:03;Ent. Nac. Pharsana;Zona Centro Occid.;SAMANTHA G. GARCIA;1002066261;330;         33,36;USD;100017;INCONTINENCIA;Siempre Seco;PH-Protector Incont.;Absorbentes;02;104;GV Ger. Reg. CClave
2000088286;10000079;DROGUERIA NENA, C.A.;11000245;50000640;SIEMPRE SECO BASICO G (6X6UN);             79,000;PAK;18.02.2026;20.02.2026 - 22:04:03;Ent. Nac. Pharsana;Zona Centro Occid.;SAMANTHA G. GARCIA;1002066261;330;      2.635,44;USD;100017;INCONTINENCIA;Siempre Seco;PH-Protector Incont.;Absorbentes;02;104;GV Ger. Reg. CClave
2000088290;10003105;COMERCIAL YINSENG, C.A;10003105;50001039;CHICCO BS JABON EN BARRA P/NIÑOS(30x90);              3,000;CS;18.02.2026;20.02.2026 - 22:04:03;Ent. Nac. Pharsana;Zona Oriente;ERIS R PEÑA;1002066271;10;        189,00;USD;100112;HIGIENE PERSONAL;Chicco;PH-Jabon en barra;Cuidado Personal;02;101;GV Ger. Reg. Oriente
2000088324;10003237;CASA MARKET MONAGAS, C.A;10003237;50001016;CHICCO BS CHAMPU CABELLONORMAL(28x100ML);              1,000;CS;19.02.2026;20.02.2026 - 22:04:03;Ent. Nac. Pharsana;Zona Oriente;TREICY C. ROCA;1002066306;10;         63,28;USD;100057;HIGIENE PERSONAL;Chicco;PH-Champú;Cuidado Personal;02;101;GV Ger. Reg. Oriente
2000088324;10003237;CASA MARKET MONAGAS, C.A;10003237;50001024;CHICCO BS COTONCITO (48x60UN);              1,000;CS;19.02.2026;20.02.2026 - 22:04:03;Ent. Nac. Pharsana;Zona Oriente;TREICY C. ROCA;1002066306;20;         56,64;USD;100057;ALGODONES PT;Chicco;PH-Hisopos;Cuidado Personal;02;101;GV Ger. Reg. Oriente
2000088324;10003237;CASA MARKET MONAGAS, C.A;10003237;50001045;CHICCO BS TALCO (24x100G);              1,000;CS;19.02.2026;20.02.2026 - 22:04:03;Ent. Nac. Pharsana;Zona Oriente;TREICY C. ROCA;1002066306;30;         71,76;USD;100057;HIGIENE PERSONAL;Chicco;PH-Talco;Cuidado Personal;02;101;GV Ger. Reg. Oriente
2000088324;10003237;CASA MARKET MONAGAS, C.A;10003237;50000632;SECUREZZA POST PARTO PREMIUM (12X10UN);              1,000;PAK;19.02.2026;20.02.2026 - 22:04:03;Ent. Nac. Pharsana;Zona Oriente;TREICY C. ROCA;1002066306;40;         26,88;USD;100057;INCONTINENCIA;Securezza;PH-Toalla Post-Parto;Absorbentes;02;101;GV Ger. Reg. Oriente
2000088325;10003237;CASA MARKET MONAGAS, C.A;10003237;50000443;AMY HISOPOS (48x60UN);              1,000;CS;19.02.2026;20.02.2026 - 22:04:03;Ent. Nac. Pharsana;Zona Oriente;TREICY C. ROCA;1002066307;10;         51,36;USD;100057;ALGODONES PT;Amy;PH-Hisopos;Cuidado Personal;02;101;GV Ger. Reg. Oriente
2000088325;10003237;CASA MARKET MONAGAS, C.A;10003237;50000569;ACTIVA SEC PERDIDAS ABUNDANTES (12X10UN);              1,000;PAK;19.02.2026;20.02.2026 - 22:04:03;Ent. Nac. Pharsana;Zona Oriente;TREICY C. ROCA;1002066307;20;         16,56;USD;100057;INCONTINENCIA;Activa;PH-Toalla Incontinen;Absorbentes;02;101;GV Ger. Reg. Oriente
2000088325;10003237;CASA MARKET MONAGAS, C.A;10003237;50001109;FRIENDS TS TELA REGULAR (12x14UN);              1,000;PAK;19.02.2026;20.02.2026 - 22:04:03;Ent. Nac. Pharsana;Zona Oriente;TREICY C. ROCA;1002066307;30;         26,52;USD;100057;ABSORBENTES FEMENINA;Friends;PH-Toalla Sanitaria;Absorbentes;02;101;GV Ger. Reg. Oriente
2000088326;10002474;INSUAMINCA, C.A.;10002474;50000902;AMY COLONIA PARA BEBES (10x220ML);              1,000;CS;19.02.2026;20.02.2026 - 22:04:03;Ent. Nac. Pharsana;Zona Oriente;TREICY C. ROCA;1002066308;10;         38,00;USD;100057;HIGIENE PERSONAL;Amy;PH-Colonia;Cuidado Personal;02;101;GV Ger. Reg. Oriente
2000088326;10002474;INSUAMINCA, C.A.;10002474;50000443;AMY HISOPOS (48x60UN);              1,000;CS;19.02.2026;20.02.2026 - 22:04:03;Ent. Nac. Pharsana;Zona Oriente;TREICY C. ROCA;1002066308;20;         51,36;USD;100057;ALGODONES PT;Amy;PH-Hisopos;Cuidado Personal;02;101;GV Ger. Reg. Oriente
2000088326;10002474;INSUAMINCA, C.A.;10002474;50001079;AMY SEC TH 99% AGUA (48x24UN);              2,000;CS;19.02.2026;20.02.2026 - 22:04:03;Ent. Nac. Pharsana;Zona Oriente;TREICY C. ROCA;1002066308;30;         72,00;USD;100057;TOALLAS HUMEDAS;Amy;PH-TH Travel Pack;Cuidado Personal;02;101;GV Ger. Reg. Oriente
2000088326;10002474;INSUAMINCA, C.A.;10002474;50001005;AMY SEC TH MANZANILLA P/BEBES (24x72UN);              8,000;CS;19.02.2026;20.02.2026 - 22:04:03;Ent. Nac. Pharsana;Zona Oriente;TREICY C. ROCA;1002066308;40;        324,48;USD;100057;TOALLAS HUMEDAS;Amy;PH-TH Flow Pack;Cuidado Personal;02;101;GV Ger. Reg. Oriente
2000088326;10002474;INSUAMINCA, C.A.;10002474;50001072;AMY SEC TH 99% AGUA (20x48UN);              3,000;CS;19.02.2026;20.02.2026 - 22:04:03;Ent. Nac. Pharsana;Zona Oriente;TREICY C. ROCA;1002066308;50;         67,80;USD;100057;TOALLAS HUMEDAS;Amy;PH-TH Flow Pack;Cuidado Personal;02;101;GV Ger. Reg. Oriente
2000088326;10002474;INSUAMINCA, C.A.;10002474;50001137;LADY FACE DISCOS DE ALGODON (24x80UN);              1,000;CS;19.02.2026;20.02.2026 - 22:04:03;Ent. Nac. Pharsana;Zona Oriente;TREICY C. ROCA;1002066308;60;         65,28;USD;100057;ALGODONES PT;Lady Face;PH-Cotton Round;Cuidado Personal;02;101;GV Ger. Reg. Oriente
2000088326;10002474;INSUAMINCA, C.A.;10002474;50000626;SECUREZZA CLASSIC M REG (6x6UN);             10,000;PAK;19.02.2026;20.02.2026 - 22:04:03;Ent. Nac. Pharsana;Zona Oriente;TREICY C. ROCA;1002066308;70;        378,00;USD;100057;INCONTINENCIA;Securezza;PH-Protector Incont.;Absorbentes;02;101;GV Ger. Reg. Oriente
2000088326;10002474;INSUAMINCA, C.A.;10002474;50000627;SECUREZZA CLASSIC L REG (6x6UN);             20,000;PAK;19.02.2026;20.02.2026 - 22:04:03;Ent. Nac. Pharsana;Zona Oriente;TREICY C. ROCA;1002066308;80;        891,60;USD;100057;INCONTINENCIA;Securezza;PH-Protector Incont.;Absorbentes;02;101;GV Ger. Reg. Oriente
2000088327;10002474;INSUAMINCA, C.A.;10002474;50001046;CHICCO BS ACEITE CREMOSO (28x100ML);              1,000;CS;19.02.2026;20.02.2026 - 22:04:03;Ent. Nac. Pharsana;Zona Oriente;TREICY C. ROCA;1002066309;10;         52,92;USD;100057;HIGIENE PERSONAL;Chicco;PH-Aceite;Cuidado Personal;02;101;GV Ger. Reg. Oriente
2000088327;10002474;INSUAMINCA, C.A.;10002474;50001012;CHICCO BS ACEITE (28x100ML);              3,000;CS;19.02.2026;20.02.2026 - 22:04:03;Ent. Nac. Pharsana;Zona Oriente;TREICY C. ROCA;1002066309;20;        276,36;USD;100057;HIGIENE PERSONAL;Chicco;PH-Aceite;Cuidado Personal;02;101;GV Ger. Reg. Oriente
2000088327;10002474;INSUAMINCA, C.A.;10002474;50000963;CHICCO BS CHAMPU CABELLONORMAL(10x200ML);              1,000;CS;19.02.2026;20.02.2026 - 22:04:03;Ent. Nac. Pharsana;Zona Oriente;TREICY C. ROCA;1002066309;30;         38,80;USD;100057;HIGIENE PERSONAL;Chicco;PH-Champú;Cuidado Personal;02;101;GV Ger. Reg. Oriente
2000088327;10002474;INSUAMINCA, C.A.;10002474;50001011;CHICCO BS COLONIA (28x100ML);              3,000;CS;19.02.2026;20.02.2026 - 22:04:03;Ent. Nac. Pharsana;Zona Oriente;TREICY C. ROCA;1002066309;40;        221,76;USD;100057;HIGIENE PERSONAL;Chicco;PH-Colonia;Cuidado Personal;02;101;GV Ger. Reg. Oriente
2000088327;10002474;INSUAMINCA, C.A.;10002474;50000970;CHICCO BS COLONIA (10x220ML);              9,000;CS;19.02.2026;20.02.2026 - 22:04:03;Ent. Nac. Pharsana;Zona Oriente;TREICY C. ROCA;1002066309;50;        433,80;USD;100057;HIGIENE PERSONAL;Chicco;PH-Colonia;Cuidado Personal;02;101;GV Ger. Reg. Oriente
2000088327;10002474;INSUAMINCA, C.A.;10002474;50001023;CHICCO BS COTONCITO (32x100UN);              1,000;CS;19.02.2026;20.02.2026 - 22:04:03;Ent. Nac. Pharsana;Zona Oriente;TREICY C. ROCA;1002066309;60;         42,56;USD;100057;ALGODONES PT;Chicco;PH-Hisopos;Cuidado Personal;02;101;GV Ger. Reg. Oriente
2000088327;10002474;INSUAMINCA, C.A.;10002474;50001045;CHICCO BS TALCO (24x100G);              1,000;CS;19.02.2026;20.02.2026 - 22:04:03;Ent. Nac. Pharsana;Zona Oriente;TREICY C. ROCA;1002066309;70;         71,28;USD;100057;HIGIENE PERSONAL;Chicco;PH-Talco;Cuidado Personal;02;101;GV Ger. Reg. Oriente
2000088327;10002474;INSUAMINCA, C.A.;10002474;50001084;CHICCO BS TH ORIGINAL (48x24UN);              2,000;CS;19.02.2026;20.02.2026 - 22:04:03;Ent. Nac. Pharsana;Zona Oriente;TREICY C. ROCA;1002066309;80;         97,92;USD;100057;TOALLAS HUMEDAS;Chicco;PH-TH Travel Pack;Cuidado Personal;02;101;GV Ger. Reg. Oriente
2000088327;10002474;INSUAMINCA, C.A.;10002474;50000975;CHICCO BS TH ORIGINAL (20x48UN);              6,000;CS;19.02.2026;20.02.2026 - 22:04:03;Ent. Nac. Pharsana;Zona Oriente;TREICY C. ROCA;1002066309;90;        210,00;USD;100057;TOALLAS HUMEDAS;Chicco;PH-TH Flow Pack;Cuidado Personal;02;101;GV Ger. Reg. Oriente
2000088327;10002474;INSUAMINCA, C.A.;10002474;50000974;CHICCO BS TH ORIGINAL (24x72UN);              6,000;CS;19.02.2026;20.02.2026 - 22:04:03;Ent. Nac. Pharsana;Zona Oriente;TREICY C. ROCA;1002066309;100;        360,00;USD;100057;TOALLAS HUMEDAS;Chicco;PH-TH Flow Pack;Cuidado Personal;02;101;GV Ger. Reg. Oriente
2000088327;10002474;INSUAMINCA, C.A.;10002474;50000922;SECUREZZA COMFORT L REG (6x6UN);             10,000;PAK;19.02.2026;20.02.2026 - 22:04:03;Ent. Nac. Pharsana;Zona Oriente;TREICY C. ROCA;1002066309;110;        480,60;USD;100057;INCONTINENCIA;Securezza;PH-Protector Incont.;Absorbentes;02;101;GV Ger. Reg. Oriente
2000088327;10002474;INSUAMINCA, C.A.;10002474;50000632;SECUREZZA POST PARTO PREMIUM (12X10UN);             15,000;PAK;19.02.2026;20.02.2026 - 22:04:03;Ent. Nac. Pharsana;Zona Oriente;TREICY C. ROCA;1002066309;130;        399,60;USD;100057;INCONTINENCIA;Securezza;PH-Toalla Post-Parto;Absorbentes;02;101;GV Ger. Reg. Oriente
2000088327;10002474;INSUAMINCA, C.A.;10002474;50000639;SIEMPRE SECO BASICO M (6X6UN);             14,000;PAK;19.02.2026;20.02.2026 - 22:04:03;Ent. Nac. Pharsana;Zona Oriente;TREICY C. ROCA;1002066309;160;        420,00;USD;100057;INCONTINENCIA;Siempre Seco;PH-Protector Incont.;Absorbentes;02;101;GV Ger. Reg. Oriente
2000088327;10002474;INSUAMINCA, C.A.;10002474;50000981;SIEMPRE SECO PROTEC DE CAMA HB(4X20UN);              6,000;PAK;19.02.2026;20.02.2026 - 22:04:03;Ent. Nac. Pharsana;Zona Oriente;TREICY C. ROCA;1002066309;170;        249,60;USD;100057;INCONTINENCIA;Siempre Seco;PH-Protector de Cama;Absorbentes;02;101;GV Ger. Reg. Oriente
2000088327;10002474;INSUAMINCA, C.A.;10002474;50000921;SECUREZZA COMFORT M REG (6x6UN);              5,000;PAK;19.02.2026;20.02.2026 - 22:04:03;Ent. Nac. Pharsana;Zona Oriente;TREICY C. ROCA;1002066309;120;        204,00;USD;100057;INCONTINENCIA;Securezza;PH-Protector Incont.;Absorbentes;02;101;GV Ger. Reg. Oriente
2000088327;10002474;INSUAMINCA, C.A.;10002474;50000921;SECUREZZA COMFORT M REG (6x6UN);              3,000;PAK;19.02.2026;20.02.2026 - 22:04:03;Ent. Nac. Pharsana;Zona Oriente;TREICY C. ROCA;1002066309;120;        122,40;USD;100057;INCONTINENCIA;Securezza;PH-Protector Incont.;Absorbentes;02;101;GV Ger. Reg. Oriente
2000088327;10002474;INSUAMINCA, C.A.;10002474;50001021;SECUREZZA POST PARTO (12X15UN);             37,000;PAK;19.02.2026;20.02.2026 - 22:04:03;Ent. Nac. Pharsana;Zona Oriente;TREICY C. ROCA;1002066309;140;      1.194,36;USD;100057;INCONTINENCIA;Securezza;PH-Toalla Post-Parto;Absorbentes;02;101;GV Ger. Reg. Oriente
2000088327;10002474;INSUAMINCA, C.A.;10002474;50001021;SECUREZZA POST PARTO (12X15UN);              2,000;PAK;19.02.2026;20.02.2026 - 22:04:03;Ent. Nac. Pharsana;Zona Oriente;TREICY C. ROCA;1002066309;140;         64,56;USD;100057;INCONTINENCIA;Securezza;PH-Toalla Post-Parto;Absorbentes;02;101;GV Ger. Reg. Oriente
2000088327;10002474;INSUAMINCA, C.A.;10002474;50000640;SIEMPRE SECO BASICO G (6X6UN);             27,000;PAK;19.02.2026;20.02.2026 - 22:04:03;Ent. Nac. Pharsana;Zona Oriente;TREICY C. ROCA;1002066309;150;        894,24;USD;100057;INCONTINENCIA;Siempre Seco;PH-Protector Incont.;Absorbentes;02;101;GV Ger. Reg. Oriente
2000088327;10002474;INSUAMINCA, C.A.;10002474;50000640;SIEMPRE SECO BASICO G (6X6UN);              8,000;PAK;19.02.2026;20.02.2026 - 22:04:03;Ent. Nac. Pharsana;Zona Oriente;TREICY C. ROCA;1002066309;150;        264,96;USD;100057;INCONTINENCIA;Siempre Seco;PH-Protector Incont.;Absorbentes;02;101;GV Ger. Reg. Oriente
2000088332;10003141;INVERSIONES MO LOS GUAYOS, C.A;10003141;50001084;CHICCO BS TH ORIGINAL (48x24UN);              1,000;CS;19.02.2026;20.02.2026 - 22:04:03;Ent. Nac. Pharsana;Zona Centro;MERY S. MOSES;1002066316;10;         55,68;USD;100082;TOALLAS HUMEDAS;Chicco;PH-TH Travel Pack;Cuidado Personal;02;10C;GV Ger. Reg. Ce.LLan
2000088332;10003141;INVERSIONES MO LOS GUAYOS, C.A;10003141;50000921;SECUREZZA COMFORT M REG (6x6UN);              1,000;PAK;19.02.2026;20.02.2026 - 22:04:03;Ent. Nac. Pharsana;Zona Centro;MERY S. MOSES;1002066316;20;         46,32;USD;100082;INCONTINENCIA;Securezza;PH-Protector Incont.;Absorbentes;02;10C;GV Ger. Reg. Ce.LLan
2000088340;10003210;SUPERMERCADO MI CASA 888 C.A;10003210;50001011;CHICCO BS COLONIA (28x100ML);              1,000;CS;19.02.2026;20.02.2026 - 22:04:03;Ent. Nac. Pharsana;Zona Metropolitana;JOHAN A. CISNEROS;1002066290;10;         80,64;USD;100143;HIGIENE PERSONAL;Chicco;PH-Colonia;Cuidado Personal;02;102;GV Ger. Reg. Capital
2000088340;10003210;SUPERMERCADO MI CASA 888 C.A;10003210;50000970;CHICCO BS COLONIA (10x220ML);              1,000;CS;19.02.2026;20.02.2026 - 22:04:03;Ent. Nac. Pharsana;Zona Metropolitana;JOHAN A. CISNEROS;1002066290;20;         52,60;USD;100143;HIGIENE PERSONAL;Chicco;PH-Colonia;Cuidado Personal;02;102;GV Ger. Reg. Capital
2000088340;10003210;SUPERMERCADO MI CASA 888 C.A;10003210;50001084;CHICCO BS TH ORIGINAL (48x24UN);              1,000;CS;19.02.2026;20.02.2026 - 22:04:03;Ent. Nac. Pharsana;Zona Metropolitana;JOHAN A. CISNEROS;1002066290;30;         53,28;USD;100143;TOALLAS HUMEDAS;Chicco;PH-TH Travel Pack;Cuidado Personal;02;102;GV Ger. Reg. Capital
2000088340;10003210;SUPERMERCADO MI CASA 888 C.A;10003210;50000974;CHICCO BS TH ORIGINAL (24x72UN);              1,000;CS;19.02.2026;20.02.2026 - 22:04:03;Ent. Nac. Pharsana;Zona Metropolitana;JOHAN A. CISNEROS;1002066290;40;         65,76;USD;100143;TOALLAS HUMEDAS;Chicco;PH-TH Flow Pack;Cuidado Personal;02;102;GV Ger. Reg. Capital
2000088340;10003210;SUPERMERCADO MI CASA 888 C.A;10003210;50000632;SECUREZZA POST PARTO PREMIUM (12X10UN);              1,000;PAK;19.02.2026;20.02.2026 - 22:04:03;Ent. Nac. Pharsana;Zona Metropolitana;JOHAN A. CISNEROS;1002066290;50;         29,16;USD;100143;INCONTINENCIA;Securezza;PH-Toalla Post-Parto;Absorbentes;02;102;GV Ger. Reg. Capital
2000088340;10003210;SUPERMERCADO MI CASA 888 C.A;10003210;50000639;SIEMPRE SECO BASICO M (6X6UN);              1,000;PAK;19.02.2026;20.02.2026 - 22:04:03;Ent. Nac. Pharsana;Zona Metropolitana;JOHAN A. CISNEROS;1002066290;60;         32,76;USD;100143;INCONTINENCIA;Siempre Seco;PH-Protector Incont.;Absorbentes;02;102;GV Ger. Reg. Capital
2000088340;10003210;SUPERMERCADO MI CASA 888 C.A;10003210;50000640;SIEMPRE SECO BASICO G (6X6UN);              1,000;PAK;19.02.2026;20.02.2026 - 22:04:03;Ent. Nac. Pharsana;Zona Metropolitana;JOHAN A. CISNEROS;1002066290;70;         36,18;USD;100143;INCONTINENCIA;Siempre Seco;PH-Protector Incont.;Absorbentes;02;102;GV Ger. Reg. Capital
2000088340;10003210;SUPERMERCADO MI CASA 888 C.A;10003210;50000981;SIEMPRE SECO PROTEC DE CAMA HB(4X20UN);              1,000;PAK;19.02.2026;20.02.2026 - 22:04:03;Ent. Nac. Pharsana;Zona Metropolitana;JOHAN A. CISNEROS;1002066290;80;         45,44;USD;100143;INCONTINENCIA;Siempre Seco;PH-Protector de Cama;Absorbentes;02;102;GV Ger. Reg. Capital
2000088341;10003210;SUPERMERCADO MI CASA 888 C.A;10003210;50000902;AMY COLONIA PARA BEBES (10x220ML);              1,000;CS;19.02.2026;20.02.2026 - 22:04:03;Ent. Nac. Pharsana;Zona Metropolitana;JOHAN A. CISNEROS;1002066293;10;         41,50;USD;100143;HIGIENE PERSONAL;Amy;PH-Colonia;Cuidado Personal;02;102;GV Ger. Reg. Capital
2000088341;10003210;SUPERMERCADO MI CASA 888 C.A;10003210;50001079;AMY SEC TH 99% AGUA (48x24UN);              1,000;CS;19.02.2026;20.02.2026 - 22:04:03;Ent. Nac. Pharsana;Zona Metropolitana;JOHAN A. CISNEROS;1002066293;20;         39,36;USD;100143;TOALLAS HUMEDAS;Amy;PH-TH Travel Pack;Cuidado Personal;02;102;GV Ger. Reg. Capital
2000088341;10003210;SUPERMERCADO MI CASA 888 C.A;10003210;50001005;AMY SEC TH MANZANILLA P/BEBES (24x72UN);              1,000;CS;19.02.2026;20.02.2026 - 22:04:03;Ent. Nac. Pharsana;Zona Metropolitana;JOHAN A. CISNEROS;1002066293;30;         44,16;USD;100143;TOALLAS HUMEDAS;Amy;PH-TH Flow Pack;Cuidado Personal;02;102;GV Ger. Reg. Capital
2000088342;10003210;SUPERMERCADO MI CASA 888 C.A;10003210;50001072;AMY SEC TH 99% AGUA (20x48UN);              1,000;CS;19.02.2026;20.02.2026 - 22:04:03;Ent. Nac. Pharsana;Zona Metropolitana;JOHAN A. CISNEROS;1002066294;10;         24,80;USD;100143;TOALLAS HUMEDAS;Amy;PH-TH Flow Pack;Cuidado Personal;02;102;GV Ger. Reg. Capital
2000088350;10002805;THE HAO SUPERMARKET, C.A;10002805;50000957;SECUREZZA PROTECTOR DE CAMA (6X10UN);              1,000;PAK;19.02.2026;20.02.2026 - 22:04:03;Ent. Nac. Pharsana;Zona Oriente;DANIELA A. RODRIGUEZ;1002066321;10;         50,10;USD;100131;INCONTINENCIA;Securezza;PH-Protector de Cama;Absorbentes;02;101;GV Ger. Reg. Oriente
2000088350;10002805;THE HAO SUPERMARKET, C.A;10002805;50000992;CHICCO PAÑAL DE NIÑO G REG (8X20UN);              1,000;PAK;19.02.2026;20.02.2026 - 22:04:03;Ent. Nac. Pharsana;Zona Oriente;DANIELA A. RODRIGUEZ;1002066321;20;         52,56;USD;100131;ABSORBENTES NIÑOS;Chicco;PH-Pañal Anatóm. T3;Absorbentes;02;101;GV Ger. Reg. Oriente
2000088351;10002805;THE HAO SUPERMARKET, C.A;10002805;50000981;SIEMPRE SECO PROTEC DE CAMA HB(4X20UN);              1,000;PAK;19.02.2026;20.02.2026 - 22:04:03;Ent. Nac. Pharsana;Zona Oriente;DANIELA A. RODRIGUEZ;1002066322;10;         47,28;USD;100131;INCONTINENCIA;Siempre Seco;PH-Protector de Cama;Absorbentes;02;101;GV Ger. Reg. Oriente
2000088351;10002805;THE HAO SUPERMARKET, C.A;10002805;50000922;SECUREZZA COMFORT L REG (6x6UN);              1,000;PAK;19.02.2026;20.02.2026 - 22:04:03;Ent. Nac. Pharsana;Zona Oriente;DANIELA A. RODRIGUEZ;1002066322;20;         54,60;USD;100131;INCONTINENCIA;Securezza;PH-Protector Incont.;Absorbentes;02;101;GV Ger. Reg. Oriente
2000088351;10002805;THE HAO SUPERMARKET, C.A;10002805;50000632;SECUREZZA POST PARTO PREMIUM (12X10UN);              1,000;PAK;19.02.2026;20.02.2026 - 22:04:03;Ent. Nac. Pharsana;Zona Oriente;DANIELA A. RODRIGUEZ;1002066322;30;         30,24;USD;100131;INCONTINENCIA;Securezza;PH-Toalla Post-Parto;Absorbentes;02;101;GV Ger. Reg. Oriente
2000088352;10001992;MUNDOFARMA,C.A;10001992;50000626;SECUREZZA CLASSIC M REG (6x6UN);              1,000;PAK;19.02.2026;20.02.2026 - 22:04:03;Ent. Nac. Pharsana;Zona Oriente;DANIELA A. RODRIGUEZ;1002066323;10;         42,96;USD;100131;INCONTINENCIA;Securezza;PH-Protector Incont.;Absorbentes;02;101;GV Ger. Reg. Oriente
2000088352;10001992;MUNDOFARMA,C.A;10001992;50000627;SECUREZZA CLASSIC L REG (6x6UN);              1,000;PAK;19.02.2026;20.02.2026 - 22:04:03;Ent. Nac. Pharsana;Zona Oriente;DANIELA A. RODRIGUEZ;1002066323;20;         50,70;USD;100131;INCONTINENCIA;Securezza;PH-Protector Incont.;Absorbentes;02;101;GV Ger. Reg. Oriente
2000088352;10001992;MUNDOFARMA,C.A;10001992;50000957;SECUREZZA PROTECTOR DE CAMA (6X10UN);              1,000;PAK;19.02.2026;20.02.2026 - 22:04:03;Ent. Nac. Pharsana;Zona Oriente;DANIELA A. RODRIGUEZ;1002066323;30;         50,10;USD;100131;INCONTINENCIA;Securezza;PH-Protector de Cama;Absorbentes;02;101;GV Ger. Reg. Oriente
2000088352;10001992;MUNDOFARMA,C.A;10001992;50001049;SECUREZZA COMFORT M (4X20UN) PROMOPACK;              1,000;PAK;19.02.2026;20.02.2026 - 22:04:03;Ent. Nac. Pharsana;Zona Oriente;DANIELA A. RODRIGUEZ;1002066323;40;         82,40;USD;100131;INCONTINENCIA;Securezza;PH-Protector Incont.;Absorbentes;02;101;GV Ger. Reg. Oriente
2000088352;10001992;MUNDOFARMA,C.A;10001992;50001050;SECUREZZA COMFORT L (4X20UN) PROMOPACK;              1,000;PAK;19.02.2026;20.02.2026 - 22:04:03;Ent. Nac. Pharsana;Zona Oriente;DANIELA A. RODRIGUEZ;1002066323;50;         97,12;USD;100131;INCONTINENCIA;Securezza;PH-Protector Incont.;Absorbentes;02;101;GV Ger. Reg. Oriente
2000088352;10001992;MUNDOFARMA,C.A;10001992;50001047;SECUREZZA CLASSIC M (4X20UN) PROMOPACK;              1,000;PAK;19.02.2026;20.02.2026 - 22:04:03;Ent. Nac. Pharsana;Zona Oriente;DANIELA A. RODRIGUEZ;1002066323;60;         76,32;USD;100131;INCONTINENCIA;Securezza;PH-Protector Incont.;Absorbentes;02;101;GV Ger. Reg. Oriente
2000088352;10001992;MUNDOFARMA,C.A;10001992;50001048;SECUREZZA CLASSIC L (4X20UN) PROMOPACK;              1,000;PAK;19.02.2026;20.02.2026 - 22:04:03;Ent. Nac. Pharsana;Zona Oriente;DANIELA A. RODRIGUEZ;1002066323;70;         90,08;USD;100131;INCONTINENCIA;Securezza;PH-Protector Incont.;Absorbentes;02;101;GV Ger. Reg. Oriente
2000088353;10001992;MUNDOFARMA,C.A;10001992;50000639;SIEMPRE SECO BASICO M (6X6UN);              1,000;PAK;19.02.2026;20.02.2026 - 22:04:03;Ent. Nac. Pharsana;Zona Oriente;DANIELA A. RODRIGUEZ;1002066324;10;         34,08;USD;100131;INCONTINENCIA;Siempre Seco;PH-Protector Incont.;Absorbentes;02;101;GV Ger. Reg. Oriente
2000088353;10001992;MUNDOFARMA,C.A;10001992;50000640;SIEMPRE SECO BASICO G (6X6UN);              1,000;PAK;19.02.2026;20.02.2026 - 22:04:03;Ent. Nac. Pharsana;Zona Oriente;DANIELA A. RODRIGUEZ;1002066324;20;         37,62;USD;100131;INCONTINENCIA;Siempre Seco;PH-Protector Incont.;Absorbentes;02;101;GV Ger. Reg. Oriente
2000088353;10001992;MUNDOFARMA,C.A;10001992;50000981;SIEMPRE SECO PROTEC DE CAMA HB(4X20UN);              1,000;PAK;19.02.2026;20.02.2026 - 22:04:03;Ent. Nac. Pharsana;Zona Oriente;DANIELA A. RODRIGUEZ;1002066324;30;         47,28;USD;100131;INCONTINENCIA;Siempre Seco;PH-Protector de Cama;Absorbentes;02;101;GV Ger. Reg. Oriente
2000088357;10002921;MEGA MARKET LA FAMILIA FELICES, C.A;10002921;50001011;CHICCO BS COLONIA (28x100ML);              1,000;CS;19.02.2026;20.02.2026 - 22:04:03;Ent. Nac. Pharsana;Zona Centro;MERY S. MOSES;1002066333;10;         84,00;USD;100082;HIGIENE PERSONAL;Chicco;PH-Colonia;Cuidado Personal;02;10C;GV Ger. Reg. Ce.LLan
2000088358;10002989;MERCAD MEGA, C.A.;10002989;50000990;CHICCO PAÑAL DE NIÑO M REG (8X20UN);              2,000;PAK;19.02.2026;20.02.2026 - 22:04:03;Ent. Nac. Pharsana;Zona Oriente;TREICY C. ROCA;1002066334;10;         86,56;USD;100057;ABSORBENTES NIÑOS;Chicco;PH-Pañal Anatóm. T3;Absorbentes;02;101;GV Ger. Reg. Oriente
2000088358;10002989;MERCAD MEGA, C.A.;10002989;50000992;CHICCO PAÑAL DE NIÑO G REG (8X20UN);              2,000;PAK;19.02.2026;20.02.2026 - 22:04:03;Ent. Nac. Pharsana;Zona Oriente;TREICY C. ROCA;1002066334;20;         93,12;USD;100057;ABSORBENTES NIÑOS;Chicco;PH-Pañal Anatóm. T3;Absorbentes;02;101;GV Ger. Reg. Oriente
2000088358;10002989;MERCAD MEGA, C.A.;10002989;50000993;CHICCO PAÑAL DE NIÑO XG REG (8X20UN);              2,000;PAK;19.02.2026;20.02.2026 - 22:04:03;Ent. Nac. Pharsana;Zona Oriente;TREICY C. ROCA;1002066334;30;         96,00;USD;100057;ABSORBENTES NIÑOS;Chicco;PH-Pañal Anatóm. T3;Absorbentes;02;101;GV Ger. Reg. Oriente
2000088358;10002989;MERCAD MEGA, C.A.;10002989;50001139;CHICCO PAÑAL DE NIÑO XXG REG (8X20UN);              2,000;PAK;19.02.2026;20.02.2026 - 22:04:03;Ent. Nac. Pharsana;Zona Oriente;TREICY C. ROCA;1002066334;40;         96,00;USD;100057;ABSORBENTES NIÑOS;Chicco;PH-Pañal Anatóm. T3;Absorbentes;02;101;GV Ger. Reg. Oriente
2000088358;10002989;MERCAD MEGA, C.A.;10002989;50001079;AMY SEC TH 99% AGUA (48x24UN);              1,000;CS;19.02.2026;20.02.2026 - 22:04:03;Ent. Nac. Pharsana;Zona Oriente;TREICY C. ROCA;1002066334;50;         36,00;USD;100057;TOALLAS HUMEDAS;Amy;PH-TH Travel Pack;Cuidado Personal;02;101;GV Ger. Reg. Oriente
2000088358;10002989;MERCAD MEGA, C.A.;10002989;50000884;ACTIVA PD PERD. OCASIONALES (12X40UN);              1,000;PAK;19.02.2026;20.02.2026 - 22:04:03;Ent. Nac. Pharsana;Zona Oriente;TREICY C. ROCA;1002066334;60;         34,20;USD;100057;ABSORBENTES FEMENINA;Activa;PH-Protector Diario;Absorbentes;02;101;GV Ger. Reg. Oriente
2000088358;10002989;MERCAD MEGA, C.A.;10002989;50001130;FRIENDS PD REGULAR S/P (24X20UN);              2,000;PAK;19.02.2026;20.02.2026 - 22:04:03;Ent. Nac. Pharsana;Zona Oriente;TREICY C. ROCA;1002066334;70;         59,52;USD;100057;ABSORBENTES FEMENINA;Friends;PH-Protector Diario;Absorbentes;02;101;GV Ger. Reg. Oriente
2000088359;10002989;MERCAD MEGA, C.A.;10002989;50000626;SECUREZZA CLASSIC M REG (6x6UN);              1,000;PAK;19.02.2026;20.02.2026 - 22:04:03;Ent. Nac. Pharsana;Zona Oriente;TREICY C. ROCA;1002066335;10;         38,10;USD;100057;INCONTINENCIA;Securezza;PH-Protector Incont.;Absorbentes;02;101;GV Ger. Reg. Oriente
2000088359;10002989;MERCAD MEGA, C.A.;10002989;50000627;SECUREZZA CLASSIC L REG (6x6UN);              1,000;PAK;19.02.2026;20.02.2026 - 22:04:03;Ent. Nac. Pharsana;Zona Oriente;TREICY C. ROCA;1002066335;20;         44,94;USD;100057;INCONTINENCIA;Securezza;PH-Protector Incont.;Absorbentes;02;101;GV Ger. Reg. Oriente
2000088359;10002989;MERCAD MEGA, C.A.;10002989;50001021;SECUREZZA POST PARTO (12X15UN);              1,000;PAK;19.02.2026;20.02.2026 - 22:04:03;Ent. Nac. Pharsana;Zona Oriente;TREICY C. ROCA;1002066335;30;         32,40;USD;100057;INCONTINENCIA;Securezza;PH-Toalla Post-Parto;Absorbentes;02;101;GV Ger. Reg. Oriente
2000088359;10002989;MERCAD MEGA, C.A.;10002989;50000921;SECUREZZA COMFORT M REG (6x6UN);              1,000;PAK;19.02.2026;20.02.2026 - 22:04:03;Ent. Nac. Pharsana;Zona Oriente;TREICY C. ROCA;1002066335;40;         41,10;USD;100057;INCONTINENCIA;Securezza;PH-Protector Incont.;Absorbentes;02;101;GV Ger. Reg. Oriente
2000088359;10002989;MERCAD MEGA, C.A.;10002989;50000922;SECUREZZA COMFORT L REG (6x6UN);              1,000;PAK;19.02.2026;20.02.2026 - 22:04:03;Ent. Nac. Pharsana;Zona Oriente;TREICY C. ROCA;1002066335;50;         48,42;USD;100057;INCONTINENCIA;Securezza;PH-Protector Incont.;Absorbentes;02;101;GV Ger. Reg. Oriente
2000088359;10002989;MERCAD MEGA, C.A.;10002989;50000981;SIEMPRE SECO PROTEC DE CAMA HB(4X20UN);              1,000;PAK;19.02.2026;20.02.2026 - 22:04:03;Ent. Nac. Pharsana;Zona Oriente;TREICY C. ROCA;1002066335;60;         41,92;USD;100057;INCONTINENCIA;Siempre Seco;PH-Protector de Cama;Absorbentes;02;101;GV Ger. Reg. Oriente
2000088359;10002989;MERCAD MEGA, C.A.;10002989;50000639;SIEMPRE SECO BASICO M (6X6UN);              1,000;PAK;19.02.2026;20.02.2026 - 22:04:03;Ent. Nac. Pharsana;Zona Oriente;TREICY C. ROCA;1002066335;70;         30,18;USD;100057;INCONTINENCIA;Siempre Seco;PH-Protector Incont.;Absorbentes;02;101;GV Ger. Reg. Oriente
2000088359;10002989;MERCAD MEGA, C.A.;10002989;50000640;SIEMPRE SECO BASICO G (6X6UN);              1,000;PAK;19.02.2026;20.02.2026 - 22:04:03;Ent. Nac. Pharsana;Zona Oriente;TREICY C. ROCA;1002066335;80;         33,36;USD;100057;INCONTINENCIA;Siempre Seco;PH-Protector Incont.;Absorbentes;02;101;GV Ger. Reg. Oriente
2000088360;10002989;MERCAD MEGA, C.A.;10002989;50000957;SECUREZZA PROTECTOR DE CAMA (6X10UN);              1,000;PAK;19.02.2026;20.02.2026 - 22:04:03;Ent. Nac. Pharsana;Zona Oriente;TREICY C. ROCA;1002066336;10;         44,46;USD;100057;INCONTINENCIA;Securezza;PH-Protector de Cama;Absorbentes;02;101;GV Ger. Reg. Oriente
2000088361;10003550;FARMACIA LA ENTRADA RIO ARRIBA, C.A;10003550;50001084;CHICCO BS TH ORIGINAL (48x24UN);              1,000;CS;19.02.2026;20.02.2026 - 22:04:03;Ent. Nac. Pharsana;Zona Centro;MERY S. MOSES;1002066337;10;         49,44;USD;100082;TOALLAS HUMEDAS;Chicco;PH-TH Travel Pack;Cuidado Personal;02;10C;GV Ger. Reg. Ce.LLan
2000088361;10003550;FARMACIA LA ENTRADA RIO ARRIBA, C.A;10003550;50000921;SECUREZZA COMFORT M REG (6x6UN);              1,000;PAK;19.02.2026;20.02.2026 - 22:04:03;Ent. Nac. Pharsana;Zona Centro;MERY S. MOSES;1002066337;20;         41,10;USD;100082;INCONTINENCIA;Securezza;PH-Protector Incont.;Absorbentes;02;10C;GV Ger. Reg. Ce.LLan
2000088361;10003550;FARMACIA LA ENTRADA RIO ARRIBA, C.A;10003550;50000922;SECUREZZA COMFORT L REG (6x6UN);              1,000;PAK;19.02.2026;20.02.2026 - 22:04:03;Ent. Nac. Pharsana;Zona Centro;MERY S. MOSES;1002066337;30;         48,42;USD;100082;INCONTINENCIA;Securezza;PH-Protector Incont.;Absorbentes;02;10C;GV Ger. Reg. Ce.LLan
2000088361;10003550;FARMACIA LA ENTRADA RIO ARRIBA, C.A;10003550;50000981;SIEMPRE SECO PROTEC DE CAMA HB(4X20UN);              1,000;PAK;19.02.2026;20.02.2026 - 22:04:03;Ent. Nac. Pharsana;Zona Centro;MERY S. MOSES;1002066337;40;         41,92;USD;100082;INCONTINENCIA;Siempre Seco;PH-Protector de Cama;Absorbentes;02;10C;GV Ger. Reg. Ce.LLan
2000088361;10003550;FARMACIA LA ENTRADA RIO ARRIBA, C.A;10003550;50000957;SECUREZZA PROTECTOR DE CAMA (6X10UN);              1,000;PAK;19.02.2026;20.02.2026 - 22:04:03;Ent. Nac. Pharsana;Zona Centro;MERY S. MOSES;1002066337;50;         44,46;USD;100082;INCONTINENCIA;Securezza;PH-Protector de Cama;Absorbentes;02;10C;GV Ger. Reg. Ce.LLan
2000088362;10003208;MARYURY BARILLA ROJAS (BARILLAS PAR;10003208;50001130;FRIENDS PD REGULAR S/P (24X20UN);              2,000;PAK;19.02.2026;20.02.2026 - 22:04:03;Ent. Nac. Pharsana;Zona Centro;MERY S. MOSES;1002066339;10;         64,80;USD;100082;ABSORBENTES FEMENINA;Friends;PH-Protector Diario;Absorbentes;02;10C;GV Ger. Reg. Ce.LLan
2000088362;10003208;MARYURY BARILLA ROJAS (BARILLAS PAR;10003208;50000957;SECUREZZA PROTECTOR DE CAMA (6X10UN);              1,000;PAK;19.02.2026;20.02.2026 - 22:04:03;Ent. Nac. Pharsana;Zona Centro;MERY S. MOSES;1002066339;20;         48,18;USD;100082;INCONTINENCIA;Securezza;PH-Protector de Cama;Absorbentes;02;10C;GV Ger. Reg. Ce.LLan
2000088364;10003156;QUINCALLERIA FAMILIA WU, C.A;10003156;50001111;FRIENDS TS NOCTURNA SIN ALAS (12x10UN);              1,000;PAK;19.02.2026;20.02.2026 - 22:04:03;Ent. Nac. Pharsana;Zona Centro;MERY S. MOSES;1002066341;10;         31,20;USD;100082;ABSORBENTES FEMENINA;Friends;PH-Toalla Sanitaria;Absorbentes;02;10C;GV Ger. Reg. Ce.LLan
2000088366;10003156;QUINCALLERIA FAMILIA WU, C.A;10003156;50000981;SIEMPRE SECO PROTEC DE CAMA HB(4X20UN);              1,000;PAK;19.02.2026;20.02.2026 - 22:04:03;Ent. Nac. Pharsana;Zona Centro;MERY S. MOSES;1002066343;10;         47,28;USD;100082;INCONTINENCIA;Siempre Seco;PH-Protector de Cama;Absorbentes;02;10C;GV Ger. Reg. Ce.LLan
2000088367;10003647;DISTRIBUIDORA SUJER, C.A;11001237;50001101;CHICCO BS CHAMPU CABELLO CLARO(10x400ML);              2,000;CS;19.02.2026;20.02.2026 - 22:04:03;Ent. Nac. Pharsana;Zona Andina;JESUS A. MARQUEZ;1002066344;10;        140,00;USD;100023;HIGIENE PERSONAL;Chicco;PH-Champú;Cuidado Personal;02;100;GV. Ger. Reg. Occid.
2000088367;10003647;DISTRIBUIDORA SUJER, C.A;11001237;50000963;CHICCO BS CHAMPU CABELLONORMAL(10x200ML);              2,000;CS;19.02.2026;20.02.2026 - 22:04:03;Ent. Nac. Pharsana;Zona Andina;JESUS A. MARQUEZ;1002066344;20;         78,00;USD;100023;HIGIENE PERSONAL;Chicco;PH-Champú;Cuidado Personal;02;100;GV. Ger. Reg. Occid.
2000088367;10003647;DISTRIBUIDORA SUJER, C.A;11001237;50000986;CHICCO BS CHAMPU CABELLOOSCURO(10x200ML);              1,000;CS;19.02.2026;20.02.2026 - 22:04:03;Ent. Nac. Pharsana;Zona Andina;JESUS A. MARQUEZ;1002066344;30;         39,00;USD;100023;HIGIENE PERSONAL;Chicco;PH-Champú;Cuidado Personal;02;100;GV. Ger. Reg. Occid.
2000088367;10003647;DISTRIBUIDORA SUJER, C.A;11001237;50000970;CHICCO BS COLONIA (10x220ML);              1,000;CS;19.02.2026;20.02.2026 - 22:04:03;Ent. Nac. Pharsana;Zona Andina;JESUS A. MARQUEZ;1002066344;40;         48,50;USD;100023;HIGIENE PERSONAL;Chicco;PH-Colonia;Cuidado Personal;02;100;GV. Ger. Reg. Occid.
2000088367;10003647;DISTRIBUIDORA SUJER, C.A;11001237;50001023;CHICCO BS COTONCITO (32x100UN);              5,000;CS;19.02.2026;20.02.2026 - 22:04:03;Ent. Nac. Pharsana;Zona Andina;JESUS A. MARQUEZ;1002066344;50;        214,40;USD;100023;ALGODONES PT;Chicco;PH-Hisopos;Cuidado Personal;02;100;GV. Ger. Reg. Occid.
2000088367;10003647;DISTRIBUIDORA SUJER, C.A;11001237;50001024;CHICCO BS COTONCITO (48x60UN);              2,000;CS;19.02.2026;20.02.2026 - 22:04:03;Ent. Nac. Pharsana;Zona Andina;JESUS A. MARQUEZ;1002066344;60;        113,28;USD;100023;ALGODONES PT;Chicco;PH-Hisopos;Cuidado Personal;02;100;GV. Ger. Reg. Occid.
2000088367;10003647;DISTRIBUIDORA SUJER, C.A;11001237;50001019;CHICCO BS GEL ANTIBACTERIAL (28x100ML);              1,000;CS;19.02.2026;20.02.2026 - 22:04:03;Ent. Nac. Pharsana;Zona Andina;JESUS A. MARQUEZ;1002066344;70;         57,12;USD;100023;HIGIENE PERSONAL;Chicco;PH-Gel Antibacterial;Cuidado Personal;02;100;GV. Ger. Reg. Occid.
2000088367;10003647;DISTRIBUIDORA SUJER, C.A;11001237;50001039;CHICCO BS JABON EN BARRA P/NIÑOS(30x90);              2,000;CS;19.02.2026;20.02.2026 - 22:04:03;Ent. Nac. Pharsana;Zona Andina;JESUS A. MARQUEZ;1002066344;80;        116,40;USD;100023;HIGIENE PERSONAL;Chicco;PH-Jabon en barra;Cuidado Personal;02;100;GV. Ger. Reg. Occid.
2000088367;10003647;DISTRIBUIDORA SUJER, C.A;11001237;50000965;CHICCO BS LOCION (10x200ML);              1,000;CS;19.02.2026;20.02.2026 - 22:04:03;Ent. Nac. Pharsana;Zona Andina;JESUS A. MARQUEZ;1002066344;90;         39,80;USD;100023;HIGIENE PERSONAL;Chicco;PH-Loción;Cuidado Personal;02;100;GV. Ger. Reg. Occid.
2000088367;10003647;DISTRIBUIDORA SUJER, C.A;11001237;50001025;CHICCO BS MOTAS DE ALGODON (12x100UN);              1,000;CS;19.02.2026;20.02.2026 - 22:04:03;Ent. Nac. Pharsana;Zona Andina;JESUS A. MARQUEZ;1002066344;100;         48,84;USD;100023;ALGODONES PT;Chicco;PH-Motas De Algodón;Cuidado Personal;02;100;GV. Ger. Reg. Occid.
2000088367;10003647;DISTRIBUIDORA SUJER, C.A;11001237;50001045;CHICCO BS TALCO (24x100G);              3,000;CS;19.02.2026;20.02.2026 - 22:04:03;Ent. Nac. Pharsana;Zona Andina;JESUS A. MARQUEZ;1002066344;110;        215,28;USD;100023;HIGIENE PERSONAL;Chicco;PH-Talco;Cuidado Personal;02;100;GV. Ger. Reg. Occid.
2000088367;10003647;DISTRIBUIDORA SUJER, C.A;11001237;50000969;CHICCO BS TALCO (24x200G);              1,000;CS;19.02.2026;20.02.2026 - 22:04:03;Ent. Nac. Pharsana;Zona Andina;JESUS A. MARQUEZ;1002066344;120;        127,20;USD;100023;HIGIENE PERSONAL;Chicco;PH-Talco;Cuidado Personal;02;100;GV. Ger. Reg. Occid.
2000088367;10003647;DISTRIBUIDORA SUJER, C.A;11001237;50001046;CHICCO BS ACEITE CREMOSO (28x100ML);              1,000;CS;19.02.2026;20.02.2026 - 22:04:03;Ent. Nac. Pharsana;Zona Andina;JESUS A. MARQUEZ;1002066344;130;         53,48;USD;100023;HIGIENE PERSONAL;Chicco;PH-Aceite;Cuidado Personal;02;100;GV. Ger. Reg. Occid.
2000088367;10003647;DISTRIBUIDORA SUJER, C.A;11001237;50001020;CHICCO BS LOCION (28x100ML);              1,000;CS;19.02.2026;20.02.2026 - 22:04:03;Ent. Nac. Pharsana;Zona Andina;JESUS A. MARQUEZ;1002066344;140;         65,52;USD;100023;HIGIENE PERSONAL;Chicco;PH-Loción;Cuidado Personal;02;100;GV. Ger. Reg. Occid.
2000088367;10003647;DISTRIBUIDORA SUJER, C.A;11001237;50001084;CHICCO BS TH ORIGINAL (48x24UN);              2,000;CS;19.02.2026;20.02.2026 - 22:04:03;Ent. Nac. Pharsana;Zona Andina;JESUS A. MARQUEZ;1002066344;150;         98,88;USD;100023;TOALLAS HUMEDAS;Chicco;PH-TH Travel Pack;Cuidado Personal;02;100;GV. Ger. Reg. Occid.
2000088367;10003647;DISTRIBUIDORA SUJER, C.A;11001237;50001012;CHICCO BS ACEITE (28x100ML);              1,000;CS;19.02.2026;20.02.2026 - 22:04:03;Ent. Nac. Pharsana;Zona Andina;JESUS A. MARQUEZ;1002066344;160;         92,68;USD;100023;HIGIENE PERSONAL;Chicco;PH-Aceite;Cuidado Personal;02;100;GV. Ger. Reg. Occid.
2000088367;10003647;DISTRIBUIDORA SUJER, C.A;11001237;50001021;SECUREZZA POST PARTO (12X15UN);              2,000;PAK;19.02.2026;20.02.2026 - 22:04:03;Ent. Nac. Pharsana;Zona Andina;JESUS A. MARQUEZ;1002066344;170;         64,80;USD;100023;INCONTINENCIA;Securezza;PH-Toalla Post-Parto;Absorbentes;02;100;GV. Ger. Reg. Occid.
2000088369;10003647;DISTRIBUIDORA SUJER, C.A;11001237;50000993;CHICCO PAÑAL DE NIÑO XG REG (8X20UN);             10,000;PAK;19.02.2026;20.02.2026 - 22:04:03;Ent. Nac. Pharsana;Zona Andina;JESUS A. MARQUEZ;1002066346;10;        480,00;USD;100023;ABSORBENTES NIÑOS;Chicco;PH-Pañal Anatóm. T3;Absorbentes;02;100;GV. Ger. Reg. Occid.
2000088369;10003647;DISTRIBUIDORA SUJER, C.A;11001237;50001139;CHICCO PAÑAL DE NIÑO XXG REG (8X20UN);             10,000;PAK;19.02.2026;20.02.2026 - 22:04:03;Ent. Nac. Pharsana;Zona Andina;JESUS A. MARQUEZ;1002066346;20;        480,00;USD;100023;ABSORBENTES NIÑOS;Chicco;PH-Pañal Anatóm. T3;Absorbentes;02;100;GV. Ger. Reg. Occid.
2000088369;10003647;DISTRIBUIDORA SUJER, C.A;11001237;50000899;AMY ACEITE PARA BEBES (10x220ML);              2,000;CS;19.02.2026;20.02.2026 - 22:04:03;Ent. Nac. Pharsana;Zona Andina;JESUS A. MARQUEZ;1002066346;30;         92,00;USD;100023;HIGIENE PERSONAL;Amy;PH-Aceite;Cuidado Personal;02;100;GV. Ger. Reg. Occid.
2000088369;10003647;DISTRIBUIDORA SUJER, C.A;11001237;50000532;AMY CHAMPU PARA BEBES (10x200ML);              2,000;CS;19.02.2026;20.02.2026 - 22:04:03;Ent. Nac. Pharsana;Zona Andina;JESUS A. MARQUEZ;1002066346;40;         56,20;USD;100023;HIGIENE PERSONAL;Amy;PH-Champú;Cuidado Personal;02;100;GV. Ger. Reg. Occid.
2000088369;10003647;DISTRIBUIDORA SUJER, C.A;11001237;50000902;AMY COLONIA PARA BEBES (10x220ML);              2,000;CS;19.02.2026;20.02.2026 - 22:04:03;Ent. Nac. Pharsana;Zona Andina;JESUS A. MARQUEZ;1002066346;50;         76,40;USD;100023;HIGIENE PERSONAL;Amy;PH-Colonia;Cuidado Personal;02;100;GV. Ger. Reg. Occid.
2000088369;10003647;DISTRIBUIDORA SUJER, C.A;11001237;50000443;AMY HISOPOS (48x60UN);              5,000;CS;19.02.2026;20.02.2026 - 22:04:03;Ent. Nac. Pharsana;Zona Andina;JESUS A. MARQUEZ;1002066346;60;        256,80;USD;100023;ALGODONES PT;Amy;PH-Hisopos;Cuidado Personal;02;100;GV. Ger. Reg. Occid.
2000088369;10003647;DISTRIBUIDORA SUJER, C.A;11001237;50000495;AMY LOCION PARA BEBES (10x200ML);              2,000;CS;19.02.2026;20.02.2026 - 22:04:03;Ent. Nac. Pharsana;Zona Andina;JESUS A. MARQUEZ;1002066346;70;         58,80;USD;100023;HIGIENE PERSONAL;Amy;PH-Loción;Cuidado Personal;02;100;GV. Ger. Reg. Occid.
2000088369;10003647;DISTRIBUIDORA SUJER, C.A;11001237;50001079;AMY SEC TH 99% AGUA (48x24UN);              2,000;CS;19.02.2026;20.02.2026 - 22:04:03;Ent. Nac. Pharsana;Zona Andina;JESUS A. MARQUEZ;1002066346;80;         72,00;USD;100023;TOALLAS HUMEDAS;Amy;PH-TH Travel Pack;Cuidado Personal;02;100;GV. Ger. Reg. Occid.
2000088369;10003647;DISTRIBUIDORA SUJER, C.A;11001237;50000957;SECUREZZA PROTECTOR DE CAMA (6X10UN);              1,000;PAK;19.02.2026;20.02.2026 - 22:04:03;Ent. Nac. Pharsana;Zona Andina;JESUS A. MARQUEZ;1002066346;90;         44,46;USD;100023;INCONTINENCIA;Securezza;PH-Protector de Cama;Absorbentes;02;100;GV. Ger. Reg. Occid.
2000088369;10003647;DISTRIBUIDORA SUJER, C.A;11001237;50001133;FRIENDS PD MANZANILLA (24X20UN);              5,000;PAK;19.02.2026;20.02.2026 - 22:04:03;Ent. Nac. Pharsana;Zona Andina;JESUS A. MARQUEZ;1002066346;110;        148,80;USD;100023;ABSORBENTES FEMENINA;Friends;PH-Protector Diario;Absorbentes;02;100;GV. Ger. Reg. Occid.
2000088369;10003647;DISTRIBUIDORA SUJER, C.A;11001237;50001067;FRIENDS TS NOCTURNA CON ALAS (36X10UN);              1,000;CS;19.02.2026;20.02.2026 - 22:04:03;Ent. Nac. Pharsana;Zona Andina;JESUS A. MARQUEZ;1002066346;120;         85,32;USD;100023;ABSORBENTES FEMENINA;Friends;PH-Toalla Sanitaria;Absorbentes;02;100;GV. Ger. Reg. Occid.
2000088369;10003647;DISTRIBUIDORA SUJER, C.A;11001237;50001111;FRIENDS TS NOCTURNA SIN ALAS (12x10UN);              5,000;PAK;19.02.2026;20.02.2026 - 22:04:03;Ent. Nac. Pharsana;Zona Andina;JESUS A. MARQUEZ;1002066346;130;        138,60;USD;100023;ABSORBENTES FEMENINA;Friends;PH-Toalla Sanitaria;Absorbentes;02;100;GV. Ger. Reg. Occid.
2000088369;10003647;DISTRIBUIDORA SUJER, C.A;11001237;50001066;FRIENDS TS ULTRADELGA (36X10UN);              1,000;CS;19.02.2026;20.02.2026 - 22:04:03;Ent. Nac. Pharsana;Zona Andina;JESUS A. MARQUEZ;1002066346;140;         54,36;USD;100023;ABSORBENTES FEMENINA;Friends;PH-Toalla Sanitaria;Absorbentes;02;100;GV. Ger. Reg. Occid.
2000088369;10003647;DISTRIBUIDORA SUJER, C.A;11001237;50001108;FRIENDS TS XTREME SEC REGULAR (12x14UN);              1,000;PAK;19.02.2026;20.02.2026 - 22:04:03;Ent. Nac. Pharsana;Zona Andina;JESUS A. MARQUEZ;1002066346;150;         26,52;USD;100023;ABSORBENTES FEMENINA;Friends;PH-Toalla Sanitaria;Absorbentes;02;100;GV. Ger. Reg. Occid.
2000088369;10003647;DISTRIBUIDORA SUJER, C.A;11001237;50001137;LADY FACE DISCOS DE ALGODON (24x80UN);              1,000;CS;19.02.2026;20.02.2026 - 22:04:03;Ent. Nac. Pharsana;Zona Andina;JESUS A. MARQUEZ;1002066346;160;         65,76;USD;100023;ALGODONES PT;Lady Face;PH-Cotton Round;Cuidado Personal;02;100;GV. Ger. Reg. Occid.
2000088369;10003647;DISTRIBUIDORA SUJER, C.A;11001237;50001051;CHICCO BS COTONCITO(12x300UN PAGA 200UN);              3,000;CS;19.02.2026;20.02.2026 - 22:04:03;Ent. Nac. Pharsana;Zona Andina;JESUS A. MARQUEZ;1002066346;170;        102,60;USD;100023;ALGODONES PT;Chicco;PH-Hisopos;Cuidado Personal;02;100;GV. Ger. Reg. Occid.
2000088369;10003647;DISTRIBUIDORA SUJER, C.A;11001237;50001048;SECUREZZA CLASSIC L (4X20UN) PROMOPACK;              2,000;PAK;19.02.2026;20.02.2026 - 22:04:03;Ent. Nac. Pharsana;Zona Andina;JESUS A. MARQUEZ;1002066346;180;        159,68;USD;100023;INCONTINENCIA;Securezza;PH-Protector Incont.;Absorbentes;02;100;GV. Ger. Reg. Occid.
2000088369;10003647;DISTRIBUIDORA SUJER, C.A;11001237;50001047;SECUREZZA CLASSIC M (4X20UN) PROMOPACK;              2,000;PAK;19.02.2026;20.02.2026 - 22:04:03;Ent. Nac. Pharsana;Zona Andina;JESUS A. MARQUEZ;1002066346;190;        135,28;USD;100023;INCONTINENCIA;Securezza;PH-Protector Incont.;Absorbentes;02;100;GV. Ger. Reg. Occid.
2000088369;10003647;DISTRIBUIDORA SUJER, C.A;11001237;50001050;SECUREZZA COMFORT L (4X20UN) PROMOPACK;              1,000;PAK;19.02.2026;20.02.2026 - 22:04:03;Ent. Nac. Pharsana;Zona Andina;JESUS A. MARQUEZ;1002066346;200;         86,08;USD;100023;INCONTINENCIA;Securezza;PH-Protector Incont.;Absorbentes;02;100;GV. Ger. Reg. Occid.
2000088369;10003647;DISTRIBUIDORA SUJER, C.A;11001237;50001049;SECUREZZA COMFORT M (4X20UN) PROMOPACK;              1,000;PAK;19.02.2026;20.02.2026 - 22:04:03;Ent. Nac. Pharsana;Zona Andina;JESUS A. MARQUEZ;1002066346;210;         73,04;USD;100023;INCONTINENCIA;Securezza;PH-Protector Incont.;Absorbentes;02;100;GV. Ger. Reg. Occid.
2000088369;10003647;DISTRIBUIDORA SUJER, C.A;11001237;50001169;FRIENDS PD LONG (24X20UN);              1,000;PAK;19.02.2026;20.02.2026 - 22:04:03;Ent. Nac. Pharsana;Zona Andina;JESUS A. MARQUEZ;1002066346;100;         29,76;USD;100023;ABSORBENTES FEMENINA;Friends;PH-Protector Diario;Absorbentes;02;100;GV. Ger. Reg. Occid.
2000088369;10003647;DISTRIBUIDORA SUJER, C.A;11001237;50001169;FRIENDS PD LONG (24X20UN);              4,000;PAK;19.02.2026;20.02.2026 - 22:04:03;Ent. Nac. Pharsana;Zona Andina;JESUS A. MARQUEZ;1002066346;100;        119,04;USD;100023;ABSORBENTES FEMENINA;Friends;PH-Protector Diario;Absorbentes;02;100;GV. Ger. Reg. Occid.
2000088370;10003647;DISTRIBUIDORA SUJER, C.A;11001237;50001056;LADY FACE TH PREVENIR ACNE (24x24UN);              1,000;CS;19.02.2026;20.02.2026 - 22:04:03;Ent. Nac. Pharsana;Zona Andina;JESUS A. MARQUEZ;1002066347;10;         29,76;USD;100023;TOALLAS HUMEDAS;Lady Face;PH-TH Travel Pack;Cuidado Personal;02;100;GV. Ger. Reg. Occid.
2000088371;10003647;DISTRIBUIDORA SUJER, C.A;11001237;50000517;AMY MOTAS DE ALGODON (12x50UN);              1,000;CS;19.02.2026;20.02.2026 - 22:04:03;Ent. Nac. Pharsana;Zona Andina;JESUS A. MARQUEZ;1002066348;10;         26,04;USD;100023;ALGODONES PT;Amy;PH-Motas De Algodón;Cuidado Personal;02;100;GV. Ger. Reg. Occid.
2000088371;10003647;DISTRIBUIDORA SUJER, C.A;11001237;50001072;AMY SEC TH 99% AGUA (20x48UN);              5,000;CS;19.02.2026;20.02.2026 - 22:04:03;Ent. Nac. Pharsana;Zona Andina;JESUS A. MARQUEZ;1002066348;20;        114,00;USD;100023;TOALLAS HUMEDAS;Amy;PH-TH Flow Pack;Cuidado Personal;02;100;GV. Ger. Reg. Occid.
2000088372;10003647;DISTRIBUIDORA SUJER, C.A;11001237;50001055;LADY FACE TH DESMAQUILLANTE (24x24UN);              2,000;CS;19.02.2026;20.02.2026 - 22:04:03;Ent. Nac. Pharsana;Zona Andina;JESUS A. MARQUEZ;1002066349;10;         53,76;USD;100023;TOALLAS HUMEDAS;Lady Face;PH-TH Travel Pack;Cuidado Personal;02;100;GV. Ger. Reg. Occid.
2000088372;10003647;DISTRIBUIDORA SUJER, C.A;11001237;50001134;FRIENDS PD REGULAR S/P PROMO (12X60UN);              5,000;PAK;19.02.2026;20.02.2026 - 22:04:03;Ent. Nac. Pharsana;Zona Andina;JESUS A. MARQUEZ;1002066349;20;        121,80;USD;100023;ABSORBENTES FEMENINA;Friends;PH-Protector Diario;Absorbentes;02;100;GV. Ger. Reg. Occid.
2000088379;10001503;AUTOMERCADO LICARCH II, C.A.;10001503;50001024;CHICCO BS COTONCITO (48x60UN);              1,000;CS;19.02.2026;20.02.2026 - 22:04:03;Ent. Nac. Pharsana;Zona Metropolitana;ADOLFO J. ROMERO;1002066356;10;         63,84;USD;100127;ALGODONES PT;Chicco;PH-Hisopos;Cuidado Personal;02;102;GV Ger. Reg. Capital
2000088379;10001503;AUTOMERCADO LICARCH II, C.A.;10001503;50001045;CHICCO BS TALCO (24x100G);              1,000;CS;19.02.2026;20.02.2026 - 22:04:03;Ent. Nac. Pharsana;Zona Metropolitana;ADOLFO J. ROMERO;1002066356;20;         80,88;USD;100127;HIGIENE PERSONAL;Chicco;PH-Talco;Cuidado Personal;02;102;GV Ger. Reg. Capital
2000088380;10001503;AUTOMERCADO LICARCH II, C.A.;10001503;50001109;FRIENDS TS TELA REGULAR (12x14UN);              1,000;PAK;19.02.2026;20.02.2026 - 22:04:03;Ent. Nac. Pharsana;Zona Metropolitana;ADOLFO J. ROMERO;1002066357;10;         30,00;USD;100127;ABSORBENTES FEMENINA;Friends;PH-Toalla Sanitaria;Absorbentes;02;102;GV Ger. Reg. Capital
2000088382;10000118;PLANSUAREZ, C.A.;11000624;50000981;SIEMPRE SECO PROTEC DE CAMA HB(4X20UN);             50,000;PAK;19.02.2026;20.02.2026 - 22:04:03;Ent. Nac. Pharsana;Zona Metropolitana;BETTINA Y. CALDERON;1002066359;10;      2.096,00;USD;100140;INCONTINENCIA;Siempre Seco;PH-Protector de Cama;Absorbentes;02;104;GV Ger. Reg. CClave
2000088383;10003331;ASIA FORTUNA,C.A;10003331;50000970;CHICCO BS COLONIA (10x220ML);              1,000;CS;19.02.2026;20.02.2026 - 22:04:03;Ent. Nac. Pharsana;Zona Oriente;TREICY C. ROCA;1002066360;10;         48,50;USD;100057;HIGIENE PERSONAL;Chicco;PH-Colonia;Cuidado Personal;02;101;GV Ger. Reg. Oriente
2000088384;10003331;ASIA FORTUNA,C.A;10003331;50001079;AMY SEC TH 99% AGUA (48x24UN);              1,000;CS;19.02.2026;20.02.2026 - 22:04:03;Ent. Nac. Pharsana;Zona Oriente;TREICY C. ROCA;1002066361;10;         36,00;USD;100057;TOALLAS HUMEDAS;Amy;PH-TH Travel Pack;Cuidado Personal;02;101;GV Ger. Reg. Oriente
2000088384;10003331;ASIA FORTUNA,C.A;10003331;50001072;AMY SEC TH 99% AGUA (20x48UN);              1,000;CS;19.02.2026;20.02.2026 - 22:04:03;Ent. Nac. Pharsana;Zona Oriente;TREICY C. ROCA;1002066361;20;         22,80;USD;100057;TOALLAS HUMEDAS;Amy;PH-TH Flow Pack;Cuidado Personal;02;101;GV Ger. Reg. Oriente
2000088384;10003331;ASIA FORTUNA,C.A;10003331;50000569;ACTIVA SEC PERDIDAS ABUNDANTES (12X10UN);              1,000;PAK;19.02.2026;20.02.2026 - 22:04:03;Ent. Nac. Pharsana;Zona Oriente;TREICY C. ROCA;1002066361;30;         16,56;USD;100057;INCONTINENCIA;Activa;PH-Toalla Incontinen;Absorbentes;02;101;GV Ger. Reg. Oriente
2000088385;10000547;COMERCIAL SONRIE A LA VIDA, C.A;10000547;50000990;CHICCO PAÑAL DE NIÑO M REG (8X20UN);              1,000;PAK;19.02.2026;20.02.2026 - 22:04:03;Ent. Nac. Pharsana;Zona Oriente;TREICY C. ROCA;1002066362;10;         48,80;USD;100057;ABSORBENTES NIÑOS;Chicco;PH-Pañal Anatóm. T3;Absorbentes;02;101;GV Ger. Reg. Oriente
2000088385;10000547;COMERCIAL SONRIE A LA VIDA, C.A;10000547;50000992;CHICCO PAÑAL DE NIÑO G REG (8X20UN);              2,000;PAK;19.02.2026;20.02.2026 - 22:04:03;Ent. Nac. Pharsana;Zona Oriente;TREICY C. ROCA;1002066362;20;        105,12;USD;100057;ABSORBENTES NIÑOS;Chicco;PH-Pañal Anatóm. T3;Absorbentes;02;101;GV Ger. Reg. Oriente
2000088385;10000547;COMERCIAL SONRIE A LA VIDA, C.A;10000547;50000993;CHICCO PAÑAL DE NIÑO XG REG (8X20UN);              2,000;PAK;19.02.2026;20.02.2026 - 22:04:03;Ent. Nac. Pharsana;Zona Oriente;TREICY C. ROCA;1002066362;30;        108,32;USD;100057;ABSORBENTES NIÑOS;Chicco;PH-Pañal Anatóm. T3;Absorbentes;02;101;GV Ger. Reg. Oriente
2000088385;10000547;COMERCIAL SONRIE A LA VIDA, C.A;10000547;50001139;CHICCO PAÑAL DE NIÑO XXG REG (8X20UN);              1,000;PAK;19.02.2026;20.02.2026 - 22:04:03;Ent. Nac. Pharsana;Zona Oriente;TREICY C. ROCA;1002066362;40;         54,16;USD;100057;ABSORBENTES NIÑOS;Chicco;PH-Pañal Anatóm. T3;Absorbentes;02;101;GV Ger. Reg. Oriente
2000088385;10000547;COMERCIAL SONRIE A LA VIDA, C.A;10000547;50000902;AMY COLONIA PARA BEBES (10x220ML);              1,000;CS;19.02.2026;20.02.2026 - 22:04:03;Ent. Nac. Pharsana;Zona Oriente;TREICY C. ROCA;1002066362;50;         43,10;USD;100057;HIGIENE PERSONAL;Amy;PH-Colonia;Cuidado Personal;02;101;GV Ger. Reg. Oriente
2000088386;10000547;COMERCIAL SONRIE A LA VIDA, C.A;10000547;50001023;CHICCO BS COTONCITO (32x100UN);              1,000;CS;19.02.2026;20.02.2026 - 22:04:03;Ent. Nac. Pharsana;Zona Oriente;TREICY C. ROCA;1002066363;10;         48,32;USD;100057;ALGODONES PT;Chicco;PH-Hisopos;Cuidado Personal;02;101;GV Ger. Reg. Oriente
2000088386;10000547;COMERCIAL SONRIE A LA VIDA, C.A;10000547;50001024;CHICCO BS COTONCITO (48x60UN);              1,000;CS;19.02.2026;20.02.2026 - 22:04:03;Ent. Nac. Pharsana;Zona Oriente;TREICY C. ROCA;1002066363;20;         63,84;USD;100057;ALGODONES PT;Chicco;PH-Hisopos;Cuidado Personal;02;101;GV Ger. Reg. Oriente
2000088386;10000547;COMERCIAL SONRIE A LA VIDA, C.A;10000547;50001039;CHICCO BS JABON EN BARRA P/NIÑOS(30x90);              1,000;CS;19.02.2026;20.02.2026 - 22:04:03;Ent. Nac. Pharsana;Zona Oriente;TREICY C. ROCA;1002066363;30;         65,70;USD;100057;HIGIENE PERSONAL;Chicco;PH-Jabon en barra;Cuidado Personal;02;101;GV Ger. Reg. Oriente
2000088387;10000118;PLANSUAREZ, C.A.;11000624;50000921;SECUREZZA COMFORT M REG (6x6UN);             20,000;PAK;19.02.2026;20.02.2026 - 22:04:03;Ent. Nac. Pharsana;Zona Metropolitana;BETTINA Y. CALDERON;1002066364;10;        822,00;USD;100140;INCONTINENCIA;Securezza;PH-Protector Incont.;Absorbentes;02;104;GV Ger. Reg. CClave
2000088387;10000118;PLANSUAREZ, C.A.;11000624;50000922;SECUREZZA COMFORT L REG (6x6UN);             20,000;PAK;19.02.2026;20.02.2026 - 22:04:03;Ent. Nac. Pharsana;Zona Metropolitana;BETTINA Y. CALDERON;1002066364;20;        968,40;USD;100140;INCONTINENCIA;Securezza;PH-Protector Incont.;Absorbentes;02;104;GV Ger. Reg. CClave
2000088389;10002438;INVERSIONES ARTILAMPLAST 7, C.A.;10002438;50000986;CHICCO BS CHAMPU CABELLOOSCURO(10x200ML);              1,000;CS;20.02.2026;20.02.2026 - 22:04:03;Ent. Nac. Pharsana;Zona Metropolitana;TULIO R. PUENTES;1002066009;10;         42,30;USD;100012;HIGIENE PERSONAL;Chicco;PH-Champú;Cuidado Personal;02;102;GV Ger. Reg. Capital
2000088389;10002438;INVERSIONES ARTILAMPLAST 7, C.A.;10002438;50001102;CHICCO BS CHAMPU CABELLOOSCURO(10x400ML);              1,000;CS;20.02.2026;20.02.2026 - 22:04:03;Ent. Nac. Pharsana;Zona Metropolitana;TULIO R. PUENTES;1002066009;20;         75,90;USD;100012;HIGIENE PERSONAL;Chicco;PH-Champú;Cuidado Personal;02;102;GV Ger. Reg. Capital
2000088389;10002438;INVERSIONES ARTILAMPLAST 7, C.A.;10002438;50001015;CHICCO BS CHAMPU CABELLO CLARO(28x100ML);              2,000;CS;20.02.2026;20.02.2026 - 22:04:03;Ent. Nac. Pharsana;Zona Metropolitana;TULIO R. PUENTES;1002066009;30;        137,20;USD;100012;HIGIENE PERSONAL;Chicco;PH-Champú;Cuidado Personal;02;102;GV Ger. Reg. Capital
2000088389;10002438;INVERSIONES ARTILAMPLAST 7, C.A.;10002438;50001016;CHICCO BS CHAMPU CABELLONORMAL(28x100ML);              2,000;CS;20.02.2026;20.02.2026 - 22:04:03;Ent. Nac. Pharsana;Zona Metropolitana;TULIO R. PUENTES;1002066009;40;        137,20;USD;100012;HIGIENE PERSONAL;Chicco;PH-Champú;Cuidado Personal;02;102;GV Ger. Reg. Capital
2000088389;10002438;INVERSIONES ARTILAMPLAST 7, C.A.;10002438;50000963;CHICCO BS CHAMPU CABELLONORMAL(10x200ML);              2,000;CS;20.02.2026;20.02.2026 - 22:04:03;Ent. Nac. Pharsana;Zona Metropolitana;TULIO R. PUENTES;1002066009;50;         84,60;USD;100012;HIGIENE PERSONAL;Chicco;PH-Champú;Cuidado Personal;02;102;GV Ger. Reg. Capital
2000088389;10002438;INVERSIONES ARTILAMPLAST 7, C.A.;10002438;50001009;CHICCO BS CHAMPU CABELLOOSCURO(28x100ML);              1,000;CS;20.02.2026;20.02.2026 - 22:04:03;Ent. Nac. Pharsana;Zona Metropolitana;TULIO R. PUENTES;1002066009;60;         68,60;USD;100012;HIGIENE PERSONAL;Chicco;PH-Champú;Cuidado Personal;02;102;GV Ger. Reg. Capital
2000088390;10002742;DIFARVEN, S.A.;10002742;50000963;CHICCO BS CHAMPU CABELLONORMAL(10x200ML);             10,000;CS;20.02.2026;20.02.2026 - 22:04:03;Ent. Nac. Pharsana;Zona Oriente Sur;DANIELA A. RODRIGUEZ;1002066215;10;        423,00;USD;100131;HIGIENE PERSONAL;Chicco;PH-Champú;Cuidado Personal;02;101;GV Ger. Reg. Oriente
2000088390;10002742;DIFARVEN, S.A.;10002742;50000981;SIEMPRE SECO PROTEC DE CAMA HB(4X20UN);             10,000;PAK;20.02.2026;20.02.2026 - 22:04:03;Ent. Nac. Pharsana;Zona Oriente Sur;DANIELA A. RODRIGUEZ;1002066215;20;        454,40;USD;100131;INCONTINENCIA;Siempre Seco;PH-Protector de Cama;Absorbentes;02;101;GV Ger. Reg. Oriente
2000088390;10002742;DIFARVEN, S.A.;10002742;50000639;SIEMPRE SECO BASICO M (6X6UN);              1,000;PAK;20.02.2026;20.02.2026 - 22:04:03;Ent. Nac. Pharsana;Zona Oriente Sur;DANIELA A. RODRIGUEZ;1002066215;30;         32,76;USD;100131;INCONTINENCIA;Siempre Seco;PH-Protector Incont.;Absorbentes;02;101;GV Ger. Reg. Oriente
2000088390;10002742;DIFARVEN, S.A.;10002742;50000640;SIEMPRE SECO BASICO G (6X6UN);             15,000;PAK;20.02.2026;20.02.2026 - 22:04:03;Ent. Nac. Pharsana;Zona Oriente Sur;DANIELA A. RODRIGUEZ;1002066215;40;        542,70;USD;100131;INCONTINENCIA;Siempre Seco;PH-Protector Incont.;Absorbentes;02;101;GV Ger. Reg. Oriente
2000088391;10002742;DIFARVEN, S.A.;10002742;50001072;AMY SEC TH 99% AGUA (20x48UN);             20,000;CS;20.02.2026;20.02.2026 - 22:04:03;Ent. Nac. Pharsana;Zona Oriente Sur;DANIELA A. RODRIGUEZ;1002066216;10;        496,00;USD;100131;TOALLAS HUMEDAS;Amy;PH-TH Flow Pack;Cuidado Personal;02;101;GV Ger. Reg. Oriente
2000088392;10003550;FARMACIA LA ENTRADA RIO ARRIBA, C.A;10003550;50001111;FRIENDS TS NOCTURNA SIN ALAS (12x10UN);              1,000;PAK;20.02.2026;20.02.2026 - 22:04:03;Ent. Nac. Pharsana;Zona Centro;MERY S. MOSES;1002066338;10;         27,72;USD;100082;ABSORBENTES FEMENINA;Friends;PH-Toalla Sanitaria;Absorbentes;02;10C;GV Ger. Reg. Ce.LLan
2000088392;10003550;FARMACIA LA ENTRADA RIO ARRIBA, C.A;10003550;50001057;FRIENDS TH INTIMA (24x24UN);              1,000;CS;20.02.2026;20.02.2026 - 22:04:03;Ent. Nac. Pharsana;Zona Centro;MERY S. MOSES;1002066338;20;         27,60;USD;100082;TOALLAS HUMEDAS;Friends;PH-TH Travel Pack;Cuidado Personal;02;10C;GV Ger. Reg. Ce.LLan
2000088393;10003055;DISTRIBUIDORA ALEMAR C.A.,;10003055;50001079;AMY SEC TH 99% AGUA (48x24UN);              3,000;CS;20.02.2026;20.02.2026 - 22:04:03;Ent. Nac. Pharsana;Zona Centro;MARIA C. RONDON;1002066366;10;        118,08;USD;100109;TOALLAS HUMEDAS;Amy;PH-TH Travel Pack;Cuidado Personal;02;10B;GV Ger. Reg. Cen.Occ
2000088393;10003055;DISTRIBUIDORA ALEMAR C.A.,;10003055;50001110;FRIENDS PD MANZANILLA (12X40UN);              1,000;PAK;20.02.2026;20.02.2026 - 22:04:03;Ent. Nac. Pharsana;Zona Centro;MARIA C. RONDON;1002066366;20;         33,12;USD;100109;ABSORBENTES FEMENINA;Friends;PH-Protector Diario;Absorbentes;02;10B;GV Ger. Reg. Cen.Occ
2000088393;10003055;DISTRIBUIDORA ALEMAR C.A.,;10003055;50001111;FRIENDS TS NOCTURNA SIN ALAS (12x10UN);              2,000;PAK;20.02.2026;20.02.2026 - 22:04:03;Ent. Nac. Pharsana;Zona Centro;MARIA C. RONDON;1002066366;30;         60,00;USD;100109;ABSORBENTES FEMENINA;Friends;PH-Toalla Sanitaria;Absorbentes;02;10B;GV Ger. Reg. Cen.Occ
2000088394;10003740;INVERSIONES SOLO MIO 88, C.A.;10003740;50001011;CHICCO BS COLONIA (28x100ML);              1,000;CS;20.02.2026;20.02.2026 - 22:04:03;Ent. Nac. Pharsana;Zona Metropolitana;ADOLFO J. ROMERO;1002066367;10;         84,00;USD;100127;HIGIENE PERSONAL;Chicco;PH-Colonia;Cuidado Personal;02;102;GV Ger. Reg. Capital
2000088394;10003740;INVERSIONES SOLO MIO 88, C.A.;10003740;50000970;CHICCO BS COLONIA (10x220ML);              2,000;CS;20.02.2026;20.02.2026 - 22:04:03;Ent. Nac. Pharsana;Zona Metropolitana;ADOLFO J. ROMERO;1002066367;20;        109,40;USD;100127;HIGIENE PERSONAL;Chicco;PH-Colonia;Cuidado Personal;02;102;GV Ger. Reg. Capital
2000088394;10003740;INVERSIONES SOLO MIO 88, C.A.;10003740;50001021;SECUREZZA POST PARTO (12X15UN);              2,000;PAK;20.02.2026;20.02.2026 - 22:04:03;Ent. Nac. Pharsana;Zona Metropolitana;ADOLFO J. ROMERO;1002066367;30;         73,20;USD;100127;INCONTINENCIA;Securezza;PH-Toalla Post-Parto;Absorbentes;02;102;GV Ger. Reg. Capital
2000088394;10003740;INVERSIONES SOLO MIO 88, C.A.;10003740;50000975;CHICCO BS TH ORIGINAL (20x48UN);              1,000;CS;20.02.2026;20.02.2026 - 22:04:03;Ent. Nac. Pharsana;Zona Metropolitana;ADOLFO J. ROMERO;1002066367;40;         39,60;USD;100127;TOALLAS HUMEDAS;Chicco;PH-TH Flow Pack;Cuidado Personal;02;102;GV Ger. Reg. Capital
2000088395;10002517;SUPERCENTER 168, C.A;10002517;50001011;CHICCO BS COLONIA (28x100ML);              5,000;CS;20.02.2026;20.02.2026 - 22:04:03;Ent. Nac. Pharsana;Zona Centro;MERY S. MOSES;1002066368;10;        403,20;USD;100082;HIGIENE PERSONAL;Chicco;PH-Colonia;Cuidado Personal;02;10C;GV Ger. Reg. Ce.LLan
2000088395;10002517;SUPERCENTER 168, C.A;10002517;50000970;CHICCO BS COLONIA (10x220ML);              5,000;CS;20.02.2026;20.02.2026 - 22:04:03;Ent. Nac. Pharsana;Zona Centro;MERY S. MOSES;1002066368;20;        263,00;USD;100082;HIGIENE PERSONAL;Chicco;PH-Colonia;Cuidado Personal;02;10C;GV Ger. Reg. Ce.LLan
2000088396;10003158;LIQIN CEN (COMERCIAL FENG F.P);10003158;50000974;CHICCO BS TH ORIGINAL (24x72UN);              1,000;CS;20.02.2026;20.02.2026 - 22:04:03;Ent. Nac. Pharsana;Zona Oriente;ERIS R PEÑA;1002066371;10;         68,40;USD;100112;TOALLAS HUMEDAS;Chicco;PH-TH Flow Pack;Cuidado Personal;02;101;GV Ger. Reg. Oriente
2000088396;10003158;LIQIN CEN (COMERCIAL FENG F.P);10003158;50000975;CHICCO BS TH ORIGINAL (20x48UN);              1,000;CS;20.02.2026;20.02.2026 - 22:04:03;Ent. Nac. Pharsana;Zona Oriente;ERIS R PEÑA;1002066371;20;         39,60;USD;100112;TOALLAS HUMEDAS;Chicco;PH-TH Flow Pack;Cuidado Personal;02;101;GV Ger. Reg. Oriente
2000088396;10003158;LIQIN CEN (COMERCIAL FENG F.P);10003158;50001084;CHICCO BS TH ORIGINAL (48x24UN);              1,000;CS;20.02.2026;20.02.2026 - 22:04:03;Ent. Nac. Pharsana;Zona Oriente;ERIS R PEÑA;1002066371;30;         55,68;USD;100112;TOALLAS HUMEDAS;Chicco;PH-TH Travel Pack;Cuidado Personal;02;101;GV Ger. Reg. Oriente
2000088396;10003158;LIQIN CEN (COMERCIAL FENG F.P);10003158;50001012;CHICCO BS ACEITE (28x100ML);              1,000;CS;20.02.2026;20.02.2026 - 22:04:03;Ent. Nac. Pharsana;Zona Oriente;ERIS R PEÑA;1002066371;40;        104,44;USD;100112;HIGIENE PERSONAL;Chicco;PH-Aceite;Cuidado Personal;02;101;GV Ger. Reg. Oriente
2000088396;10003158;LIQIN CEN (COMERCIAL FENG F.P);10003158;50001011;CHICCO BS COLONIA (28x100ML);              1,000;CS;20.02.2026;20.02.2026 - 22:04:03;Ent. Nac. Pharsana;Zona Oriente;ERIS R PEÑA;1002066371;50;         84,00;USD;100112;HIGIENE PERSONAL;Chicco;PH-Colonia;Cuidado Personal;02;101;GV Ger. Reg. Oriente
2000088397;10003158;LIQIN CEN (COMERCIAL FENG F.P);10003158;50001079;AMY SEC TH 99% AGUA (48x24UN);              1,000;CS;20.02.2026;20.02.2026 - 22:04:03;Ent. Nac. Pharsana;Zona Oriente;ERIS R PEÑA;1002066372;10;         40,80;USD;100112;TOALLAS HUMEDAS;Amy;PH-TH Travel Pack;Cuidado Personal;02;101;GV Ger. Reg. Oriente
2000088397;10003158;LIQIN CEN (COMERCIAL FENG F.P);10003158;50001005;AMY SEC TH MANZANILLA P/BEBES (24x72UN);              1,000;CS;20.02.2026;20.02.2026 - 22:04:03;Ent. Nac. Pharsana;Zona Oriente;ERIS R PEÑA;1002066372;20;         46,08;USD;100112;TOALLAS HUMEDAS;Amy;PH-TH Flow Pack;Cuidado Personal;02;101;GV Ger. Reg. Oriente
2000088397;10003158;LIQIN CEN (COMERCIAL FENG F.P);10003158;50001066;FRIENDS TS ULTRADELGA (36X10UN);              1,000;CS;20.02.2026;20.02.2026 - 22:04:03;Ent. Nac. Pharsana;Zona Oriente;ERIS R PEÑA;1002066372;30;         61,20;USD;100112;ABSORBENTES FEMENINA;Friends;PH-Toalla Sanitaria;Absorbentes;02;101;GV Ger. Reg. Oriente
2000088397;10003158;LIQIN CEN (COMERCIAL FENG F.P);10003158;50001067;FRIENDS TS NOCTURNA CON ALAS (36X10UN);              1,000;CS;20.02.2026;20.02.2026 - 22:04:03;Ent. Nac. Pharsana;Zona Oriente;ERIS R PEÑA;1002066372;40;         96,48;USD;100112;ABSORBENTES FEMENINA;Friends;PH-Toalla Sanitaria;Absorbentes;02;101;GV Ger. Reg. Oriente
2000088398;10003158;LIQIN CEN (COMERCIAL FENG F.P);10003158;50001072;AMY SEC TH 99% AGUA (20x48UN);              1,000;CS;20.02.2026;20.02.2026 - 22:04:03;Ent. Nac. Pharsana;Zona Oriente;ERIS R PEÑA;1002066373;10;         25,80;USD;100112;TOALLAS HUMEDAS;Amy;PH-TH Flow Pack;Cuidado Personal;02;101;GV Ger. Reg. Oriente
2000088399;10002611;COMERCIAL CASA MIRANDA, C.A;10002611;50000981;SIEMPRE SECO PROTEC DE CAMA HB(4X20UN);              1,000;PAK;20.02.2026;20.02.2026 - 22:04:03;Ent. Nac. Pharsana;Zona Centro;JORGE E. ASSAL;1002066374;10;         47,28;USD;100133;INCONTINENCIA;Siempre Seco;PH-Protector de Cama;Absorbentes;02;10C;GV Ger. Reg. Ce.LLan
2000088399;10002611;COMERCIAL CASA MIRANDA, C.A;10002611;50000632;SECUREZZA POST PARTO PREMIUM (12X10UN);              1,000;PAK;20.02.2026;20.02.2026 - 22:04:03;Ent. Nac. Pharsana;Zona Centro;JORGE E. ASSAL;1002066374;20;         30,24;USD;100133;INCONTINENCIA;Securezza;PH-Toalla Post-Parto;Absorbentes;02;10C;GV Ger. Reg. Ce.LLan
2000088400;10002165;COMERCIAL POPULAR, C. A.;10002165;50001021;SECUREZZA POST PARTO (12X15UN);              4,000;PAK;20.02.2026;20.02.2026 - 22:04:03;Ent. Nac. Pharsana;Zona Centro;JORGE E. ASSAL;1002066375;10;        146,40;USD;100133;INCONTINENCIA;Securezza;PH-Toalla Post-Parto;Absorbentes;02;10C;GV Ger. Reg. Ce.LLan
2000088401;10002286;FESTIMAGIC C.A;10002286;50001011;CHICCO BS COLONIA (28x100ML);              1,000;CS;20.02.2026;20.02.2026 - 22:04:03;Ent. Nac. Pharsana;Zona Centro;JORGE E. ASSAL;1002066376;10;         84,00;USD;100133;HIGIENE PERSONAL;Chicco;PH-Colonia;Cuidado Personal;02;10C;GV Ger. Reg. Ce.LLan
2000088401;10002286;FESTIMAGIC C.A;10002286;50000970;CHICCO BS COLONIA (10x220ML);              1,000;CS;20.02.2026;20.02.2026 - 22:04:03;Ent. Nac. Pharsana;Zona Centro;JORGE E. ASSAL;1002066376;20;         54,70;USD;100133;HIGIENE PERSONAL;Chicco;PH-Colonia;Cuidado Personal;02;10C;GV Ger. Reg. Ce.LLan
2000088402;10001329;DIADEMAS UNIDAS 2016, C.A.;10001329;50000970;CHICCO BS COLONIA (10x220ML);              1,000;CS;20.02.2026;20.02.2026 - 22:04:03;Ent. Nac. Pharsana;Zona Centro;JORGE E. ASSAL;1002066377;10;         48,50;USD;100133;HIGIENE PERSONAL;Chicco;PH-Colonia;Cuidado Personal;02;10C;GV Ger. Reg. Ce.LLan
2000088402;10001329;DIADEMAS UNIDAS 2016, C.A.;10001329;50000639;SIEMPRE SECO BASICO M (6X6UN);              4,000;PAK;20.02.2026;20.02.2026 - 22:04:03;Ent. Nac. Pharsana;Zona Centro;JORGE E. ASSAL;1002066377;20;        120,72;USD;100133;INCONTINENCIA;Siempre Seco;PH-Protector Incont.;Absorbentes;02;10C;GV Ger. Reg. Ce.LLan
2000088402;10001329;DIADEMAS UNIDAS 2016, C.A.;10001329;50001023;CHICCO BS COTONCITO (32x100UN);              1,000;CS;20.02.2026;20.02.2026 - 22:04:03;Ent. Nac. Pharsana;Zona Centro;JORGE E. ASSAL;1002066377;30;         42,88;USD;100133;ALGODONES PT;Chicco;PH-Hisopos;Cuidado Personal;02;10C;GV Ger. Reg. Ce.LLan
2000088403;10003468;MARIA ALEJANDRA CASTELLANOS BORJA;10003468;50001019;CHICCO BS GEL ANTIBACTERIAL (28x100ML);              2,000;CS;20.02.2026;20.02.2026 - 22:04:03;Ent. Nac. Pharsana;Zona Occidente;PEDRO A. COLMENARES;1002066378;20;        124,32;USD;100026;HIGIENE PERSONAL;Chicco;PH-Gel Antibacterial;Cuidado Personal;02;100;GV. Ger. Reg. Occid.
2000088403;10003468;MARIA ALEJANDRA CASTELLANOS BORJA;10003468;50000969;CHICCO BS TALCO (24x200G);              3,000;CS;20.02.2026;20.02.2026 - 22:04:03;Ent. Nac. Pharsana;Zona Occidente;PEDRO A. COLMENARES;1002066378;10;        413,28;USD;100026;HIGIENE PERSONAL;Chicco;PH-Talco;Cuidado Personal;02;100;GV. Ger. Reg. Occid.
2000088403;10003468;MARIA ALEJANDRA CASTELLANOS BORJA;10003468;50000969;CHICCO BS TALCO (24x200G);              2,000;CS;20.02.2026;20.02.2026 - 22:04:03;Ent. Nac. Pharsana;Zona Occidente;PEDRO A. COLMENARES;1002066378;10;        275,52;USD;100026;HIGIENE PERSONAL;Chicco;PH-Talco;Cuidado Personal;02;100;GV. Ger. Reg. Occid.
2000088404;10001329;DIADEMAS UNIDAS 2016, C.A.;10001329;50000443;AMY HISOPOS (48x60UN);              1,000;CS;20.02.2026;20.02.2026 - 22:04:03;Ent. Nac. Pharsana;Zona Centro;JORGE E. ASSAL;1002066379;10;         51,36;USD;100133;ALGODONES PT;Amy;PH-Hisopos;Cuidado Personal;02;10C;GV Ger. Reg. Ce.LLan
2000088404;10001329;DIADEMAS UNIDAS 2016, C.A.;10001329;50001079;AMY SEC TH 99% AGUA (48x24UN);              1,000;CS;20.02.2026;20.02.2026 - 22:04:03;Ent. Nac. Pharsana;Zona Centro;JORGE E. ASSAL;1002066379;20;         36,00;USD;100133;TOALLAS HUMEDAS;Amy;PH-TH Travel Pack;Cuidado Personal;02;10C;GV Ger. Reg. Ce.LLan
2000088405;10002813;QUINCALLA HERMANOS CINCO, C.A.;10002813;50001011;CHICCO BS COLONIA (28x100ML);              1,000;CS;20.02.2026;20.02.2026 - 22:04:03;Ent. Nac. Pharsana;Zona Metropolitana;ADOLFO J. ROMERO;1002066380;10;         84,00;USD;100127;HIGIENE PERSONAL;Chicco;PH-Colonia;Cuidado Personal;02;102;GV Ger. Reg. Capital
2000088405;10002813;QUINCALLA HERMANOS CINCO, C.A.;10002813;50000970;CHICCO BS COLONIA (10x220ML);              1,000;CS;20.02.2026;20.02.2026 - 22:04:03;Ent. Nac. Pharsana;Zona Metropolitana;ADOLFO J. ROMERO;1002066380;20;         54,70;USD;100127;HIGIENE PERSONAL;Chicco;PH-Colonia;Cuidado Personal;02;102;GV Ger. Reg. Capital
2000088405;10002813;QUINCALLA HERMANOS CINCO, C.A.;10002813;50000975;CHICCO BS TH ORIGINAL (20x48UN);              1,000;CS;20.02.2026;20.02.2026 - 22:04:03;Ent. Nac. Pharsana;Zona Metropolitana;ADOLFO J. ROMERO;1002066380;30;         39,60;USD;100127;TOALLAS HUMEDAS;Chicco;PH-TH Flow Pack;Cuidado Personal;02;102;GV Ger. Reg. Capital
2000088405;10002813;QUINCALLA HERMANOS CINCO, C.A.;10002813;50001084;CHICCO BS TH ORIGINAL (48x24UN);              1,000;CS;20.02.2026;20.02.2026 - 22:04:03;Ent. Nac. Pharsana;Zona Metropolitana;ADOLFO J. ROMERO;1002066380;40;         55,68;USD;100127;TOALLAS HUMEDAS;Chicco;PH-TH Travel Pack;Cuidado Personal;02;102;GV Ger. Reg. Capital
2000088406;10002813;QUINCALLA HERMANOS CINCO, C.A.;10002813;50001057;FRIENDS TH INTIMA (24x24UN);              1,000;CS;20.02.2026;20.02.2026 - 22:04:03;Ent. Nac. Pharsana;Zona Metropolitana;ADOLFO J. ROMERO;1002066381;10;         31,20;USD;100127;TOALLAS HUMEDAS;Friends;PH-TH Travel Pack;Cuidado Personal;02;102;GV Ger. Reg. Capital
2000088407;10003707;ASIA TROPICAL, C.A;10003707;50000975;CHICCO BS TH ORIGINAL (20x48UN);              2,000;CS;20.02.2026;20.02.2026 - 22:04:03;Ent. Nac. Pharsana;Zona Metropolitana;ADOLFO J. ROMERO;1002066382;10;         76,40;USD;100127;TOALLAS HUMEDAS;Chicco;PH-TH Flow Pack;Cuidado Personal;02;102;GV Ger. Reg. Capital
2000088408;10003703;MARILYN LOPEZ JURADO;10003703;50000970;CHICCO BS COLONIA (10x220ML);              6,000;CS;20.02.2026;20.02.2026 - 22:04:03;Ent. Nac. Pharsana;Zona Andina;PEDRO A. COLMENARES;1002066385;10;        315,60;USD;100026;HIGIENE PERSONAL;Chicco;PH-Colonia;Cuidado Personal;02;100;GV. Ger. Reg. Occid.
2000088408;10003703;MARILYN LOPEZ JURADO;10003703;50001021;SECUREZZA POST PARTO (12X15UN);              1,000;PAK;20.02.2026;20.02.2026 - 22:04:03;Ent. Nac. Pharsana;Zona Andina;PEDRO A. COLMENARES;1002066385;20;         35,16;USD;100026;INCONTINENCIA;Securezza;PH-Toalla Post-Parto;Absorbentes;02;100;GV. Ger. Reg. Occid.
2000088408;10003703;MARILYN LOPEZ JURADO;10003703;50000632;SECUREZZA POST PARTO PREMIUM (12X10UN);              1,000;PAK;20.02.2026;20.02.2026 - 22:04:03;Ent. Nac. Pharsana;Zona Andina;PEDRO A. COLMENARES;1002066385;30;         29,16;USD;100026;INCONTINENCIA;Securezza;PH-Toalla Post-Parto;Absorbentes;02;100;GV. Ger. Reg. Occid.
2000088409;10003703;MARILYN LOPEZ JURADO;10003703;50000990;CHICCO PAÑAL DE NIÑO M REG (8X20UN);              7,000;PAK;20.02.2026;20.02.2026 - 22:04:03;Ent. Nac. Pharsana;Zona Andina;PEDRO A. COLMENARES;1002066386;10;        328,72;USD;100026;ABSORBENTES NIÑOS;Chicco;PH-Pañal Anatóm. T3;Absorbentes;02;100;GV. Ger. Reg. Occid.
2000088409;10003703;MARILYN LOPEZ JURADO;10003703;50000992;CHICCO PAÑAL DE NIÑO G REG (8X20UN);              7,000;PAK;20.02.2026;20.02.2026 - 22:04:03;Ent. Nac. Pharsana;Zona Andina;PEDRO A. COLMENARES;1002066386;20;        353,36;USD;100026;ABSORBENTES NIÑOS;Chicco;PH-Pañal Anatóm. T3;Absorbentes;02;100;GV. Ger. Reg. Occid.
2000088409;10003703;MARILYN LOPEZ JURADO;10003703;50000626;SECUREZZA CLASSIC M REG (6x6UN);              1,000;PAK;20.02.2026;20.02.2026 - 22:04:03;Ent. Nac. Pharsana;Zona Andina;PEDRO A. COLMENARES;1002066386;30;         41,28;USD;100026;INCONTINENCIA;Securezza;PH-Protector Incont.;Absorbentes;02;100;GV. Ger. Reg. Occid.
2000088409;10003703;MARILYN LOPEZ JURADO;10003703;50000627;SECUREZZA CLASSIC L REG (6x6UN);              1,000;PAK;20.02.2026;20.02.2026 - 22:04:03;Ent. Nac. Pharsana;Zona Andina;PEDRO A. COLMENARES;1002066386;40;         48,72;USD;100026;INCONTINENCIA;Securezza;PH-Protector Incont.;Absorbentes;02;100;GV. Ger. Reg. Occid.
2000088417;10003401;LA ESTRELLA ANDINA C.A.;10003401;50000971;CHICCO BS ACEITE (10x220ML);              2,000;CS;20.02.2026;20.02.2026 - 22:04:03;Ent. Nac. Pharsana;Zona Andina;JESUS A. MARQUEZ;1002066394;10;        114,40;USD;100023;HIGIENE PERSONAL;Chicco;PH-Aceite;Cuidado Personal;02;100;GV. Ger. Reg. Occid.
2000088417;10003401;LA ESTRELLA ANDINA C.A.;10003401;50001006;CHICCO BS ACEITE CREMOSO (10x200ML);              2,000;CS;20.02.2026;20.02.2026 - 22:04:03;Ent. Nac. Pharsana;Zona Andina;JESUS A. MARQUEZ;1002066394;20;         72,00;USD;100023;HIGIENE PERSONAL;Chicco;PH-Aceite;Cuidado Personal;02;100;GV. Ger. Reg. Occid.
2000088417;10003401;LA ESTRELLA ANDINA C.A.;10003401;50001101;CHICCO BS CHAMPU CABELLO CLARO(10x400ML);              1,000;CS;20.02.2026;20.02.2026 - 22:04:03;Ent. Nac. Pharsana;Zona Andina;JESUS A. MARQUEZ;1002066394;30;         70,00;USD;100023;HIGIENE PERSONAL;Chicco;PH-Champú;Cuidado Personal;02;100;GV. Ger. Reg. Occid.
2000088417;10003401;LA ESTRELLA ANDINA C.A.;10003401;50000963;CHICCO BS CHAMPU CABELLONORMAL(10x200ML);              2,000;CS;20.02.2026;20.02.2026 - 22:04:03;Ent. Nac. Pharsana;Zona Andina;JESUS A. MARQUEZ;1002066394;40;         78,00;USD;100023;HIGIENE PERSONAL;Chicco;PH-Champú;Cuidado Personal;02;100;GV. Ger. Reg. Occid.
2000088417;10003401;LA ESTRELLA ANDINA C.A.;10003401;50001100;CHICCO BS CHAMPU CABELLONORMAL(10x400ML);              1,000;CS;20.02.2026;20.02.2026 - 22:04:03;Ent. Nac. Pharsana;Zona Andina;JESUS A. MARQUEZ;1002066394;50;         70,00;USD;100023;HIGIENE PERSONAL;Chicco;PH-Champú;Cuidado Personal;02;100;GV. Ger. Reg. Occid.
2000088417;10003401;LA ESTRELLA ANDINA C.A.;10003401;50000986;CHICCO BS CHAMPU CABELLOOSCURO(10x200ML);              2,000;CS;20.02.2026;20.02.2026 - 22:04:03;Ent. Nac. Pharsana;Zona Andina;JESUS A. MARQUEZ;1002066394;60;         78,00;USD;100023;HIGIENE PERSONAL;Chicco;PH-Champú;Cuidado Personal;02;100;GV. Ger. Reg. Occid.
2000088417;10003401;LA ESTRELLA ANDINA C.A.;10003401;50001102;CHICCO BS CHAMPU CABELLOOSCURO(10x400ML);              1,000;CS;20.02.2026;20.02.2026 - 22:04:03;Ent. Nac. Pharsana;Zona Andina;JESUS A. MARQUEZ;1002066394;70;         70,00;USD;100023;HIGIENE PERSONAL;Chicco;PH-Champú;Cuidado Personal;02;100;GV. Ger. Reg. Occid.
2000088417;10003401;LA ESTRELLA ANDINA C.A.;10003401;50000970;CHICCO BS COLONIA (10x220ML);              2,000;CS;20.02.2026;20.02.2026 - 22:04:03;Ent. Nac. Pharsana;Zona Andina;JESUS A. MARQUEZ;1002066394;80;         97,00;USD;100023;HIGIENE PERSONAL;Chicco;PH-Colonia;Cuidado Personal;02;100;GV. Ger. Reg. Occid.
2000088417;10003401;LA ESTRELLA ANDINA C.A.;10003401;50001023;CHICCO BS COTONCITO (32x100UN);              3,000;CS;20.02.2026;20.02.2026 - 22:04:03;Ent. Nac. Pharsana;Zona Andina;JESUS A. MARQUEZ;1002066394;90;        128,64;USD;100023;ALGODONES PT;Chicco;PH-Hisopos;Cuidado Personal;02;100;GV. Ger. Reg. Occid.
2000088417;10003401;LA ESTRELLA ANDINA C.A.;10003401;50001024;CHICCO BS COTONCITO (48x60UN);              3,000;CS;20.02.2026;20.02.2026 - 22:04:03;Ent. Nac. Pharsana;Zona Andina;JESUS A. MARQUEZ;1002066394;100;        169,92;USD;100023;ALGODONES PT;Chicco;PH-Hisopos;Cuidado Personal;02;100;GV. Ger. Reg. Occid.
2000088417;10003401;LA ESTRELLA ANDINA C.A.;10003401;50001039;CHICCO BS JABON EN BARRA P/NIÑOS(30x90);              1,000;CS;20.02.2026;20.02.2026 - 22:04:03;Ent. Nac. Pharsana;Zona Andina;JESUS A. MARQUEZ;1002066394;110;         58,20;USD;100023;HIGIENE PERSONAL;Chicco;PH-Jabon en barra;Cuidado Personal;02;100;GV. Ger. Reg. Occid.
2000088417;10003401;LA ESTRELLA ANDINA C.A.;10003401;50001025;CHICCO BS MOTAS DE ALGODON (12x100UN);              1,000;CS;20.02.2026;20.02.2026 - 22:04:03;Ent. Nac. Pharsana;Zona Andina;JESUS A. MARQUEZ;1002066394;120;         48,84;USD;100023;ALGODONES PT;Chicco;PH-Motas De Algodón;Cuidado Personal;02;100;GV. Ger. Reg. Occid.
2000088417;10003401;LA ESTRELLA ANDINA C.A.;10003401;50001045;CHICCO BS TALCO (24x100G);              1,000;CS;20.02.2026;20.02.2026 - 22:04:03;Ent. Nac. Pharsana;Zona Andina;JESUS A. MARQUEZ;1002066394;130;         71,76;USD;100023;HIGIENE PERSONAL;Chicco;PH-Talco;Cuidado Personal;02;100;GV. Ger. Reg. Occid.
2000088417;10003401;LA ESTRELLA ANDINA C.A.;10003401;50001084;CHICCO BS TH ORIGINAL (48x24UN);              3,000;CS;20.02.2026;20.02.2026 - 22:04:03;Ent. Nac. Pharsana;Zona Andina;JESUS A. MARQUEZ;1002066394;140;        148,32;USD;100023;TOALLAS HUMEDAS;Chicco;PH-TH Travel Pack;Cuidado Personal;02;100;GV. Ger. Reg. Occid.
2000088417;10003401;LA ESTRELLA ANDINA C.A.;10003401;50001016;CHICCO BS CHAMPU CABELLONORMAL(28x100ML);              1,000;CS;20.02.2026;20.02.2026 - 22:04:03;Ent. Nac. Pharsana;Zona Andina;JESUS A. MARQUEZ;1002066394;150;         63,28;USD;100023;HIGIENE PERSONAL;Chicco;PH-Champú;Cuidado Personal;02;100;GV. Ger. Reg. Occid.
2000088417;10003401;LA ESTRELLA ANDINA C.A.;10003401;50001015;CHICCO BS CHAMPU CABELLO CLARO(28x100ML);              1,000;CS;20.02.2026;20.02.2026 - 22:04:03;Ent. Nac. Pharsana;Zona Andina;JESUS A. MARQUEZ;1002066394;160;         63,28;USD;100023;HIGIENE PERSONAL;Chicco;PH-Champú;Cuidado Personal;02;100;GV. Ger. Reg. Occid.
2000088417;10003401;LA ESTRELLA ANDINA C.A.;10003401;50001011;CHICCO BS COLONIA (28x100ML);              2,000;CS;20.02.2026;20.02.2026 - 22:04:03;Ent. Nac. Pharsana;Zona Andina;JESUS A. MARQUEZ;1002066394;170;        148,96;USD;100023;HIGIENE PERSONAL;Chicco;PH-Colonia;Cuidado Personal;02;100;GV. Ger. Reg. Occid.
2000088417;10003401;LA ESTRELLA ANDINA C.A.;10003401;50000975;CHICCO BS TH ORIGINAL (20x48UN);              2,000;CS;20.02.2026;20.02.2026 - 22:04:03;Ent. Nac. Pharsana;Zona Andina;JESUS A. MARQUEZ;1002066394;180;         70,40;USD;100023;TOALLAS HUMEDAS;Chicco;PH-TH Flow Pack;Cuidado Personal;02;100;GV. Ger. Reg. Occid.
2000088417;10003401;LA ESTRELLA ANDINA C.A.;10003401;50000974;CHICCO BS TH ORIGINAL (24x72UN);              2,000;CS;20.02.2026;20.02.2026 - 22:04:03;Ent. Nac. Pharsana;Zona Andina;JESUS A. MARQUEZ;1002066394;190;        120,96;USD;100023;TOALLAS HUMEDAS;Chicco;PH-TH Flow Pack;Cuidado Personal;02;100;GV. Ger. Reg. Occid.
2000088417;10003401;LA ESTRELLA ANDINA C.A.;10003401;50000922;SECUREZZA COMFORT L REG (6x6UN);              2,000;PAK;20.02.2026;20.02.2026 - 22:04:03;Ent. Nac. Pharsana;Zona Andina;JESUS A. MARQUEZ;1002066394;200;         96,84;USD;100023;INCONTINENCIA;Securezza;PH-Protector Incont.;Absorbentes;02;100;GV. Ger. Reg. Occid.
2000088417;10003401;LA ESTRELLA ANDINA C.A.;10003401;50000921;SECUREZZA COMFORT M REG (6x6UN);              2,000;PAK;20.02.2026;20.02.2026 - 22:04:03;Ent. Nac. Pharsana;Zona Andina;JESUS A. MARQUEZ;1002066394;210;         82,20;USD;100023;INCONTINENCIA;Securezza;PH-Protector Incont.;Absorbentes;02;100;GV. Ger. Reg. Occid.
2000088417;10003401;LA ESTRELLA ANDINA C.A.;10003401;50000632;SECUREZZA POST PARTO PREMIUM (12X10UN);              5,000;PAK;20.02.2026;20.02.2026 - 22:04:03;Ent. Nac. Pharsana;Zona Andina;JESUS A. MARQUEZ;1002066394;220;        134,40;USD;100023;INCONTINENCIA;Securezza;PH-Toalla Post-Parto;Absorbentes;02;100;GV. Ger. Reg. Occid.
2000088417;10003401;LA ESTRELLA ANDINA C.A.;10003401;50001021;SECUREZZA POST PARTO (12X15UN);              5,000;PAK;20.02.2026;20.02.2026 - 22:04:03;Ent. Nac. Pharsana;Zona Andina;JESUS A. MARQUEZ;1002066394;230;        162,00;USD;100023;INCONTINENCIA;Securezza;PH-Toalla Post-Parto;Absorbentes;02;100;GV. Ger. Reg. Occid.
2000088417;10003401;LA ESTRELLA ANDINA C.A.;10003401;50000639;SIEMPRE SECO BASICO M (6X6UN);              3,000;PAK;20.02.2026;20.02.2026 - 22:04:03;Ent. Nac. Pharsana;Zona Andina;JESUS A. MARQUEZ;1002066394;240;         90,54;USD;100023;INCONTINENCIA;Siempre Seco;PH-Protector Incont.;Absorbentes;02;100;GV. Ger. Reg. Occid.
2000088417;10003401;LA ESTRELLA ANDINA C.A.;10003401;50000640;SIEMPRE SECO BASICO G (6X6UN);              3,000;PAK;20.02.2026;20.02.2026 - 22:04:03;Ent. Nac. Pharsana;Zona Andina;JESUS A. MARQUEZ;1002066394;250;        100,08;USD;100023;INCONTINENCIA;Siempre Seco;PH-Protector Incont.;Absorbentes;02;100;GV. Ger. Reg. Occid.
2000088418;10002250;DROGUERIA VITALCLINIC,C.A;10002250;50000969;CHICCO BS TALCO (24x200G);              1,000;CS;20.02.2026;20.02.2026 - 22:04:03;Ent. Nac. Pharsana;Zona Oriente;TREICY C. ROCA;1002066395;10;        126,24;USD;100057;HIGIENE PERSONAL;Chicco;PH-Talco;Cuidado Personal;02;101;GV Ger. Reg. Oriente
2000088418;10002250;DROGUERIA VITALCLINIC,C.A;10002250;50000963;CHICCO BS CHAMPU CABELLONORMAL(10x200ML);              3,000;CS;20.02.2026;20.02.2026 - 22:04:03;Ent. Nac. Pharsana;Zona Oriente;TREICY C. ROCA;1002066395;20;        116,40;USD;100057;HIGIENE PERSONAL;Chicco;PH-Champú;Cuidado Personal;02;101;GV Ger. Reg. Oriente
2000088418;10002250;DROGUERIA VITALCLINIC,C.A;10002250;50000970;CHICCO BS COLONIA (10x220ML);              3,000;CS;20.02.2026;20.02.2026 - 22:04:03;Ent. Nac. Pharsana;Zona Oriente;TREICY C. ROCA;1002066395;30;        144,60;USD;100057;HIGIENE PERSONAL;Chicco;PH-Colonia;Cuidado Personal;02;101;GV Ger. Reg. Oriente
2000088418;10002250;DROGUERIA VITALCLINIC,C.A;10002250;50000965;CHICCO BS LOCION (10x200ML);              2,000;CS;20.02.2026;20.02.2026 - 22:04:03;Ent. Nac. Pharsana;Zona Oriente;TREICY C. ROCA;1002066395;40;         79,20;USD;100057;HIGIENE PERSONAL;Chicco;PH-Loción;Cuidado Personal;02;101;GV Ger. Reg. Oriente
2000088418;10002250;DROGUERIA VITALCLINIC,C.A;10002250;50000986;CHICCO BS CHAMPU CABELLOOSCURO(10x200ML);              2,000;CS;20.02.2026;20.02.2026 - 22:04:03;Ent. Nac. Pharsana;Zona Oriente;TREICY C. ROCA;1002066395;50;         77,60;USD;100057;HIGIENE PERSONAL;Chicco;PH-Champú;Cuidado Personal;02;101;GV Ger. Reg. Oriente
2000088418;10002250;DROGUERIA VITALCLINIC,C.A;10002250;50000971;CHICCO BS ACEITE (10x220ML);              2,000;CS;20.02.2026;20.02.2026 - 22:04:03;Ent. Nac. Pharsana;Zona Oriente;TREICY C. ROCA;1002066395;60;        113,60;USD;100057;HIGIENE PERSONAL;Chicco;PH-Aceite;Cuidado Personal;02;101;GV Ger. Reg. Oriente
2000088418;10002250;DROGUERIA VITALCLINIC,C.A;10002250;50000975;CHICCO BS TH ORIGINAL (20x48UN);              6,000;CS;20.02.2026;20.02.2026 - 22:04:03;Ent. Nac. Pharsana;Zona Oriente;TREICY C. ROCA;1002066395;70;        210,00;USD;100057;TOALLAS HUMEDAS;Chicco;PH-TH Flow Pack;Cuidado Personal;02;101;GV Ger. Reg. Oriente
2000088418;10002250;DROGUERIA VITALCLINIC,C.A;10002250;50001019;CHICCO BS GEL ANTIBACTERIAL (28x100ML);              1,000;CS;20.02.2026;20.02.2026 - 22:04:03;Ent. Nac. Pharsana;Zona Oriente;TREICY C. ROCA;1002066395;80;         56,84;USD;100057;HIGIENE PERSONAL;Chicco;PH-Gel Antibacterial;Cuidado Personal;02;101;GV Ger. Reg. Oriente
2000088418;10002250;DROGUERIA VITALCLINIC,C.A;10002250;50001012;CHICCO BS ACEITE (28x100ML);              1,000;CS;20.02.2026;20.02.2026 - 22:04:03;Ent. Nac. Pharsana;Zona Oriente;TREICY C. ROCA;1002066395;90;         92,12;USD;100057;HIGIENE PERSONAL;Chicco;PH-Aceite;Cuidado Personal;02;101;GV Ger. Reg. Oriente
2000088418;10002250;DROGUERIA VITALCLINIC,C.A;10002250;50001011;CHICCO BS COLONIA (28x100ML);              6,000;CS;20.02.2026;20.02.2026 - 22:04:03;Ent. Nac. Pharsana;Zona Oriente;TREICY C. ROCA;1002066395;100;        443,52;USD;100057;HIGIENE PERSONAL;Chicco;PH-Colonia;Cuidado Personal;02;101;GV Ger. Reg. Oriente
2000088418;10002250;DROGUERIA VITALCLINIC,C.A;10002250;50000632;SECUREZZA POST PARTO PREMIUM (12X10UN);             30,000;PAK;20.02.2026;20.02.2026 - 22:04:03;Ent. Nac. Pharsana;Zona Oriente;TREICY C. ROCA;1002066395;110;        799,20;USD;100057;INCONTINENCIA;Securezza;PH-Toalla Post-Parto;Absorbentes;02;101;GV Ger. Reg. Oriente
2000088418;10002250;DROGUERIA VITALCLINIC,C.A;10002250;50001021;SECUREZZA POST PARTO (12X15UN);             30,000;PAK;20.02.2026;20.02.2026 - 22:04:03;Ent. Nac. Pharsana;Zona Oriente;TREICY C. ROCA;1002066395;120;        968,40;USD;100057;INCONTINENCIA;Securezza;PH-Toalla Post-Parto;Absorbentes;02;101;GV Ger. Reg. Oriente
2000088418;10002250;DROGUERIA VITALCLINIC,C.A;10002250;50000921;SECUREZZA COMFORT M REG (6x6UN);             30,000;PAK;20.02.2026;20.02.2026 - 22:04:03;Ent. Nac. Pharsana;Zona Oriente;TREICY C. ROCA;1002066395;130;      1.224,00;USD;100057;INCONTINENCIA;Securezza;PH-Protector Incont.;Absorbentes;02;101;GV Ger. Reg. Oriente
2000088418;10002250;DROGUERIA VITALCLINIC,C.A;10002250;50000922;SECUREZZA COMFORT L REG (6x6UN);             30,000;PAK;20.02.2026;20.02.2026 - 22:04:03;Ent. Nac. Pharsana;Zona Oriente;TREICY C. ROCA;1002066395;140;      1.441,80;USD;100057;INCONTINENCIA;Securezza;PH-Protector Incont.;Absorbentes;02;101;GV Ger. Reg. Oriente
2000088418;10002250;DROGUERIA VITALCLINIC,C.A;10002250;50000639;SIEMPRE SECO BASICO M (6X6UN);             50,000;PAK;20.02.2026;20.02.2026 - 22:04:03;Ent. Nac. Pharsana;Zona Oriente;TREICY C. ROCA;1002066395;150;      1.500,00;USD;100057;INCONTINENCIA;Siempre Seco;PH-Protector Incont.;Absorbentes;02;101;GV Ger. Reg. Oriente
2000088418;10002250;DROGUERIA VITALCLINIC,C.A;10002250;50000640;SIEMPRE SECO BASICO G (6X6UN);             50,000;PAK;20.02.2026;20.02.2026 - 22:04:03;Ent. Nac. Pharsana;Zona Oriente;TREICY C. ROCA;1002066395;160;      1.656,00;USD;100057;INCONTINENCIA;Siempre Seco;PH-Protector Incont.;Absorbentes;02;101;GV Ger. Reg. Oriente
2000088419;10002250;DROGUERIA VITALCLINIC,C.A;10002250;50001072;AMY SEC TH 99% AGUA (20x48UN);              3,000;CS;20.02.2026;20.02.2026 - 22:04:03;Ent. Nac. Pharsana;Zona Oriente;TREICY C. ROCA;1002066396;10;         67,80;USD;100057;TOALLAS HUMEDAS;Amy;PH-TH Flow Pack;Cuidado Personal;02;101;GV Ger. Reg. Oriente
2000088420;10003401;LA ESTRELLA ANDINA C.A.;10003401;50000992;CHICCO PAÑAL DE NIÑO G REG (8X20UN);             10,000;PAK;20.02.2026;20.02.2026 - 22:04:03;Ent. Nac. Pharsana;Zona Andina;JESUS A. MARQUEZ;1002066397;10;        465,60;USD;100023;ABSORBENTES NIÑOS;Chicco;PH-Pañal Anatóm. T3;Absorbentes;02;100;GV. Ger. Reg. Occid.
2000088420;10003401;LA ESTRELLA ANDINA C.A.;10003401;50000990;CHICCO PAÑAL DE NIÑO M REG (8X20UN);             10,000;PAK;20.02.2026;20.02.2026 - 22:04:03;Ent. Nac. Pharsana;Zona Andina;JESUS A. MARQUEZ;1002066397;20;        432,80;USD;100023;ABSORBENTES NIÑOS;Chicco;PH-Pañal Anatóm. T3;Absorbentes;02;100;GV. Ger. Reg. Occid.
2000088420;10003401;LA ESTRELLA ANDINA C.A.;10003401;50000993;CHICCO PAÑAL DE NIÑO XG REG (8X20UN);              3,000;PAK;20.02.2026;20.02.2026 - 22:04:03;Ent. Nac. Pharsana;Zona Andina;JESUS A. MARQUEZ;1002066397;30;        144,00;USD;100023;ABSORBENTES NIÑOS;Chicco;PH-Pañal Anatóm. T3;Absorbentes;02;100;GV. Ger. Reg. Occid.
2000088420;10003401;LA ESTRELLA ANDINA C.A.;10003401;50001139;CHICCO PAÑAL DE NIÑO XXG REG (8X20UN);              5,000;PAK;20.02.2026;20.02.2026 - 22:04:03;Ent. Nac. Pharsana;Zona Andina;JESUS A. MARQUEZ;1002066397;40;        240,00;USD;100023;ABSORBENTES NIÑOS;Chicco;PH-Pañal Anatóm. T3;Absorbentes;02;100;GV. Ger. Reg. Occid.
2000088420;10003401;LA ESTRELLA ANDINA C.A.;10003401;50000899;AMY ACEITE PARA BEBES (10x220ML);              2,000;CS;20.02.2026;20.02.2026 - 22:04:03;Ent. Nac. Pharsana;Zona Andina;JESUS A. MARQUEZ;1002066397;50;         92,00;USD;100023;HIGIENE PERSONAL;Amy;PH-Aceite;Cuidado Personal;02;100;GV. Ger. Reg. Occid.
2000088420;10003401;LA ESTRELLA ANDINA C.A.;10003401;50000532;AMY CHAMPU PARA BEBES (10x200ML);              2,000;CS;20.02.2026;20.02.2026 - 22:04:03;Ent. Nac. Pharsana;Zona Andina;JESUS A. MARQUEZ;1002066397;60;         56,20;USD;100023;HIGIENE PERSONAL;Amy;PH-Champú;Cuidado Personal;02;100;GV. Ger. Reg. Occid.
2000088420;10003401;LA ESTRELLA ANDINA C.A.;10003401;50000902;AMY COLONIA PARA BEBES (10x220ML);              2,000;CS;20.02.2026;20.02.2026 - 22:04:03;Ent. Nac. Pharsana;Zona Andina;JESUS A. MARQUEZ;1002066397;70;         76,40;USD;100023;HIGIENE PERSONAL;Amy;PH-Colonia;Cuidado Personal;02;100;GV. Ger. Reg. Occid.
2000088420;10003401;LA ESTRELLA ANDINA C.A.;10003401;50000443;AMY HISOPOS (48x60UN);              5,000;CS;20.02.2026;20.02.2026 - 22:04:03;Ent. Nac. Pharsana;Zona Andina;JESUS A. MARQUEZ;1002066397;80;        256,80;USD;100023;ALGODONES PT;Amy;PH-Hisopos;Cuidado Personal;02;100;GV. Ger. Reg. Occid.
2000088420;10003401;LA ESTRELLA ANDINA C.A.;10003401;50001079;AMY SEC TH 99% AGUA (48x24UN);              5,000;CS;20.02.2026;20.02.2026 - 22:04:03;Ent. Nac. Pharsana;Zona Andina;JESUS A. MARQUEZ;1002066397;90;        180,00;USD;100023;TOALLAS HUMEDAS;Amy;PH-TH Travel Pack;Cuidado Personal;02;100;GV. Ger. Reg. Occid.
2000088420;10003401;LA ESTRELLA ANDINA C.A.;10003401;50001005;AMY SEC TH MANZANILLA P/BEBES (24x72UN);              5,000;CS;20.02.2026;20.02.2026 - 22:04:03;Ent. Nac. Pharsana;Zona Andina;JESUS A. MARQUEZ;1002066397;100;        204,00;USD;100023;TOALLAS HUMEDAS;Amy;PH-TH Flow Pack;Cuidado Personal;02;100;GV. Ger. Reg. Occid.
2000088420;10003401;LA ESTRELLA ANDINA C.A.;10003401;50000627;SECUREZZA CLASSIC L REG (6x6UN);              2,000;PAK;20.02.2026;20.02.2026 - 22:04:03;Ent. Nac. Pharsana;Zona Andina;JESUS A. MARQUEZ;1002066397;110;         89,88;USD;100023;INCONTINENCIA;Securezza;PH-Protector Incont.;Absorbentes;02;100;GV. Ger. Reg. Occid.
2000088420;10003401;LA ESTRELLA ANDINA C.A.;10003401;50000626;SECUREZZA CLASSIC M REG (6x6UN);              2,000;PAK;20.02.2026;20.02.2026 - 22:04:03;Ent. Nac. Pharsana;Zona Andina;JESUS A. MARQUEZ;1002066397;120;         76,20;USD;100023;INCONTINENCIA;Securezza;PH-Protector Incont.;Absorbentes;02;100;GV. Ger. Reg. Occid.
2000088420;10003401;LA ESTRELLA ANDINA C.A.;10003401;50001169;FRIENDS PD LONG (24X20UN);              2,000;PAK;20.02.2026;20.02.2026 - 22:04:03;Ent. Nac. Pharsana;Zona Andina;JESUS A. MARQUEZ;1002066397;130;         59,52;USD;100023;ABSORBENTES FEMENINA;Friends;PH-Protector Diario;Absorbentes;02;100;GV. Ger. Reg. Occid.
2000088420;10003401;LA ESTRELLA ANDINA C.A.;10003401;50001133;FRIENDS PD MANZANILLA (24X20UN);              2,000;PAK;20.02.2026;20.02.2026 - 22:04:03;Ent. Nac. Pharsana;Zona Andina;JESUS A. MARQUEZ;1002066397;140;         59,52;USD;100023;ABSORBENTES FEMENINA;Friends;PH-Protector Diario;Absorbentes;02;100;GV. Ger. Reg. Occid.
2000088420;10003401;LA ESTRELLA ANDINA C.A.;10003401;50001130;FRIENDS PD REGULAR S/P (24X20UN);              2,000;PAK;20.02.2026;20.02.2026 - 22:04:03;Ent. Nac. Pharsana;Zona Andina;JESUS A. MARQUEZ;1002066397;150;         59,52;USD;100023;ABSORBENTES FEMENINA;Friends;PH-Protector Diario;Absorbentes;02;100;GV. Ger. Reg. Occid.
2000088420;10003401;LA ESTRELLA ANDINA C.A.;10003401;50001110;FRIENDS PD MANZANILLA (12X40UN);              2,000;PAK;20.02.2026;20.02.2026 - 22:04:03;Ent. Nac. Pharsana;Zona Andina;JESUS A. MARQUEZ;1002066397;160;         61,20;USD;100023;ABSORBENTES FEMENINA;Friends;PH-Protector Diario;Absorbentes;02;100;GV. Ger. Reg. Occid.
2000088420;10003401;LA ESTRELLA ANDINA C.A.;10003401;50001106;FRIENDS PD REGULAR S/P (12X40UN);              2,000;PAK;20.02.2026;20.02.2026 - 22:04:03;Ent. Nac. Pharsana;Zona Andina;JESUS A. MARQUEZ;1002066397;170;         59,76;USD;100023;ABSORBENTES FEMENINA;Friends;PH-Protector Diario;Absorbentes;02;100;GV. Ger. Reg. Occid.
2000088420;10003401;LA ESTRELLA ANDINA C.A.;10003401;50001107;FRIENDS PD REGULAR S/P (12X60UN);              2,000;PAK;20.02.2026;20.02.2026 - 22:04:03;Ent. Nac. Pharsana;Zona Andina;JESUS A. MARQUEZ;1002066397;180;         73,20;USD;100023;ABSORBENTES FEMENINA;Friends;PH-Protector Diario;Absorbentes;02;100;GV. Ger. Reg. Occid.
2000088420;10003401;LA ESTRELLA ANDINA C.A.;10003401;50001067;FRIENDS TS NOCTURNA CON ALAS (36X10UN);              1,000;CS;20.02.2026;20.02.2026 - 22:04:03;Ent. Nac. Pharsana;Zona Andina;JESUS A. MARQUEZ;1002066397;190;         85,32;USD;100023;ABSORBENTES FEMENINA;Friends;PH-Toalla Sanitaria;Absorbentes;02;100;GV. Ger. Reg. Occid.
2000088420;10003401;LA ESTRELLA ANDINA C.A.;10003401;50001111;FRIENDS TS NOCTURNA SIN ALAS (12x10UN);              2,000;PAK;20.02.2026;20.02.2026 - 22:04:03;Ent. Nac. Pharsana;Zona Andina;JESUS A. MARQUEZ;1002066397;200;         55,44;USD;100023;ABSORBENTES FEMENINA;Friends;PH-Toalla Sanitaria;Absorbentes;02;100;GV. Ger. Reg. Occid.
2000088420;10003401;LA ESTRELLA ANDINA C.A.;10003401;50001109;FRIENDS TS TELA REGULAR (12x14UN);              2,000;PAK;20.02.2026;20.02.2026 - 22:04:03;Ent. Nac. Pharsana;Zona Andina;JESUS A. MARQUEZ;1002066397;210;         53,04;USD;100023;ABSORBENTES FEMENINA;Friends;PH-Toalla Sanitaria;Absorbentes;02;100;GV. Ger. Reg. Occid.
2000088420;10003401;LA ESTRELLA ANDINA C.A.;10003401;50001066;FRIENDS TS ULTRADELGA (36X10UN);              1,000;CS;20.02.2026;20.02.2026 - 22:04:03;Ent. Nac. Pharsana;Zona Andina;JESUS A. MARQUEZ;1002066397;220;         54,36;USD;100023;ABSORBENTES FEMENINA;Friends;PH-Toalla Sanitaria;Absorbentes;02;100;GV. Ger. Reg. Occid.
2000088420;10003401;LA ESTRELLA ANDINA C.A.;10003401;50001108;FRIENDS TS XTREME SEC REGULAR (12x14UN);              1,000;PAK;20.02.2026;20.02.2026 - 22:04:03;Ent. Nac. Pharsana;Zona Andina;JESUS A. MARQUEZ;1002066397;230;         26,52;USD;100023;ABSORBENTES FEMENINA;Friends;PH-Toalla Sanitaria;Absorbentes;02;100;GV. Ger. Reg. Occid.
2000088420;10003401;LA ESTRELLA ANDINA C.A.;10003401;50001137;LADY FACE DISCOS DE ALGODON (24x80UN);              2,000;CS;20.02.2026;20.02.2026 - 22:04:03;Ent. Nac. Pharsana;Zona Andina;JESUS A. MARQUEZ;1002066397;240;        131,52;USD;100023;ALGODONES PT;Lady Face;PH-Cotton Round;Cuidado Personal;02;100;GV. Ger. Reg. Occid.
2000088420;10003401;LA ESTRELLA ANDINA C.A.;10003401;50001051;CHICCO BS COTONCITO(12x300UN PAGA 200UN);              2,000;CS;20.02.2026;20.02.2026 - 22:04:03;Ent. Nac. Pharsana;Zona Andina;JESUS A. MARQUEZ;1002066397;250;         68,40;USD;100023;ALGODONES PT;Chicco;PH-Hisopos;Cuidado Personal;02;100;GV. Ger. Reg. Occid.
2000088420;10003401;LA ESTRELLA ANDINA C.A.;10003401;50001048;SECUREZZA CLASSIC L (4X20UN) PROMOPACK;              2,000;PAK;20.02.2026;20.02.2026 - 22:04:03;Ent. Nac. Pharsana;Zona Andina;JESUS A. MARQUEZ;1002066397;260;        159,68;USD;100023;INCONTINENCIA;Securezza;PH-Protector Incont.;Absorbentes;02;100;GV. Ger. Reg. Occid.
2000088420;10003401;LA ESTRELLA ANDINA C.A.;10003401;50001047;SECUREZZA CLASSIC M (4X20UN) PROMOPACK;              2,000;PAK;20.02.2026;20.02.2026 - 22:04:03;Ent. Nac. Pharsana;Zona Andina;JESUS A. MARQUEZ;1002066397;270;        135,28;USD;100023;INCONTINENCIA;Securezza;PH-Protector Incont.;Absorbentes;02;100;GV. Ger. Reg. Occid.
2000088420;10003401;LA ESTRELLA ANDINA C.A.;10003401;50001050;SECUREZZA COMFORT L (4X20UN) PROMOPACK;              2,000;PAK;20.02.2026;20.02.2026 - 22:04:03;Ent. Nac. Pharsana;Zona Andina;JESUS A. MARQUEZ;1002066397;280;        172,16;USD;100023;INCONTINENCIA;Securezza;PH-Protector Incont.;Absorbentes;02;100;GV. Ger. Reg. Occid.
2000088420;10003401;LA ESTRELLA ANDINA C.A.;10003401;50001049;SECUREZZA COMFORT M (4X20UN) PROMOPACK;              2,000;PAK;20.02.2026;20.02.2026 - 22:04:03;Ent. Nac. Pharsana;Zona Andina;JESUS A. MARQUEZ;1002066397;290;        146,08;USD;100023;INCONTINENCIA;Securezza;PH-Protector Incont.;Absorbentes;02;100;GV. Ger. Reg. Occid.
2000088421;10003401;LA ESTRELLA ANDINA C.A.;10003401;50001056;LADY FACE TH PREVENIR ACNE (24x24UN);              2,000;CS;20.02.2026;20.02.2026 - 22:04:03;Ent. Nac. Pharsana;Zona Andina;JESUS A. MARQUEZ;1002066398;10;         59,52;USD;100023;TOALLAS HUMEDAS;Lady Face;PH-TH Travel Pack;Cuidado Personal;02;100;GV. Ger. Reg. Occid.
2000088422;10003401;LA ESTRELLA ANDINA C.A.;10003401;50000517;AMY MOTAS DE ALGODON (12x50UN);              3,000;CS;20.02.2026;20.02.2026 - 22:04:03;Ent. Nac. Pharsana;Zona Andina;JESUS A. MARQUEZ;1002066399;10;         78,12;USD;100023;ALGODONES PT;Amy;PH-Motas De Algodón;Cuidado Personal;02;100;GV. Ger. Reg. Occid.
2000088422;10003401;LA ESTRELLA ANDINA C.A.;10003401;50001072;AMY SEC TH 99% AGUA (20x48UN);              5,000;CS;20.02.2026;20.02.2026 - 22:04:03;Ent. Nac. Pharsana;Zona Andina;JESUS A. MARQUEZ;1002066399;20;        114,00;USD;100023;TOALLAS HUMEDAS;Amy;PH-TH Flow Pack;Cuidado Personal;02;100;GV. Ger. Reg. Occid.
2000088423;10002250;DROGUERIA VITALCLINIC,C.A;10002250;50000992;CHICCO PAÑAL DE NIÑO G REG (8X20UN);              3,000;PAK;20.02.2026;20.02.2026 - 22:04:03;Ent. Nac. Pharsana;Zona Oriente;TREICY C. ROCA;1002066400;10;        138,72;USD;100057;ABSORBENTES NIÑOS;Chicco;PH-Pañal Anatóm. T3;Absorbentes;02;101;GV Ger. Reg. Oriente
2000088423;10002250;DROGUERIA VITALCLINIC,C.A;10002250;50001139;CHICCO PAÑAL DE NIÑO XXG REG (8X20UN);              3,000;PAK;20.02.2026;20.02.2026 - 22:04:03;Ent. Nac. Pharsana;Zona Oriente;TREICY C. ROCA;1002066400;20;        143,04;USD;100057;ABSORBENTES NIÑOS;Chicco;PH-Pañal Anatóm. T3;Absorbentes;02;101;GV Ger. Reg. Oriente
2000088423;10002250;DROGUERIA VITALCLINIC,C.A;10002250;50000495;AMY LOCION PARA BEBES (10x200ML);              1,000;CS;20.02.2026;20.02.2026 - 22:04:03;Ent. Nac. Pharsana;Zona Oriente;TREICY C. ROCA;1002066400;30;         29,20;USD;100057;HIGIENE PERSONAL;Amy;PH-Loción;Cuidado Personal;02;101;GV Ger. Reg. Oriente
2000088423;10002250;DROGUERIA VITALCLINIC,C.A;10002250;50000902;AMY COLONIA PARA BEBES (10x220ML);              3,000;CS;20.02.2026;20.02.2026 - 22:04:03;Ent. Nac. Pharsana;Zona Oriente;TREICY C. ROCA;1002066400;40;        114,00;USD;100057;HIGIENE PERSONAL;Amy;PH-Colonia;Cuidado Personal;02;101;GV Ger. Reg. Oriente
2000088423;10002250;DROGUERIA VITALCLINIC,C.A;10002250;50000899;AMY ACEITE PARA BEBES (10x220ML);              1,000;CS;20.02.2026;20.02.2026 - 22:04:03;Ent. Nac. Pharsana;Zona Oriente;TREICY C. ROCA;1002066400;50;         45,70;USD;100057;HIGIENE PERSONAL;Amy;PH-Aceite;Cuidado Personal;02;101;GV Ger. Reg. Oriente
2000088423;10002250;DROGUERIA VITALCLINIC,C.A;10002250;50001079;AMY SEC TH 99% AGUA (48x24UN);              2,000;CS;20.02.2026;20.02.2026 - 22:04:03;Ent. Nac. Pharsana;Zona Oriente;TREICY C. ROCA;1002066400;60;         72,00;USD;100057;TOALLAS HUMEDAS;Amy;PH-TH Travel Pack;Cuidado Personal;02;101;GV Ger. Reg. Oriente
2000088423;10002250;DROGUERIA VITALCLINIC,C.A;10002250;50000626;SECUREZZA CLASSIC M REG (6x6UN);             30,000;PAK;20.02.2026;20.02.2026 - 22:04:03;Ent. Nac. Pharsana;Zona Oriente;TREICY C. ROCA;1002066400;70;      1.134,00;USD;100057;INCONTINENCIA;Securezza;PH-Protector Incont.;Absorbentes;02;101;GV Ger. Reg. Oriente
2000088423;10002250;DROGUERIA VITALCLINIC,C.A;10002250;50000627;SECUREZZA CLASSIC L REG (6x6UN);             30,000;PAK;20.02.2026;20.02.2026 - 22:04:03;Ent. Nac. Pharsana;Zona Oriente;TREICY C. ROCA;1002066400;80;      1.337,40;USD;100057;INCONTINENCIA;Securezza;PH-Protector Incont.;Absorbentes;02;101;GV Ger. Reg. Oriente
2000088423;10002250;DROGUERIA VITALCLINIC,C.A;10002250;50000956;SECUREZZA BC TH CORPORALES (12x54UN);              5,000;CS;20.02.2026;20.02.2026 - 22:04:03;Ent. Nac. Pharsana;Zona Oriente;TREICY C. ROCA;1002066400;90;        154,20;USD;100057;TOALLAS HUMEDAS;Securezza;PH-TH Flow Pack;Cuidado Personal;02;101;GV Ger. Reg. Oriente
2000088423;10002250;DROGUERIA VITALCLINIC,C.A;10002250;50001130;FRIENDS PD REGULAR S/P (24X20UN);              2,000;PAK;20.02.2026;20.02.2026 - 22:04:03;Ent. Nac. Pharsana;Zona Oriente;TREICY C. ROCA;1002066400;100;         59,52;USD;100057;ABSORBENTES FEMENINA;Friends;PH-Protector Diario;Absorbentes;02;101;GV Ger. Reg. Oriente
2000088423;10002250;DROGUERIA VITALCLINIC,C.A;10002250;50001054;CHICCO BS MOTAS ALG (12x100UN) PROMO;              2,000;CS;20.02.2026;20.02.2026 - 22:04:03;Ent. Nac. Pharsana;Zona Oriente;TREICY C. ROCA;1002066400;110;         77,76;USD;100057;ALGODONES PT;Chicco;PH-Motas De Algodón;Cuidado Personal;02;101;GV Ger. Reg. Oriente
2000088423;10002250;DROGUERIA VITALCLINIC,C.A;10002250;50001049;SECUREZZA COMFORT M (4X20UN) PROMOPACK;              5,000;PAK;20.02.2026;20.02.2026 - 22:04:03;Ent. Nac. Pharsana;Zona Oriente;TREICY C. ROCA;1002066400;120;        362,60;USD;100057;INCONTINENCIA;Securezza;PH-Protector Incont.;Absorbentes;02;101;GV Ger. Reg. Oriente
2000088423;10002250;DROGUERIA VITALCLINIC,C.A;10002250;50001050;SECUREZZA COMFORT L (4X20UN) PROMOPACK;              5,000;PAK;20.02.2026;20.02.2026 - 22:04:03;Ent. Nac. Pharsana;Zona Oriente;TREICY C. ROCA;1002066400;130;        427,40;USD;100057;INCONTINENCIA;Securezza;PH-Protector Incont.;Absorbentes;02;101;GV Ger. Reg. Oriente
2000088423;10002250;DROGUERIA VITALCLINIC,C.A;10002250;50001047;SECUREZZA CLASSIC M (4X20UN) PROMOPACK;             10,000;PAK;20.02.2026;20.02.2026 - 22:04:03;Ent. Nac. Pharsana;Zona Oriente;TREICY C. ROCA;1002066400;140;        671,60;USD;100057;INCONTINENCIA;Securezza;PH-Protector Incont.;Absorbentes;02;101;GV Ger. Reg. Oriente
2000088423;10002250;DROGUERIA VITALCLINIC,C.A;10002250;50001048;SECUREZZA CLASSIC L (4X20UN) PROMOPACK;             10,000;PAK;20.02.2026;20.02.2026 - 22:04:03;Ent. Nac. Pharsana;Zona Oriente;TREICY C. ROCA;1002066400;150;        792,80;USD;100057;INCONTINENCIA;Securezza;PH-Protector Incont.;Absorbentes;02;101;GV Ger. Reg. Oriente
2000088424;10002250;DROGUERIA VITALCLINIC,C.A;11001275;50001072;AMY SEC TH 99% AGUA (20x48UN);              3,000;CS;20.02.2026;20.02.2026 - 22:04:03;Ent. Nac. Pharsana;Zona Oriente;TREICY C. ROCA;1002066401;10;         67,80;USD;100057;TOALLAS HUMEDAS;Amy;PH-TH Flow Pack;Cuidado Personal;02;101;GV Ger. Reg. Oriente
2000088425;10002250;DROGUERIA VITALCLINIC,C.A;11001275;50000965;CHICCO BS LOCION (10x200ML);              1,000;CS;20.02.2026;20.02.2026 - 22:04:03;Ent. Nac. Pharsana;Zona Oriente;TREICY C. ROCA;1002066402;10;         39,60;USD;100057;HIGIENE PERSONAL;Chicco;PH-Loción;Cuidado Personal;02;101;GV Ger. Reg. Oriente
2000088425;10002250;DROGUERIA VITALCLINIC,C.A;11001275;50000986;CHICCO BS CHAMPU CABELLOOSCURO(10x200ML);              1,000;CS;20.02.2026;20.02.2026 - 22:04:03;Ent. Nac. Pharsana;Zona Oriente;TREICY C. ROCA;1002066402;20;         38,80;USD;100057;HIGIENE PERSONAL;Chicco;PH-Champú;Cuidado Personal;02;101;GV Ger. Reg. Oriente
2000088425;10002250;DROGUERIA VITALCLINIC,C.A;11001275;50001006;CHICCO BS ACEITE CREMOSO (10x200ML);              1,000;CS;20.02.2026;20.02.2026 - 22:04:03;Ent. Nac. Pharsana;Zona Oriente;TREICY C. ROCA;1002066402;30;         35,70;USD;100057;HIGIENE PERSONAL;Chicco;PH-Aceite;Cuidado Personal;02;101;GV Ger. Reg. Oriente
2000088425;10002250;DROGUERIA VITALCLINIC,C.A;11001275;50001189;CHICCO BS JABON LIQUIDO(10x220ML);              1,000;CS;20.02.2026;20.02.2026 - 22:04:03;Ent. Nac. Pharsana;Zona Oriente;TREICY C. ROCA;1002066402;40;         32,80;USD;100057;HIGIENE PERSONAL;Chicco;PH-Jabón Líquido;Cuidado Personal;02;101;GV Ger. Reg. Oriente
2000088425;10002250;DROGUERIA VITALCLINIC,C.A;11001275;50000974;CHICCO BS TH ORIGINAL (24x72UN);             10,000;CS;20.02.2026;20.02.2026 - 22:04:03;Ent. Nac. Pharsana;Zona Oriente;TREICY C. ROCA;1002066402;50;        600,00;USD;100057;TOALLAS HUMEDAS;Chicco;PH-TH Flow Pack;Cuidado Personal;02;101;GV Ger. Reg. Oriente
2000088425;10002250;DROGUERIA VITALCLINIC,C.A;11001275;50001019;CHICCO BS GEL ANTIBACTERIAL (28x100ML);              1,000;CS;20.02.2026;20.02.2026 - 22:04:03;Ent. Nac. Pharsana;Zona Oriente;TREICY C. ROCA;1002066402;60;         56,84;USD;100057;HIGIENE PERSONAL;Chicco;PH-Gel Antibacterial;Cuidado Personal;02;101;GV Ger. Reg. Oriente
2000088425;10002250;DROGUERIA VITALCLINIC,C.A;11001275;50001012;CHICCO BS ACEITE (28x100ML);              1,000;CS;20.02.2026;20.02.2026 - 22:04:03;Ent. Nac. Pharsana;Zona Oriente;TREICY C. ROCA;1002066402;70;         92,12;USD;100057;HIGIENE PERSONAL;Chicco;PH-Aceite;Cuidado Personal;02;101;GV Ger. Reg. Oriente
2000088426;10000737;MERCA FACIL AUTOMERCADO,C.A.;10000737;50001100;CHICCO BS CHAMPU CABELLONORMAL(10x400ML);              1,000;CS;20.02.2026;20.02.2026 - 22:04:03;Ent. Nac. Pharsana;Zona Andina;PEDRO A. COLMENARES;1002066403;10;         70,00;USD;100026;HIGIENE PERSONAL;Chicco;PH-Champú;Cuidado Personal;02;100;GV. Ger. Reg. Occid.
2000088426;10000737;MERCA FACIL AUTOMERCADO,C.A.;10000737;50000970;CHICCO BS COLONIA (10x220ML);              3,000;CS;20.02.2026;20.02.2026 - 22:04:03;Ent. Nac. Pharsana;Zona Andina;PEDRO A. COLMENARES;1002066403;20;        145,50;USD;100026;HIGIENE PERSONAL;Chicco;PH-Colonia;Cuidado Personal;02;100;GV. Ger. Reg. Occid.
2000088426;10000737;MERCA FACIL AUTOMERCADO,C.A.;10000737;50001006;CHICCO BS ACEITE CREMOSO (10x200ML);              2,000;CS;20.02.2026;20.02.2026 - 22:04:03;Ent. Nac. Pharsana;Zona Andina;PEDRO A. COLMENARES;1002066403;30;         72,00;USD;100026;HIGIENE PERSONAL;Chicco;PH-Aceite;Cuidado Personal;02;100;GV. Ger. Reg. Occid.
2000088426;10000737;MERCA FACIL AUTOMERCADO,C.A.;10000737;50000971;CHICCO BS ACEITE (10x220ML);              1,000;CS;20.02.2026;20.02.2026 - 22:04:03;Ent. Nac. Pharsana;Zona Andina;PEDRO A. COLMENARES;1002066403;40;         57,20;USD;100026;HIGIENE PERSONAL;Chicco;PH-Aceite;Cuidado Personal;02;100;GV. Ger. Reg. Occid.
2000088426;10000737;MERCA FACIL AUTOMERCADO,C.A.;10000737;50000974;CHICCO BS TH ORIGINAL (24x72UN);              3,000;CS;20.02.2026;20.02.2026 - 22:04:03;Ent. Nac. Pharsana;Zona Andina;PEDRO A. COLMENARES;1002066403;50;        181,44;USD;100026;TOALLAS HUMEDAS;Chicco;PH-TH Flow Pack;Cuidado Personal;02;100;GV. Ger. Reg. Occid.
2000088426;10000737;MERCA FACIL AUTOMERCADO,C.A.;10000737;50000975;CHICCO BS TH ORIGINAL (20x48UN);              1,000;CS;20.02.2026;20.02.2026 - 22:04:03;Ent. Nac. Pharsana;Zona Andina;PEDRO A. COLMENARES;1002066403;60;         35,20;USD;100026;TOALLAS HUMEDAS;Chicco;PH-TH Flow Pack;Cuidado Personal;02;100;GV. Ger. Reg. Occid.
2000088426;10000737;MERCA FACIL AUTOMERCADO,C.A.;10000737;50001084;CHICCO BS TH ORIGINAL (48x24UN);              2,000;CS;20.02.2026;20.02.2026 - 22:04:03;Ent. Nac. Pharsana;Zona Andina;PEDRO A. COLMENARES;1002066403;70;         98,88;USD;100026;TOALLAS HUMEDAS;Chicco;PH-TH Travel Pack;Cuidado Personal;02;100;GV. Ger. Reg. Occid.
2000088426;10000737;MERCA FACIL AUTOMERCADO,C.A.;10000737;50001023;CHICCO BS COTONCITO (32x100UN);              3,000;CS;20.02.2026;20.02.2026 - 22:04:03;Ent. Nac. Pharsana;Zona Andina;PEDRO A. COLMENARES;1002066403;80;        128,64;USD;100026;ALGODONES PT;Chicco;PH-Hisopos;Cuidado Personal;02;100;GV. Ger. Reg. Occid.
2000088426;10000737;MERCA FACIL AUTOMERCADO,C.A.;10000737;50001021;SECUREZZA POST PARTO (12X15UN);              1,000;PAK;20.02.2026;20.02.2026 - 22:04:03;Ent. Nac. Pharsana;Zona Andina;PEDRO A. COLMENARES;1002066403;90;         32,40;USD;100026;INCONTINENCIA;Securezza;PH-Toalla Post-Parto;Absorbentes;02;100;GV. Ger. Reg. Occid.
2000088426;10000737;MERCA FACIL AUTOMERCADO,C.A.;10000737;50000632;SECUREZZA POST PARTO PREMIUM (12X10UN);              3,000;PAK;20.02.2026;20.02.2026 - 22:04:03;Ent. Nac. Pharsana;Zona Andina;PEDRO A. COLMENARES;1002066403;100;         80,64;USD;100026;INCONTINENCIA;Securezza;PH-Toalla Post-Parto;Absorbentes;02;100;GV. Ger. Reg. Occid.
2000088426;10000737;MERCA FACIL AUTOMERCADO,C.A.;10000737;50000639;SIEMPRE SECO BASICO M (6X6UN);              2,000;PAK;20.02.2026;20.02.2026 - 22:04:03;Ent. Nac. Pharsana;Zona Andina;PEDRO A. COLMENARES;1002066403;110;         60,36;USD;100026;INCONTINENCIA;Siempre Seco;PH-Protector Incont.;Absorbentes;02;100;GV. Ger. Reg. Occid.
2000088426;10000737;MERCA FACIL AUTOMERCADO,C.A.;10000737;50000640;SIEMPRE SECO BASICO G (6X6UN);              2,000;PAK;20.02.2026;20.02.2026 - 22:04:03;Ent. Nac. Pharsana;Zona Andina;PEDRO A. COLMENARES;1002066403;120;         66,72;USD;100026;INCONTINENCIA;Siempre Seco;PH-Protector Incont.;Absorbentes;02;100;GV. Ger. Reg. Occid.
2000088427;10002250;DROGUERIA VITALCLINIC,C.A;11001275;50001139;CHICCO PAÑAL DE NIÑO XXG REG (8X20UN);              4,000;PAK;20.02.2026;20.02.2026 - 22:04:03;Ent. Nac. Pharsana;Zona Oriente;TREICY C. ROCA;1002066404;10;        190,72;USD;100057;ABSORBENTES NIÑOS;Chicco;PH-Pañal Anatóm. T3;Absorbentes;02;101;GV Ger. Reg. Oriente
2000088427;10002250;DROGUERIA VITALCLINIC,C.A;11001275;50000495;AMY LOCION PARA BEBES (10x200ML);              1,000;CS;20.02.2026;20.02.2026 - 22:04:03;Ent. Nac. Pharsana;Zona Oriente;TREICY C. ROCA;1002066404;20;         29,20;USD;100057;HIGIENE PERSONAL;Amy;PH-Loción;Cuidado Personal;02;101;GV Ger. Reg. Oriente
2000088427;10002250;DROGUERIA VITALCLINIC,C.A;11001275;50000899;AMY ACEITE PARA BEBES (10x220ML);              1,000;CS;20.02.2026;20.02.2026 - 22:04:03;Ent. Nac. Pharsana;Zona Oriente;TREICY C. ROCA;1002066404;30;         45,70;USD;100057;HIGIENE PERSONAL;Amy;PH-Aceite;Cuidado Personal;02;101;GV Ger. Reg. Oriente
2000088427;10002250;DROGUERIA VITALCLINIC,C.A;11001275;50001079;AMY SEC TH 99% AGUA (48x24UN);              2,000;CS;20.02.2026;20.02.2026 - 22:04:03;Ent. Nac. Pharsana;Zona Oriente;TREICY C. ROCA;1002066404;40;         72,00;USD;100057;TOALLAS HUMEDAS;Amy;PH-TH Travel Pack;Cuidado Personal;02;101;GV Ger. Reg. Oriente
2000088427;10002250;DROGUERIA VITALCLINIC,C.A;11001275;50001005;AMY SEC TH MANZANILLA P/BEBES (24x72UN);              5,000;CS;20.02.2026;20.02.2026 - 22:04:03;Ent. Nac. Pharsana;Zona Oriente;TREICY C. ROCA;1002066404;50;        202,80;USD;100057;TOALLAS HUMEDAS;Amy;PH-TH Flow Pack;Cuidado Personal;02;101;GV Ger. Reg. Oriente
2000088427;10002250;DROGUERIA VITALCLINIC,C.A;11001275;50000956;SECUREZZA BC TH CORPORALES (12x54UN);              5,000;CS;20.02.2026;20.02.2026 - 22:04:03;Ent. Nac. Pharsana;Zona Oriente;TREICY C. ROCA;1002066404;60;        154,20;USD;100057;TOALLAS HUMEDAS;Securezza;PH-TH Flow Pack;Cuidado Personal;02;101;GV Ger. Reg. Oriente
2000088427;10002250;DROGUERIA VITALCLINIC,C.A;11001275;50001111;FRIENDS TS NOCTURNA SIN ALAS (12x10UN);              3,000;PAK;20.02.2026;20.02.2026 - 22:04:03;Ent. Nac. Pharsana;Zona Oriente;TREICY C. ROCA;1002066404;70;         82,44;USD;100057;ABSORBENTES FEMENINA;Friends;PH-Toalla Sanitaria;Absorbentes;02;101;GV Ger. Reg. Oriente
2000088427;10002250;DROGUERIA VITALCLINIC,C.A;11001275;50001123;FRIENDS JABON INTIMO (12x240ML);              1,000;CS;20.02.2026;20.02.2026 - 22:04:03;Ent. Nac. Pharsana;Zona Oriente;TREICY C. ROCA;1002066404;80;         55,08;USD;100057;HIGIENE PERSONAL;Friends;PH-Jabón Líquido;Cuidado Personal;02;101;GV Ger. Reg. Oriente
2000088427;10002250;DROGUERIA VITALCLINIC,C.A;11001275;50001130;FRIENDS PD REGULAR S/P (24X20UN);              2,000;PAK;20.02.2026;20.02.2026 - 22:04:03;Ent. Nac. Pharsana;Zona Oriente;TREICY C. ROCA;1002066404;90;         59,52;USD;100057;ABSORBENTES FEMENINA;Friends;PH-Protector Diario;Absorbentes;02;101;GV Ger. Reg. Oriente
2000088427;10002250;DROGUERIA VITALCLINIC,C.A;11001275;50001054;CHICCO BS MOTAS ALG (12x100UN) PROMO;              2,000;CS;20.02.2026;20.02.2026 - 22:04:03;Ent. Nac. Pharsana;Zona Oriente;TREICY C. ROCA;1002066404;100;         77,76;USD;100057;ALGODONES PT;Chicco;PH-Motas De Algodón;Cuidado Personal;02;101;GV Ger. Reg. Oriente
2000088427;10002250;DROGUERIA VITALCLINIC,C.A;11001275;50001047;SECUREZZA CLASSIC M (4X20UN) PROMOPACK;              5,000;PAK;20.02.2026;20.02.2026 - 22:04:03;Ent. Nac. Pharsana;Zona Oriente;TREICY C. ROCA;1002066404;110;        335,80;USD;100057;INCONTINENCIA;Securezza;PH-Protector Incont.;Absorbentes;02;101;GV Ger. Reg. Oriente
2000088428;10003201;COMERCIAL EMPIN MONAGAS, C.A.;10003201;50001012;CHICCO BS ACEITE (28x100ML);              1,000;CS;20.02.2026;20.02.2026 - 22:04:03;Ent. Nac. Pharsana;Zona Oriente;TREICY C. ROCA;1002066020;10;         92,68;USD;100057;HIGIENE PERSONAL;Chicco;PH-Aceite;Cuidado Personal;02;101;GV Ger. Reg. Oriente
2000088428;10003201;COMERCIAL EMPIN MONAGAS, C.A.;10003201;50001072;AMY SEC TH 99% AGUA (20x48UN);              1,000;CS;20.02.2026;20.02.2026 - 22:04:03;Ent. Nac. Pharsana;Zona Oriente;TREICY C. ROCA;1002066020;20;         22,80;USD;100057;TOALLAS HUMEDAS;Amy;PH-TH Flow Pack;Cuidado Personal;02;101;GV Ger. Reg. Oriente
2000088428;10003201;COMERCIAL EMPIN MONAGAS, C.A.;10003201;50001079;AMY SEC TH 99% AGUA (48x24UN);              1,000;CS;20.02.2026;20.02.2026 - 22:04:03;Ent. Nac. Pharsana;Zona Oriente;TREICY C. ROCA;1002066020;30;         36,00;USD;100057;TOALLAS HUMEDAS;Amy;PH-TH Travel Pack;Cuidado Personal;02;101;GV Ger. Reg. Oriente
2000088428;10003201;COMERCIAL EMPIN MONAGAS, C.A.;10003201;50000902;AMY COLONIA PARA BEBES (10x220ML);              1,000;CS;20.02.2026;20.02.2026 - 22:04:03;Ent. Nac. Pharsana;Zona Oriente;TREICY C. ROCA;1002066020;40;         38,20;USD;100057;HIGIENE PERSONAL;Amy;PH-Colonia;Cuidado Personal;02;101;GV Ger. Reg. Oriente
2000088428;10003201;COMERCIAL EMPIN MONAGAS, C.A.;10003201;50000532;AMY CHAMPU PARA BEBES (10x200ML);              1,000;CS;20.02.2026;20.02.2026 - 22:04:03;Ent. Nac. Pharsana;Zona Oriente;TREICY C. ROCA;1002066020;50;         28,10;USD;100057;HIGIENE PERSONAL;Amy;PH-Champú;Cuidado Personal;02;101;GV Ger. Reg. Oriente
2000088428;10003201;COMERCIAL EMPIN MONAGAS, C.A.;10003201;50000957;SECUREZZA PROTECTOR DE CAMA (6X10UN);              1,000;PAK;20.02.2026;20.02.2026 - 22:04:03;Ent. Nac. Pharsana;Zona Oriente;TREICY C. ROCA;1002066020;60;         44,46;USD;100057;INCONTINENCIA;Securezza;PH-Protector de Cama;Absorbentes;02;101;GV Ger. Reg. Oriente
2000088429;10003201;COMERCIAL EMPIN MONAGAS, C.A.;10003201;50000639;SIEMPRE SECO BASICO M (6X6UN);              1,000;PAK;20.02.2026;20.02.2026 - 22:04:03;Ent. Nac. Pharsana;Zona Oriente;TREICY C. ROCA;1002066022;10;         30,18;USD;100057;INCONTINENCIA;Siempre Seco;PH-Protector Incont.;Absorbentes;02;101;GV Ger. Reg. Oriente
2000088429;10003201;COMERCIAL EMPIN MONAGAS, C.A.;10003201;50000640;SIEMPRE SECO BASICO G (6X6UN);              1,000;PAK;20.02.2026;20.02.2026 - 22:04:03;Ent. Nac. Pharsana;Zona Oriente;TREICY C. ROCA;1002066022;20;         33,36;USD;100057;INCONTINENCIA;Siempre Seco;PH-Protector Incont.;Absorbentes;02;101;GV Ger. Reg. Oriente
2000088429;10003201;COMERCIAL EMPIN MONAGAS, C.A.;10003201;50000974;CHICCO BS TH ORIGINAL (24x72UN);              1,000;CS;20.02.2026;20.02.2026 - 22:04:03;Ent. Nac. Pharsana;Zona Oriente;TREICY C. ROCA;1002066022;30;         60,48;USD;100057;TOALLAS HUMEDAS;Chicco;PH-TH Flow Pack;Cuidado Personal;02;101;GV Ger. Reg. Oriente
2000088429;10003201;COMERCIAL EMPIN MONAGAS, C.A.;10003201;50000975;CHICCO BS TH ORIGINAL (20x48UN);              1,000;CS;20.02.2026;20.02.2026 - 22:04:03;Ent. Nac. Pharsana;Zona Oriente;TREICY C. ROCA;1002066022;40;         35,20;USD;100057;TOALLAS HUMEDAS;Chicco;PH-TH Flow Pack;Cuidado Personal;02;101;GV Ger. Reg. Oriente
2000088429;10003201;COMERCIAL EMPIN MONAGAS, C.A.;10003201;50001011;CHICCO BS COLONIA (28x100ML);              1,000;CS;20.02.2026;20.02.2026 - 22:04:03;Ent. Nac. Pharsana;Zona Oriente;TREICY C. ROCA;1002066022;50;         74,48;USD;100057;HIGIENE PERSONAL;Chicco;PH-Colonia;Cuidado Personal;02;101;GV Ger. Reg. Oriente
2000088429;10003201;COMERCIAL EMPIN MONAGAS, C.A.;10003201;50000970;CHICCO BS COLONIA (10x220ML);              1,000;CS;20.02.2026;20.02.2026 - 22:04:03;Ent. Nac. Pharsana;Zona Oriente;TREICY C. ROCA;1002066022;60;         48,50;USD;100057;HIGIENE PERSONAL;Chicco;PH-Colonia;Cuidado Personal;02;101;GV Ger. Reg. Oriente
2000088430;10003201;COMERCIAL EMPIN MONAGAS, C.A.;10003201;50000626;SECUREZZA CLASSIC M REG (6x6UN);              1,000;PAK;20.02.2026;20.02.2026 - 22:04:03;Ent. Nac. Pharsana;Zona Oriente;TREICY C. ROCA;1002066023;10;         38,10;USD;100057;INCONTINENCIA;Securezza;PH-Protector Incont.;Absorbentes;02;101;GV Ger. Reg. Oriente
2000088430;10003201;COMERCIAL EMPIN MONAGAS, C.A.;10003201;50000627;SECUREZZA CLASSIC L REG (6x6UN);              1,000;PAK;20.02.2026;20.02.2026 - 22:04:03;Ent. Nac. Pharsana;Zona Oriente;TREICY C. ROCA;1002066023;20;         44,94;USD;100057;INCONTINENCIA;Securezza;PH-Protector Incont.;Absorbentes;02;101;GV Ger. Reg. Oriente
2000088431;10003122;AWA MARKET, C.A.;10003122;50001072;AMY SEC TH 99% AGUA (20x48UN);              1,000;CS;20.02.2026;20.02.2026 - 22:04:03;Ent. Nac. Pharsana;Zona Oriente;TREICY C. ROCA;1002066328;10;         22,80;USD;100057;TOALLAS HUMEDAS;Amy;PH-TH Flow Pack;Cuidado Personal;02;101;GV Ger. Reg. Oriente
2000088431;10003122;AWA MARKET, C.A.;10003122;50001130;FRIENDS PD REGULAR S/P (24X20UN);              1,000;PAK;20.02.2026;20.02.2026 - 22:04:03;Ent. Nac. Pharsana;Zona Oriente;TREICY C. ROCA;1002066328;20;         29,76;USD;100057;ABSORBENTES FEMENINA;Friends;PH-Protector Diario;Absorbentes;02;101;GV Ger. Reg. Oriente
2000088432;10003122;AWA MARKET, C.A.;10003122;50000974;CHICCO BS TH ORIGINAL (24x72UN);              1,000;CS;20.02.2026;20.02.2026 - 22:04:03;Ent. Nac. Pharsana;Zona Oriente;TREICY C. ROCA;1002066329;10;         60,48;USD;100057;TOALLAS HUMEDAS;Chicco;PH-TH Flow Pack;Cuidado Personal;02;101;GV Ger. Reg. Oriente
2000088432;10003122;AWA MARKET, C.A.;10003122;50000975;CHICCO BS TH ORIGINAL (20x48UN);              1,000;CS;20.02.2026;20.02.2026 - 22:04:03;Ent. Nac. Pharsana;Zona Oriente;TREICY C. ROCA;1002066329;20;         35,20;USD;100057;TOALLAS HUMEDAS;Chicco;PH-TH Flow Pack;Cuidado Personal;02;101;GV Ger. Reg. Oriente
2000088432;10003122;AWA MARKET, C.A.;10003122;50001045;CHICCO BS TALCO (24x100G);              1,000;CS;20.02.2026;20.02.2026 - 22:04:03;Ent. Nac. Pharsana;Zona Oriente;TREICY C. ROCA;1002066329;30;         71,76;USD;100057;HIGIENE PERSONAL;Chicco;PH-Talco;Cuidado Personal;02;101;GV Ger. Reg. Oriente
2000088432;10003122;AWA MARKET, C.A.;10003122;50001012;CHICCO BS ACEITE (28x100ML);              1,000;CS;20.02.2026;20.02.2026 - 22:04:03;Ent. Nac. Pharsana;Zona Oriente;TREICY C. ROCA;1002066329;40;         92,68;USD;100057;HIGIENE PERSONAL;Chicco;PH-Aceite;Cuidado Personal;02;101;GV Ger. Reg. Oriente
2000088432;10003122;AWA MARKET, C.A.;10003122;50000632;SECUREZZA POST PARTO PREMIUM (12X10UN);              1,000;PAK;20.02.2026;20.02.2026 - 22:04:03;Ent. Nac. Pharsana;Zona Oriente;TREICY C. ROCA;1002066329;50;         26,88;USD;100057;INCONTINENCIA;Securezza;PH-Toalla Post-Parto;Absorbentes;02;101;GV Ger. Reg. Oriente
2000088432;10003122;AWA MARKET, C.A.;10003122;50001021;SECUREZZA POST PARTO (12X15UN);              1,000;PAK;20.02.2026;20.02.2026 - 22:04:03;Ent. Nac. Pharsana;Zona Oriente;TREICY C. ROCA;1002066329;60;         32,40;USD;100057;INCONTINENCIA;Securezza;PH-Toalla Post-Parto;Absorbentes;02;101;GV Ger. Reg. Oriente
2000088432;10003122;AWA MARKET, C.A.;10003122;50001011;CHICCO BS COLONIA (28x100ML);              1,000;CS;20.02.2026;20.02.2026 - 22:04:03;Ent. Nac. Pharsana;Zona Oriente;TREICY C. ROCA;1002066329;70;         74,48;USD;100057;HIGIENE PERSONAL;Chicco;PH-Colonia;Cuidado Personal;02;101;GV Ger. Reg. Oriente
2000088432;10003122;AWA MARKET, C.A.;10003122;50000970;CHICCO BS COLONIA (10x220ML);              1,000;CS;20.02.2026;20.02.2026 - 22:04:03;Ent. Nac. Pharsana;Zona Oriente;TREICY C. ROCA;1002066329;80;         48,50;USD;100057;HIGIENE PERSONAL;Chicco;PH-Colonia;Cuidado Personal;02;101;GV Ger. Reg. Oriente
2000088433;10002862;COMERCIAL DIFERENTE, C.A.;10002862;50000902;AMY COLONIA PARA BEBES (10x220ML);              1,000;CS;20.02.2026;20.02.2026 - 22:04:03;Ent. Nac. Pharsana;Zona Centro;MERY S. MOSES;1002066369;10;         43,10;USD;100082;HIGIENE PERSONAL;Amy;PH-Colonia;Cuidado Personal;02;10C;GV Ger. Reg. Ce.LLan
2000088433;10002862;COMERCIAL DIFERENTE, C.A.;10002862;50000899;AMY ACEITE PARA BEBES (10x220ML);              1,000;CS;20.02.2026;20.02.2026 - 22:04:03;Ent. Nac. Pharsana;Zona Centro;MERY S. MOSES;1002066369;20;         51,90;USD;100082;HIGIENE PERSONAL;Amy;PH-Aceite;Cuidado Personal;02;10C;GV Ger. Reg. Ce.LLan
2000088434;10002862;COMERCIAL DIFERENTE, C.A.;10002862;50001045;CHICCO BS TALCO (24x100G);              1,000;CS;20.02.2026;20.02.2026 - 22:04:03;Ent. Nac. Pharsana;Zona Centro;MERY S. MOSES;1002066370;10;         80,88;USD;100082;HIGIENE PERSONAL;Chicco;PH-Talco;Cuidado Personal;02;10C;GV Ger. Reg. Ce.LLan
2000088435;10003306;MAX CENTER MATURIN C.A;10003306;50001072;AMY SEC TH 99% AGUA (20x48UN);              5,000;CS;20.02.2026;20.02.2026 - 22:04:03;Ent. Nac. Pharsana;Zona Oriente;TREICY C. ROCA;1002066421;10;        114,00;USD;100057;TOALLAS HUMEDAS;Amy;PH-TH Flow Pack;Cuidado Personal;02;101;GV Ger. Reg. Oriente
2000088436;10003306;MAX CENTER MATURIN C.A;10003306;50001084;CHICCO BS TH ORIGINAL (48x24UN);              1,000;CS;20.02.2026;20.02.2026 - 22:04:03;Ent. Nac. Pharsana;Zona Oriente;TREICY C. ROCA;1002066422;10;         49,44;USD;100057;TOALLAS HUMEDAS;Chicco;PH-TH Travel Pack;Cuidado Personal;02;101;GV Ger. Reg. Oriente
2000088437;10002503;COLLINS VIVAS DISTRIBUCIONES;10002503;50000517;AMY MOTAS DE ALGODON (12x50UN);              7,000;CS;20.02.2026;20.02.2026 - 22:04:03;Ent. Nac. Pharsana;Zona Occidente;PEDRO A. COLMENARES;1002066444;10;        197,40;USD;100026;ALGODONES PT;Amy;PH-Motas De Algodón;Cuidado Personal;02;105;GV Ger. Reg. DEnfoc.
2000088437;10002503;COLLINS VIVAS DISTRIBUCIONES;10002503;50001072;AMY SEC TH 99% AGUA (20x48UN);             10,000;CS;20.02.2026;20.02.2026 - 22:04:03;Ent. Nac. Pharsana;Zona Occidente;PEDRO A. COLMENARES;1002066444;20;        248,00;USD;100026;TOALLAS HUMEDAS;Amy;PH-TH Flow Pack;Cuidado Personal;02;105;GV Ger. Reg. DEnfoc.
2000088438;10002503;COLLINS VIVAS DISTRIBUCIONES;10002503;60000417;CHICCO BIBERON VERDE BOY FLENT 150ML(6X1;              4,000;CS;20.02.2026;20.02.2026 - 22:04:03;Ent. Nac. Pharsana;Zona Occidente;PEDRO A. COLMENARES;1002066445;10;        232,08;USD;100026;INFANTILES;Chicco Importado;Accesorios;Infant;02;105;GV Ger. Reg. DEnfoc.
2000088439;10002651;SUPER MARKET ORIENTE C.A.;10002651;50000992;CHICCO PAÑAL DE NIÑO G REG (8X20UN);              3,000;PAK;20.02.2026;20.02.2026 - 22:04:03;Ent. Nac. Pharsana;Zona Oriente;VICTOR A. MONTES;1002066406;10;        139,68;USD;100136;ABSORBENTES NIÑOS;Chicco;PH-Pañal Anatóm. T3;Absorbentes;02;101;GV Ger. Reg. Oriente
2000088439;10002651;SUPER MARKET ORIENTE C.A.;10002651;50000990;CHICCO PAÑAL DE NIÑO M REG (8X20UN);              2,000;PAK;20.02.2026;20.02.2026 - 22:04:03;Ent. Nac. Pharsana;Zona Oriente;VICTOR A. MONTES;1002066406;20;         86,56;USD;100136;ABSORBENTES NIÑOS;Chicco;PH-Pañal Anatóm. T3;Absorbentes;02;101;GV Ger. Reg. Oriente
2000088439;10002651;SUPER MARKET ORIENTE C.A.;10002651;50001169;FRIENDS PD LONG (24X20UN);              1,000;PAK;20.02.2026;20.02.2026 - 22:04:03;Ent. Nac. Pharsana;Zona Oriente;VICTOR A. MONTES;1002066406;30;         29,76;USD;100136;ABSORBENTES FEMENINA;Friends;PH-Protector Diario;Absorbentes;02;101;GV Ger. Reg. Oriente
2000088440;10000737;MERCA FACIL AUTOMERCADO,C.A.;10000737;50000990;CHICCO PAÑAL DE NIÑO M REG (8X20UN);              3,000;PAK;20.02.2026;20.02.2026 - 22:04:03;Ent. Nac. Pharsana;Zona Andina;PEDRO A. COLMENARES;1002066407;10;        129,84;USD;100026;ABSORBENTES NIÑOS;Chicco;PH-Pañal Anatóm. T3;Absorbentes;02;100;GV. Ger. Reg. Occid.
2000088440;10000737;MERCA FACIL AUTOMERCADO,C.A.;10000737;50000993;CHICCO PAÑAL DE NIÑO XG REG (8X20UN);              1,000;PAK;20.02.2026;20.02.2026 - 22:04:03;Ent. Nac. Pharsana;Zona Andina;PEDRO A. COLMENARES;1002066407;20;         48,00;USD;100026;ABSORBENTES NIÑOS;Chicco;PH-Pañal Anatóm. T3;Absorbentes;02;100;GV. Ger. Reg. Occid.
2000088440;10000737;MERCA FACIL AUTOMERCADO,C.A.;10000737;50000970;CHICCO BS COLONIA (10x220ML);              3,000;CS;20.02.2026;20.02.2026 - 22:04:03;Ent. Nac. Pharsana;Zona Andina;PEDRO A. COLMENARES;1002066407;30;        145,50;USD;100026;HIGIENE PERSONAL;Chicco;PH-Colonia;Cuidado Personal;02;100;GV. Ger. Reg. Occid.
2000088440;10000737;MERCA FACIL AUTOMERCADO,C.A.;10000737;50000495;AMY LOCION PARA BEBES (10x200ML);              1,000;CS;20.02.2026;20.02.2026 - 22:04:03;Ent. Nac. Pharsana;Zona Andina;PEDRO A. COLMENARES;1002066407;40;         29,40;USD;100026;HIGIENE PERSONAL;Amy;PH-Loción;Cuidado Personal;02;100;GV. Ger. Reg. Occid.
2000088440;10000737;MERCA FACIL AUTOMERCADO,C.A.;10000737;50001005;AMY SEC TH MANZANILLA P/BEBES (24x72UN);              2,000;CS;20.02.2026;20.02.2026 - 22:04:03;Ent. Nac. Pharsana;Zona Andina;PEDRO A. COLMENARES;1002066407;50;         81,60;USD;100026;TOALLAS HUMEDAS;Amy;PH-TH Flow Pack;Cuidado Personal;02;100;GV. Ger. Reg. Occid.
2000088440;10000737;MERCA FACIL AUTOMERCADO,C.A.;10000737;50000626;SECUREZZA CLASSIC M REG (6x6UN);              1,000;PAK;20.02.2026;20.02.2026 - 22:04:03;Ent. Nac. Pharsana;Zona Andina;PEDRO A. COLMENARES;1002066407;60;         38,10;USD;100026;INCONTINENCIA;Securezza;PH-Protector Incont.;Absorbentes;02;100;GV. Ger. Reg. Occid.
2000088440;10000737;MERCA FACIL AUTOMERCADO,C.A.;10000737;50000627;SECUREZZA CLASSIC L REG (6x6UN);              3,000;PAK;20.02.2026;20.02.2026 - 22:04:03;Ent. Nac. Pharsana;Zona Andina;PEDRO A. COLMENARES;1002066407;70;        134,82;USD;100026;INCONTINENCIA;Securezza;PH-Protector Incont.;Absorbentes;02;100;GV. Ger. Reg. Occid.
2000088440;10000737;MERCA FACIL AUTOMERCADO,C.A.;10000737;50000956;SECUREZZA BC TH CORPORALES (12x54UN);              1,000;CS;20.02.2026;20.02.2026 - 22:04:03;Ent. Nac. Pharsana;Zona Andina;PEDRO A. COLMENARES;1002066407;80;         31,08;USD;100026;TOALLAS HUMEDAS;Securezza;PH-TH Flow Pack;Cuidado Personal;02;100;GV. Ger. Reg. Occid.
2000088440;10000737;MERCA FACIL AUTOMERCADO,C.A.;10000737;50001106;FRIENDS PD REGULAR S/P (12X40UN);              4,000;PAK;20.02.2026;20.02.2026 - 22:04:03;Ent. Nac. Pharsana;Zona Andina;PEDRO A. COLMENARES;1002066407;90;        119,52;USD;100026;ABSORBENTES FEMENINA;Friends;PH-Protector Diario;Absorbentes;02;100;GV. Ger. Reg. Occid.
2000088440;10000737;MERCA FACIL AUTOMERCADO,C.A.;10000737;50001107;FRIENDS PD REGULAR S/P (12X60UN);              2,000;PAK;20.02.2026;20.02.2026 - 22:04:03;Ent. Nac. Pharsana;Zona Andina;PEDRO A. COLMENARES;1002066407;100;         73,20;USD;100026;ABSORBENTES FEMENINA;Friends;PH-Protector Diario;Absorbentes;02;100;GV. Ger. Reg. Occid.
2000088440;10000737;MERCA FACIL AUTOMERCADO,C.A.;10000737;50001130;FRIENDS PD REGULAR S/P (24X20UN);              4,000;PAK;20.02.2026;20.02.2026 - 22:04:03;Ent. Nac. Pharsana;Zona Andina;PEDRO A. COLMENARES;1002066407;110;        119,04;USD;100026;ABSORBENTES FEMENINA;Friends;PH-Protector Diario;Absorbentes;02;100;GV. Ger. Reg. Occid.
2000088440;10000737;MERCA FACIL AUTOMERCADO,C.A.;10000737;50001137;LADY FACE DISCOS DE ALGODON (24x80UN);              3,000;CS;20.02.2026;20.02.2026 - 22:04:03;Ent. Nac. Pharsana;Zona Andina;PEDRO A. COLMENARES;1002066407;120;        197,28;USD;100026;ALGODONES PT;Lady Face;PH-Cotton Round;Cuidado Personal;02;100;GV. Ger. Reg. Occid.
2000088441;10000737;MERCA FACIL AUTOMERCADO,C.A.;10000737;50000569;ACTIVA SEC PERDIDAS ABUNDANTES (12X10UN);              5,000;PAK;20.02.2026;20.02.2026 - 22:04:03;Ent. Nac. Pharsana;Zona Andina;PEDRO A. COLMENARES;1002066408;10;         82,80;USD;100026;INCONTINENCIA;Activa;PH-Toalla Incontinen;Absorbentes;02;100;GV. Ger. Reg. Occid.
2000088442;10000158;COMERCIALIZADORA LIMPIA TODO, C. A;11000474;50001023;CHICCO BS COTONCITO (32x100UN);              1,000;CS;20.02.2026;20.02.2026 - 22:04:03;Ent. Nac. Pharsana;Zona Oriente;DANIELA A. RODRIGUEZ;1002066413;10;         42,88;USD;100131;ALGODONES PT;Chicco;PH-Hisopos;Cuidado Personal;02;101;GV Ger. Reg. Oriente
2000088442;10000158;COMERCIALIZADORA LIMPIA TODO, C. A;11000474;50001024;CHICCO BS COTONCITO (48x60UN);              1,000;CS;20.02.2026;20.02.2026 - 22:04:03;Ent. Nac. Pharsana;Zona Oriente;DANIELA A. RODRIGUEZ;1002066413;20;         56,64;USD;100131;ALGODONES PT;Chicco;PH-Hisopos;Cuidado Personal;02;101;GV Ger. Reg. Oriente
2000088442;10000158;COMERCIALIZADORA LIMPIA TODO, C. A;11000474;50001020;CHICCO BS LOCION (28x100ML);              1,000;CS;20.02.2026;20.02.2026 - 22:04:03;Ent. Nac. Pharsana;Zona Oriente;DANIELA A. RODRIGUEZ;1002066413;30;         65,52;USD;100131;HIGIENE PERSONAL;Chicco;PH-Loción;Cuidado Personal;02;101;GV Ger. Reg. Oriente
2000088442;10000158;COMERCIALIZADORA LIMPIA TODO, C. A;11000474;50001016;CHICCO BS CHAMPU CABELLONORMAL(28x100ML);              1,000;CS;20.02.2026;20.02.2026 - 22:04:03;Ent. Nac. Pharsana;Zona Oriente;DANIELA A. RODRIGUEZ;1002066413;40;         63,28;USD;100131;HIGIENE PERSONAL;Chicco;PH-Champú;Cuidado Personal;02;101;GV Ger. Reg. Oriente
2000088442;10000158;COMERCIALIZADORA LIMPIA TODO, C. A;11000474;50001011;CHICCO BS COLONIA (28x100ML);              2,000;CS;20.02.2026;20.02.2026 - 22:04:03;Ent. Nac. Pharsana;Zona Oriente;DANIELA A. RODRIGUEZ;1002066413;50;        148,96;USD;100131;HIGIENE PERSONAL;Chicco;PH-Colonia;Cuidado Personal;02;101;GV Ger. Reg. Oriente
2000088442;10000158;COMERCIALIZADORA LIMPIA TODO, C. A;11000474;50000921;SECUREZZA COMFORT M REG (6x6UN);              1,000;PAK;20.02.2026;20.02.2026 - 22:04:03;Ent. Nac. Pharsana;Zona Oriente;DANIELA A. RODRIGUEZ;1002066413;60;         41,10;USD;100131;INCONTINENCIA;Securezza;PH-Protector Incont.;Absorbentes;02;101;GV Ger. Reg. Oriente
2000088442;10000158;COMERCIALIZADORA LIMPIA TODO, C. A;11000474;50001021;SECUREZZA POST PARTO (12X15UN);              2,000;PAK;20.02.2026;20.02.2026 - 22:04:03;Ent. Nac. Pharsana;Zona Oriente;DANIELA A. RODRIGUEZ;1002066413;70;         64,80;USD;100131;INCONTINENCIA;Securezza;PH-Toalla Post-Parto;Absorbentes;02;101;GV Ger. Reg. Oriente
2000088442;10000158;COMERCIALIZADORA LIMPIA TODO, C. A;11000474;50000640;SIEMPRE SECO BASICO G (6X6UN);              2,000;PAK;20.02.2026;20.02.2026 - 22:04:03;Ent. Nac. Pharsana;Zona Oriente;DANIELA A. RODRIGUEZ;1002066413;80;         66,72;USD;100131;INCONTINENCIA;Siempre Seco;PH-Protector Incont.;Absorbentes;02;101;GV Ger. Reg. Oriente
2000088443;10000158;COMERCIALIZADORA LIMPIA TODO, C. A;11000474;50000443;AMY HISOPOS (48x60UN);              2,000;CS;20.02.2026;20.02.2026 - 22:04:03;Ent. Nac. Pharsana;Zona Oriente;DANIELA A. RODRIGUEZ;1002066414;10;        102,72;USD;100131;ALGODONES PT;Amy;PH-Hisopos;Cuidado Personal;02;101;GV Ger. Reg. Oriente
2000088443;10000158;COMERCIALIZADORA LIMPIA TODO, C. A;11000474;50000956;SECUREZZA BC TH CORPORALES (12x54UN);              1,000;CS;20.02.2026;20.02.2026 - 22:04:03;Ent. Nac. Pharsana;Zona Oriente;DANIELA A. RODRIGUEZ;1002066414;20;         31,08;USD;100131;TOALLAS HUMEDAS;Securezza;PH-TH Flow Pack;Cuidado Personal;02;101;GV Ger. Reg. Oriente
2000088443;10000158;COMERCIALIZADORA LIMPIA TODO, C. A;11000474;50001133;FRIENDS PD MANZANILLA (24X20UN);              2,000;PAK;20.02.2026;20.02.2026 - 22:04:03;Ent. Nac. Pharsana;Zona Oriente;DANIELA A. RODRIGUEZ;1002066414;30;         59,52;USD;100131;ABSORBENTES FEMENINA;Friends;PH-Protector Diario;Absorbentes;02;101;GV Ger. Reg. Oriente
2000088443;10000158;COMERCIALIZADORA LIMPIA TODO, C. A;11000474;50001106;FRIENDS PD REGULAR S/P (12X40UN);              2,000;PAK;20.02.2026;20.02.2026 - 22:04:03;Ent. Nac. Pharsana;Zona Oriente;DANIELA A. RODRIGUEZ;1002066414;40;         59,76;USD;100131;ABSORBENTES FEMENINA;Friends;PH-Protector Diario;Absorbentes;02;101;GV Ger. Reg. Oriente
2000088443;10000158;COMERCIALIZADORA LIMPIA TODO, C. A;11000474;50001107;FRIENDS PD REGULAR S/P (12X60UN);              2,000;PAK;20.02.2026;20.02.2026 - 22:04:03;Ent. Nac. Pharsana;Zona Oriente;DANIELA A. RODRIGUEZ;1002066414;50;         73,20;USD;100131;ABSORBENTES FEMENINA;Friends;PH-Protector Diario;Absorbentes;02;101;GV Ger. Reg. Oriente
2000088443;10000158;COMERCIALIZADORA LIMPIA TODO, C. A;11000474;50001169;FRIENDS PD LONG (24X20UN);              2,000;PAK;20.02.2026;20.02.2026 - 22:04:03;Ent. Nac. Pharsana;Zona Oriente;DANIELA A. RODRIGUEZ;1002066414;60;         59,52;USD;100131;ABSORBENTES FEMENINA;Friends;PH-Protector Diario;Absorbentes;02;101;GV Ger. Reg. Oriente
2000088443;10000158;COMERCIALIZADORA LIMPIA TODO, C. A;11000474;50000627;SECUREZZA CLASSIC L REG (6x6UN);              1,000;PAK;20.02.2026;20.02.2026 - 22:04:03;Ent. Nac. Pharsana;Zona Oriente;DANIELA A. RODRIGUEZ;1002066414;70;         44,94;USD;100131;INCONTINENCIA;Securezza;PH-Protector Incont.;Absorbentes;02;101;GV Ger. Reg. Oriente
2000088444;10000158;COMERCIALIZADORA LIMPIA TODO, C. A;11000474;50000569;ACTIVA SEC PERDIDAS ABUNDANTES (12X10UN);              1,000;PAK;20.02.2026;20.02.2026 - 22:04:03;Ent. Nac. Pharsana;Zona Oriente;DANIELA A. RODRIGUEZ;1002066415;10;         16,56;USD;100131;INCONTINENCIA;Activa;PH-Toalla Incontinen;Absorbentes;02;101;GV Ger. Reg. Oriente
2000088445;10000158;COMERCIALIZADORA LIMPIA TODO, C. A;11000082;50001016;CHICCO BS CHAMPU CABELLONORMAL(28x100ML);              1,000;CS;20.02.2026;20.02.2026 - 22:04:03;Ent. Nac. Pharsana;Zona Oriente;DANIELA A. RODRIGUEZ;1002066417;10;         63,28;USD;100131;HIGIENE PERSONAL;Chicco;PH-Champú;Cuidado Personal;02;101;GV Ger. Reg. Oriente
2000088445;10000158;COMERCIALIZADORA LIMPIA TODO, C. A;11000082;50000965;CHICCO BS LOCION (10x200ML);              1,000;CS;20.02.2026;20.02.2026 - 22:04:03;Ent. Nac. Pharsana;Zona Oriente;DANIELA A. RODRIGUEZ;1002066417;20;         39,80;USD;100131;HIGIENE PERSONAL;Chicco;PH-Loción;Cuidado Personal;02;101;GV Ger. Reg. Oriente
2000088445;10000158;COMERCIALIZADORA LIMPIA TODO, C. A;11000082;50000922;SECUREZZA COMFORT L REG (6x6UN);              2,000;PAK;20.02.2026;20.02.2026 - 22:04:03;Ent. Nac. Pharsana;Zona Oriente;DANIELA A. RODRIGUEZ;1002066417;30;         96,84;USD;100131;INCONTINENCIA;Securezza;PH-Protector Incont.;Absorbentes;02;101;GV Ger. Reg. Oriente
2000088445;10000158;COMERCIALIZADORA LIMPIA TODO, C. A;11000082;50000639;SIEMPRE SECO BASICO M (6X6UN);              2,000;PAK;20.02.2026;20.02.2026 - 22:04:03;Ent. Nac. Pharsana;Zona Oriente;DANIELA A. RODRIGUEZ;1002066417;40;         60,36;USD;100131;INCONTINENCIA;Siempre Seco;PH-Protector Incont.;Absorbentes;02;101;GV Ger. Reg. Oriente
2000088445;10000158;COMERCIALIZADORA LIMPIA TODO, C. A;11000082;50000981;SIEMPRE SECO PROTEC DE CAMA HB(4X20UN);              2,000;PAK;20.02.2026;20.02.2026 - 22:04:03;Ent. Nac. Pharsana;Zona Oriente;DANIELA A. RODRIGUEZ;1002066417;50;         83,84;USD;100131;INCONTINENCIA;Siempre Seco;PH-Protector de Cama;Absorbentes;02;101;GV Ger. Reg. Oriente
2000088445;10000158;COMERCIALIZADORA LIMPIA TODO, C. A;11000082;50000640;SIEMPRE SECO BASICO G (6X6UN);              2,000;PAK;20.02.2026;20.02.2026 - 22:04:03;Ent. Nac. Pharsana;Zona Oriente;DANIELA A. RODRIGUEZ;1002066417;60;         66,72;USD;100131;INCONTINENCIA;Siempre Seco;PH-Protector Incont.;Absorbentes;02;101;GV Ger. Reg. Oriente
2000088446;10000158;COMERCIALIZADORA LIMPIA TODO, C. A;11000082;50000443;AMY HISOPOS (48x60UN);              1,000;CS;20.02.2026;20.02.2026 - 22:04:03;Ent. Nac. Pharsana;Zona Oriente;DANIELA A. RODRIGUEZ;1002066418;10;         51,36;USD;100131;ALGODONES PT;Amy;PH-Hisopos;Cuidado Personal;02;101;GV Ger. Reg. Oriente
2000088446;10000158;COMERCIALIZADORA LIMPIA TODO, C. A;11000082;50000956;SECUREZZA BC TH CORPORALES (12x54UN);              1,000;CS;20.02.2026;20.02.2026 - 22:04:03;Ent. Nac. Pharsana;Zona Oriente;DANIELA A. RODRIGUEZ;1002066418;20;         31,08;USD;100131;TOALLAS HUMEDAS;Securezza;PH-TH Flow Pack;Cuidado Personal;02;101;GV Ger. Reg. Oriente
2000088446;10000158;COMERCIALIZADORA LIMPIA TODO, C. A;11000082;50001169;FRIENDS PD LONG (24X20UN);              1,000;PAK;20.02.2026;20.02.2026 - 22:04:03;Ent. Nac. Pharsana;Zona Oriente;DANIELA A. RODRIGUEZ;1002066418;30;         29,76;USD;100131;ABSORBENTES FEMENINA;Friends;PH-Protector Diario;Absorbentes;02;101;GV Ger. Reg. Oriente
2000088446;10000158;COMERCIALIZADORA LIMPIA TODO, C. A;11000082;50000884;ACTIVA PD PERD. OCASIONALES (12X40UN);              1,000;PAK;20.02.2026;20.02.2026 - 22:04:03;Ent. Nac. Pharsana;Zona Oriente;DANIELA A. RODRIGUEZ;1002066418;40;         34,20;USD;100131;ABSORBENTES FEMENINA;Activa;PH-Protector Diario;Absorbentes;02;101;GV Ger. Reg. Oriente
2000088447;10003306;MAX CENTER MATURIN C.A;10003306;50001139;CHICCO PAÑAL DE NIÑO XXG REG (8X20UN);              1,000;PAK;20.02.2026;20.02.2026 - 22:04:03;Ent. Nac. Pharsana;Zona Oriente;TREICY C. ROCA;1002066420;10;         48,00;USD;100057;ABSORBENTES NIÑOS;Chicco;PH-Pañal Anatóm. T3;Absorbentes;02;101;GV Ger. Reg. Oriente
2000088447;10003306;MAX CENTER MATURIN C.A;10003306;50000993;CHICCO PAÑAL DE NIÑO XG REG (8X20UN);              1,000;PAK;20.02.2026;20.02.2026 - 22:04:03;Ent. Nac. Pharsana;Zona Oriente;TREICY C. ROCA;1002066420;20;         48,00;USD;100057;ABSORBENTES NIÑOS;Chicco;PH-Pañal Anatóm. T3;Absorbentes;02;101;GV Ger. Reg. Oriente
2000088447;10003306;MAX CENTER MATURIN C.A;10003306;50001079;AMY SEC TH 99% AGUA (48x24UN);              5,000;CS;20.02.2026;20.02.2026 - 22:04:03;Ent. Nac. Pharsana;Zona Oriente;TREICY C. ROCA;1002066420;30;        180,00;USD;100057;TOALLAS HUMEDAS;Amy;PH-TH Travel Pack;Cuidado Personal;02;101;GV Ger. Reg. Oriente
2000088447;10003306;MAX CENTER MATURIN C.A;10003306;50001005;AMY SEC TH MANZANILLA P/BEBES (24x72UN);              2,000;CS;20.02.2026;20.02.2026 - 22:04:03;Ent. Nac. Pharsana;Zona Oriente;TREICY C. ROCA;1002066420;40;         81,60;USD;100057;TOALLAS HUMEDAS;Amy;PH-TH Flow Pack;Cuidado Personal;02;101;GV Ger. Reg. Oriente
2000088448;10003462;FARMACIA LA TRINIDAD;10003462;50001024;CHICCO BS COTONCITO (48x60UN);              1,000;CS;20.02.2026;20.02.2026 - 22:04:03;Ent. Nac. Pharsana;Zona Centro;MARIA C. RONDON;1002066425;10;         60,96;USD;100109;ALGODONES PT;Chicco;PH-Hisopos;Cuidado Personal;02;10B;GV Ger. Reg. Cen.Occ
2000088448;10003462;FARMACIA LA TRINIDAD;10003462;50001084;CHICCO BS TH ORIGINAL (48x24UN);              1,000;CS;20.02.2026;20.02.2026 - 22:04:03;Ent. Nac. Pharsana;Zona Centro;MARIA C. RONDON;1002066425;20;         53,28;USD;100109;TOALLAS HUMEDAS;Chicco;PH-TH Travel Pack;Cuidado Personal;02;10B;GV Ger. Reg. Cen.Occ
2000088449;10001857;DISTRIBUIDORA FACECA C.A;10001857;50000969;CHICCO BS TALCO (24x200G);              2,000;CS;20.02.2026;20.02.2026 - 22:04:03;Ent. Nac. Pharsana;Zona Centro Occid.;EDUARDO R. YEPEZ;1002066430;10;        252,48;USD;100122;HIGIENE PERSONAL;Chicco;PH-Talco;Cuidado Personal;02;10B;GV Ger. Reg. Cen.Occ
2000088449;10001857;DISTRIBUIDORA FACECA C.A;10001857;50000963;CHICCO BS CHAMPU CABELLONORMAL(10x200ML);              8,000;CS;20.02.2026;20.02.2026 - 22:04:03;Ent. Nac. Pharsana;Zona Centro Occid.;EDUARDO R. YEPEZ;1002066430;20;        310,40;USD;100122;HIGIENE PERSONAL;Chicco;PH-Champú;Cuidado Personal;02;10B;GV Ger. Reg. Cen.Occ
2000088449;10001857;DISTRIBUIDORA FACECA C.A;10001857;50000970;CHICCO BS COLONIA (10x220ML);             25,000;CS;20.02.2026;20.02.2026 - 22:04:03;Ent. Nac. Pharsana;Zona Centro Occid.;EDUARDO R. YEPEZ;1002066430;30;      1.205,00;USD;100122;HIGIENE PERSONAL;Chicco;PH-Colonia;Cuidado Personal;02;10B;GV Ger. Reg. Cen.Occ
2000088449;10001857;DISTRIBUIDORA FACECA C.A;10001857;50000965;CHICCO BS LOCION (10x200ML);              2,000;CS;20.02.2026;20.02.2026 - 22:04:03;Ent. Nac. Pharsana;Zona Centro Occid.;EDUARDO R. YEPEZ;1002066430;40;         79,20;USD;100122;HIGIENE PERSONAL;Chicco;PH-Loción;Cuidado Personal;02;10B;GV Ger. Reg. Cen.Occ
2000088449;10001857;DISTRIBUIDORA FACECA C.A;10001857;50000986;CHICCO BS CHAMPU CABELLOOSCURO(10x200ML);              2,000;CS;20.02.2026;20.02.2026 - 22:04:03;Ent. Nac. Pharsana;Zona Centro Occid.;EDUARDO R. YEPEZ;1002066430;50;         77,60;USD;100122;HIGIENE PERSONAL;Chicco;PH-Champú;Cuidado Personal;02;10B;GV Ger. Reg. Cen.Occ
2000088449;10001857;DISTRIBUIDORA FACECA C.A;10001857;50000974;CHICCO BS TH ORIGINAL (24x72UN);              5,000;CS;20.02.2026;20.02.2026 - 22:04:03;Ent. Nac. Pharsana;Zona Centro Occid.;EDUARDO R. YEPEZ;1002066430;60;        300,00;USD;100122;TOALLAS HUMEDAS;Chicco;PH-TH Flow Pack;Cuidado Personal;02;10B;GV Ger. Reg. Cen.Occ
2000088449;10001857;DISTRIBUIDORA FACECA C.A;10001857;50001024;CHICCO BS COTONCITO (48x60UN);              5,000;CS;20.02.2026;20.02.2026 - 22:04:03;Ent. Nac. Pharsana;Zona Centro Occid.;EDUARDO R. YEPEZ;1002066430;70;        280,80;USD;100122;ALGODONES PT;Chicco;PH-Hisopos;Cuidado Personal;02;10B;GV Ger. Reg. Cen.Occ
2000088449;10001857;DISTRIBUIDORA FACECA C.A;10001857;50001023;CHICCO BS COTONCITO (32x100UN);             10,000;CS;20.02.2026;20.02.2026 - 22:04:03;Ent. Nac. Pharsana;Zona Centro Occid.;EDUARDO R. YEPEZ;1002066430;80;        425,60;USD;100122;ALGODONES PT;Chicco;PH-Hisopos;Cuidado Personal;02;10B;GV Ger. Reg. Cen.Occ
2000088449;10001857;DISTRIBUIDORA FACECA C.A;10001857;50001046;CHICCO BS ACEITE CREMOSO (28x100ML);              2,000;CS;20.02.2026;20.02.2026 - 22:04:03;Ent. Nac. Pharsana;Zona Centro Occid.;EDUARDO R. YEPEZ;1002066430;90;        105,84;USD;100122;HIGIENE PERSONAL;Chicco;PH-Aceite;Cuidado Personal;02;10B;GV Ger. Reg. Cen.Occ
2000088449;10001857;DISTRIBUIDORA FACECA C.A;10001857;50001011;CHICCO BS COLONIA (28x100ML);             25,000;CS;20.02.2026;20.02.2026 - 22:04:03;Ent. Nac. Pharsana;Zona Centro Occid.;EDUARDO R. YEPEZ;1002066430;100;      1.848,00;USD;100122;HIGIENE PERSONAL;Chicco;PH-Colonia;Cuidado Personal;02;10B;GV Ger. Reg. Cen.Occ
2000088449;10001857;DISTRIBUIDORA FACECA C.A;10001857;50001039;CHICCO BS JABON EN BARRA P/NIÑOS(30x90);              2,000;CS;20.02.2026;20.02.2026 - 22:04:03;Ent. Nac. Pharsana;Zona Centro Occid.;EDUARDO R. YEPEZ;1002066430;110;        115,80;USD;100122;HIGIENE PERSONAL;Chicco;PH-Jabon en barra;Cuidado Personal;02;10B;GV Ger. Reg. Cen.Occ
2000088449;10001857;DISTRIBUIDORA FACECA C.A;10001857;50001045;CHICCO BS TALCO (24x100G);              6,000;CS;20.02.2026;20.02.2026 - 22:04:03;Ent. Nac. Pharsana;Zona Centro Occid.;EDUARDO R. YEPEZ;1002066430;120;        427,68;USD;100122;HIGIENE PERSONAL;Chicco;PH-Talco;Cuidado Personal;02;10B;GV Ger. Reg. Cen.Occ
2000088449;10001857;DISTRIBUIDORA FACECA C.A;10001857;50000990;CHICCO PAÑAL DE NIÑO M REG (8X20UN);              2,000;PAK;20.02.2026;20.02.2026 - 22:04:03;Ent. Nac. Pharsana;Zona Centro Occid.;EDUARDO R. YEPEZ;1002066430;130;         85,92;USD;100122;ABSORBENTES NIÑOS;Chicco;PH-Pañal Anatóm. T3;Absorbentes;02;10B;GV Ger. Reg. Cen.Occ
2000088449;10001857;DISTRIBUIDORA FACECA C.A;10001857;50000975;CHICCO BS TH ORIGINAL (20x48UN);             10,000;CS;20.02.2026;20.02.2026 - 22:04:03;Ent. Nac. Pharsana;Zona Centro Occid.;EDUARDO R. YEPEZ;1002066430;140;        350,00;USD;100122;TOALLAS HUMEDAS;Chicco;PH-TH Flow Pack;Cuidado Personal;02;10B;GV Ger. Reg. Cen.Occ
2000088449;10001857;DISTRIBUIDORA FACECA C.A;10001857;50001084;CHICCO BS TH ORIGINAL (48x24UN);              5,000;CS;20.02.2026;20.02.2026 - 22:04:03;Ent. Nac. Pharsana;Zona Centro Occid.;EDUARDO R. YEPEZ;1002066430;150;        244,80;USD;100122;TOALLAS HUMEDAS;Chicco;PH-TH Travel Pack;Cuidado Personal;02;10B;GV Ger. Reg. Cen.Occ
2000088449;10001857;DISTRIBUIDORA FACECA C.A;10001857;50001012;CHICCO BS ACEITE (28x100ML);              2,000;CS;20.02.2026;20.02.2026 - 22:04:03;Ent. Nac. Pharsana;Zona Centro Occid.;EDUARDO R. YEPEZ;1002066430;160;        184,24;USD;100122;HIGIENE PERSONAL;Chicco;PH-Aceite;Cuidado Personal;02;10B;GV Ger. Reg. Cen.Occ
2000088450;10001857;DISTRIBUIDORA FACECA C.A;10001857;50001021;SECUREZZA POST PARTO (12X15UN);              5,000;PAK;20.02.2026;20.02.2026 - 22:04:03;Ent. Nac. Pharsana;Zona Centro Occid.;EDUARDO R. YEPEZ;1002066431;10;        161,40;USD;100122;INCONTINENCIA;Securezza;PH-Toalla Post-Parto;Absorbentes;02;10B;GV Ger. Reg. Cen.Occ
2000088450;10001857;DISTRIBUIDORA FACECA C.A;10001857;50000639;SIEMPRE SECO BASICO M (6X6UN);             10,000;PAK;20.02.2026;20.02.2026 - 22:04:03;Ent. Nac. Pharsana;Zona Centro Occid.;EDUARDO R. YEPEZ;1002066431;20;        300,00;USD;100122;INCONTINENCIA;Siempre Seco;PH-Protector Incont.;Absorbentes;02;10B;GV Ger. Reg. Cen.Occ
2000088450;10001857;DISTRIBUIDORA FACECA C.A;10001857;50000640;SIEMPRE SECO BASICO G (6X6UN);             10,000;PAK;20.02.2026;20.02.2026 - 22:04:03;Ent. Nac. Pharsana;Zona Centro Occid.;EDUARDO R. YEPEZ;1002066431;30;        331,20;USD;100122;INCONTINENCIA;Siempre Seco;PH-Protector Incont.;Absorbentes;02;10B;GV Ger. Reg. Cen.Occ
2000088451;10001857;DISTRIBUIDORA FACECA C.A;10001857;50000902;AMY COLONIA PARA BEBES (10x220ML);              8,000;CS;20.02.2026;20.02.2026 - 22:04:03;Ent. Nac. Pharsana;Zona Centro Occid.;EDUARDO R. YEPEZ;1002066433;10;        304,00;USD;100122;HIGIENE PERSONAL;Amy;PH-Colonia;Cuidado Personal;02;10B;GV Ger. Reg. Cen.Occ
2000088451;10001857;DISTRIBUIDORA FACECA C.A;10001857;50000495;AMY LOCION PARA BEBES (10x200ML);              1,000;CS;20.02.2026;20.02.2026 - 22:04:03;Ent. Nac. Pharsana;Zona Centro Occid.;EDUARDO R. YEPEZ;1002066433;20;         29,20;USD;100122;HIGIENE PERSONAL;Amy;PH-Loción;Cuidado Personal;02;10B;GV Ger. Reg. Cen.Occ
2000088451;10001857;DISTRIBUIDORA FACECA C.A;10001857;50000106;AMY TALCO PARA BEBES (24x200G);              2,000;CS;20.02.2026;20.02.2026 - 22:04:03;Ent. Nac. Pharsana;Zona Centro Occid.;EDUARDO R. YEPEZ;1002066433;30;        239,52;USD;100122;HIGIENE PERSONAL;Amy;PH-Talco;Cuidado Personal;02;10B;GV Ger. Reg. Cen.Occ
2000088451;10001857;DISTRIBUIDORA FACECA C.A;10001857;50000532;AMY CHAMPU PARA BEBES (10x200ML);              2,000;CS;20.02.2026;20.02.2026 - 22:04:03;Ent. Nac. Pharsana;Zona Centro Occid.;EDUARDO R. YEPEZ;1002066433;40;         55,80;USD;100122;HIGIENE PERSONAL;Amy;PH-Champú;Cuidado Personal;02;10B;GV Ger. Reg. Cen.Occ
2000088451;10001857;DISTRIBUIDORA FACECA C.A;10001857;50000443;AMY HISOPOS (48x60UN);              2,000;CS;20.02.2026;20.02.2026 - 22:04:03;Ent. Nac. Pharsana;Zona Centro Occid.;EDUARDO R. YEPEZ;1002066433;50;        102,72;USD;100122;ALGODONES PT;Amy;PH-Hisopos;Cuidado Personal;02;10B;GV Ger. Reg. Cen.Occ
2000088451;10001857;DISTRIBUIDORA FACECA C.A;10001857;50001079;AMY SEC TH 99% AGUA (48x24UN);              8,000;CS;20.02.2026;20.02.2026 - 22:04:03;Ent. Nac. Pharsana;Zona Centro Occid.;EDUARDO R. YEPEZ;1002066433;60;        288,00;USD;100122;TOALLAS HUMEDAS;Amy;PH-TH Travel Pack;Cuidado Personal;02;10B;GV Ger. Reg. Cen.Occ
2000088451;10001857;DISTRIBUIDORA FACECA C.A;10001857;50000626;SECUREZZA CLASSIC M REG (6x6UN);              7,000;PAK;20.02.2026;20.02.2026 - 22:04:03;Ent. Nac. Pharsana;Zona Centro Occid.;EDUARDO R. YEPEZ;1002066433;70;        264,60;USD;100122;INCONTINENCIA;Securezza;PH-Protector Incont.;Absorbentes;02;10B;GV Ger. Reg. Cen.Occ
2000088451;10001857;DISTRIBUIDORA FACECA C.A;10001857;50000627;SECUREZZA CLASSIC L REG (6x6UN);              2,000;PAK;20.02.2026;20.02.2026 - 22:04:03;Ent. Nac. Pharsana;Zona Centro Occid.;EDUARDO R. YEPEZ;1002066433;80;         89,16;USD;100122;INCONTINENCIA;Securezza;PH-Protector Incont.;Absorbentes;02;10B;GV Ger. Reg. Cen.Occ
2000088451;10001857;DISTRIBUIDORA FACECA C.A;10001857;50001107;FRIENDS PD REGULAR S/P (12X60UN);              5,000;PAK;20.02.2026;20.02.2026 - 22:04:03;Ent. Nac. Pharsana;Zona Centro Occid.;EDUARDO R. YEPEZ;1002066433;90;        181,80;USD;100122;ABSORBENTES FEMENINA;Friends;PH-Protector Diario;Absorbentes;02;10B;GV Ger. Reg. Cen.Occ
2000088451;10001857;DISTRIBUIDORA FACECA C.A;10001857;50001110;FRIENDS PD MANZANILLA (12X40UN);              5,000;PAK;20.02.2026;20.02.2026 - 22:04:03;Ent. Nac. Pharsana;Zona Centro Occid.;EDUARDO R. YEPEZ;1002066433;100;        151,80;USD;100122;ABSORBENTES FEMENINA;Friends;PH-Protector Diario;Absorbentes;02;10B;GV Ger. Reg. Cen.Occ
2000088451;10001857;DISTRIBUIDORA FACECA C.A;10001857;50001137;LADY FACE DISCOS DE ALGODON (24x80UN);              2,000;CS;20.02.2026;20.02.2026 - 22:04:03;Ent. Nac. Pharsana;Zona Centro Occid.;EDUARDO R. YEPEZ;1002066433;110;        130,56;USD;100122;ALGODONES PT;Lady Face;PH-Cotton Round;Cuidado Personal;02;10B;GV Ger. Reg. Cen.Occ
2000088451;10001857;DISTRIBUIDORA FACECA C.A;10001857;50001049;SECUREZZA COMFORT M (4X20UN) PROMOPACK;              1,000;PAK;20.02.2026;20.02.2026 - 22:04:03;Ent. Nac. Pharsana;Zona Centro Occid.;EDUARDO R. YEPEZ;1002066433;120;         72,52;USD;100122;INCONTINENCIA;Securezza;PH-Protector Incont.;Absorbentes;02;10B;GV Ger. Reg. Cen.Occ
2000088451;10001857;DISTRIBUIDORA FACECA C.A;10001857;50001050;SECUREZZA COMFORT L (4X20UN) PROMOPACK;              1,000;PAK;20.02.2026;20.02.2026 - 22:04:03;Ent. Nac. Pharsana;Zona Centro Occid.;EDUARDO R. YEPEZ;1002066433;130;         85,48;USD;100122;INCONTINENCIA;Securezza;PH-Protector Incont.;Absorbentes;02;10B;GV Ger. Reg. Cen.Occ
2000088451;10001857;DISTRIBUIDORA FACECA C.A;10001857;50001047;SECUREZZA CLASSIC M (4X20UN) PROMOPACK;              1,000;PAK;20.02.2026;20.02.2026 - 22:04:03;Ent. Nac. Pharsana;Zona Centro Occid.;EDUARDO R. YEPEZ;1002066433;140;         67,16;USD;100122;INCONTINENCIA;Securezza;PH-Protector Incont.;Absorbentes;02;10B;GV Ger. Reg. Cen.Occ
2000088451;10001857;DISTRIBUIDORA FACECA C.A;10001857;50001048;SECUREZZA CLASSIC L (4X20UN) PROMOPACK;              1,000;PAK;20.02.2026;20.02.2026 - 22:04:03;Ent. Nac. Pharsana;Zona Centro Occid.;EDUARDO R. YEPEZ;1002066433;150;         79,28;USD;100122;INCONTINENCIA;Securezza;PH-Protector Incont.;Absorbentes;02;10B;GV Ger. Reg. Cen.Occ
2000088452;10002434;NOVI SUPERMERCADO, CA;10002434;50001084;CHICCO BS TH ORIGINAL (48x24UN);              1,000;CS;20.02.2026;20.02.2026 - 22:04:03;Ent. Nac. Pharsana;Zona Centro;EDUARDO R. YEPEZ;1002066437;10;         53,28;USD;100122;TOALLAS HUMEDAS;Chicco;PH-TH Travel Pack;Cuidado Personal;02;10B;GV Ger. Reg. Cen.Occ
2000088452;10002434;NOVI SUPERMERCADO, CA;10002434;50000975;CHICCO BS TH ORIGINAL (20x48UN);              1,000;CS;20.02.2026;20.02.2026 - 22:04:03;Ent. Nac. Pharsana;Zona Centro;EDUARDO R. YEPEZ;1002066437;20;         38,20;USD;100122;TOALLAS HUMEDAS;Chicco;PH-TH Flow Pack;Cuidado Personal;02;10B;GV Ger. Reg. Cen.Occ
2000088452;10002434;NOVI SUPERMERCADO, CA;10002434;50000970;CHICCO BS COLONIA (10x220ML);              1,000;CS;20.02.2026;20.02.2026 - 22:04:03;Ent. Nac. Pharsana;Zona Centro;EDUARDO R. YEPEZ;1002066437;30;         52,60;USD;100122;HIGIENE PERSONAL;Chicco;PH-Colonia;Cuidado Personal;02;10B;GV Ger. Reg. Cen.Occ
2000088453;10002434;NOVI SUPERMERCADO, CA;10002434;50001072;AMY SEC TH 99% AGUA (20x48UN);              1,000;CS;20.02.2026;20.02.2026 - 22:04:03;Ent. Nac. Pharsana;Zona Centro;EDUARDO R. YEPEZ;1002066438;10;         24,80;USD;100122;TOALLAS HUMEDAS;Amy;PH-TH Flow Pack;Cuidado Personal;02;10B;GV Ger. Reg. Cen.Occ
2000088454;10002434;NOVI SUPERMERCADO, CA;10002434;50001189;CHICCO BS JABON LIQUIDO(10x220ML);              1,000;CS;20.02.2026;20.02.2026 - 22:04:03;Ent. Nac. Pharsana;Zona Centro;EDUARDO R. YEPEZ;1002066439;10;         35,80;USD;100122;HIGIENE PERSONAL;Chicco;PH-Jabón Líquido;Cuidado Personal;02;10B;GV Ger. Reg. Cen.Occ
2000088455;10003649;COMERCIAL SURTIDOR LA 21, C.A.;10003649;50001019;CHICCO BS GEL ANTIBACTERIAL (28x100ML);              1,000;CS;20.02.2026;20.02.2026 - 22:04:03;Ent. Nac. Pharsana;Zona Centro Occid.;EDUARDO R. YEPEZ;1002066440;10;         62,16;USD;100122;HIGIENE PERSONAL;Chicco;PH-Gel Antibacterial;Cuidado Personal;02;10B;GV Ger. Reg. Cen.Occ
2000088455;10003649;COMERCIAL SURTIDOR LA 21, C.A.;10003649;50001020;CHICCO BS LOCION (28x100ML);              2,000;CS;20.02.2026;20.02.2026 - 22:04:03;Ent. Nac. Pharsana;Zona Centro Occid.;EDUARDO R. YEPEZ;1002066440;20;        142,24;USD;100122;HIGIENE PERSONAL;Chicco;PH-Loción;Cuidado Personal;02;10B;GV Ger. Reg. Cen.Occ
2000088455;10003649;COMERCIAL SURTIDOR LA 21, C.A.;10003649;50000969;CHICCO BS TALCO (24x200G);              1,000;CS;20.02.2026;20.02.2026 - 22:04:03;Ent. Nac. Pharsana;Zona Centro Occid.;EDUARDO R. YEPEZ;1002066440;30;        137,76;USD;100122;HIGIENE PERSONAL;Chicco;PH-Talco;Cuidado Personal;02;10B;GV Ger. Reg. Cen.Occ
2000088455;10003649;COMERCIAL SURTIDOR LA 21, C.A.;10003649;50001045;CHICCO BS TALCO (24x100G);              1,000;CS;20.02.2026;20.02.2026 - 22:04:03;Ent. Nac. Pharsana;Zona Centro Occid.;EDUARDO R. YEPEZ;1002066440;40;         77,76;USD;100122;HIGIENE PERSONAL;Chicco;PH-Talco;Cuidado Personal;02;10B;GV Ger. Reg. Cen.Occ
2000088455;10003649;COMERCIAL SURTIDOR LA 21, C.A.;10003649;50001012;CHICCO BS ACEITE (28x100ML);              1,000;CS;20.02.2026;20.02.2026 - 22:04:03;Ent. Nac. Pharsana;Zona Centro Occid.;EDUARDO R. YEPEZ;1002066440;50;        100,52;USD;100122;HIGIENE PERSONAL;Chicco;PH-Aceite;Cuidado Personal;02;10B;GV Ger. Reg. Cen.Occ
2000088455;10003649;COMERCIAL SURTIDOR LA 21, C.A.;10003649;50000971;CHICCO BS ACEITE (10x220ML);              1,000;CS;20.02.2026;20.02.2026 - 22:04:03;Ent. Nac. Pharsana;Zona Centro Occid.;EDUARDO R. YEPEZ;1002066440;60;         62,00;USD;100122;HIGIENE PERSONAL;Chicco;PH-Aceite;Cuidado Personal;02;10B;GV Ger. Reg. Cen.Occ
2000088455;10003649;COMERCIAL SURTIDOR LA 21, C.A.;10003649;50001006;CHICCO BS ACEITE CREMOSO (10x200ML);              2,000;CS;20.02.2026;20.02.2026 - 22:04:03;Ent. Nac. Pharsana;Zona Centro Occid.;EDUARDO R. YEPEZ;1002066440;70;         78,00;USD;100122;HIGIENE PERSONAL;Chicco;PH-Aceite;Cuidado Personal;02;10B;GV Ger. Reg. Cen.Occ
2000088455;10003649;COMERCIAL SURTIDOR LA 21, C.A.;10003649;50001024;CHICCO BS COTONCITO (48x60UN);              1,000;CS;20.02.2026;20.02.2026 - 22:04:03;Ent. Nac. Pharsana;Zona Centro Occid.;EDUARDO R. YEPEZ;1002066440;80;         60,96;USD;100122;ALGODONES PT;Chicco;PH-Hisopos;Cuidado Personal;02;10B;GV Ger. Reg. Cen.Occ
2000088455;10003649;COMERCIAL SURTIDOR LA 21, C.A.;10003649;50001025;CHICCO BS MOTAS DE ALGODON (12x100UN);              1,000;CS;20.02.2026;20.02.2026 - 22:04:03;Ent. Nac. Pharsana;Zona Centro Occid.;EDUARDO R. YEPEZ;1002066440;90;         53,04;USD;100122;ALGODONES PT;Chicco;PH-Motas De Algodón;Cuidado Personal;02;10B;GV Ger. Reg. Cen.Occ
2000088456;10003649;COMERCIAL SURTIDOR LA 21, C.A.;10003649;50000899;AMY ACEITE PARA BEBES (10x220ML);              1,000;CS;20.02.2026;20.02.2026 - 22:04:03;Ent. Nac. Pharsana;Zona Centro Occid.;EDUARDO R. YEPEZ;1002066441;10;         49,90;USD;100122;HIGIENE PERSONAL;Amy;PH-Aceite;Cuidado Personal;02;10B;GV Ger. Reg. Cen.Occ
2000088456;10003649;COMERCIAL SURTIDOR LA 21, C.A.;10003649;50000495;AMY LOCION PARA BEBES (10x200ML);              1,000;CS;20.02.2026;20.02.2026 - 22:04:03;Ent. Nac. Pharsana;Zona Centro Occid.;EDUARDO R. YEPEZ;1002066441;20;         31,90;USD;100122;HIGIENE PERSONAL;Amy;PH-Loción;Cuidado Personal;02;10B;GV Ger. Reg. Cen.Occ
2000088456;10003649;COMERCIAL SURTIDOR LA 21, C.A.;10003649;50000902;AMY COLONIA PARA BEBES (10x220ML);              2,000;CS;20.02.2026;20.02.2026 - 22:04:03;Ent. Nac. Pharsana;Zona Centro Occid.;EDUARDO R. YEPEZ;1002066441;30;         83,00;USD;100122;HIGIENE PERSONAL;Amy;PH-Colonia;Cuidado Personal;02;10B;GV Ger. Reg. Cen.Occ
2000088456;10003649;COMERCIAL SURTIDOR LA 21, C.A.;10003649;50000532;AMY CHAMPU PARA BEBES (10x200ML);              1,000;CS;20.02.2026;20.02.2026 - 22:04:03;Ent. Nac. Pharsana;Zona Centro Occid.;EDUARDO R. YEPEZ;1002066441;40;         30,50;USD;100122;HIGIENE PERSONAL;Amy;PH-Champú;Cuidado Personal;02;10B;GV Ger. Reg. Cen.Occ
2000088456;10003649;COMERCIAL SURTIDOR LA 21, C.A.;10003649;50000106;AMY TALCO PARA BEBES (24x200G);              1,000;CS;20.02.2026;20.02.2026 - 22:04:03;Ent. Nac. Pharsana;Zona Centro Occid.;EDUARDO R. YEPEZ;1002066441;50;        130,80;USD;100122;HIGIENE PERSONAL;Amy;PH-Talco;Cuidado Personal;02;10B;GV Ger. Reg. Cen.Occ
2000088456;10003649;COMERCIAL SURTIDOR LA 21, C.A.;10003649;50000443;AMY HISOPOS (48x60UN);              1,000;CS;20.02.2026;20.02.2026 - 22:04:03;Ent. Nac. Pharsana;Zona Centro Occid.;EDUARDO R. YEPEZ;1002066441;60;         55,68;USD;100122;ALGODONES PT;Amy;PH-Hisopos;Cuidado Personal;02;10B;GV Ger. Reg. Cen.Occ
2000088457;10002503;COLLINS VIVAS DISTRIBUCIONES;10002503;50000970;CHICCO BS COLONIA (10x220ML);              5,000;CS;20.02.2026;20.02.2026 - 22:04:03;Ent. Nac. Pharsana;Zona Occidente;PEDRO A. COLMENARES;1002066443;10;        263,00;USD;100026;HIGIENE PERSONAL;Chicco;PH-Colonia;Cuidado Personal;02;105;GV Ger. Reg. DEnfoc.
2000088457;10002503;COLLINS VIVAS DISTRIBUCIONES;10002503;50000974;CHICCO BS TH ORIGINAL (24x72UN);             20,000;CS;20.02.2026;20.02.2026 - 22:04:03;Ent. Nac. Pharsana;Zona Occidente;PEDRO A. COLMENARES;1002066443;20;      1.315,20;USD;100026;TOALLAS HUMEDAS;Chicco;PH-TH Flow Pack;Cuidado Personal;02;105;GV Ger. Reg. DEnfoc.
2000088457;10002503;COLLINS VIVAS DISTRIBUCIONES;10002503;50001011;CHICCO BS COLONIA (28x100ML);              5,000;CS;20.02.2026;20.02.2026 - 22:04:03;Ent. Nac. Pharsana;Zona Occidente;PEDRO A. COLMENARES;1002066443;30;        403,20;USD;100026;HIGIENE PERSONAL;Chicco;PH-Colonia;Cuidado Personal;02;105;GV Ger. Reg. DEnfoc.
2000088457;10002503;COLLINS VIVAS DISTRIBUCIONES;10002503;50001012;CHICCO BS ACEITE (28x100ML);              5,000;CS;20.02.2026;20.02.2026 - 22:04:03;Ent. Nac. Pharsana;Zona Occidente;PEDRO A. COLMENARES;1002066443;40;        502,60;USD;100026;HIGIENE PERSONAL;Chicco;PH-Aceite;Cuidado Personal;02;105;GV Ger. Reg. DEnfoc.
2000088458;10002503;COLLINS VIVAS DISTRIBUCIONES;10002503;50000902;AMY COLONIA PARA BEBES (10x220ML);             10,000;CS;20.02.2026;20.02.2026 - 22:04:03;Ent. Nac. Pharsana;Zona Occidente;PEDRO A. COLMENARES;1002066446;10;        415,00;USD;100026;HIGIENE PERSONAL;Amy;PH-Colonia;Cuidado Personal;02;105;GV Ger. Reg. DEnfoc.
2000088458;10002503;COLLINS VIVAS DISTRIBUCIONES;10002503;50000106;AMY TALCO PARA BEBES (24x200G);              3,000;CS;20.02.2026;20.02.2026 - 22:04:03;Ent. Nac. Pharsana;Zona Occidente;PEDRO A. COLMENARES;1002066446;20;        392,40;USD;100026;HIGIENE PERSONAL;Amy;PH-Talco;Cuidado Personal;02;105;GV Ger. Reg. DEnfoc.
2000088458;10002503;COLLINS VIVAS DISTRIBUCIONES;10002503;50001005;AMY SEC TH MANZANILLA P/BEBES (24x72UN);             20,000;CS;20.02.2026;20.02.2026 - 22:04:03;Ent. Nac. Pharsana;Zona Occidente;PEDRO A. COLMENARES;1002066446;30;        883,20;USD;100026;TOALLAS HUMEDAS;Amy;PH-TH Flow Pack;Cuidado Personal;02;105;GV Ger. Reg. DEnfoc.
2000088458;10002503;COLLINS VIVAS DISTRIBUCIONES;10002503;50000626;SECUREZZA CLASSIC M REG (6x6UN);             10,000;PAK;20.02.2026;20.02.2026 - 22:04:03;Ent. Nac. Pharsana;Zona Occidente;PEDRO A. COLMENARES;1002066446;40;        412,80;USD;100026;INCONTINENCIA;Securezza;PH-Protector Incont.;Absorbentes;02;105;GV Ger. Reg. DEnfoc.
2000088458;10002503;COLLINS VIVAS DISTRIBUCIONES;10002503;50000627;SECUREZZA CLASSIC L REG (6x6UN);             10,000;PAK;20.02.2026;20.02.2026 - 22:04:03;Ent. Nac. Pharsana;Zona Occidente;PEDRO A. COLMENARES;1002066446;50;        487,20;USD;100026;INCONTINENCIA;Securezza;PH-Protector Incont.;Absorbentes;02;105;GV Ger. Reg. DEnfoc.
2000088458;10002503;COLLINS VIVAS DISTRIBUCIONES;10002503;50000957;SECUREZZA PROTECTOR DE CAMA (6X10UN);              4,000;PAK;20.02.2026;20.02.2026 - 22:04:03;Ent. Nac. Pharsana;Zona Occidente;PEDRO A. COLMENARES;1002066446;60;        192,72;USD;100026;INCONTINENCIA;Securezza;PH-Protector de Cama;Absorbentes;02;105;GV Ger. Reg. DEnfoc.
2000088458;10002503;COLLINS VIVAS DISTRIBUCIONES;10002503;50001051;CHICCO BS COTONCITO(12x300UN PAGA 200UN);             20,000;CS;20.02.2026;20.02.2026 - 22:04:03;Ent. Nac. Pharsana;Zona Occidente;PEDRO A. COLMENARES;1002066446;70;        741,60;USD;100026;ALGODONES PT;Chicco;PH-Hisopos;Cuidado Personal;02;105;GV Ger. Reg. DEnfoc.
2000088459;10003632;JOSE GREGORIO CELIS BOLIVAR;10003632;50001011;CHICCO BS COLONIA (28x100ML);             27,000;CS;20.02.2026;20.02.2026 - 22:04:03;Ent. Nac. Pharsana;Zona Occidente;PEDRO A. COLMENARES;1002066447;10;      2.177,28;USD;100026;HIGIENE PERSONAL;Chicco;PH-Colonia;Cuidado Personal;02;100;GV. Ger. Reg. Occid.
2000088459;10003632;JOSE GREGORIO CELIS BOLIVAR;10003632;50001011;CHICCO BS COLONIA (28x100ML);             23,000;CS;20.02.2026;20.02.2026 - 22:04:03;Ent. Nac. Pharsana;Zona Occidente;PEDRO A. COLMENARES;1002066447;10;      1.854,72;USD;100026;HIGIENE PERSONAL;Chicco;PH-Colonia;Cuidado Personal;02;100;GV. Ger. Reg. Occid.
2000088460;10003602;ZAKIPHARMA, C.A;10003602;50001012;CHICCO BS ACEITE (28x100ML);              1,000;CS;20.02.2026;20.02.2026 - 22:04:03;Ent. Nac. Pharsana;Zona Oriente;DANIELA A. RODRIGUEZ;1002066423;10;         92,12;USD;100131;HIGIENE PERSONAL;Chicco;PH-Aceite;Cuidado Personal;02;105;GV Ger. Reg. DEnfoc.
2000088460;10003602;ZAKIPHARMA, C.A;10003602;50001011;CHICCO BS COLONIA (28x100ML);              1,000;CS;20.02.2026;20.02.2026 - 22:04:03;Ent. Nac. Pharsana;Zona Oriente;DANIELA A. RODRIGUEZ;1002066423;20;         73,92;USD;100131;HIGIENE PERSONAL;Chicco;PH-Colonia;Cuidado Personal;02;105;GV Ger. Reg. DEnfoc.
2000088460;10003602;ZAKIPHARMA, C.A;10003602;50000970;CHICCO BS COLONIA (10x220ML);              2,000;CS;20.02.2026;20.02.2026 - 22:04:03;Ent. Nac. Pharsana;Zona Oriente;DANIELA A. RODRIGUEZ;1002066423;30;         96,40;USD;100131;HIGIENE PERSONAL;Chicco;PH-Colonia;Cuidado Personal;02;105;GV Ger. Reg. DEnfoc.
2000088460;10003602;ZAKIPHARMA, C.A;10003602;50001019;CHICCO BS GEL ANTIBACTERIAL (28x100ML);              1,000;CS;20.02.2026;20.02.2026 - 22:04:03;Ent. Nac. Pharsana;Zona Oriente;DANIELA A. RODRIGUEZ;1002066423;40;         56,84;USD;100131;HIGIENE PERSONAL;Chicco;PH-Gel Antibacterial;Cuidado Personal;02;105;GV Ger. Reg. DEnfoc.
2000088460;10003602;ZAKIPHARMA, C.A;10003602;50000975;CHICCO BS TH ORIGINAL (20x48UN);              2,000;CS;20.02.2026;20.02.2026 - 22:04:03;Ent. Nac. Pharsana;Zona Oriente;DANIELA A. RODRIGUEZ;1002066423;50;         70,00;USD;100131;TOALLAS HUMEDAS;Chicco;PH-TH Flow Pack;Cuidado Personal;02;105;GV Ger. Reg. DEnfoc.
2000088460;10003602;ZAKIPHARMA, C.A;10003602;50000922;SECUREZZA COMFORT L REG (6x6UN);              8,000;PAK;20.02.2026;20.02.2026 - 22:04:03;Ent. Nac. Pharsana;Zona Oriente;DANIELA A. RODRIGUEZ;1002066423;60;        384,48;USD;100131;INCONTINENCIA;Securezza;PH-Protector Incont.;Absorbentes;02;105;GV Ger. Reg. DEnfoc.
2000088460;10003602;ZAKIPHARMA, C.A;10003602;50000921;SECUREZZA COMFORT M REG (6x6UN);              8,000;PAK;20.02.2026;20.02.2026 - 22:04:03;Ent. Nac. Pharsana;Zona Oriente;DANIELA A. RODRIGUEZ;1002066423;70;        326,40;USD;100131;INCONTINENCIA;Securezza;PH-Protector Incont.;Absorbentes;02;105;GV Ger. Reg. DEnfoc.
2000088460;10003602;ZAKIPHARMA, C.A;10003602;50001021;SECUREZZA POST PARTO (12X15UN);              8,000;PAK;20.02.2026;20.02.2026 - 22:04:03;Ent. Nac. Pharsana;Zona Oriente;DANIELA A. RODRIGUEZ;1002066423;80;        258,24;USD;100131;INCONTINENCIA;Securezza;PH-Toalla Post-Parto;Absorbentes;02;105;GV Ger. Reg. DEnfoc.
2000088460;10003602;ZAKIPHARMA, C.A;10003602;50000640;SIEMPRE SECO BASICO G (6X6UN);             24,000;PAK;20.02.2026;20.02.2026 - 22:04:03;Ent. Nac. Pharsana;Zona Oriente;DANIELA A. RODRIGUEZ;1002066423;90;        794,88;USD;100131;INCONTINENCIA;Siempre Seco;PH-Protector Incont.;Absorbentes;02;105;GV Ger. Reg. DEnfoc.
2000088460;10003602;ZAKIPHARMA, C.A;10003602;50000639;SIEMPRE SECO BASICO M (6X6UN);             24,000;PAK;20.02.2026;20.02.2026 - 22:04:03;Ent. Nac. Pharsana;Zona Oriente;DANIELA A. RODRIGUEZ;1002066423;100;        720,00;USD;100131;INCONTINENCIA;Siempre Seco;PH-Protector Incont.;Absorbentes;02;105;GV Ger. Reg. DEnfoc.
2000088460;10003602;ZAKIPHARMA, C.A;10003602;50000981;SIEMPRE SECO PROTEC DE CAMA HB(4X20UN);              5,000;PAK;20.02.2026;20.02.2026 - 22:04:03;Ent. Nac. Pharsana;Zona Oriente;DANIELA A. RODRIGUEZ;1002066423;110;        208,00;USD;100131;INCONTINENCIA;Siempre Seco;PH-Protector de Cama;Absorbentes;02;105;GV Ger. Reg. DEnfoc.
2000088461;10003055;DISTRIBUIDORA ALEMAR C.A.,;10003055;50001134;FRIENDS PD REGULAR S/P PROMO (12X60UN);              2,000;PAK;20.02.2026;20.02.2026 - 22:04:03;Ent. Nac. Pharsana;Zona Centro;MARIA C. RONDON;1002066424;10;         52,80;USD;100109;ABSORBENTES FEMENINA;Friends;PH-Protector Diario;Absorbentes;02;10B;GV Ger. Reg. Cen.Occ
2000088462;10003602;ZAKIPHARMA, C.A;10003602;50000884;ACTIVA PD PERD. OCASIONALES (12X40UN);              2,000;PAK;20.02.2026;20.02.2026 - 22:04:03;Ent. Nac. Pharsana;Zona Oriente;DANIELA A. RODRIGUEZ;1002066426;10;         67,92;USD;100131;ABSORBENTES FEMENINA;Activa;PH-Protector Diario;Absorbentes;02;105;GV Ger. Reg. DEnfoc.
2000088462;10003602;ZAKIPHARMA, C.A;10003602;50000899;AMY ACEITE PARA BEBES (10x220ML);              1,000;CS;20.02.2026;20.02.2026 - 22:04:03;Ent. Nac. Pharsana;Zona Oriente;DANIELA A. RODRIGUEZ;1002066426;20;         45,70;USD;100131;HIGIENE PERSONAL;Amy;PH-Aceite;Cuidado Personal;02;105;GV Ger. Reg. DEnfoc.
2000088462;10003602;ZAKIPHARMA, C.A;10003602;50000902;AMY COLONIA PARA BEBES (10x220ML);              1,000;CS;20.02.2026;20.02.2026 - 22:04:03;Ent. Nac. Pharsana;Zona Oriente;DANIELA A. RODRIGUEZ;1002066426;30;         38,00;USD;100131;HIGIENE PERSONAL;Amy;PH-Colonia;Cuidado Personal;02;105;GV Ger. Reg. DEnfoc.
2000088462;10003602;ZAKIPHARMA, C.A;10003602;50000443;AMY HISOPOS (48x60UN);              1,000;CS;20.02.2026;20.02.2026 - 22:04:03;Ent. Nac. Pharsana;Zona Oriente;DANIELA A. RODRIGUEZ;1002066426;40;         51,36;USD;100131;ALGODONES PT;Amy;PH-Hisopos;Cuidado Personal;02;105;GV Ger. Reg. DEnfoc.
2000088462;10003602;ZAKIPHARMA, C.A;10003602;50001079;AMY SEC TH 99% AGUA (48x24UN);              4,000;CS;20.02.2026;20.02.2026 - 22:04:03;Ent. Nac. Pharsana;Zona Oriente;DANIELA A. RODRIGUEZ;1002066426;50;        144,00;USD;100131;TOALLAS HUMEDAS;Amy;PH-TH Travel Pack;Cuidado Personal;02;105;GV Ger. Reg. DEnfoc.
2000088462;10003602;ZAKIPHARMA, C.A;10003602;50001005;AMY SEC TH MANZANILLA P/BEBES (24x72UN);              6,000;CS;20.02.2026;20.02.2026 - 22:04:03;Ent. Nac. Pharsana;Zona Oriente;DANIELA A. RODRIGUEZ;1002066426;60;        243,36;USD;100131;TOALLAS HUMEDAS;Amy;PH-TH Flow Pack;Cuidado Personal;02;105;GV Ger. Reg. DEnfoc.
2000088462;10003602;ZAKIPHARMA, C.A;10003602;50001169;FRIENDS PD LONG (24X20UN);              2,000;PAK;20.02.2026;20.02.2026 - 22:04:03;Ent. Nac. Pharsana;Zona Oriente;DANIELA A. RODRIGUEZ;1002066426;70;         59,52;USD;100131;ABSORBENTES FEMENINA;Friends;PH-Protector Diario;Absorbentes;02;105;GV Ger. Reg. DEnfoc.
2000088462;10003602;ZAKIPHARMA, C.A;10003602;50001133;FRIENDS PD MANZANILLA (24X20UN);              1,000;PAK;20.02.2026;20.02.2026 - 22:04:03;Ent. Nac. Pharsana;Zona Oriente;DANIELA A. RODRIGUEZ;1002066426;80;         29,76;USD;100131;ABSORBENTES FEMENINA;Friends;PH-Protector Diario;Absorbentes;02;105;GV Ger. Reg. DEnfoc.
2000088462;10003602;ZAKIPHARMA, C.A;10003602;50001106;FRIENDS PD REGULAR S/P (12X40UN);              2,000;PAK;20.02.2026;20.02.2026 - 22:04:03;Ent. Nac. Pharsana;Zona Oriente;DANIELA A. RODRIGUEZ;1002066426;90;         59,28;USD;100131;ABSORBENTES FEMENINA;Friends;PH-Protector Diario;Absorbentes;02;105;GV Ger. Reg. DEnfoc.
2000088462;10003602;ZAKIPHARMA, C.A;10003602;50001107;FRIENDS PD REGULAR S/P (12X60UN);              2,000;PAK;20.02.2026;20.02.2026 - 22:04:03;Ent. Nac. Pharsana;Zona Oriente;DANIELA A. RODRIGUEZ;1002066426;100;         72,72;USD;100131;ABSORBENTES FEMENINA;Friends;PH-Protector Diario;Absorbentes;02;105;GV Ger. Reg. DEnfoc.
2000088462;10003602;ZAKIPHARMA, C.A;10003602;50001130;FRIENDS PD REGULAR S/P (24X20UN);              1,000;PAK;20.02.2026;20.02.2026 - 22:04:03;Ent. Nac. Pharsana;Zona Oriente;DANIELA A. RODRIGUEZ;1002066426;110;         29,76;USD;100131;ABSORBENTES FEMENINA;Friends;PH-Protector Diario;Absorbentes;02;105;GV Ger. Reg. DEnfoc.
2000088462;10003602;ZAKIPHARMA, C.A;10003602;50001111;FRIENDS TS NOCTURNA SIN ALAS (12x10UN);              2,000;PAK;20.02.2026;20.02.2026 - 22:04:03;Ent. Nac. Pharsana;Zona Oriente;DANIELA A. RODRIGUEZ;1002066426;120;         54,96;USD;100131;ABSORBENTES FEMENINA;Friends;PH-Toalla Sanitaria;Absorbentes;02;105;GV Ger. Reg. DEnfoc.
2000088462;10003602;ZAKIPHARMA, C.A;10003602;50001067;FRIENDS TS NOCTURNA CON ALAS (36X10UN);              1,000;CS;20.02.2026;20.02.2026 - 22:04:03;Ent. Nac. Pharsana;Zona Oriente;DANIELA A. RODRIGUEZ;1002066426;130;         84,96;USD;100131;ABSORBENTES FEMENINA;Friends;PH-Toalla Sanitaria;Absorbentes;02;105;GV Ger. Reg. DEnfoc.
2000088462;10003602;ZAKIPHARMA, C.A;10003602;50001109;FRIENDS TS TELA REGULAR (12x14UN);              1,000;PAK;20.02.2026;20.02.2026 - 22:04:03;Ent. Nac. Pharsana;Zona Oriente;DANIELA A. RODRIGUEZ;1002066426;140;         26,40;USD;100131;ABSORBENTES FEMENINA;Friends;PH-Toalla Sanitaria;Absorbentes;02;105;GV Ger. Reg. DEnfoc.
2000088462;10003602;ZAKIPHARMA, C.A;10003602;50001066;FRIENDS TS ULTRADELGA (36X10UN);              1,000;CS;20.02.2026;20.02.2026 - 22:04:03;Ent. Nac. Pharsana;Zona Oriente;DANIELA A. RODRIGUEZ;1002066426;150;         54,00;USD;100131;ABSORBENTES FEMENINA;Friends;PH-Toalla Sanitaria;Absorbentes;02;105;GV Ger. Reg. DEnfoc.
2000088462;10003602;ZAKIPHARMA, C.A;10003602;50001108;FRIENDS TS XTREME SEC REGULAR (12x14UN);              1,000;PAK;20.02.2026;20.02.2026 - 22:04:03;Ent. Nac. Pharsana;Zona Oriente;DANIELA A. RODRIGUEZ;1002066426;160;         26,40;USD;100131;ABSORBENTES FEMENINA;Friends;PH-Toalla Sanitaria;Absorbentes;02;105;GV Ger. Reg. DEnfoc.
2000088462;10003602;ZAKIPHARMA, C.A;10003602;50000627;SECUREZZA CLASSIC L REG (6x6UN);             10,000;PAK;20.02.2026;20.02.2026 - 22:04:03;Ent. Nac. Pharsana;Zona Oriente;DANIELA A. RODRIGUEZ;1002066426;170;        445,80;USD;100131;INCONTINENCIA;Securezza;PH-Protector Incont.;Absorbentes;02;105;GV Ger. Reg. DEnfoc.
2000088462;10003602;ZAKIPHARMA, C.A;10003602;50000626;SECUREZZA CLASSIC M REG (6x6UN);             16,000;PAK;20.02.2026;20.02.2026 - 22:04:03;Ent. Nac. Pharsana;Zona Oriente;DANIELA A. RODRIGUEZ;1002066426;180;        604,80;USD;100131;INCONTINENCIA;Securezza;PH-Protector Incont.;Absorbentes;02;105;GV Ger. Reg. DEnfoc.
2000088463;10003602;ZAKIPHARMA, C.A;10003602;50001072;AMY SEC TH 99% AGUA (20x48UN);              1,000;CS;20.02.2026;20.02.2026 - 22:04:03;Ent. Nac. Pharsana;Zona Oriente;DANIELA A. RODRIGUEZ;1002066427;10;         22,60;USD;100131;TOALLAS HUMEDAS;Amy;PH-TH Flow Pack;Cuidado Personal;02;105;GV Ger. Reg. DEnfoc.
2000088464;10003602;ZAKIPHARMA, C.A;10003602;50001189;CHICCO BS JABON LIQUIDO(10x220ML);              1,000;CS;20.02.2026;20.02.2026 - 22:04:03;Ent. Nac. Pharsana;Zona Oriente;DANIELA A. RODRIGUEZ;1002066428;10;         32,80;USD;100131;HIGIENE PERSONAL;Chicco;PH-Jabón Líquido;Cuidado Personal;02;105;GV Ger. Reg. DEnfoc.
2000088465;10003602;ZAKIPHARMA, C.A;10003602;50001055;LADY FACE TH DESMAQUILLANTE (24x24UN);              1,000;CS;20.02.2026;20.02.2026 - 22:04:03;Ent. Nac. Pharsana;Zona Oriente;DANIELA A. RODRIGUEZ;1002066429;10;         26,64;USD;100131;TOALLAS HUMEDAS;Lady Face;PH-TH Travel Pack;Cuidado Personal;02;105;GV Ger. Reg. DEnfoc.
2000088466;10001317;DISTRIBUIDORA LA SUPERIOR 300 C.A;10001317;50000970;CHICCO BS COLONIA (10x220ML);             50,000;CS;20.02.2026;20.02.2026 - 22:04:03;Ent. Nac. Pharsana;Zona Metropolitana;TULIO R. PUENTES;1002066432;10;      2.630,00;USD;100012;HIGIENE PERSONAL;Chicco;PH-Colonia;Cuidado Personal;02;102;GV Ger. Reg. Capital
2000088467;10001857;DISTRIBUIDORA FACECA C.A;10001857;50001011;CHICCO BS COLONIA (28x100ML);              2,000;CS;20.02.2026;20.02.2026 - 22:04:03;Ent. Nac. Pharsana;Zona Centro Occid.;EDUARDO R. YEPEZ;1002066434;10;        147,84;USD;100122;HIGIENE PERSONAL;Chicco;PH-Colonia;Cuidado Personal;02;10B;GV Ger. Reg. Cen.Occ
2000088467;10001857;DISTRIBUIDORA FACECA C.A;10001857;50000970;CHICCO BS COLONIA (10x220ML);              2,000;CS;20.02.2026;20.02.2026 - 22:04:03;Ent. Nac. Pharsana;Zona Centro Occid.;EDUARDO R. YEPEZ;1002066434;20;         96,40;USD;100122;HIGIENE PERSONAL;Chicco;PH-Colonia;Cuidado Personal;02;10B;GV Ger. Reg. Cen.Occ
2000088468;10001857;DISTRIBUIDORA FACECA C.A;10001857;50000517;AMY MOTAS DE ALGODON (12x50UN);              8,000;CS;20.02.2026;20.02.2026 - 22:04:03;Ent. Nac. Pharsana;Zona Centro Occid.;EDUARDO R. YEPEZ;1002066435;10;        206,40;USD;100122;ALGODONES PT;Amy;PH-Motas De Algodón;Cuidado Personal;02;10B;GV Ger. Reg. Cen.Occ
2000088468;10001857;DISTRIBUIDORA FACECA C.A;10001857;50001072;AMY SEC TH 99% AGUA (20x48UN);              8,000;CS;20.02.2026;20.02.2026 - 22:04:03;Ent. Nac. Pharsana;Zona Centro Occid.;EDUARDO R. YEPEZ;1002066435;20;        180,80;USD;100122;TOALLAS HUMEDAS;Amy;PH-TH Flow Pack;Cuidado Personal;02;10B;GV Ger. Reg. Cen.Occ
2000088469;10001857;DISTRIBUIDORA FACECA C.A;10001857;50001055;LADY FACE TH DESMAQUILLANTE (24x24UN);              4,000;CS;20.02.2026;20.02.2026 - 22:04:03;Ent. Nac. Pharsana;Zona Centro Occid.;EDUARDO R. YEPEZ;1002066436;10;        106,56;USD;100122;TOALLAS HUMEDAS;Lady Face;PH-TH Travel Pack;Cuidado Personal;02;10B;GV Ger. Reg. Cen.Occ
2000088470;10000121;QUINCALLERIA LA REFORMA C.A.;10000121;50001011;CHICCO BS COLONIA (28x100ML);              6,000;CS;20.02.2026;20.02.2026 - 22:04:03;Ent. Nac. Pharsana;Zona Centro Occid.;EDUARDO R. YEPEZ;1002066442;10;        483,84;USD;100122;HIGIENE PERSONAL;Chicco;PH-Colonia;Cuidado Personal;02;10B;GV Ger. Reg. Cen.Occ
2000088470;10000121;QUINCALLERIA LA REFORMA C.A.;10000121;50001016;CHICCO BS CHAMPU CABELLONORMAL(28x100ML);              3,000;CS;20.02.2026;20.02.2026 - 22:04:03;Ent. Nac. Pharsana;Zona Centro Occid.;EDUARDO R. YEPEZ;1002066442;20;        205,80;USD;100122;HIGIENE PERSONAL;Chicco;PH-Champú;Cuidado Personal;02;10B;GV Ger. Reg. Cen.Occ
2000088470;10000121;QUINCALLERIA LA REFORMA C.A.;10000121;50001021;SECUREZZA POST PARTO (12X15UN);              3,000;PAK;20.02.2026;20.02.2026 - 22:04:03;Ent. Nac. Pharsana;Zona Centro Occid.;EDUARDO R. YEPEZ;1002066442;30;        105,48;USD;100122;INCONTINENCIA;Securezza;PH-Toalla Post-Parto;Absorbentes;02;10B;GV Ger. Reg. Cen.Occ
2350000281;14000004;CERVECERIA POLAR, C.A;11000879;50000918;PHARSANA JABON ANTIBACTERIAL 20 LT;              3,000;CS;20.02.2026;20.02.2026 - 22:04:03;Ent. Inst. Pharsana;Zona Metropolitana;PRIVADA MARCA;1374000279;10;        460,68;USD;100099;HIGIENE PERSONAL;Pharsana;PH-Jabón Líquido;Cuidado Personal;02;10A;Institucionales
