Codigo_Mat;Denominacion Material;Centro;Almacen;C-B;LibreUt;Calidad;Bloqueado;Hora;Categoría;Marca;Grupo;TextAlm;TextCent
50000322;PAÑALERA AMY SEC NARANJA;1001;3011;CS;137,00;0,000;0,000;20.02.2026 - 22:03:39;ABSORBENTES NIÑOS;Amy;PH-Pañal Anatóm. T3;3011-Muestras;1001-Pharsana Maracay
50000323;PAÑALERA AMY SEC MORADA;1001;3011;CS;268,00;0,000;0,000;20.02.2026 - 22:03:39;ABSORBENTES NIÑOS;Amy;PH-Pañal Anatóm. T3;3011-Muestras;1001-Pharsana Maracay
60000416;CHICCO BIBERON BLANCO GR FLENT 150ML(6X1;1001;3016;CS;6,00;0,000;0,000;20.02.2026 - 22:03:39;INFANTILES;Chicco Importado;Accesorios;3016-Mercadería;1001-Pharsana Maracay
60000417;CHICCO BIBERON VERDE BOY FLENT 150ML(6X1;1001;3002;CS;1,67;0,000;0,000;20.02.2026 - 22:03:39;INFANTILES;Chicco Importado;Accesorios;3002-PT Reserva;1001-Pharsana Maracay
60000417;CHICCO BIBERON VERDE BOY FLENT 150ML(6X1;1001;3016;CS;4,00;0,000;0,000;20.02.2026 - 22:03:39;INFANTILES;Chicco Importado;Accesorios;3016-Mercadería;1001-Pharsana Maracay
60000417;CHICCO BIBERON VERDE BOY FLENT 150ML(6X1;1001;3018;CS;0,17;0,000;0,000;20.02.2026 - 22:03:39;INFANTILES;Chicco Importado;Accesorios;3018-Rechazado;1001-Pharsana Maracay
60000418;CHICCO BIBERON NARANJ UNI FMED 250ML(6X1;1001;3002;CS;1,00;0,000;0,000;20.02.2026 - 22:03:39;INFANTILES;Chicco Importado;Accesorios;3002-PT Reserva;1001-Pharsana Maracay
60000418;CHICCO BIBERON NARANJ UNI FMED 250ML(6X1;1001;3016;CS;4,00;0,000;0,000;20.02.2026 - 22:03:39;INFANTILES;Chicco Importado;Accesorios;3016-Mercadería;1001-Pharsana Maracay
60000420;CHICCO BIBERON VERDE BOY FMED 250ML(6X1;1001;3002;CS;1,00;0,000;0,000;20.02.2026 - 22:03:39;INFANTILES;Chicco Importado;Accesorios;3002-PT Reserva;1001-Pharsana Maracay
60000420;CHICCO BIBERON VERDE BOY FMED 250ML(6X1;1001;3016;CS;5,00;0,000;0,000;20.02.2026 - 22:03:39;INFANTILES;Chicco Importado;Accesorios;3016-Mercadería;1001-Pharsana Maracay
60000373;CHICCO CEPILLO P/BIBERONES 3 EN 1 (6X1);1001;3002;CS;14,17;0,000;0,000;20.02.2026 - 22:03:39;INFANTILES;Chicco Importado;Accesorios;3002-PT Reserva;1001-Pharsana Maracay
60000373;CHICCO CEPILLO P/BIBERONES 3 EN 1 (6X1);1001;3016;CS;56,00;0,000;0,000;20.02.2026 - 22:03:39;INFANTILES;Chicco Importado;Accesorios;3016-Mercadería;1001-Pharsana Maracay
60000378;CHICCO TIJERAS P/UÑAS BEBE ROSADO (6X1);1001;3002;CS;2,83;0,000;0,000;20.02.2026 - 22:03:39;INFANTILES;Chicco Importado;Accesorios;3002-PT Reserva;1001-Pharsana Maracay
60000378;CHICCO TIJERAS P/UÑAS BEBE ROSADO (6X1);1001;3016;CS;36,00;0,000;0,000;20.02.2026 - 22:03:39;INFANTILES;Chicco Importado;Accesorios;3016-Mercadería;1001-Pharsana Maracay
60000380;CHICCO TIJERAS P/UÑAS BEBE AZUL (6X1);1001;3002;CS;1,33;0,000;0,000;20.02.2026 - 22:03:39;INFANTILES;Chicco Importado;Accesorios;3002-PT Reserva;1001-Pharsana Maracay
60000380;CHICCO TIJERAS P/UÑAS BEBE AZUL (6X1);1001;3016;CS;32,00;0,000;0,000;20.02.2026 - 22:03:39;INFANTILES;Chicco Importado;Accesorios;3016-Mercadería;1001-Pharsana Maracay
60000381;CHICCO MORDEDOR SUAVE 2M+ (6X1);1001;3002;CS;1,00;0,000;0,000;20.02.2026 - 22:03:39;INFANTILES;Chicco Importado;Accesorios;3002-PT Reserva;1001-Pharsana Maracay
60000381;CHICCO MORDEDOR SUAVE 2M+ (6X1);1001;3018;CS;1,00;0,000;0,000;20.02.2026 - 22:03:39;INFANTILES;Chicco Importado;Accesorios;3018-Rechazado;1001-Pharsana Maracay
60000387;CHICCO CHUPON SUAVE AZUL 6-16M 1PC(6X1);1001;3002;CS;0,50;0,000;0,000;20.02.2026 - 22:03:39;INFANTILES;Chicco Importado;Accesorios;3002-PT Reserva;1001-Pharsana Maracay
60000388;CHICCO CHUPON SUAVE ROSA 6-16M 1PC(6X1);1001;3016;CS;6,00;0,000;0,000;20.02.2026 - 22:03:39;INFANTILES;Chicco Importado;Accesorios;3016-Mercadería;1001-Pharsana Maracay
60000391;CHICCO CHUPON SUAVE ROSA 0-6M 1PC(6X1);1001;3002;CS;1,00;0,000;0,000;20.02.2026 - 22:03:39;INFANTILES;Chicco Importado;Accesorios;3002-PT Reserva;1001-Pharsana Maracay
60000391;CHICCO CHUPON SUAVE ROSA 0-6M 1PC(6X1);1001;3016;CS;1,00;0,000;0,000;20.02.2026 - 22:03:39;INFANTILES;Chicco Importado;Accesorios;3016-Mercadería;1001-Pharsana Maracay
60000393;CHICCO CHUPON SUAVE NAT 6-16M 1PC (6X1);1001;3002;CS;1,83;0,000;0,000;20.02.2026 - 22:03:39;INFANTILES;Chicco Importado;Accesorios;3002-PT Reserva;1001-Pharsana Maracay
60000393;CHICCO CHUPON SUAVE NAT 6-16M 1PC (6X1);1001;3016;CS;1,00;0,000;0,000;20.02.2026 - 22:03:39;INFANTILES;Chicco Importado;Accesorios;3016-Mercadería;1001-Pharsana Maracay
60000394;CHICCO CHUPON SUAVE NAT 0-6M 1PC (6X1);1001;3002;CS;1,33;0,000;0,000;20.02.2026 - 22:03:39;INFANTILES;Chicco Importado;Accesorios;3002-PT Reserva;1001-Pharsana Maracay
60000394;CHICCO CHUPON SUAVE NAT 0-6M 1PC (6X1);1001;3016;CS;4,00;0,000;0,000;20.02.2026 - 22:03:39;INFANTILES;Chicco Importado;Accesorios;3016-Mercadería;1001-Pharsana Maracay
60000395;CHICCO BIBERON ANTCO NIÑO FMED250ML(6X1);1001;3002;CS;1,00;0,000;0,000;20.02.2026 - 22:03:39;INFANTILES;Chicco Importado;Accesorios;3002-PT Reserva;1001-Pharsana Maracay
60000399;CHICCO TETINA PERFECT 2M+ FMED 2PC(6X1);1001;3002;CS;1,17;0,000;0,000;20.02.2026 - 22:03:39;INFANTILES;Chicco Importado;Accesorios;3002-PT Reserva;1001-Pharsana Maracay
60000399;CHICCO TETINA PERFECT 2M+ FMED 2PC(6X1);1001;3016;CS;1,00;0,000;0,000;20.02.2026 - 22:03:39;INFANTILES;Chicco Importado;Accesorios;3016-Mercadería;1001-Pharsana Maracay
60000401;CHICCO TETINA PERFECT 6M+ FALIM 2PC(6X1);1001;3002;CS;3,50;0,000;0,000;20.02.2026 - 22:03:39;INFANTILES;Chicco Importado;Accesorios;3002-PT Reserva;1001-Pharsana Maracay
60000402;CHICCO PROTECTORES LACTANCIA 30PC(12X1);1001;3002;CS;20,92;0,000;0,000;20.02.2026 - 22:03:39;INFANTILES;Chicco Importado;Accesorios;3002-PT Reserva;1001-Pharsana Maracay
60000402;CHICCO PROTECTORES LACTANCIA 30PC(12X1);1001;3016;CS;148,00;0,000;0,000;20.02.2026 - 22:03:39;INFANTILES;Chicco Importado;Accesorios;3016-Mercadería;1001-Pharsana Maracay
60000402;CHICCO PROTECTORES LACTANCIA 30PC(12X1);1001;3018;CS;10,75;0,000;0,000;20.02.2026 - 22:03:39;INFANTILES;Chicco Importado;Accesorios;3018-Rechazado;1001-Pharsana Maracay
51000014;AMY TALCO PARA BEBES (24x200G) EXP;1000;3001;CS;0,29;0,000;0,000;20.02.2026 - 22:03:39;HIGIENE PERSONAL;Amy;PH-Talco;3001-Muestras Gemelas;1000-Pharsana Valencia
51000121;SECUREZZA PROTECTOR DE CAMA (6X10UN) EXP;1002;3001;PAK;1,67;0,000;0,000;20.02.2026 - 22:03:39;INCONTINENCIA;Securezza;PH-Protector de Cama;3001-Muestras Gemelas;1002-Pharsana Higienico
51000124;SECUREZZA COMFORT M REG (6x6UN) EXP;1002;3001;PAK;1,00;0,000;0,000;20.02.2026 - 22:03:39;INCONTINENCIA;Securezza;PH-Protector Incont.;3001-Muestras Gemelas;1002-Pharsana Higienico
51000126;SECUREZZA COMFORT L REG (6x6UN) EXP;1001;3005;PAK;120,00;0,000;0,000;20.02.2026 - 22:03:39;INCONTINENCIA;Securezza;PH-Protector Incont.;3005-Predespacho Val;1001-Pharsana Maracay
51000126;SECUREZZA COMFORT L REG (6x6UN) EXP;1002;3001;PAK;1,83;0,000;0,000;20.02.2026 - 22:03:39;INCONTINENCIA;Securezza;PH-Protector Incont.;3001-Muestras Gemelas;1002-Pharsana Higienico
51000132;ACTIVA P.D.PERDIDAS OCASIONALES(12X40UN);1001;3005;CS;21,00;0,000;0,000;20.02.2026 - 22:03:39;ABSORBENTES FEMENINA;Activa;PH-Toalla Incontinen;3005-Predespacho Val;1001-Pharsana Maracay
51000132;ACTIVA P.D.PERDIDAS OCASIONALES(12X40UN);1002;3001;CS;0,08;0,000;0,000;20.02.2026 - 22:03:39;ABSORBENTES FEMENINA;Activa;PH-Toalla Incontinen;3001-Muestras Gemelas;1002-Pharsana Higienico
51000028;FRIENDS PD MANZANILLA (12x40UN) EXP;1001;3005;PAK;141,00;0,000;0,000;20.02.2026 - 22:03:39;ABSORBENTES FEMENINA;Friends;PH-Protector Diario;3005-Predespacho Val;1001-Pharsana Maracay
51000028;FRIENDS PD MANZANILLA (12x40UN) EXP;1002;2000;PAK;0,00;65,000;0,000;20.02.2026 - 22:03:39;ABSORBENTES FEMENINA;Friends;PH-Protector Diario;2000-Producción;1002-Pharsana Higienico
51000028;FRIENDS PD MANZANILLA (12x40UN) EXP;1002;3001;PAK;0,17;0,000;0,000;20.02.2026 - 22:03:39;ABSORBENTES FEMENINA;Friends;PH-Protector Diario;3001-Muestras Gemelas;1002-Pharsana Higienico
51000120;SECUREZZA POST PARTO PREMIUM(12X10UN)EXP;1001;3005;PAK;96,00;0,000;0,000;20.02.2026 - 22:03:39;INCONTINENCIA;Securezza;PH-Protector de Cama;3005-Predespacho Val;1001-Pharsana Maracay
51000120;SECUREZZA POST PARTO PREMIUM(12X10UN)EXP;1002;3001;PAK;0,42;0,000;0,000;20.02.2026 - 22:03:39;INCONTINENCIA;Securezza;PH-Protector de Cama;3001-Muestras Gemelas;1002-Pharsana Higienico
51000137;SECUREZZA BC TH CORPORALES (12x54UN)EXP;1000;3001;CS;0,58;0,000;0,000;20.02.2026 - 22:03:39;TOALLAS HUMEDAS;Securezza;PH-Jabón Líquido;3001-Muestras Gemelas;1000-Pharsana Valencia
51000141;AMY ACEITE PARA BEBES (10x220ML) EXP;1000;3001;CS;0,40;0,000;0,000;20.02.2026 - 22:03:39;HIGIENE PERSONAL;Amy;PH-Aceite;3001-Muestras Gemelas;1000-Pharsana Valencia
51000158;AMY SEC TH MANZ P/BEBES (24x72UN) EXP;1000;3001;CS;0,21;0,000;0,000;20.02.2026 - 22:03:39;TOALLAS HUMEDAS;Amy;PH-TH Flow Pack;3001-Muestras Gemelas;1000-Pharsana Valencia
51000163;AMY SEC TH 99% AGUA (20x48UN) EXP;1000;3001;CS;0,20;0,000;0,000;20.02.2026 - 22:03:39;TOALLAS HUMEDAS;Amy;PH-TH Flow Pack;3001-Muestras Gemelas;1000-Pharsana Valencia
50000912;CHICCO VASELINA 80G;1000;3001;CS;1,38;0,000;0,000;20.02.2026 - 22:03:39;HIGIENE PERSONAL;Chicco;PH-Vaselina;3001-Muestras Gemelas;1000-Pharsana Valencia
50000912;CHICCO VASELINA 80G;1001;3002;CS;0,00;0,000;7,500;20.02.2026 - 22:03:39;HIGIENE PERSONAL;Chicco;PH-Vaselina;3002-PT Reserva;1001-Pharsana Maracay
50000912;CHICCO VASELINA 80G;1001;3018;CS;5,88;0,000;0,000;20.02.2026 - 22:03:39;HIGIENE PERSONAL;Chicco;PH-Vaselina;3018-Rechazado;1001-Pharsana Maracay
50000914;CHICCO TH ORIGINAL 48P (20);1000;3001;CS;2,95;0,000;0,000;20.02.2026 - 22:03:39;TOALLAS HUMEDAS;Chicco;PH-TH Flow Pack;3001-Muestras Gemelas;1000-Pharsana Valencia
50000914;CHICCO TH ORIGINAL 48P (20);1001;3004;CS;1,80;0,000;0,000;20.02.2026 - 22:03:39;TOALLAS HUMEDAS;Chicco;PH-TH Flow Pack;3004-Devoluciones;1001-Pharsana Maracay
50000914;CHICCO TH ORIGINAL 48P (20);1001;3018;CS;17,50;0,000;0,000;20.02.2026 - 22:03:39;TOALLAS HUMEDAS;Chicco;PH-TH Flow Pack;3018-Rechazado;1001-Pharsana Maracay
51000151;SECUREZZA CLASSIC M REG (6x6UN) EXP;1002;3001;PAK;0,33;0,000;0,000;20.02.2026 - 22:03:39;INCONTINENCIA;Securezza;PH-Pañal Tier 1;3001-Muestras Gemelas;1002-Pharsana Higienico
51000152;SECUREZZA CLASSIC L REG (6X6UN) EXP;1001;3005;PAK;2,00;0,000;0,000;20.02.2026 - 22:03:39;INCONTINENCIA;Securezza;PH-Pañal Tier 1;3005-Predespacho Val;1001-Pharsana Maracay
51000152;SECUREZZA CLASSIC L REG (6X6UN) EXP;1002;3001;PAK;0,33;0,000;0,000;20.02.2026 - 22:03:39;INCONTINENCIA;Securezza;PH-Pañal Tier 1;3001-Muestras Gemelas;1002-Pharsana Higienico
51000156;SECUREZZA COMFORT M LLEVA 20/16 (4x20UN);1002;3001;PAK;2,50;0,000;0,000;20.02.2026 - 22:03:39;INCONTINENCIA;Securezza;PH-Protector de Cama;3001-Muestras Gemelas;1002-Pharsana Higienico
51000157;SECUREZZA COMFORT L LLEVA 20/16 (4x20UN);1002;3001;PAK;3,00;0,000;0,000;20.02.2026 - 22:03:39;INCONTINENCIA;Securezza;PH-Protector de Cama;3001-Muestras Gemelas;1002-Pharsana Higienico
51000172;LADY FACE DISCOS DE ALGODON (24x80UN)EXP;1000;3001;CS;0,08;0,000;0,000;20.02.2026 - 22:03:39;ALGODONES PT;Lady Face;PH-Cotton Round;3001-Muestras Gemelas;1000-Pharsana Valencia
50000963;CHICCO BS CHAMPU CABELLONORMAL(10x200ML);1000;3001;CS;8,90;1,000;0,000;20.02.2026 - 22:03:39;HIGIENE PERSONAL;Chicco;PH-Champú;3001-Muestras Gemelas;1000-Pharsana Valencia
50000963;CHICCO BS CHAMPU CABELLONORMAL(10x200ML);1000;3017;CS;1,80;0,000;0,000;20.02.2026 - 22:03:39;HIGIENE PERSONAL;Chicco;PH-Champú;3017-MG Microbilogia;1000-Pharsana Valencia
50000963;CHICCO BS CHAMPU CABELLONORMAL(10x200ML);1001;3000;CS;968,00;0,000;0,000;20.02.2026 - 22:03:39;HIGIENE PERSONAL;Chicco;PH-Champú;3000-ProdTerminado WM;1001-Pharsana Maracay
50000963;CHICCO BS CHAMPU CABELLONORMAL(10x200ML);1001;3002;CS;2,00;0,000;13,200;20.02.2026 - 22:03:39;HIGIENE PERSONAL;Chicco;PH-Champú;3002-PT Reserva;1001-Pharsana Maracay
50000963;CHICCO BS CHAMPU CABELLONORMAL(10x200ML);1001;3018;CS;4,00;0,000;0,000;20.02.2026 - 22:03:39;HIGIENE PERSONAL;Chicco;PH-Champú;3018-Rechazado;1001-Pharsana Maracay
50000964;CHICCO BS CHAMPU CABELLO CLARO(10x200ML);1000;3000;CS;0,40;0,000;0,000;20.02.2026 - 22:03:39;HIGIENE PERSONAL;Chicco;PH-Champú;3000-Prod. Terminado;1000-Pharsana Valencia
50000964;CHICCO BS CHAMPU CABELLO CLARO(10x200ML);1000;3001;CS;8,90;0,000;0,000;20.02.2026 - 22:03:39;HIGIENE PERSONAL;Chicco;PH-Champú;3001-Muestras Gemelas;1000-Pharsana Valencia
50000964;CHICCO BS CHAMPU CABELLO CLARO(10x200ML);1000;3017;CS;1,00;0,000;0,000;20.02.2026 - 22:03:39;HIGIENE PERSONAL;Chicco;PH-Champú;3017-MG Microbilogia;1000-Pharsana Valencia
50000964;CHICCO BS CHAMPU CABELLO CLARO(10x200ML);1001;3000;CS;450,00;0,000;0,000;20.02.2026 - 22:03:39;HIGIENE PERSONAL;Chicco;PH-Champú;3000-ProdTerminado WM;1001-Pharsana Maracay
50000964;CHICCO BS CHAMPU CABELLO CLARO(10x200ML);1001;3002;CS;0,00;0,000;20,400;20.02.2026 - 22:03:39;HIGIENE PERSONAL;Chicco;PH-Champú;3002-PT Reserva;1001-Pharsana Maracay
50000964;CHICCO BS CHAMPU CABELLO CLARO(10x200ML);1001;3004;CS;2,30;0,000;0,000;20.02.2026 - 22:03:39;HIGIENE PERSONAL;Chicco;PH-Champú;3004-Devoluciones;1001-Pharsana Maracay
50000964;CHICCO BS CHAMPU CABELLO CLARO(10x200ML);1001;3018;CS;4,10;0,000;0,000;20.02.2026 - 22:03:39;HIGIENE PERSONAL;Chicco;PH-Champú;3018-Rechazado;1001-Pharsana Maracay
50000965;CHICCO BS LOCION (10x200ML);1000;3001;CS;9,90;0,000;0,000;20.02.2026 - 22:03:39;HIGIENE PERSONAL;Chicco;PH-Loción;3001-Muestras Gemelas;1000-Pharsana Valencia
50000965;CHICCO BS LOCION (10x200ML);1000;3017;CS;1,20;0,000;0,000;20.02.2026 - 22:03:39;HIGIENE PERSONAL;Chicco;PH-Loción;3017-MG Microbilogia;1000-Pharsana Valencia
50000965;CHICCO BS LOCION (10x200ML);1001;3000;CS;89,00;0,000;0,000;20.02.2026 - 22:03:39;HIGIENE PERSONAL;Chicco;PH-Loción;3000-ProdTerminado WM;1001-Pharsana Maracay
50000965;CHICCO BS LOCION (10x200ML);1001;3002;CS;1,60;0,000;8,500;20.02.2026 - 22:03:39;HIGIENE PERSONAL;Chicco;PH-Loción;3002-PT Reserva;1001-Pharsana Maracay
50000965;CHICCO BS LOCION (10x200ML);1001;3004;CS;0,50;0,000;0,000;20.02.2026 - 22:03:39;HIGIENE PERSONAL;Chicco;PH-Loción;3004-Devoluciones;1001-Pharsana Maracay
50000965;CHICCO BS LOCION (10x200ML);1001;3018;CS;2,60;0,000;0,000;20.02.2026 - 22:03:39;HIGIENE PERSONAL;Chicco;PH-Loción;3018-Rechazado;1001-Pharsana Maracay
50000968;CHICCO BS JABON LIQUIDO(10x200ML);1000;3001;CS;5,50;0,000;0,000;20.02.2026 - 22:03:39;HIGIENE PERSONAL;Chicco;PH-Jabón Líquido;3001-Muestras Gemelas;1000-Pharsana Valencia
50000968;CHICCO BS JABON LIQUIDO(10x200ML);1001;3002;CS;0,90;0,000;16,200;20.02.2026 - 22:03:39;HIGIENE PERSONAL;Chicco;PH-Jabón Líquido;3002-PT Reserva;1001-Pharsana Maracay
50000968;CHICCO BS JABON LIQUIDO(10x200ML);1001;3004;CS;3,40;0,000;0,000;20.02.2026 - 22:03:39;HIGIENE PERSONAL;Chicco;PH-Jabón Líquido;3004-Devoluciones;1001-Pharsana Maracay
50000968;CHICCO BS JABON LIQUIDO(10x200ML);1001;3018;CS;52,40;0,000;0,000;20.02.2026 - 22:03:39;HIGIENE PERSONAL;Chicco;PH-Jabón Líquido;3018-Rechazado;1001-Pharsana Maracay
50000969;CHICCO BS TALCO (24x200G);1000;3000;CS;0,00;0,000;1,333;20.02.2026 - 22:03:39;HIGIENE PERSONAL;Chicco;PH-Talco;3000-Prod. Terminado;1000-Pharsana Valencia
50000969;CHICCO BS TALCO (24x200G);1000;3001;CS;11,96;1,458;0,000;20.02.2026 - 22:03:39;HIGIENE PERSONAL;Chicco;PH-Talco;3001-Muestras Gemelas;1000-Pharsana Valencia
50000969;CHICCO BS TALCO (24x200G);1000;3017;CS;1,58;0,000;0,000;20.02.2026 - 22:03:39;HIGIENE PERSONAL;Chicco;PH-Talco;3017-MG Microbilogia;1000-Pharsana Valencia
50000969;CHICCO BS TALCO (24x200G);1001;3000;CS;519,00;0,000;0,000;20.02.2026 - 22:03:39;HIGIENE PERSONAL;Chicco;PH-Talco;3000-ProdTerminado WM;1001-Pharsana Maracay
50000969;CHICCO BS TALCO (24x200G);1001;3002;CS;2,96;0,000;8,375;20.02.2026 - 22:03:39;HIGIENE PERSONAL;Chicco;PH-Talco;3002-PT Reserva;1001-Pharsana Maracay
50000969;CHICCO BS TALCO (24x200G);1001;3004;CS;2,00;0,000;0,000;20.02.2026 - 22:03:39;HIGIENE PERSONAL;Chicco;PH-Talco;3004-Devoluciones;1001-Pharsana Maracay
50000969;CHICCO BS TALCO (24x200G);1001;3018;CS;0,21;0,000;0,042;20.02.2026 - 22:03:39;HIGIENE PERSONAL;Chicco;PH-Talco;3018-Rechazado;1001-Pharsana Maracay
50000970;CHICCO BS COLONIA (10x220ML);1000;3000;CS;4,00;0,000;0,000;20.02.2026 - 22:03:39;HIGIENE PERSONAL;Chicco;PH-Colonia;3000-Prod. Terminado;1000-Pharsana Valencia
50000970;CHICCO BS COLONIA (10x220ML);1000;3001;CS;41,00;0,000;0,000;20.02.2026 - 22:03:39;HIGIENE PERSONAL;Chicco;PH-Colonia;3001-Muestras Gemelas;1000-Pharsana Valencia
50000970;CHICCO BS COLONIA (10x220ML);1001;3000;CS;3618,00;0,000;0,000;20.02.2026 - 22:03:39;HIGIENE PERSONAL;Chicco;PH-Colonia;3000-ProdTerminado WM;1001-Pharsana Maracay
50000970;CHICCO BS COLONIA (10x220ML);1001;3002;CS;16,60;0,000;55,800;20.02.2026 - 22:03:39;HIGIENE PERSONAL;Chicco;PH-Colonia;3002-PT Reserva;1001-Pharsana Maracay
50000970;CHICCO BS COLONIA (10x220ML);1001;3004;CS;8,30;0,000;0,000;20.02.2026 - 22:03:39;HIGIENE PERSONAL;Chicco;PH-Colonia;3004-Devoluciones;1001-Pharsana Maracay
50000970;CHICCO BS COLONIA (10x220ML);1001;3018;CS;11,10;0,000;0,000;20.02.2026 - 22:03:39;HIGIENE PERSONAL;Chicco;PH-Colonia;3018-Rechazado;1001-Pharsana Maracay
50000971;CHICCO BS ACEITE (10x220ML);1000;3001;CS;9,10;0,000;0,000;20.02.2026 - 22:03:39;HIGIENE PERSONAL;Chicco;PH-Aceite;3001-Muestras Gemelas;1000-Pharsana Valencia
50000971;CHICCO BS ACEITE (10x220ML);1001;3000;CS;562,00;0,000;0,000;20.02.2026 - 22:03:39;HIGIENE PERSONAL;Chicco;PH-Aceite;3000-ProdTerminado WM;1001-Pharsana Maracay
50000971;CHICCO BS ACEITE (10x220ML);1001;3002;CS;1,40;0,000;9,700;20.02.2026 - 22:03:39;HIGIENE PERSONAL;Chicco;PH-Aceite;3002-PT Reserva;1001-Pharsana Maracay
50000971;CHICCO BS ACEITE (10x220ML);1001;3004;CS;7,30;0,000;0,000;20.02.2026 - 22:03:39;HIGIENE PERSONAL;Chicco;PH-Aceite;3004-Devoluciones;1001-Pharsana Maracay
50000971;CHICCO BS ACEITE (10x220ML);1001;3018;CS;20,90;0,000;0,000;20.02.2026 - 22:03:39;HIGIENE PERSONAL;Chicco;PH-Aceite;3018-Rechazado;1001-Pharsana Maracay
50000974;CHICCO BS TH ORIGINAL (24x72UN);1000;3000;CS;1823,00;0,000;1,250;20.02.2026 - 22:03:39;TOALLAS HUMEDAS;Chicco;PH-TH Flow Pack;3000-Prod. Terminado;1000-Pharsana Valencia
50000974;CHICCO BS TH ORIGINAL (24x72UN);1000;3001;CS;27,71;0,000;0,000;20.02.2026 - 22:03:39;TOALLAS HUMEDAS;Chicco;PH-TH Flow Pack;3001-Muestras Gemelas;1000-Pharsana Valencia
50000974;CHICCO BS TH ORIGINAL (24x72UN);1000;3017;CS;1,38;0,000;0,000;20.02.2026 - 22:03:39;TOALLAS HUMEDAS;Chicco;PH-TH Flow Pack;3017-MG Microbilogia;1000-Pharsana Valencia
50000974;CHICCO BS TH ORIGINAL (24x72UN);1001;3000;CS;1333,00;0,000;0,000;20.02.2026 - 22:03:39;TOALLAS HUMEDAS;Chicco;PH-TH Flow Pack;3000-ProdTerminado WM;1001-Pharsana Maracay
50000974;CHICCO BS TH ORIGINAL (24x72UN);1001;3002;CS;3,50;0,000;0,167;20.02.2026 - 22:03:39;TOALLAS HUMEDAS;Chicco;PH-TH Flow Pack;3002-PT Reserva;1001-Pharsana Maracay
50000974;CHICCO BS TH ORIGINAL (24x72UN);1001;3004;CS;1,00;0,000;0,000;20.02.2026 - 22:03:39;TOALLAS HUMEDAS;Chicco;PH-TH Flow Pack;3004-Devoluciones;1001-Pharsana Maracay
50000974;CHICCO BS TH ORIGINAL (24x72UN);1001;3018;CS;1,08;0,000;0,000;20.02.2026 - 22:03:39;TOALLAS HUMEDAS;Chicco;PH-TH Flow Pack;3018-Rechazado;1001-Pharsana Maracay
50000975;CHICCO BS TH ORIGINAL (20x48UN);1000;3000;CS;2122,00;0,000;0,000;20.02.2026 - 22:03:39;TOALLAS HUMEDAS;Chicco;PH-TH Flow Pack;3000-Prod. Terminado;1000-Pharsana Valencia
50000975;CHICCO BS TH ORIGINAL (20x48UN);1000;3001;CS;19,00;1,950;0,000;20.02.2026 - 22:03:39;TOALLAS HUMEDAS;Chicco;PH-TH Flow Pack;3001-Muestras Gemelas;1000-Pharsana Valencia
50000975;CHICCO BS TH ORIGINAL (20x48UN);1000;3017;CS;2,90;0,000;0,000;20.02.2026 - 22:03:39;TOALLAS HUMEDAS;Chicco;PH-TH Flow Pack;3017-MG Microbilogia;1000-Pharsana Valencia
50000975;CHICCO BS TH ORIGINAL (20x48UN);1001;3000;CS;1275,00;0,000;0,000;20.02.2026 - 22:03:39;TOALLAS HUMEDAS;Chicco;PH-TH Flow Pack;3000-ProdTerminado WM;1001-Pharsana Maracay
50000975;CHICCO BS TH ORIGINAL (20x48UN);1001;3002;CS;5,45;0,000;0,000;20.02.2026 - 22:03:39;TOALLAS HUMEDAS;Chicco;PH-TH Flow Pack;3002-PT Reserva;1001-Pharsana Maracay
50000975;CHICCO BS TH ORIGINAL (20x48UN);1001;3003;CS;250,00;0,000;0,000;20.02.2026 - 22:03:39;TOALLAS HUMEDAS;Chicco;PH-TH Flow Pack;3003-PT Cuarentena;1001-Pharsana Maracay
50000975;CHICCO BS TH ORIGINAL (20x48UN);1001;3018;CS;2,50;0,000;0,050;20.02.2026 - 22:03:39;TOALLAS HUMEDAS;Chicco;PH-TH Flow Pack;3018-Rechazado;1001-Pharsana Maracay
50000976;CHICCO TH ORIGINAL 24UN;1000;3001;CS;3,35;0,000;0,000;20.02.2026 - 22:03:39;TOALLAS HUMEDAS;Chicco;PH-TH Flow Pack;3001-Muestras Gemelas;1000-Pharsana Valencia
50000976;CHICCO TH ORIGINAL 24UN;1001;3002;CS;7,28;0,000;0,000;20.02.2026 - 22:03:39;TOALLAS HUMEDAS;Chicco;PH-TH Flow Pack;3002-PT Reserva;1001-Pharsana Maracay
50000976;CHICCO TH ORIGINAL 24UN;1001;3018;CS;0,45;0,000;0,000;20.02.2026 - 22:03:39;TOALLAS HUMEDAS;Chicco;PH-TH Flow Pack;3018-Rechazado;1001-Pharsana Maracay
50000978;FRIENDS TS NOCTURNA SIN ALAS (12X10);1001;3002;PAK;0,00;0,000;0,750;20.02.2026 - 22:03:39;ABSORBENTES FEMENINA;Friends;PH-Toalla Sanitaria;3002-PT Reserva;1001-Pharsana Maracay
50000978;FRIENDS TS NOCTURNA SIN ALAS (12X10);1001;3018;PAK;1,00;0,000;0,000;20.02.2026 - 22:03:39;ABSORBENTES FEMENINA;Friends;PH-Toalla Sanitaria;3018-Rechazado;1001-Pharsana Maracay
50000978;FRIENDS TS NOCTURNA SIN ALAS (12X10);1002;3001;PAK;1,83;0,000;0,000;20.02.2026 - 22:03:39;ABSORBENTES FEMENINA;Friends;PH-Toalla Sanitaria;3001-Muestras Gemelas;1002-Pharsana Higienico
50001021;SECUREZZA POST PARTO (12X15UN);1001;3000;PAK;5053,00;0,000;0,000;20.02.2026 - 22:03:39;INCONTINENCIA;Securezza;PH-Toalla Post-Parto;3000-ProdTerminado WM;1001-Pharsana Maracay
50001021;SECUREZZA POST PARTO (12X15UN);1001;3002;PAK;17,83;0,000;0,000;20.02.2026 - 22:03:39;INCONTINENCIA;Securezza;PH-Toalla Post-Parto;3002-PT Reserva;1001-Pharsana Maracay
50001021;SECUREZZA POST PARTO (12X15UN);1001;3013;PAK;10,08;0,000;0,000;20.02.2026 - 22:03:39;INCONTINENCIA;Securezza;PH-Toalla Post-Parto;3013-Dev. LEG.;1001-Pharsana Maracay
50001021;SECUREZZA POST PARTO (12X15UN);1001;3018;PAK;2,42;0,000;0,250;20.02.2026 - 22:03:39;INCONTINENCIA;Securezza;PH-Toalla Post-Parto;3018-Rechazado;1001-Pharsana Maracay
50001021;SECUREZZA POST PARTO (12X15UN);1002;3001;PAK;16,67;0,000;0,000;20.02.2026 - 22:03:39;INCONTINENCIA;Securezza;PH-Toalla Post-Parto;3001-Muestras Gemelas;1002-Pharsana Higienico
50001023;CHICCO BS COTONCITO (32x100UN);1000;3001;CS;7,06;0,625;0,000;20.02.2026 - 22:03:39;ALGODONES PT;Chicco;PH-Hisopos;3001-Muestras Gemelas;1000-Pharsana Valencia
50001023;CHICCO BS COTONCITO (32x100UN);1000;3017;CS;1,13;0,000;0,000;20.02.2026 - 22:03:39;ALGODONES PT;Chicco;PH-Hisopos;3017-MG Microbilogia;1000-Pharsana Valencia
50001023;CHICCO BS COTONCITO (32x100UN);1001;3000;CS;559,00;0,000;0,000;20.02.2026 - 22:03:39;ALGODONES PT;Chicco;PH-Hisopos;3000-ProdTerminado WM;1001-Pharsana Maracay
50001023;CHICCO BS COTONCITO (32x100UN);1001;3002;CS;4,06;0,000;0,000;20.02.2026 - 22:03:39;ALGODONES PT;Chicco;PH-Hisopos;3002-PT Reserva;1001-Pharsana Maracay
50001023;CHICCO BS COTONCITO (32x100UN);1001;3004;CS;0,28;0,000;0,000;20.02.2026 - 22:03:39;ALGODONES PT;Chicco;PH-Hisopos;3004-Devoluciones;1001-Pharsana Maracay
50001023;CHICCO BS COTONCITO (32x100UN);1001;3018;CS;4,84;0,000;0,000;20.02.2026 - 22:03:39;ALGODONES PT;Chicco;PH-Hisopos;3018-Rechazado;1001-Pharsana Maracay
50001024;CHICCO BS COTONCITO (48x60UN);1000;3001;CS;6,50;0,604;0,000;20.02.2026 - 22:03:39;ALGODONES PT;Chicco;PH-Hisopos;3001-Muestras Gemelas;1000-Pharsana Valencia
50001024;CHICCO BS COTONCITO (48x60UN);1000;3003;CS;0,00;0,000;0,000;20.02.2026 - 22:03:39;ALGODONES PT;Chicco;PH-Hisopos;3003-PT Cuarentena;1000-Pharsana Valencia
50001024;CHICCO BS COTONCITO (48x60UN);1000;3017;CS;1,65;0,083;0,000;20.02.2026 - 22:03:39;ALGODONES PT;Chicco;PH-Hisopos;3017-MG Microbilogia;1000-Pharsana Valencia
50001024;CHICCO BS COTONCITO (48x60UN);1001;3000;CS;751,00;0,000;0,000;20.02.2026 - 22:03:39;ALGODONES PT;Chicco;PH-Hisopos;3000-ProdTerminado WM;1001-Pharsana Maracay
50001024;CHICCO BS COTONCITO (48x60UN);1001;3002;CS;11,79;0,000;0,000;20.02.2026 - 22:03:39;ALGODONES PT;Chicco;PH-Hisopos;3002-PT Reserva;1001-Pharsana Maracay
50001024;CHICCO BS COTONCITO (48x60UN);1001;3004;CS;8,00;0,000;0,000;20.02.2026 - 22:03:39;ALGODONES PT;Chicco;PH-Hisopos;3004-Devoluciones;1001-Pharsana Maracay
50001024;CHICCO BS COTONCITO (48x60UN);1001;3018;CS;1,21;0,000;0,000;20.02.2026 - 22:03:39;ALGODONES PT;Chicco;PH-Hisopos;3018-Rechazado;1001-Pharsana Maracay
50001025;CHICCO BS MOTAS DE ALGODON (12x100UN);1000;3000;CS;0,00;0,000;0,333;20.02.2026 - 22:03:39;ALGODONES PT;Chicco;PH-Motas De Algodón;3000-Prod. Terminado;1000-Pharsana Valencia
50001025;CHICCO BS MOTAS DE ALGODON (12x100UN);1000;3001;CS;0,83;0,333;0,000;20.02.2026 - 22:03:39;ALGODONES PT;Chicco;PH-Motas De Algodón;3001-Muestras Gemelas;1000-Pharsana Valencia
50001025;CHICCO BS MOTAS DE ALGODON (12x100UN);1000;3017;CS;0,50;0,000;0,000;20.02.2026 - 22:03:39;ALGODONES PT;Chicco;PH-Motas De Algodón;3017-MG Microbilogia;1000-Pharsana Valencia
50001025;CHICCO BS MOTAS DE ALGODON (12x100UN);1001;3000;CS;423,00;0,000;0,000;20.02.2026 - 22:03:39;ALGODONES PT;Chicco;PH-Motas De Algodón;3000-ProdTerminado WM;1001-Pharsana Maracay
50001025;CHICCO BS MOTAS DE ALGODON (12x100UN);1001;3004;CS;3,00;0,000;0,000;20.02.2026 - 22:03:39;ALGODONES PT;Chicco;PH-Motas De Algodón;3004-Devoluciones;1001-Pharsana Maracay
50001026;BASTONCITO PARA HISOPOS (NACIONAL PH);1000;3000;CS;50,00;0,000;0,000;20.02.2026 - 22:03:39;ALGODONES PT;Pharsana;PH-Hisopos;3000-Prod. Terminado;1000-Pharsana Valencia
50001027;FRIENDS PD REGULAR S/P (12X60);1001;3002;PAK;0,00;0,000;15,083;20.02.2026 - 22:03:39;ABSORBENTES FEMENINA;Friends;PH-Protector Diario;3002-PT Reserva;1001-Pharsana Maracay
50001027;FRIENDS PD REGULAR S/P (12X60);1002;3001;PAK;2,33;0,000;0,000;20.02.2026 - 22:03:39;ABSORBENTES FEMENINA;Friends;PH-Protector Diario;3001-Muestras Gemelas;1002-Pharsana Higienico
50001028;FRIENDS PD REGULAR S/P PROMOCION (12X60);1002;3001;PAK;4,08;0,000;0,000;20.02.2026 - 22:03:39;ABSORBENTES FEMENINA;Friends;PH-Protector Diario;3001-Muestras Gemelas;1002-Pharsana Higienico
50001030;CHICCO COTONCITO 60P PROMO 3x2;1000;3001;CS;0,31;0,000;0,000;20.02.2026 - 22:03:39;ALGODONES PT;Chicco;PH-Hisopos;3001-Muestras Gemelas;1000-Pharsana Valencia
50001030;CHICCO COTONCITO 60P PROMO 3x2;1001;3002;CS;1,63;0,000;0,000;20.02.2026 - 22:03:39;ALGODONES PT;Chicco;PH-Hisopos;3002-PT Reserva;1001-Pharsana Maracay
50001030;CHICCO COTONCITO 60P PROMO 3x2;1001;3018;CS;8,13;0,000;0,000;20.02.2026 - 22:03:39;ALGODONES PT;Chicco;PH-Hisopos;3018-Rechazado;1001-Pharsana Maracay
50001034;CHICCO COTONCITO 100P PROMO 3x2;1000;3001;CS;0,67;0,000;0,000;20.02.2026 - 22:03:39;ALGODONES PT;Chicco;PH-Hisopos;3001-Muestras Gemelas;1000-Pharsana Valencia
50001034;CHICCO COTONCITO 100P PROMO 3x2;1001;3002;CS;7,33;0,000;0,000;20.02.2026 - 22:03:39;ALGODONES PT;Chicco;PH-Hisopos;3002-PT Reserva;1001-Pharsana Maracay
50001034;CHICCO COTONCITO 100P PROMO 3x2;1001;3018;CS;1,83;0,000;0,000;20.02.2026 - 22:03:39;ALGODONES PT;Chicco;PH-Hisopos;3018-Rechazado;1001-Pharsana Maracay
50001035;LADYFACE DISCOS DE ALGODON 80P PROMO 3x2;1000;3001;CS;0,25;0,000;0,000;20.02.2026 - 22:03:39;ALGODONES PT;Lady Face;PH-Cotton Round;3001-Muestras Gemelas;1000-Pharsana Valencia
50001035;LADYFACE DISCOS DE ALGODON 80P PROMO 3x2;1001;3002;CS;1,75;0,000;0,000;20.02.2026 - 22:03:39;ALGODONES PT;Lady Face;PH-Cotton Round;3002-PT Reserva;1001-Pharsana Maracay
50001039;CHICCO BS JABON EN BARRA P/NIÑOS(30x90);1001;3000;CS;239,00;0,000;0,000;20.02.2026 - 22:03:39;HIGIENE PERSONAL;Chicco;PH-Jabon en barra;3000-ProdTerminado WM;1001-Pharsana Maracay
50001039;CHICCO BS JABON EN BARRA P/NIÑOS(30x90);1001;3018;CS;0,83;0,000;0,000;20.02.2026 - 22:03:39;HIGIENE PERSONAL;Chicco;PH-Jabon en barra;3018-Rechazado;1001-Pharsana Maracay
50001041;FRIENDS PD REGULAR S/P PROMOPACK (4X120);1001;3002;PAK;21,75;0,000;0,000;20.02.2026 - 22:03:39;ABSORBENTES FEMENINA;Friends;PH-Protector Diario;3002-PT Reserva;1001-Pharsana Maracay
50001041;FRIENDS PD REGULAR S/P PROMOPACK (4X120);1001;3018;PAK;0,25;0,000;0,000;20.02.2026 - 22:03:39;ABSORBENTES FEMENINA;Friends;PH-Protector Diario;3018-Rechazado;1001-Pharsana Maracay
50001041;FRIENDS PD REGULAR S/P PROMOPACK (4X120);1002;3001;PAK;9,75;0,000;0,000;20.02.2026 - 22:03:39;ABSORBENTES FEMENINA;Friends;PH-Protector Diario;3001-Muestras Gemelas;1002-Pharsana Higienico
50001045;CHICCO BS TALCO (24x100G);1000;3000;CS;0,00;0,000;0,458;20.02.2026 - 22:03:39;HIGIENE PERSONAL;Chicco;PH-Talco;3000-Prod. Terminado;1000-Pharsana Valencia
50001045;CHICCO BS TALCO (24x100G);1000;3001;CS;7,25;0,000;0,000;20.02.2026 - 22:03:39;HIGIENE PERSONAL;Chicco;PH-Talco;3001-Muestras Gemelas;1000-Pharsana Valencia
50001045;CHICCO BS TALCO (24x100G);1000;3017;CS;0,96;0,000;0,000;20.02.2026 - 22:03:39;HIGIENE PERSONAL;Chicco;PH-Talco;3017-MG Microbilogia;1000-Pharsana Valencia
50001045;CHICCO BS TALCO (24x100G);1001;3000;CS;576,00;0,000;0,000;20.02.2026 - 22:03:39;HIGIENE PERSONAL;Chicco;PH-Talco;3000-ProdTerminado WM;1001-Pharsana Maracay
50001045;CHICCO BS TALCO (24x100G);1001;3002;CS;0,71;0,000;0,000;20.02.2026 - 22:03:39;HIGIENE PERSONAL;Chicco;PH-Talco;3002-PT Reserva;1001-Pharsana Maracay
50001045;CHICCO BS TALCO (24x100G);1001;3018;CS;0,04;0,000;0,000;20.02.2026 - 22:03:39;HIGIENE PERSONAL;Chicco;PH-Talco;3018-Rechazado;1001-Pharsana Maracay
50001046;CHICCO BS ACEITE CREMOSO (28x100ML);1000;3001;CS;0,61;0,143;0,000;20.02.2026 - 22:03:39;HIGIENE PERSONAL;Chicco;PH-Aceite;3001-Muestras Gemelas;1000-Pharsana Valencia
50001046;CHICCO BS ACEITE CREMOSO (28x100ML);1001;3000;CS;142,00;0,000;0,000;20.02.2026 - 22:03:39;HIGIENE PERSONAL;Chicco;PH-Aceite;3000-ProdTerminado WM;1001-Pharsana Maracay
50001046;CHICCO BS ACEITE CREMOSO (28x100ML);1001;3002;CS;0,00;0,000;10,214;20.02.2026 - 22:03:39;HIGIENE PERSONAL;Chicco;PH-Aceite;3002-PT Reserva;1001-Pharsana Maracay
50001046;CHICCO BS ACEITE CREMOSO (28x100ML);1001;3018;CS;1,07;1,000;0,000;20.02.2026 - 22:03:39;HIGIENE PERSONAL;Chicco;PH-Aceite;3018-Rechazado;1001-Pharsana Maracay
50001047;SECUREZZA CLASSIC M (4X20UN) PROMOPACK;1001;3000;PAK;326,00;0,000;0,000;20.02.2026 - 22:03:39;INCONTINENCIA;Securezza;PH-Protector Incont.;3000-ProdTerminado WM;1001-Pharsana Maracay
50001047;SECUREZZA CLASSIC M (4X20UN) PROMOPACK;1001;3002;PAK;7,25;0,000;0,000;20.02.2026 - 22:03:39;INCONTINENCIA;Securezza;PH-Protector Incont.;3002-PT Reserva;1001-Pharsana Maracay
50001047;SECUREZZA CLASSIC M (4X20UN) PROMOPACK;1001;3004;PAK;1,00;0,000;0,000;20.02.2026 - 22:03:39;INCONTINENCIA;Securezza;PH-Protector Incont.;3004-Devoluciones;1001-Pharsana Maracay
50001047;SECUREZZA CLASSIC M (4X20UN) PROMOPACK;1001;3018;PAK;2,25;0,000;0,250;20.02.2026 - 22:03:39;INCONTINENCIA;Securezza;PH-Protector Incont.;3018-Rechazado;1001-Pharsana Maracay
50001047;SECUREZZA CLASSIC M (4X20UN) PROMOPACK;1002;3001;PAK;11,00;0,000;0,000;20.02.2026 - 22:03:39;INCONTINENCIA;Securezza;PH-Protector Incont.;3001-Muestras Gemelas;1002-Pharsana Higienico
50001048;SECUREZZA CLASSIC L (4X20UN) PROMOPACK;1001;3000;PAK;691,00;0,000;0,000;20.02.2026 - 22:03:39;INCONTINENCIA;Securezza;PH-Protector Incont.;3000-ProdTerminado WM;1001-Pharsana Maracay
50001048;SECUREZZA CLASSIC L (4X20UN) PROMOPACK;1001;3002;PAK;12,25;0,000;0,000;20.02.2026 - 22:03:39;INCONTINENCIA;Securezza;PH-Protector Incont.;3002-PT Reserva;1001-Pharsana Maracay
50001048;SECUREZZA CLASSIC L (4X20UN) PROMOPACK;1001;3018;PAK;3,00;0,000;0,000;20.02.2026 - 22:03:39;INCONTINENCIA;Securezza;PH-Protector Incont.;3018-Rechazado;1001-Pharsana Maracay
50001048;SECUREZZA CLASSIC L (4X20UN) PROMOPACK;1002;3001;PAK;13,25;0,000;0,000;20.02.2026 - 22:03:39;INCONTINENCIA;Securezza;PH-Protector Incont.;3001-Muestras Gemelas;1002-Pharsana Higienico
50001049;SECUREZZA COMFORT M (4X20UN) PROMOPACK;1001;3000;PAK;410,00;0,000;0,000;20.02.2026 - 22:03:39;INCONTINENCIA;Securezza;PH-Protector Incont.;3000-ProdTerminado WM;1001-Pharsana Maracay
50001049;SECUREZZA COMFORT M (4X20UN) PROMOPACK;1001;3002;PAK;16,00;0,000;0,000;20.02.2026 - 22:03:39;INCONTINENCIA;Securezza;PH-Protector Incont.;3002-PT Reserva;1001-Pharsana Maracay
50001049;SECUREZZA COMFORT M (4X20UN) PROMOPACK;1001;3018;PAK;5,50;0,000;0,750;20.02.2026 - 22:03:39;INCONTINENCIA;Securezza;PH-Protector Incont.;3018-Rechazado;1001-Pharsana Maracay
50001049;SECUREZZA COMFORT M (4X20UN) PROMOPACK;1002;3001;PAK;5,00;0,000;0,000;20.02.2026 - 22:03:39;INCONTINENCIA;Securezza;PH-Protector Incont.;3001-Muestras Gemelas;1002-Pharsana Higienico
50001050;SECUREZZA COMFORT L (4X20UN) PROMOPACK;1001;3000;PAK;373,00;0,000;0,000;20.02.2026 - 22:03:39;INCONTINENCIA;Securezza;PH-Protector Incont.;3000-ProdTerminado WM;1001-Pharsana Maracay
50001050;SECUREZZA COMFORT L (4X20UN) PROMOPACK;1001;3002;PAK;9,50;0,000;0,000;20.02.2026 - 22:03:39;INCONTINENCIA;Securezza;PH-Protector Incont.;3002-PT Reserva;1001-Pharsana Maracay
50001050;SECUREZZA COMFORT L (4X20UN) PROMOPACK;1001;3018;PAK;2,75;0,000;0,000;20.02.2026 - 22:03:39;INCONTINENCIA;Securezza;PH-Protector Incont.;3018-Rechazado;1001-Pharsana Maracay
50001050;SECUREZZA COMFORT L (4X20UN) PROMOPACK;1002;3001;PAK;7,50;0,000;0,000;20.02.2026 - 22:03:39;INCONTINENCIA;Securezza;PH-Protector Incont.;3001-Muestras Gemelas;1002-Pharsana Higienico
50001051;CHICCO BS COTONCITO(12x300UN PAGA 200UN);1000;3001;CS;6,42;0,000;0,000;20.02.2026 - 22:03:39;ALGODONES PT;Chicco;PH-Hisopos;3001-Muestras Gemelas;1000-Pharsana Valencia
50001051;CHICCO BS COTONCITO(12x300UN PAGA 200UN);1000;3017;CS;0,50;0,000;0,000;20.02.2026 - 22:03:39;ALGODONES PT;Chicco;PH-Hisopos;3017-MG Microbilogia;1000-Pharsana Valencia
50001051;CHICCO BS COTONCITO(12x300UN PAGA 200UN);1001;3000;CS;189,00;0,000;0,000;20.02.2026 - 22:03:39;ALGODONES PT;Chicco;PH-Hisopos;3000-ProdTerminado WM;1001-Pharsana Maracay
50001051;CHICCO BS COTONCITO(12x300UN PAGA 200UN);1001;3002;CS;10,67;0,000;0,000;20.02.2026 - 22:03:39;ALGODONES PT;Chicco;PH-Hisopos;3002-PT Reserva;1001-Pharsana Maracay
50001051;CHICCO BS COTONCITO(12x300UN PAGA 200UN);1001;3004;CS;1,00;0,000;0,000;20.02.2026 - 22:03:39;ALGODONES PT;Chicco;PH-Hisopos;3004-Devoluciones;1001-Pharsana Maracay
50001051;CHICCO BS COTONCITO(12x300UN PAGA 200UN);1001;3018;CS;2,42;0,000;0,000;20.02.2026 - 22:03:39;ALGODONES PT;Chicco;PH-Hisopos;3018-Rechazado;1001-Pharsana Maracay
50001052;CHICCO BS COTONCITO(16x180UN PAGA 120UN);1000;3001;CS;3,38;0,000;0,000;20.02.2026 - 22:03:39;ALGODONES PT;Chicco;PH-Hisopos;3001-Muestras Gemelas;1000-Pharsana Valencia
50001052;CHICCO BS COTONCITO(16x180UN PAGA 120UN);1001;3002;CS;14,50;0,000;0,000;20.02.2026 - 22:03:39;ALGODONES PT;Chicco;PH-Hisopos;3002-PT Reserva;1001-Pharsana Maracay
50001052;CHICCO BS COTONCITO(16x180UN PAGA 120UN);1001;3018;CS;1,50;0,000;0,000;20.02.2026 - 22:03:39;ALGODONES PT;Chicco;PH-Hisopos;3018-Rechazado;1001-Pharsana Maracay
50001054;CHICCO BS MOTAS ALG (12x100UN) PROMO;1000;3001;CS;3,58;0,000;0,000;20.02.2026 - 22:03:39;ALGODONES PT;Chicco;PH-Motas De Algodón;3001-Muestras Gemelas;1000-Pharsana Valencia
50001054;CHICCO BS MOTAS ALG (12x100UN) PROMO;1001;3000;CS;205,00;0,000;0,000;20.02.2026 - 22:03:39;ALGODONES PT;Chicco;PH-Motas De Algodón;3000-ProdTerminado WM;1001-Pharsana Maracay
50001054;CHICCO BS MOTAS ALG (12x100UN) PROMO;1001;3002;CS;13,92;0,000;0,000;20.02.2026 - 22:03:39;ALGODONES PT;Chicco;PH-Motas De Algodón;3002-PT Reserva;1001-Pharsana Maracay
50001055;LADY FACE TH DESMAQUILLANTE (24x24UN);1000;3001;CS;1,33;0,042;0,000;20.02.2026 - 22:03:39;TOALLAS HUMEDAS;Lady Face;PH-TH Travel Pack;3001-Muestras Gemelas;1000-Pharsana Valencia
50001055;LADY FACE TH DESMAQUILLANTE (24x24UN);1000;3017;CS;0,50;0,000;0,000;20.02.2026 - 22:03:39;TOALLAS HUMEDAS;Lady Face;PH-TH Travel Pack;3017-MG Microbilogia;1000-Pharsana Valencia
50001055;LADY FACE TH DESMAQUILLANTE (24x24UN);1001;3000;CS;384,00;0,000;0,000;20.02.2026 - 22:03:39;TOALLAS HUMEDAS;Lady Face;PH-TH Travel Pack;3000-ProdTerminado WM;1001-Pharsana Maracay
50001055;LADY FACE TH DESMAQUILLANTE (24x24UN);1001;3002;CS;1,33;0,000;0,000;20.02.2026 - 22:03:39;TOALLAS HUMEDAS;Lady Face;PH-TH Travel Pack;3002-PT Reserva;1001-Pharsana Maracay
50001055;LADY FACE TH DESMAQUILLANTE (24x24UN);1001;3004;CS;2,00;0,000;0,000;20.02.2026 - 22:03:39;TOALLAS HUMEDAS;Lady Face;PH-TH Travel Pack;3004-Devoluciones;1001-Pharsana Maracay
50001055;LADY FACE TH DESMAQUILLANTE (24x24UN);1001;3018;CS;0,75;0,000;0,000;20.02.2026 - 22:03:39;TOALLAS HUMEDAS;Lady Face;PH-TH Travel Pack;3018-Rechazado;1001-Pharsana Maracay
50001056;LADY FACE TH PREVENIR ACNE (24x24UN);1000;3001;CS;1,13;0,000;0,000;20.02.2026 - 22:03:39;TOALLAS HUMEDAS;Lady Face;PH-TH Travel Pack;3001-Muestras Gemelas;1000-Pharsana Valencia
50001056;LADY FACE TH PREVENIR ACNE (24x24UN);1001;3000;CS;66,00;0,000;0,000;20.02.2026 - 22:03:39;TOALLAS HUMEDAS;Lady Face;PH-TH Travel Pack;3000-ProdTerminado WM;1001-Pharsana Maracay
50001056;LADY FACE TH PREVENIR ACNE (24x24UN);1001;3002;CS;2,63;0,000;0,000;20.02.2026 - 22:03:39;TOALLAS HUMEDAS;Lady Face;PH-TH Travel Pack;3002-PT Reserva;1001-Pharsana Maracay
50001056;LADY FACE TH PREVENIR ACNE (24x24UN);1001;3004;CS;1,00;0,000;0,000;20.02.2026 - 22:03:39;TOALLAS HUMEDAS;Lady Face;PH-TH Travel Pack;3004-Devoluciones;1001-Pharsana Maracay
50001056;LADY FACE TH PREVENIR ACNE (24x24UN);1001;3018;CS;0,04;0,000;0,000;20.02.2026 - 22:03:39;TOALLAS HUMEDAS;Lady Face;PH-TH Travel Pack;3018-Rechazado;1001-Pharsana Maracay
50001057;FRIENDS TH INTIMA (24x24UN);1000;3001;CS;1,54;0,000;0,000;20.02.2026 - 22:03:39;TOALLAS HUMEDAS;Friends;PH-TH Travel Pack;3001-Muestras Gemelas;1000-Pharsana Valencia
50001057;FRIENDS TH INTIMA (24x24UN);1001;3000;CS;33,00;0,000;0,000;20.02.2026 - 22:03:39;TOALLAS HUMEDAS;Friends;PH-TH Travel Pack;3000-ProdTerminado WM;1001-Pharsana Maracay
50001057;FRIENDS TH INTIMA (24x24UN);1001;3002;CS;2,42;0,000;0,000;20.02.2026 - 22:03:39;TOALLAS HUMEDAS;Friends;PH-TH Travel Pack;3002-PT Reserva;1001-Pharsana Maracay
50001057;FRIENDS TH INTIMA (24x24UN);1001;3004;CS;2,00;0,000;0,000;20.02.2026 - 22:03:39;TOALLAS HUMEDAS;Friends;PH-TH Travel Pack;3004-Devoluciones;1001-Pharsana Maracay
50001057;FRIENDS TH INTIMA (24x24UN);1001;3018;CS;0,17;0,000;0,000;20.02.2026 - 22:03:39;TOALLAS HUMEDAS;Friends;PH-TH Travel Pack;3018-Rechazado;1001-Pharsana Maracay
50000727;AMY BIBERON MARINO 250ML (9);1001;3018;CS;0,11;0,000;0,000;20.02.2026 - 22:03:39;PUERICULTURA;Amy;PH- Biberón;3018-Rechazado;1001-Pharsana Maracay
50001066;FRIENDS TS ULTRADELGA (36X10UN);1001;3000;CS;664,00;0,000;0,000;20.02.2026 - 22:03:39;ABSORBENTES FEMENINA;Friends;PH-Toalla Sanitaria;3000-ProdTerminado WM;1001-Pharsana Maracay
50001066;FRIENDS TS ULTRADELGA (36X10UN);1001;3002;CS;7,22;0,000;0,000;20.02.2026 - 22:03:39;ABSORBENTES FEMENINA;Friends;PH-Toalla Sanitaria;3002-PT Reserva;1001-Pharsana Maracay
50001066;FRIENDS TS ULTRADELGA (36X10UN);1001;3004;CS;4,00;0,000;0,000;20.02.2026 - 22:03:39;ABSORBENTES FEMENINA;Friends;PH-Toalla Sanitaria;3004-Devoluciones;1001-Pharsana Maracay
50001066;FRIENDS TS ULTRADELGA (36X10UN);1001;3018;CS;0,03;0,000;0,000;20.02.2026 - 22:03:39;ABSORBENTES FEMENINA;Friends;PH-Toalla Sanitaria;3018-Rechazado;1001-Pharsana Maracay
50001067;FRIENDS TS NOCTURNA CON ALAS (36X10UN);1001;3000;CS;188,00;0,000;0,000;20.02.2026 - 22:03:39;ABSORBENTES FEMENINA;Friends;PH-Toalla Sanitaria;3000-ProdTerminado WM;1001-Pharsana Maracay
50001067;FRIENDS TS NOCTURNA CON ALAS (36X10UN);1001;3002;CS;4,61;0,000;0,000;20.02.2026 - 22:03:39;ABSORBENTES FEMENINA;Friends;PH-Toalla Sanitaria;3002-PT Reserva;1001-Pharsana Maracay
50001067;FRIENDS TS NOCTURNA CON ALAS (36X10UN);1001;3004;CS;1,00;0,000;0,000;20.02.2026 - 22:03:39;ABSORBENTES FEMENINA;Friends;PH-Toalla Sanitaria;3004-Devoluciones;1001-Pharsana Maracay
50001067;FRIENDS TS NOCTURNA CON ALAS (36X10UN);1001;3018;CS;0,03;0,000;0,000;20.02.2026 - 22:03:39;ABSORBENTES FEMENINA;Friends;PH-Toalla Sanitaria;3018-Rechazado;1001-Pharsana Maracay
50001068;FRIENDS TS NOCT/ULTRA PROMOPACK(24X10UN);1001;3002;CS;4,42;0,000;0,000;20.02.2026 - 22:03:39;ABSORBENTES FEMENINA;Friends;PH-Toalla Sanitaria;3002-PT Reserva;1001-Pharsana Maracay
50001068;FRIENDS TS NOCT/ULTRA PROMOPACK(24X10UN);1001;3018;CS;0,08;0,000;0,000;20.02.2026 - 22:03:39;ABSORBENTES FEMENINA;Friends;PH-Toalla Sanitaria;3018-Rechazado;1001-Pharsana Maracay
50001069;SECUREZZA BC CREMA DERMO PROTEC(15x130G);1000;3001;CS;0,13;0,000;0,000;20.02.2026 - 22:03:39;HIGIENE PERSONAL;Securezza;PH-Crema Protectoras;3001-Muestras Gemelas;1000-Pharsana Valencia
50001069;SECUREZZA BC CREMA DERMO PROTEC(15x130G);1001;3000;CS;19,00;0,000;0,000;20.02.2026 - 22:03:39;HIGIENE PERSONAL;Securezza;PH-Crema Protectoras;3000-ProdTerminado WM;1001-Pharsana Maracay
50000017;LADYFACE DISCOS DE ALGODON 80P;1000;3001;CS;10,33;0,000;0,000;20.02.2026 - 22:03:39;ALGODONES PT;Lady Face;PH-Cotton Round;3001-Muestras Gemelas;1000-Pharsana Valencia
50000017;LADYFACE DISCOS DE ALGODON 80P;1001;3002;CS;4,25;0,000;2,583;20.02.2026 - 22:03:39;ALGODONES PT;Lady Face;PH-Cotton Round;3002-PT Reserva;1001-Pharsana Maracay
50000017;LADYFACE DISCOS DE ALGODON 80P;1001;3018;CS;0,21;0,000;0,000;20.02.2026 - 22:03:39;ALGODONES PT;Lady Face;PH-Cotton Round;3018-Rechazado;1001-Pharsana Maracay
50000739;EVA TRATAMIENTO VAINILLA CARAMEL 200;1001;3018;CS;3,90;0,000;0,000;20.02.2026 - 22:03:39;HIGIENE PERSONAL;Eva;PH-Acondicionador;3018-Rechazado;1001-Pharsana Maracay
50000741;EVA TRATAMIENTO COCO PASSION 200 cc;1001;3018;CS;1,20;0,000;0,000;20.02.2026 - 22:03:39;HIGIENE PERSONAL;Eva;PH-Acondicionador;3018-Rechazado;1001-Pharsana Maracay
50000743;EVA LOCIÓN CORPORAL VAINILLA CARAM 200cc;1000;3018;CS;317,00;0,000;0,000;20.02.2026 - 22:03:39;HIGIENE PERSONAL;Eva;PH-Loción;3018-Rechazado;1000-Pharsana Valencia
50000743;EVA LOCIÓN CORPORAL VAINILLA CARAM 200cc;1001;3018;CS;12,90;0,000;0,000;20.02.2026 - 22:03:39;HIGIENE PERSONAL;Eva;PH-Loción;3018-Rechazado;1001-Pharsana Maracay
50000745;EVA LOCIÓN CORPORAL COCO PASSION 200cc;1001;3018;CS;4,30;0,000;0,000;20.02.2026 - 22:03:39;HIGIENE PERSONAL;Eva;PH-Loción;3018-Rechazado;1001-Pharsana Maracay
50000010;CHICCO MOTAS DE ALGODON (12x100UN);1000;3001;CS;5,75;0,000;0,000;20.02.2026 - 22:03:39;ALGODONES PT;Chicco;PH-Motas De Algodón;3001-Muestras Gemelas;1000-Pharsana Valencia
50000026;CHICCO COTONCITO 100P;1000;3001;CS;1,44;0,000;0,000;20.02.2026 - 22:03:39;ALGODONES PT;Chicco;PH-Hisopos;3001-Muestras Gemelas;1000-Pharsana Valencia
50000026;CHICCO COTONCITO 100P;1001;3018;CS;6,63;0,000;0,000;20.02.2026 - 22:03:39;ALGODONES PT;Chicco;PH-Hisopos;3018-Rechazado;1001-Pharsana Maracay
50000027;CHICCO VASELINA 100G;1001;3018;CS;6,25;0,000;0,000;20.02.2026 - 22:03:39;HIGIENE PERSONAL;Chicco;PH-Vaselina;3018-Rechazado;1001-Pharsana Maracay
50000032;SECUREZZA BODYCARE CREMA PROTECTORA 150G;1001;3018;CS;18,20;0,000;0,000;20.02.2026 - 22:03:39;HIGIENE PERSONAL;Securezza;PH-Crema Protectoras;3018-Rechazado;1001-Pharsana Maracay
50000034;CHICCO CREMA PROTECTORA TARRO 130G;1001;3018;CS;4,58;0,000;0,000;20.02.2026 - 22:03:39;HIGIENE PERSONAL;Chicco;PH-Crema Protectoras;3018-Rechazado;1001-Pharsana Maracay
50000035;CHICCO ACEITE 200CC;1001;3018;CS;1,30;0,000;0,000;20.02.2026 - 22:03:39;HIGIENE PERSONAL;Chicco;PH-Aceite;3018-Rechazado;1001-Pharsana Maracay
50000036;CHICCO PIEL SENSIBLE LOCION 200CC;1001;3018;CS;42,18;0,000;0,000;20.02.2026 - 22:03:39;HIGIENE PERSONAL;Chicco;PH-Loción;3018-Rechazado;1001-Pharsana Maracay
50000010;CHICCO MOTAS DE ALGODON (12x100UN);1001;3002;CS;137,75;0,000;0,000;20.02.2026 - 22:03:39;ALGODONES PT;Chicco;PH-Motas De Algodón;3002-PT Reserva;1001-Pharsana Maracay
50000010;CHICCO MOTAS DE ALGODON (12x100UN);1001;3018;CS;0,75;0,000;0,000;20.02.2026 - 22:03:39;ALGODONES PT;Chicco;PH-Motas De Algodón;3018-Rechazado;1001-Pharsana Maracay
50000038;CHICCO PIEL SENSIBLE COLONIA 200CC;1001;3018;CS;13,44;0,000;0,000;20.02.2026 - 22:03:39;HIGIENE PERSONAL;Chicco;PH-Colonia;3018-Rechazado;1001-Pharsana Maracay
50000041;CHICCO ACEITE CREMOSO 200CC;1001;3018;CS;1,40;0,000;0,000;20.02.2026 - 22:03:39;HIGIENE PERSONAL;Chicco;PH-Aceite;3018-Rechazado;1001-Pharsana Maracay
50000044;CHICCO LOCION 200CC;1000;3001;CS;3,20;0,000;0,000;20.02.2026 - 22:03:39;HIGIENE PERSONAL;Chicco;PH-Loción;3001-Muestras Gemelas;1000-Pharsana Valencia
50000044;CHICCO LOCION 200CC;1001;3018;CS;16,00;0,000;0,000;20.02.2026 - 22:03:39;HIGIENE PERSONAL;Chicco;PH-Loción;3018-Rechazado;1001-Pharsana Maracay
50000046;CHICCO CHAMPU MIEL 200CC;1001;3018;CS;0,40;0,000;0,000;20.02.2026 - 22:03:39;HIGIENE PERSONAL;Chicco;PH-Champú;3018-Rechazado;1001-Pharsana Maracay
50000048;CHICCO CHAMPU ORIGINAL 200 CC;1000;3001;CS;2,00;0,000;0,000;20.02.2026 - 22:03:39;HIGIENE PERSONAL;Chicco;PH-Champú;3001-Muestras Gemelas;1000-Pharsana Valencia
50000048;CHICCO CHAMPU ORIGINAL 200 CC;1001;3018;CS;16,10;0,000;0,000;20.02.2026 - 22:03:39;HIGIENE PERSONAL;Chicco;PH-Champú;3018-Rechazado;1001-Pharsana Maracay
50000049;CHICCO CHAMPU MANZANILLA 200CC;1000;3001;CS;1,30;0,000;0,000;20.02.2026 - 22:03:39;HIGIENE PERSONAL;Chicco;PH-Champú;3001-Muestras Gemelas;1000-Pharsana Valencia
50000049;CHICCO CHAMPU MANZANILLA 200CC;1001;3018;CS;19,90;0,000;0,000;20.02.2026 - 22:03:39;HIGIENE PERSONAL;Chicco;PH-Champú;3018-Rechazado;1001-Pharsana Maracay
50000053;AMY COLONIA  200CC;1001;3018;CS;10,17;0,000;0,000;20.02.2026 - 22:03:39;HIGIENE PERSONAL;Amy;PH-Colonia;3018-Rechazado;1001-Pharsana Maracay
50000054;CHICCO ACEITE 100CC;1001;3018;CS;0,04;0,000;0,000;20.02.2026 - 22:03:39;HIGIENE PERSONAL;Chicco;PH-Aceite;3018-Rechazado;1001-Pharsana Maracay
50000058;AMY LOCION 200CC;1001;3018;CS;3,83;0,000;0,000;20.02.2026 - 22:03:39;HIGIENE PERSONAL;Amy;PH-Loción;3018-Rechazado;1001-Pharsana Maracay
50000059;CHICCO EXTRACT AZAHAR ACEI CREMOSO 200CC;1001;3018;CS;2,00;0,000;0,000;20.02.2026 - 22:03:39;HIGIENE PERSONAL;Chicco;PH-Crema Protectoras;3018-Rechazado;1001-Pharsana Maracay
50000061;AMY CHAMPU 200CC;1001;3018;CS;4,75;0,000;0,000;20.02.2026 - 22:03:39;HIGIENE PERSONAL;Amy;PH-Champú;3018-Rechazado;1001-Pharsana Maracay
50000063;CHICCO ACEITE CREMOSO 100CC;1000;3001;CS;0,88;0,000;0,000;20.02.2026 - 22:03:39;HIGIENE PERSONAL;Chicco;PH-Aceite;3001-Muestras Gemelas;1000-Pharsana Valencia
50000063;CHICCO ACEITE CREMOSO 100CC;1001;3002;CS;1,33;0,000;0,000;20.02.2026 - 22:03:39;HIGIENE PERSONAL;Chicco;PH-Aceite;3002-PT Reserva;1001-Pharsana Maracay
50000063;CHICCO ACEITE CREMOSO 100CC;1001;3018;CS;9,08;0,000;0,000;20.02.2026 - 22:03:39;HIGIENE PERSONAL;Chicco;PH-Aceite;3018-Rechazado;1001-Pharsana Maracay
50000064;CHICCO LOCION 100CC;1000;3001;CS;2,08;0,000;0,000;20.02.2026 - 22:03:39;HIGIENE PERSONAL;Chicco;PH-Loción;3001-Muestras Gemelas;1000-Pharsana Valencia
50000064;CHICCO LOCION 100CC;1001;3018;CS;14,13;0,000;0,000;20.02.2026 - 22:03:39;HIGIENE PERSONAL;Chicco;PH-Loción;3018-Rechazado;1001-Pharsana Maracay
50000066;CHICCO CHAMPU ORIGINAL 100CCC;1000;3001;CS;2,46;0,000;0,000;20.02.2026 - 22:03:39;HIGIENE PERSONAL;Chicco;PH-Champú;3001-Muestras Gemelas;1000-Pharsana Valencia
50000066;CHICCO CHAMPU ORIGINAL 100CCC;1001;3002;CS;0,54;0,000;0,000;20.02.2026 - 22:03:39;HIGIENE PERSONAL;Chicco;PH-Champú;3002-PT Reserva;1001-Pharsana Maracay
50000066;CHICCO CHAMPU ORIGINAL 100CCC;1001;3018;CS;13,50;0,000;0,000;20.02.2026 - 22:03:39;HIGIENE PERSONAL;Chicco;PH-Champú;3018-Rechazado;1001-Pharsana Maracay
50000067;CHICCO CHAMPU MANZANILLA 100CC;1000;3001;CS;1,38;0,000;0,000;20.02.2026 - 22:03:39;HIGIENE PERSONAL;Chicco;PH-Champú;3001-Muestras Gemelas;1000-Pharsana Valencia
50000067;CHICCO CHAMPU MANZANILLA 100CC;1001;3002;CS;369,38;0,000;0,000;20.02.2026 - 22:03:39;HIGIENE PERSONAL;Chicco;PH-Champú;3002-PT Reserva;1001-Pharsana Maracay
50000067;CHICCO CHAMPU MANZANILLA 100CC;1001;3018;CS;33,79;0,000;0,000;20.02.2026 - 22:03:39;HIGIENE PERSONAL;Chicco;PH-Champú;3018-Rechazado;1001-Pharsana Maracay
50000069;GRANDES COLONIA NIÑAS 240CC;1001;3018;CS;41,50;0,000;0,000;20.02.2026 - 22:03:39;HIGIENE PERSONAL;Grandes;PH-Colonia;3018-Rechazado;1001-Pharsana Maracay
50000070;GRANDES COLONIA NIÑOS 240CC;1001;3018;CS;11,42;0,000;0,000;20.02.2026 - 22:03:39;HIGIENE PERSONAL;Grandes;PH-Colonia;3018-Rechazado;1001-Pharsana Maracay
50000071;CHICCO TALCO 100G;1000;3001;CS;2,29;0,000;0,000;20.02.2026 - 22:03:39;HIGIENE PERSONAL;Chicco;PH-Talco;3001-Muestras Gemelas;1000-Pharsana Valencia
50000071;CHICCO TALCO 100G;1001;3018;CS;0,67;0,000;0,000;20.02.2026 - 22:03:39;HIGIENE PERSONAL;Chicco;PH-Talco;3018-Rechazado;1001-Pharsana Maracay
50000107;CHICCO TALCO 200G;1000;3001;CS;2,50;0,000;0,000;20.02.2026 - 22:03:39;HIGIENE PERSONAL;Chicco;PH-Talco;3001-Muestras Gemelas;1000-Pharsana Valencia
50000107;CHICCO TALCO 200G;1001;3018;CS;31,13;0,000;0,000;20.02.2026 - 22:03:39;HIGIENE PERSONAL;Chicco;PH-Talco;3018-Rechazado;1001-Pharsana Maracay
50000106;AMY TALCO PARA BEBES (24x200G);1000;3000;CS;0,00;0,000;1,125;20.02.2026 - 22:03:39;HIGIENE PERSONAL;Amy;PH-Talco;3000-Prod. Terminado;1000-Pharsana Valencia
50000106;AMY TALCO PARA BEBES (24x200G);1000;3001;CS;6,46;0,750;0,000;20.02.2026 - 22:03:39;HIGIENE PERSONAL;Amy;PH-Talco;3001-Muestras Gemelas;1000-Pharsana Valencia
50000106;AMY TALCO PARA BEBES (24x200G);1000;3017;CS;0,83;0,000;0,000;20.02.2026 - 22:03:39;HIGIENE PERSONAL;Amy;PH-Talco;3017-MG Microbilogia;1000-Pharsana Valencia
50000106;AMY TALCO PARA BEBES (24x200G);1001;3000;CS;392,00;0,000;0,000;20.02.2026 - 22:03:39;HIGIENE PERSONAL;Amy;PH-Talco;3000-ProdTerminado WM;1001-Pharsana Maracay
50000106;AMY TALCO PARA BEBES (24x200G);1001;3002;CS;6,13;0,000;0,000;20.02.2026 - 22:03:39;HIGIENE PERSONAL;Amy;PH-Talco;3002-PT Reserva;1001-Pharsana Maracay
50000106;AMY TALCO PARA BEBES (24x200G);1001;3004;CS;2,00;0,000;0,000;20.02.2026 - 22:03:39;HIGIENE PERSONAL;Amy;PH-Talco;3004-Devoluciones;1001-Pharsana Maracay
50000106;AMY TALCO PARA BEBES (24x200G);1001;3013;CS;1,00;0,000;0,000;20.02.2026 - 22:03:39;HIGIENE PERSONAL;Amy;PH-Talco;3013-Dev. LEG.;1001-Pharsana Maracay
50000106;AMY TALCO PARA BEBES (24x200G);1001;3018;CS;1,21;0,000;0,000;20.02.2026 - 22:03:39;HIGIENE PERSONAL;Amy;PH-Talco;3018-Rechazado;1001-Pharsana Maracay
50000224;FAO POLVO PARA PIES 120G;1001;3018;CS;0,17;0,000;0,000;20.02.2026 - 22:03:39;HIGIENE PERSONAL;Fao;PH-Talco;3018-Rechazado;1001-Pharsana Maracay
50000227;FAO ACEITE PARA NIÑOS 200CC;1001;3018;CS;0,17;0,000;0,000;20.02.2026 - 22:03:39;HIGIENE PERSONAL;Fao;PH-Aceite;3018-Rechazado;1001-Pharsana Maracay
50000233;AMY CREMA ANTIPAÑALITIS 50G;1001;3018;CS;0,60;0,000;0,000;20.02.2026 - 22:03:39;HIGIENE PERSONAL;Amy;PH-Crema Protectoras;3018-Rechazado;1001-Pharsana Maracay
50000144;AMY BIBERON MARINO 150ML;1001;3018;CS;0,25;0,000;0,000;20.02.2026 - 22:03:39;PUERICULTURA;Amy;PH- Biberón;3018-Rechazado;1001-Pharsana Maracay
50000234;GRANDES TALCO PARA PIES 150G;1001;3018;CS;1,25;0,000;0,000;20.02.2026 - 22:03:39;HIGIENE PERSONAL;Grandes;PH-Talco;3018-Rechazado;1001-Pharsana Maracay
50000181;CHICCO LOCION EXTRACTO DE AZAHAR 200CC;1000;3018;CS;57,00;0,000;0,000;20.02.2026 - 22:03:39;HIGIENE PERSONAL;Chicco;PH-Loción;3018-Rechazado;1000-Pharsana Valencia
50000248;CHICCO PIEL SENSIBLE ACEITE 200CC;1001;3018;CS;0,64;0,000;0,000;20.02.2026 - 22:03:39;HIGIENE PERSONAL;Chicco;PH-Aceite;3018-Rechazado;1001-Pharsana Maracay
50000250;GRANDES GEL ANTIBACTERIAL 120CC;1001;3018;CS;0,05;0,000;0,000;20.02.2026 - 22:03:39;HIGIENE PERSONAL;Grandes;PH-Gel Antibacterial;3018-Rechazado;1001-Pharsana Maracay
50000252;CHICCO GEL ANTIBACTERIAL 100CC;1000;3001;CS;1,96;0,000;0,000;20.02.2026 - 22:03:39;HIGIENE PERSONAL;Chicco;PH-Gel Antibacterial;3001-Muestras Gemelas;1000-Pharsana Valencia
50000252;CHICCO GEL ANTIBACTERIAL 100CC;1001;3002;CS;1,38;0,000;0,000;20.02.2026 - 22:03:39;HIGIENE PERSONAL;Chicco;PH-Gel Antibacterial;3002-PT Reserva;1001-Pharsana Maracay
50000252;CHICCO GEL ANTIBACTERIAL 100CC;1001;3018;CS;8,71;0,000;0,000;20.02.2026 - 22:03:39;HIGIENE PERSONAL;Chicco;PH-Gel Antibacterial;3018-Rechazado;1001-Pharsana Maracay
50000254;AMY VASELINA 100G;1001;3018;CS;0,25;0,000;0,000;20.02.2026 - 22:03:39;HIGIENE PERSONAL;Amy;PH-Vaselina;3018-Rechazado;1001-Pharsana Maracay
50000259;NEW AGE LOCIÓN CORPORAL VITALTHERAPY 350;1000;3018;CS;213,00;0,000;0,000;20.02.2026 - 22:03:39;HIGIENE PERSONAL;New Age;PH-Loción;3018-Rechazado;1000-Pharsana Valencia
50000259;NEW AGE LOCIÓN CORPORAL VITALTHERAPY 350;1001;3018;CS;44,17;0,000;0,000;20.02.2026 - 22:03:39;HIGIENE PERSONAL;New Age;PH-Loción;3018-Rechazado;1001-Pharsana Maracay
50000260;NEW AGE LOCIÓN CORPORAL SUNSETDREAMS 350;1000;3018;CS;225,00;0,000;0,000;20.02.2026 - 22:03:39;HIGIENE PERSONAL;New Age;PH-Loción;3018-Rechazado;1000-Pharsana Valencia
50000260;NEW AGE LOCIÓN CORPORAL SUNSETDREAMS 350;1001;3018;CS;30,83;0,000;0,000;20.02.2026 - 22:03:39;HIGIENE PERSONAL;New Age;PH-Loción;3018-Rechazado;1001-Pharsana Maracay
50000277;NEW AGE MUEST GRAT LOC VITAL THERA SACH;1001;3018;CS;87,33;0,000;0,000;20.02.2026 - 22:03:39;HIGIENE PERSONAL;New Age;PH-Loción;3018-Rechazado;1001-Pharsana Maracay
50000280;CHICCO PIEL SENSIBLE PORTA COSMETICOS;1001;3011;CS;0,05;0,000;0,000;20.02.2026 - 22:03:39;ACCESORIOS;Chicco;PH-Estuches;3011-Muestras;1001-Pharsana Maracay
50000287;SECUREZZA BODYCARE LOCION 200CC;1001;3018;CS;39,80;0,000;0,000;20.02.2026 - 22:03:39;HIGIENE PERSONAL;Securezza;PH-Loción;3018-Rechazado;1001-Pharsana Maracay
50000313;SECUREZZA POST-PARTO (12X10);1001;3018;PAK;0,17;0,000;0,000;20.02.2026 - 22:03:39;INCONTINENCIA;Securezza;PH-Toalla Post-Parto;3018-Rechazado;1001-Pharsana Maracay
50000313;SECUREZZA POST-PARTO (12X10);1002;3001;PAK;2,83;0,000;0,000;20.02.2026 - 22:03:39;INCONTINENCIA;Securezza;PH-Toalla Post-Parto;3001-Muestras Gemelas;1002-Pharsana Higienico
50000373;FRIENDS PD REGULAR S/P (12X40);1001;3002;CS;2,42;0,000;0,000;20.02.2026 - 22:03:39;ABSORBENTES FEMENINA;Friends;PH-Protector Diario;3002-PT Reserva;1001-Pharsana Maracay
50000373;FRIENDS PD REGULAR S/P (12X40);1002;3001;CS;5,17;0,000;0,000;20.02.2026 - 22:03:39;ABSORBENTES FEMENINA;Friends;PH-Protector Diario;3001-Muestras Gemelas;1002-Pharsana Higienico
50000443;AMY HISOPOS (48x60UN);1000;3001;CS;3,69;0,708;0,000;20.02.2026 - 22:03:39;ALGODONES PT;Amy;PH-Hisopos;3001-Muestras Gemelas;1000-Pharsana Valencia
50000443;AMY HISOPOS (48x60UN);1000;3017;CS;1,33;0,000;0,000;20.02.2026 - 22:03:39;ALGODONES PT;Amy;PH-Hisopos;3017-MG Microbilogia;1000-Pharsana Valencia
50000443;AMY HISOPOS (48x60UN);1001;3000;CS;656,00;139,000;0,000;20.02.2026 - 22:03:39;ALGODONES PT;Amy;PH-Hisopos;3000-ProdTerminado WM;1001-Pharsana Maracay
50000443;AMY HISOPOS (48x60UN);1001;3002;CS;1,27;0,000;0,000;20.02.2026 - 22:03:39;ALGODONES PT;Amy;PH-Hisopos;3002-PT Reserva;1001-Pharsana Maracay
50000443;AMY HISOPOS (48x60UN);1001;3004;CS;3,04;0,000;0,000;20.02.2026 - 22:03:39;ALGODONES PT;Amy;PH-Hisopos;3004-Devoluciones;1001-Pharsana Maracay
50000443;AMY HISOPOS (48x60UN);1001;3018;CS;5,15;0,000;0,000;20.02.2026 - 22:03:39;ALGODONES PT;Amy;PH-Hisopos;3018-Rechazado;1001-Pharsana Maracay
50000532;AMY CHAMPU PARA BEBES (10x200ML);1000;3001;CS;7,20;0,000;0,000;20.02.2026 - 22:03:39;HIGIENE PERSONAL;Amy;PH-Champú;3001-Muestras Gemelas;1000-Pharsana Valencia
50000532;AMY CHAMPU PARA BEBES (10x200ML);1001;3000;CS;363,00;0,000;0,000;20.02.2026 - 22:03:39;HIGIENE PERSONAL;Amy;PH-Champú;3000-ProdTerminado WM;1001-Pharsana Maracay
50000532;AMY CHAMPU PARA BEBES (10x200ML);1001;3002;CS;5,10;0,000;0,000;20.02.2026 - 22:03:39;HIGIENE PERSONAL;Amy;PH-Champú;3002-PT Reserva;1001-Pharsana Maracay
50000532;AMY CHAMPU PARA BEBES (10x200ML);1001;3004;CS;2,00;0,000;0,000;20.02.2026 - 22:03:39;HIGIENE PERSONAL;Amy;PH-Champú;3004-Devoluciones;1001-Pharsana Maracay
50000532;AMY CHAMPU PARA BEBES (10x200ML);1001;3018;CS;83,70;0,000;0,000;20.02.2026 - 22:03:39;HIGIENE PERSONAL;Amy;PH-Champú;3018-Rechazado;1001-Pharsana Maracay
50000493;AMY ACEITE CREMOSO 200CC OVAL;1001;3018;CS;40,00;0,000;0,000;20.02.2026 - 22:03:39;HIGIENE PERSONAL;Amy;PH-Aceite;3018-Rechazado;1001-Pharsana Maracay
50000495;AMY LOCION PARA BEBES (10x200ML);1000;3001;CS;5,60;0,600;0,000;20.02.2026 - 22:03:39;HIGIENE PERSONAL;Amy;PH-Loción;3001-Muestras Gemelas;1000-Pharsana Valencia
50000495;AMY LOCION PARA BEBES (10x200ML);1000;3017;CS;0,70;0,000;0,000;20.02.2026 - 22:03:39;HIGIENE PERSONAL;Amy;PH-Loción;3017-MG Microbilogia;1000-Pharsana Valencia
50000495;AMY LOCION PARA BEBES (10x200ML);1001;3000;CS;457,00;0,000;0,000;20.02.2026 - 22:03:39;HIGIENE PERSONAL;Amy;PH-Loción;3000-ProdTerminado WM;1001-Pharsana Maracay
50000495;AMY LOCION PARA BEBES (10x200ML);1001;3002;CS;1,80;0,000;0,000;20.02.2026 - 22:03:39;HIGIENE PERSONAL;Amy;PH-Loción;3002-PT Reserva;1001-Pharsana Maracay
50000495;AMY LOCION PARA BEBES (10x200ML);1001;3004;CS;15,00;0,000;0,000;20.02.2026 - 22:03:39;HIGIENE PERSONAL;Amy;PH-Loción;3004-Devoluciones;1001-Pharsana Maracay
50000495;AMY LOCION PARA BEBES (10x200ML);1001;3018;CS;323,10;0,000;0,000;20.02.2026 - 22:03:39;HIGIENE PERSONAL;Amy;PH-Loción;3018-Rechazado;1001-Pharsana Maracay
50000496;AMY ACEITE 200CC OVAL;1001;3018;CS;50,60;0,000;0,000;20.02.2026 - 22:03:39;HIGIENE PERSONAL;Amy;PH-Aceite;3018-Rechazado;1001-Pharsana Maracay
50000498;AMY COLONIA 200CC OVAL;1001;3018;CS;8,20;0,000;0,000;20.02.2026 - 22:03:39;HIGIENE PERSONAL;Amy;PH-Colonia;3018-Rechazado;1001-Pharsana Maracay
50000508;SECUREZZA BODYCARE TALCO 200G;1001;3018;CS;1,00;0,000;0,000;20.02.2026 - 22:03:39;HIGIENE PERSONAL;Securezza;PH-Talco;3018-Rechazado;1001-Pharsana Maracay
50000509;SECUREZZA BODYCARE ACEITE CREMOSO 200CC;1001;3018;CS;74,50;0,000;0,000;20.02.2026 - 22:03:39;HIGIENE PERSONAL;Securezza;PH-Talco;3018-Rechazado;1001-Pharsana Maracay
50000585;AMY ACEITE 200CC OVAL PROYECTO ARAGUA;1001;3018;CS;6,07;0,000;0,000;20.02.2026 - 22:03:39;HIGIENE PERSONAL;Amy;PH-Aceite;3018-Rechazado;1001-Pharsana Maracay
50000510;SECUREZZA BODYCARE GEL INTIMO 200CC;1001;3018;CS;3,20;0,000;0,000;20.02.2026 - 22:03:39;HIGIENE PERSONAL;Securezza;PH- Gel Intimo;3018-Rechazado;1001-Pharsana Maracay
50000517;AMY MOTAS DE ALGODON (12x50UN);1000;3001;CS;9,83;0,917;0,000;20.02.2026 - 22:03:39;ALGODONES PT;Amy;PH-Motas De Algodón;3001-Muestras Gemelas;1000-Pharsana Valencia
50000517;AMY MOTAS DE ALGODON (12x50UN);1000;3017;CS;1,33;0,000;0,000;20.02.2026 - 22:03:39;ALGODONES PT;Amy;PH-Motas De Algodón;3017-MG Microbilogia;1000-Pharsana Valencia
50000517;AMY MOTAS DE ALGODON (12x50UN);1001;3000;CS;479,00;150,000;0,000;20.02.2026 - 22:03:39;ALGODONES PT;Amy;PH-Motas De Algodón;3000-ProdTerminado WM;1001-Pharsana Maracay
50000517;AMY MOTAS DE ALGODON (12x50UN);1001;3002;CS;0,92;0,000;0,000;20.02.2026 - 22:03:39;ALGODONES PT;Amy;PH-Motas De Algodón;3002-PT Reserva;1001-Pharsana Maracay
50000517;AMY MOTAS DE ALGODON (12x50UN);1001;3004;CS;4,00;0,000;0,000;20.02.2026 - 22:03:39;ALGODONES PT;Amy;PH-Motas De Algodón;3004-Devoluciones;1001-Pharsana Maracay
50000517;AMY MOTAS DE ALGODON (12x50UN);1001;3018;CS;5,92;0,000;0,000;20.02.2026 - 22:03:39;ALGODONES PT;Amy;PH-Motas De Algodón;3018-Rechazado;1001-Pharsana Maracay
50000520;AMY CREMA ANTIPAÑALITIS 110G;1001;3018;CS;0,08;0,000;0,000;20.02.2026 - 22:03:39;HIGIENE PERSONAL;Amy;PH-TH Sachet;3018-Rechazado;1001-Pharsana Maracay
50000524;AMY BIBERON AVES 250ML;1001;3018;CS;0,30;0,000;0,000;20.02.2026 - 22:03:39;PUERICULTURA;Amy;PH- Biberón;3018-Rechazado;1001-Pharsana Maracay
50000548;NEW AGE MUEST GRAT LOC SUSENT DREA SACH;1001;3018;CS;9,83;0,000;0,000;20.02.2026 - 22:03:39;HIGIENE PERSONAL;New Age;PH-Sachet Líquido;3018-Rechazado;1001-Pharsana Maracay
50000554;FRIENDS PD MANZANILLA (12X40);1002;3001;CS;2,33;0,000;0,000;20.02.2026 - 22:03:39;ABSORBENTES FEMENINA;Friends;PH-Protector Diario;3001-Muestras Gemelas;1002-Pharsana Higienico
50000564;AMY ACEITE P/BEBE 200CC;1001;3018;CS;1,40;0,000;0,000;20.02.2026 - 22:03:39;HIGIENE PERSONAL;Amy;PH-Aceite;3018-Rechazado;1001-Pharsana Maracay
50000566;SECUREZZA BODYCARE GEL DUCHA 200CC;1001;3018;CS;8,80;0,000;0,000;20.02.2026 - 22:03:39;HIGIENE PERSONAL;Securezza;PH-Gel Ducha;3018-Rechazado;1001-Pharsana Maracay
50000569;ACTIVA SEC PERDIDAS ABUNDANTES (12X10UN);1001;3000;PAK;385,00;0,000;0,000;20.02.2026 - 22:03:39;INCONTINENCIA;Activa;PH-Toalla Incontinen;3000-ProdTerminado WM;1001-Pharsana Maracay
50000569;ACTIVA SEC PERDIDAS ABUNDANTES (12X10UN);1001;3002;PAK;2,50;0,000;0,917;20.02.2026 - 22:03:39;INCONTINENCIA;Activa;PH-Toalla Incontinen;3002-PT Reserva;1001-Pharsana Maracay
50000569;ACTIVA SEC PERDIDAS ABUNDANTES (12X10UN);1001;3004;PAK;1,00;0,000;0,000;20.02.2026 - 22:03:39;INCONTINENCIA;Activa;PH-Toalla Incontinen;3004-Devoluciones;1001-Pharsana Maracay
50000569;ACTIVA SEC PERDIDAS ABUNDANTES (12X10UN);1001;3005;PAK;23,00;0,000;0,000;20.02.2026 - 22:03:39;INCONTINENCIA;Activa;PH-Toalla Incontinen;3005-Predespacho Val;1001-Pharsana Maracay
50000569;ACTIVA SEC PERDIDAS ABUNDANTES (12X10UN);1001;3018;PAK;0,50;0,000;0,000;20.02.2026 - 22:03:39;INCONTINENCIA;Activa;PH-Toalla Incontinen;3018-Rechazado;1001-Pharsana Maracay
50000569;ACTIVA SEC PERDIDAS ABUNDANTES (12X10UN);1002;3001;PAK;7,33;0,000;0,000;20.02.2026 - 22:03:39;INCONTINENCIA;Activa;PH-Toalla Incontinen;3001-Muestras Gemelas;1002-Pharsana Higienico
50000601;NEW AGE SPLASH VITAL THERAPY BOT CIL 240;1001;3018;CS;5,35;0,000;0,000;20.02.2026 - 22:03:39;HIGIENE PERSONAL;New Age;PH-Splash;3018-Rechazado;1001-Pharsana Maracay
50000602;NEW AGE SPLASH SUNSET DREAMS BOT CIL 240;1001;3018;CS;4,40;0,000;0,000;20.02.2026 - 22:03:39;HIGIENE PERSONAL;New Age;PH-Splash;3018-Rechazado;1001-Pharsana Maracay
50000626;SECUREZZA CLASSIC M REG (6x6UN);1001;3000;PAK;1902,00;0,000;0,000;20.02.2026 - 22:03:39;INCONTINENCIA;Securezza;PH-Protector Incont.;3000-ProdTerminado WM;1001-Pharsana Maracay
50000626;SECUREZZA CLASSIC M REG (6x6UN);1001;3002;PAK;26,50;0,000;0,000;20.02.2026 - 22:03:39;INCONTINENCIA;Securezza;PH-Protector Incont.;3002-PT Reserva;1001-Pharsana Maracay
50000626;SECUREZZA CLASSIC M REG (6x6UN);1001;3004;PAK;5,17;0,000;0,000;20.02.2026 - 22:03:39;INCONTINENCIA;Securezza;PH-Protector Incont.;3004-Devoluciones;1001-Pharsana Maracay
50000626;SECUREZZA CLASSIC M REG (6x6UN);1001;3018;PAK;2,00;0,000;0,000;20.02.2026 - 22:03:39;INCONTINENCIA;Securezza;PH-Protector Incont.;3018-Rechazado;1001-Pharsana Maracay
50000626;SECUREZZA CLASSIC M REG (6x6UN);1002;3001;PAK;14,83;0,000;0,000;20.02.2026 - 22:03:39;INCONTINENCIA;Securezza;PH-Protector Incont.;3001-Muestras Gemelas;1002-Pharsana Higienico
50000627;SECUREZZA CLASSIC L REG (6x6UN);1001;3000;PAK;2047,00;0,000;0,000;20.02.2026 - 22:03:39;INCONTINENCIA;Securezza;PH-Protector Incont.;3000-ProdTerminado WM;1001-Pharsana Maracay
50000627;SECUREZZA CLASSIC L REG (6x6UN);1001;3002;PAK;29,17;0,000;0,000;20.02.2026 - 22:03:39;INCONTINENCIA;Securezza;PH-Protector Incont.;3002-PT Reserva;1001-Pharsana Maracay
50000627;SECUREZZA CLASSIC L REG (6x6UN);1001;3004;PAK;3,00;0,000;0,000;20.02.2026 - 22:03:39;INCONTINENCIA;Securezza;PH-Protector Incont.;3004-Devoluciones;1001-Pharsana Maracay
50000627;SECUREZZA CLASSIC L REG (6x6UN);1001;3018;PAK;1,83;0,000;0,000;20.02.2026 - 22:03:39;INCONTINENCIA;Securezza;PH-Protector Incont.;3018-Rechazado;1001-Pharsana Maracay
50000627;SECUREZZA CLASSIC L REG (6x6UN);1002;3001;PAK;15,50;0,000;0,000;20.02.2026 - 22:03:39;INCONTINENCIA;Securezza;PH-Protector Incont.;3001-Muestras Gemelas;1002-Pharsana Higienico
50000632;SECUREZZA POST PARTO PREMIUM (12X10UN);1001;3000;PAK;5631,00;0,000;0,000;20.02.2026 - 22:03:39;INCONTINENCIA;Securezza;PH-Toalla Post-Parto;3000-ProdTerminado WM;1001-Pharsana Maracay
50000632;SECUREZZA POST PARTO PREMIUM (12X10UN);1001;3002;PAK;5,33;0,000;0,083;20.02.2026 - 22:03:39;INCONTINENCIA;Securezza;PH-Toalla Post-Parto;3002-PT Reserva;1001-Pharsana Maracay
50000632;SECUREZZA POST PARTO PREMIUM (12X10UN);1001;3013;PAK;1,08;0,000;0,000;20.02.2026 - 22:03:39;INCONTINENCIA;Securezza;PH-Toalla Post-Parto;3013-Dev. LEG.;1001-Pharsana Maracay
50000632;SECUREZZA POST PARTO PREMIUM (12X10UN);1001;3018;PAK;1,17;0,000;0,000;20.02.2026 - 22:03:39;INCONTINENCIA;Securezza;PH-Toalla Post-Parto;3018-Rechazado;1001-Pharsana Maracay
50000632;SECUREZZA POST PARTO PREMIUM (12X10UN);1002;3001;PAK;19,42;0,000;0,000;20.02.2026 - 22:03:39;INCONTINENCIA;Securezza;PH-Toalla Post-Parto;3001-Muestras Gemelas;1002-Pharsana Higienico
50000632;SECUREZZA POST PARTO PREMIUM (12X10UN);1002;3007;PAK;2,00;0,000;0,000;20.02.2026 - 22:03:39;INCONTINENCIA;Securezza;PH-Toalla Post-Parto;3007-PT Regulatorio;1002-Pharsana Higienico
50000639;SIEMPRE SECO BASICO M (6X6UN);1001;3000;PAK;4030,00;0,000;0,000;20.02.2026 - 22:03:39;INCONTINENCIA;Siempre Seco;PH-Protector Incont.;3000-ProdTerminado WM;1001-Pharsana Maracay
50000639;SIEMPRE SECO BASICO M (6X6UN);1001;3002;PAK;6,50;0,000;0,000;20.02.2026 - 22:03:39;INCONTINENCIA;Siempre Seco;PH-Protector Incont.;3002-PT Reserva;1001-Pharsana Maracay
50000639;SIEMPRE SECO BASICO M (6X6UN);1001;3018;PAK;1,33;0,000;0,000;20.02.2026 - 22:03:39;INCONTINENCIA;Siempre Seco;PH-Protector Incont.;3018-Rechazado;1001-Pharsana Maracay
50000639;SIEMPRE SECO BASICO M (6X6UN);1002;3001;PAK;21,50;0,000;0,000;20.02.2026 - 22:03:39;INCONTINENCIA;Siempre Seco;PH-Protector Incont.;3001-Muestras Gemelas;1002-Pharsana Higienico
50000640;SIEMPRE SECO BASICO G (6X6UN);1001;3000;PAK;3208,00;0,000;0,000;20.02.2026 - 22:03:39;INCONTINENCIA;Siempre Seco;PH-Protector Incont.;3000-ProdTerminado WM;1001-Pharsana Maracay
50000640;SIEMPRE SECO BASICO G (6X6UN);1001;3002;PAK;14,67;0,000;0,000;20.02.2026 - 22:03:39;INCONTINENCIA;Siempre Seco;PH-Protector Incont.;3002-PT Reserva;1001-Pharsana Maracay
50000640;SIEMPRE SECO BASICO G (6X6UN);1001;3018;PAK;0,33;0,000;0,000;20.02.2026 - 22:03:39;INCONTINENCIA;Siempre Seco;PH-Protector Incont.;3018-Rechazado;1001-Pharsana Maracay
50000640;SIEMPRE SECO BASICO G (6X6UN);1002;3001;PAK;20,33;0,000;0,000;20.02.2026 - 22:03:39;INCONTINENCIA;Siempre Seco;PH-Protector Incont.;3001-Muestras Gemelas;1002-Pharsana Higienico
50000687;NEW AGE LOCIÓN CORPORAL VITALTHERAPY 190;1000;3018;CS;509,00;0,000;0,000;20.02.2026 - 22:03:39;HIGIENE PERSONAL;New Age;PH-Loción;3018-Rechazado;1000-Pharsana Valencia
50000687;NEW AGE LOCIÓN CORPORAL VITALTHERAPY 190;1001;3018;CS;3,25;0,000;0,000;20.02.2026 - 22:03:39;HIGIENE PERSONAL;New Age;PH-Loción;3018-Rechazado;1001-Pharsana Maracay
50000689;NEW AGE LOCIÓN CORPORAL SUNSETDREAMS 190;1000;3018;CS;488,00;0,000;0,000;20.02.2026 - 22:03:39;HIGIENE PERSONAL;New Age;PH-Loción;3018-Rechazado;1000-Pharsana Valencia
50000689;NEW AGE LOCIÓN CORPORAL SUNSETDREAMS 190;1001;3018;CS;11,67;0,000;0,000;20.02.2026 - 22:03:39;HIGIENE PERSONAL;New Age;PH-Loción;3018-Rechazado;1001-Pharsana Maracay
50000690;NEW AGE SPLASH SUNSET DREAMS 120CC;1001;3018;CS;146,17;0,000;0,000;20.02.2026 - 22:03:39;HIGIENE PERSONAL;New Age;PH-Splash;3018-Rechazado;1001-Pharsana Maracay
50000691;NEW AGE SPLASH VITAL THERAPY 120CC;1001;3018;CS;15,50;0,000;0,000;20.02.2026 - 22:03:39;HIGIENE PERSONAL;New Age;PH-Splash;3018-Rechazado;1001-Pharsana Maracay
50000692;AMY COLONIA 100CC OVAL;1001;3018;CS;3,83;0,000;0,000;20.02.2026 - 22:03:39;HIGIENE PERSONAL;Amy;PH-Colonia;3018-Rechazado;1001-Pharsana Maracay
50000693;AMY LOCION 100 CC OVAL;1001;3018;CS;22,50;0,000;0,000;20.02.2026 - 22:03:39;HIGIENE PERSONAL;Amy;PH-Loción;3018-Rechazado;1001-Pharsana Maracay
50000694;AMY ACEITE 100CC OVAL;1001;3018;CS;4,75;0,000;0,000;20.02.2026 - 22:03:39;HIGIENE PERSONAL;Amy;PH-Aceite;3018-Rechazado;1001-Pharsana Maracay
50000695;AMY ACEITE CREMOSO 100CC OVAL;1001;3018;CS;14,83;0,000;0,000;20.02.2026 - 22:03:39;HIGIENE PERSONAL;Amy;PH-Aceite;3018-Rechazado;1001-Pharsana Maracay
50000702;AMY CHAMPU 100CC OVAL;1001;3018;CS;6,38;0,000;0,000;20.02.2026 - 22:03:39;HIGIENE PERSONAL;Amy;PH-Champú;3018-Rechazado;1001-Pharsana Maracay
50000946;FRIENDS JABON LÍQUIDO INTIMO 240 CC;1000;3001;CS;2,42;0,000;0,000;20.02.2026 - 22:03:39;HIGIENE PERSONAL;Friends;PH-Jabón Líquido;3001-Muestras Gemelas;1000-Pharsana Valencia
50000946;FRIENDS JABON LÍQUIDO INTIMO 240 CC;1001;3002;CS;0,00;0,000;12,833;20.02.2026 - 22:03:39;HIGIENE PERSONAL;Friends;PH-Jabón Líquido;3002-PT Reserva;1001-Pharsana Maracay
50000946;FRIENDS JABON LÍQUIDO INTIMO 240 CC;1001;3018;CS;3,42;0,000;0,000;20.02.2026 - 22:03:39;HIGIENE PERSONAL;Friends;PH-Jabón Líquido;3018-Rechazado;1001-Pharsana Maracay
50000949;PHARSANA TALCO CORPORAL ANTIB. 150G;1000;3001;CS;3,00;0,000;0,000;20.02.2026 - 22:03:39;HIGIENE PERSONAL;Pharsana;PH-Talco;3001-Muestras Gemelas;1000-Pharsana Valencia
50000949;PHARSANA TALCO CORPORAL ANTIB. 150G;1001;3002;CS;2,90;0,000;2,600;20.02.2026 - 22:03:39;HIGIENE PERSONAL;Pharsana;PH-Talco;3002-PT Reserva;1001-Pharsana Maracay
50000949;PHARSANA TALCO CORPORAL ANTIB. 150G;1001;3018;CS;0,20;0,000;0,000;20.02.2026 - 22:03:39;HIGIENE PERSONAL;Pharsana;PH-Talco;3018-Rechazado;1001-Pharsana Maracay
50000951;SECUREZZA BC LOCION HIDRATAN (12x350ML);1000;3000;CS;0,00;0,000;0,667;20.02.2026 - 22:03:39;HIGIENE PERSONAL;Securezza;PH-Loción;3000-Prod. Terminado;1000-Pharsana Valencia
50000951;SECUREZZA BC LOCION HIDRATAN (12x350ML);1000;3001;CS;2,25;0,667;0,000;20.02.2026 - 22:03:39;HIGIENE PERSONAL;Securezza;PH-Loción;3001-Muestras Gemelas;1000-Pharsana Valencia
50000951;SECUREZZA BC LOCION HIDRATAN (12x350ML);1000;3017;CS;0,67;0,000;0,000;20.02.2026 - 22:03:39;HIGIENE PERSONAL;Securezza;PH-Loción;3017-MG Microbilogia;1000-Pharsana Valencia
50000951;SECUREZZA BC LOCION HIDRATAN (12x350ML);1001;3000;CS;276,00;0,000;0,000;20.02.2026 - 22:03:39;HIGIENE PERSONAL;Securezza;PH-Loción;3000-ProdTerminado WM;1001-Pharsana Maracay
50000951;SECUREZZA BC LOCION HIDRATAN (12x350ML);1001;3002;CS;3,00;0,000;0,000;20.02.2026 - 22:03:39;HIGIENE PERSONAL;Securezza;PH-Loción;3002-PT Reserva;1001-Pharsana Maracay
50000951;SECUREZZA BC LOCION HIDRATAN (12x350ML);1001;3018;CS;229,83;0,000;0,000;20.02.2026 - 22:03:39;HIGIENE PERSONAL;Securezza;PH-Loción;3018-Rechazado;1001-Pharsana Maracay
50000953;SECUREZZA BC JABON LIQ CORPO (12x200ML);1000;3001;CS;1,25;0,000;0,000;20.02.2026 - 22:03:39;HIGIENE PERSONAL;Securezza;PH-Jabón Líquido;3001-Muestras Gemelas;1000-Pharsana Valencia
50000953;SECUREZZA BC JABON LIQ CORPO (12x200ML);1001;3000;CS;89,00;0,000;0,000;20.02.2026 - 22:03:39;HIGIENE PERSONAL;Securezza;PH-Jabón Líquido;3000-ProdTerminado WM;1001-Pharsana Maracay
50000953;SECUREZZA BC JABON LIQ CORPO (12x200ML);1001;3002;CS;2,25;0,000;0,500;20.02.2026 - 22:03:39;HIGIENE PERSONAL;Securezza;PH-Jabón Líquido;3002-PT Reserva;1001-Pharsana Maracay
50000953;SECUREZZA BC JABON LIQ CORPO (12x200ML);1001;3018;CS;0,67;0,000;0,167;20.02.2026 - 22:03:39;HIGIENE PERSONAL;Securezza;PH-Jabón Líquido;3018-Rechazado;1001-Pharsana Maracay
50000955;SECUREZZA BC CREMA DERMO PROTECTORA 130G;1000;3001;CS;1,92;0,000;0,000;20.02.2026 - 22:03:39;HIGIENE PERSONAL;Securezza;PH-Crema Protectoras;3001-Muestras Gemelas;1000-Pharsana Valencia
50000955;SECUREZZA BC CREMA DERMO PROTECTORA 130G;1001;3002;CS;7,42;0,000;2,083;20.02.2026 - 22:03:39;HIGIENE PERSONAL;Securezza;PH-Crema Protectoras;3002-PT Reserva;1001-Pharsana Maracay
50000955;SECUREZZA BC CREMA DERMO PROTECTORA 130G;1001;3004;CS;1,33;0,833;0,000;20.02.2026 - 22:03:39;HIGIENE PERSONAL;Securezza;PH-Crema Protectoras;3004-Devoluciones;1001-Pharsana Maracay
50000955;SECUREZZA BC CREMA DERMO PROTECTORA 130G;1001;3018;CS;87,33;0,000;0,167;20.02.2026 - 22:03:39;HIGIENE PERSONAL;Securezza;PH-Crema Protectoras;3018-Rechazado;1001-Pharsana Maracay
50000956;SECUREZZA BC TH CORPORALES (12x54UN);1000;3001;CS;9,58;0,000;0,000;20.02.2026 - 22:03:39;TOALLAS HUMEDAS;Securezza;PH-TH Flow Pack;3001-Muestras Gemelas;1000-Pharsana Valencia
50000956;SECUREZZA BC TH CORPORALES (12x54UN);1000;3017;CS;0,67;0,000;0,000;20.02.2026 - 22:03:39;TOALLAS HUMEDAS;Securezza;PH-TH Flow Pack;3017-MG Microbilogia;1000-Pharsana Valencia
50000956;SECUREZZA BC TH CORPORALES (12x54UN);1001;3000;CS;583,00;0,000;0,000;20.02.2026 - 22:03:39;TOALLAS HUMEDAS;Securezza;PH-TH Flow Pack;3000-ProdTerminado WM;1001-Pharsana Maracay
50000956;SECUREZZA BC TH CORPORALES (12x54UN);1001;3002;CS;1,42;0,000;3,750;20.02.2026 - 22:03:39;TOALLAS HUMEDAS;Securezza;PH-TH Flow Pack;3002-PT Reserva;1001-Pharsana Maracay
50000956;SECUREZZA BC TH CORPORALES (12x54UN);1001;3018;CS;3,17;0,000;0,000;20.02.2026 - 22:03:39;TOALLAS HUMEDAS;Securezza;PH-TH Flow Pack;3018-Rechazado;1001-Pharsana Maracay
50000957;SECUREZZA PROTECTOR DE CAMA (6X10UN);1001;3000;PAK;1564,00;0,000;0,000;20.02.2026 - 22:03:39;INCONTINENCIA;Securezza;PH-Protector de Cama;3000-ProdTerminado WM;1001-Pharsana Maracay
50000957;SECUREZZA PROTECTOR DE CAMA (6X10UN);1001;3002;PAK;6,67;0,000;0,000;20.02.2026 - 22:03:39;INCONTINENCIA;Securezza;PH-Protector de Cama;3002-PT Reserva;1001-Pharsana Maracay
50000957;SECUREZZA PROTECTOR DE CAMA (6X10UN);1001;3018;PAK;1,33;0,000;0,000;20.02.2026 - 22:03:39;INCONTINENCIA;Securezza;PH-Protector de Cama;3018-Rechazado;1001-Pharsana Maracay
50000957;SECUREZZA PROTECTOR DE CAMA (6X10UN);1002;3001;PAK;20,00;0,000;0,000;20.02.2026 - 22:03:39;INCONTINENCIA;Securezza;PH-Protector de Cama;3001-Muestras Gemelas;1002-Pharsana Higienico
50000981;SIEMPRE SECO PROTEC DE CAMA HB(4X20UN);1001;3000;PAK;3463,00;0,000;0,000;20.02.2026 - 22:03:39;INCONTINENCIA;Siempre Seco;PH-Protector de Cama;3000-ProdTerminado WM;1001-Pharsana Maracay
50000981;SIEMPRE SECO PROTEC DE CAMA HB(4X20UN);1001;3002;PAK;15,00;0,000;0,000;20.02.2026 - 22:03:39;INCONTINENCIA;Siempre Seco;PH-Protector de Cama;3002-PT Reserva;1001-Pharsana Maracay
50000981;SIEMPRE SECO PROTEC DE CAMA HB(4X20UN);1001;3013;PAK;0,25;0,000;0,000;20.02.2026 - 22:03:39;INCONTINENCIA;Siempre Seco;PH-Protector de Cama;3013-Dev. LEG.;1001-Pharsana Maracay
50000981;SIEMPRE SECO PROTEC DE CAMA HB(4X20UN);1001;3018;PAK;6,75;0,000;0,250;20.02.2026 - 22:03:39;INCONTINENCIA;Siempre Seco;PH-Protector de Cama;3018-Rechazado;1001-Pharsana Maracay
50000981;SIEMPRE SECO PROTEC DE CAMA HB(4X20UN);1002;2000;PAK;0,00;69,000;0,000;20.02.2026 - 22:03:39;INCONTINENCIA;Siempre Seco;PH-Protector de Cama;2000-Producción;1002-Pharsana Higienico
50000981;SIEMPRE SECO PROTEC DE CAMA HB(4X20UN);1002;3001;PAK;79,75;0,000;0,000;20.02.2026 - 22:03:39;INCONTINENCIA;Siempre Seco;PH-Protector de Cama;3001-Muestras Gemelas;1002-Pharsana Higienico
50000986;CHICCO BS CHAMPU CABELLOOSCURO(10x200ML);1000;3001;CS;4,20;0,600;0,000;20.02.2026 - 22:03:39;HIGIENE PERSONAL;Chicco;PH-Champú;3001-Muestras Gemelas;1000-Pharsana Valencia
50000986;CHICCO BS CHAMPU CABELLOOSCURO(10x200ML);1000;3017;CS;0,70;0,000;0,000;20.02.2026 - 22:03:39;HIGIENE PERSONAL;Chicco;PH-Champú;3017-MG Microbilogia;1000-Pharsana Valencia
50000986;CHICCO BS CHAMPU CABELLOOSCURO(10x200ML);1001;3000;CS;413,00;0,000;0,000;20.02.2026 - 22:03:39;HIGIENE PERSONAL;Chicco;PH-Champú;3000-ProdTerminado WM;1001-Pharsana Maracay
50000986;CHICCO BS CHAMPU CABELLOOSCURO(10x200ML);1001;3002;CS;1,70;0,000;0,000;20.02.2026 - 22:03:39;HIGIENE PERSONAL;Chicco;PH-Champú;3002-PT Reserva;1001-Pharsana Maracay
50000986;CHICCO BS CHAMPU CABELLOOSCURO(10x200ML);1001;3004;CS;1,00;0,000;0,000;20.02.2026 - 22:03:39;HIGIENE PERSONAL;Chicco;PH-Champú;3004-Devoluciones;1001-Pharsana Maracay
50000986;CHICCO BS CHAMPU CABELLOOSCURO(10x200ML);1001;3018;CS;5,70;0,000;0,000;20.02.2026 - 22:03:39;HIGIENE PERSONAL;Chicco;PH-Champú;3018-Rechazado;1001-Pharsana Maracay
50000990;CHICCO PAÑAL DE NIÑO M REG (8X20UN);1001;3000;PAK;2103,00;0,000;0,000;20.02.2026 - 22:03:39;ABSORBENTES NIÑOS;Chicco;PH-Pañal Anatóm. T3;3000-ProdTerminado WM;1001-Pharsana Maracay
50000990;CHICCO PAÑAL DE NIÑO M REG (8X20UN);1001;3002;PAK;4,75;0,000;1,750;20.02.2026 - 22:03:39;ABSORBENTES NIÑOS;Chicco;PH-Pañal Anatóm. T3;3002-PT Reserva;1001-Pharsana Maracay
50000990;CHICCO PAÑAL DE NIÑO M REG (8X20UN);1001;3018;PAK;1,13;0,000;0,125;20.02.2026 - 22:03:39;ABSORBENTES NIÑOS;Chicco;PH-Pañal Anatóm. T3;3018-Rechazado;1001-Pharsana Maracay
50000990;CHICCO PAÑAL DE NIÑO M REG (8X20UN);1002;3001;PAK;9,63;0,000;0,000;20.02.2026 - 22:03:39;ABSORBENTES NIÑOS;Chicco;PH-Pañal Anatóm. T3;3001-Muestras Gemelas;1002-Pharsana Higienico
50000992;CHICCO PAÑAL DE NIÑO G REG (8X20UN);1001;3000;PAK;1122,00;0,000;0,000;20.02.2026 - 22:03:39;ABSORBENTES NIÑOS;Chicco;PH-Pañal Anatóm. T3;3000-ProdTerminado WM;1001-Pharsana Maracay
50000992;CHICCO PAÑAL DE NIÑO G REG (8X20UN);1001;3002;PAK;11,88;0,000;0,250;20.02.2026 - 22:03:39;ABSORBENTES NIÑOS;Chicco;PH-Pañal Anatóm. T3;3002-PT Reserva;1001-Pharsana Maracay
50000992;CHICCO PAÑAL DE NIÑO G REG (8X20UN);1001;3004;PAK;1,13;0,000;0,000;20.02.2026 - 22:03:39;ABSORBENTES NIÑOS;Chicco;PH-Pañal Anatóm. T3;3004-Devoluciones;1001-Pharsana Maracay
50000992;CHICCO PAÑAL DE NIÑO G REG (8X20UN);1001;3013;PAK;0,13;0,000;0,000;20.02.2026 - 22:03:39;ABSORBENTES NIÑOS;Chicco;PH-Pañal Anatóm. T3;3013-Dev. LEG.;1001-Pharsana Maracay
50000992;CHICCO PAÑAL DE NIÑO G REG (8X20UN);1001;3018;PAK;1,88;0,000;0,375;20.02.2026 - 22:03:39;ABSORBENTES NIÑOS;Chicco;PH-Pañal Anatóm. T3;3018-Rechazado;1001-Pharsana Maracay
50000992;CHICCO PAÑAL DE NIÑO G REG (8X20UN);1002;3001;PAK;17,63;0,000;0,000;20.02.2026 - 22:03:39;ABSORBENTES NIÑOS;Chicco;PH-Pañal Anatóm. T3;3001-Muestras Gemelas;1002-Pharsana Higienico
50000993;CHICCO PAÑAL DE NIÑO XG REG (8X20UN);1001;3000;PAK;1596,00;0,000;0,000;20.02.2026 - 22:03:39;ABSORBENTES NIÑOS;Chicco;PH-Pañal Anatóm. T3;3000-ProdTerminado WM;1001-Pharsana Maracay
50000993;CHICCO PAÑAL DE NIÑO XG REG (8X20UN);1001;3002;PAK;11,38;0,000;0,000;20.02.2026 - 22:03:39;ABSORBENTES NIÑOS;Chicco;PH-Pañal Anatóm. T3;3002-PT Reserva;1001-Pharsana Maracay
50000993;CHICCO PAÑAL DE NIÑO XG REG (8X20UN);1001;3013;PAK;0,13;0,000;0,000;20.02.2026 - 22:03:39;ABSORBENTES NIÑOS;Chicco;PH-Pañal Anatóm. T3;3013-Dev. LEG.;1001-Pharsana Maracay
50000993;CHICCO PAÑAL DE NIÑO XG REG (8X20UN);1001;3018;PAK;2,25;0,000;0,000;20.02.2026 - 22:03:39;ABSORBENTES NIÑOS;Chicco;PH-Pañal Anatóm. T3;3018-Rechazado;1001-Pharsana Maracay
50000993;CHICCO PAÑAL DE NIÑO XG REG (8X20UN);1002;3001;PAK;18,75;0,000;0,000;20.02.2026 - 22:03:39;ABSORBENTES NIÑOS;Chicco;PH-Pañal Anatóm. T3;3001-Muestras Gemelas;1002-Pharsana Higienico
50001002;CHICCO BS CREMA PROTECTORA (16x80G);1000;3001;CS;1,75;0,000;0,000;20.02.2026 - 22:03:39;HIGIENE PERSONAL;Chicco;PH-Crema Protectoras;3001-Muestras Gemelas;1000-Pharsana Valencia
50001002;CHICCO BS CREMA PROTECTORA (16x80G);1001;3000;CS;137,00;0,000;0,000;20.02.2026 - 22:03:39;HIGIENE PERSONAL;Chicco;PH-Crema Protectoras;3000-ProdTerminado WM;1001-Pharsana Maracay
50001002;CHICCO BS CREMA PROTECTORA (16x80G);1001;3002;CS;2,38;0,000;0,000;20.02.2026 - 22:03:39;HIGIENE PERSONAL;Chicco;PH-Crema Protectoras;3002-PT Reserva;1001-Pharsana Maracay
50001002;CHICCO BS CREMA PROTECTORA (16x80G);1001;3018;CS;3,38;0,000;0,000;20.02.2026 - 22:03:39;HIGIENE PERSONAL;Chicco;PH-Crema Protectoras;3018-Rechazado;1001-Pharsana Maracay
50001005;AMY SEC TH MANZANILLA P/BEBES (24x72UN);1000;3000;CS;666,00;0,000;0,000;20.02.2026 - 22:03:39;TOALLAS HUMEDAS;Amy;PH-TH Flow Pack;3000-Prod. Terminado;1000-Pharsana Valencia
50001005;AMY SEC TH MANZANILLA P/BEBES (24x72UN);1000;3001;CS;12,17;0,542;0,000;20.02.2026 - 22:03:39;TOALLAS HUMEDAS;Amy;PH-TH Flow Pack;3001-Muestras Gemelas;1000-Pharsana Valencia
50001005;AMY SEC TH MANZANILLA P/BEBES (24x72UN);1000;3003;CS;210,00;0,000;0,000;20.02.2026 - 22:03:39;TOALLAS HUMEDAS;Amy;PH-TH Flow Pack;3003-PT Cuarentena;1000-Pharsana Valencia
50001005;AMY SEC TH MANZANILLA P/BEBES (24x72UN);1000;3010;CS;48,00;0,000;0,000;20.02.2026 - 22:03:39;TOALLAS HUMEDAS;Amy;PH-TH Flow Pack;3010-Retenido;1000-Pharsana Valencia
50001005;AMY SEC TH MANZANILLA P/BEBES (24x72UN);1000;3017;CS;0,92;0,000;0,000;20.02.2026 - 22:03:39;TOALLAS HUMEDAS;Amy;PH-TH Flow Pack;3017-MG Microbilogia;1000-Pharsana Valencia
50001005;AMY SEC TH MANZANILLA P/BEBES (24x72UN);1001;3000;CS;1388,00;0,000;0,000;20.02.2026 - 22:03:39;TOALLAS HUMEDAS;Amy;PH-TH Flow Pack;3000-ProdTerminado WM;1001-Pharsana Maracay
50001005;AMY SEC TH MANZANILLA P/BEBES (24x72UN);1001;3002;CS;1,04;0,000;0,000;20.02.2026 - 22:03:39;TOALLAS HUMEDAS;Amy;PH-TH Flow Pack;3002-PT Reserva;1001-Pharsana Maracay
50001005;AMY SEC TH MANZANILLA P/BEBES (24x72UN);1001;3004;CS;2,46;0,000;0,000;20.02.2026 - 22:03:39;TOALLAS HUMEDAS;Amy;PH-TH Flow Pack;3004-Devoluciones;1001-Pharsana Maracay
50001005;AMY SEC TH MANZANILLA P/BEBES (24x72UN);1001;3018;CS;0,08;0,000;0,000;20.02.2026 - 22:03:39;TOALLAS HUMEDAS;Amy;PH-TH Flow Pack;3018-Rechazado;1001-Pharsana Maracay
50001006;CHICCO BS ACEITE CREMOSO (10x200ML);1000;3001;CS;3,80;0,000;0,000;20.02.2026 - 22:03:39;HIGIENE PERSONAL;Chicco;PH-Aceite;3001-Muestras Gemelas;1000-Pharsana Valencia
50001006;CHICCO BS ACEITE CREMOSO (10x200ML);1000;3017;CS;0,40;0,000;0,000;20.02.2026 - 22:03:39;HIGIENE PERSONAL;Chicco;PH-Aceite;3017-MG Microbilogia;1000-Pharsana Valencia
50001006;CHICCO BS ACEITE CREMOSO (10x200ML);1001;3000;CS;66,00;0,000;0,000;20.02.2026 - 22:03:39;HIGIENE PERSONAL;Chicco;PH-Aceite;3000-ProdTerminado WM;1001-Pharsana Maracay
50001006;CHICCO BS ACEITE CREMOSO (10x200ML);1001;3002;CS;2,10;0,000;0,000;20.02.2026 - 22:03:39;HIGIENE PERSONAL;Chicco;PH-Aceite;3002-PT Reserva;1001-Pharsana Maracay
50001006;CHICCO BS ACEITE CREMOSO (10x200ML);1001;3004;CS;1,00;0,000;0,000;20.02.2026 - 22:03:39;HIGIENE PERSONAL;Chicco;PH-Aceite;3004-Devoluciones;1001-Pharsana Maracay
50001006;CHICCO BS ACEITE CREMOSO (10x200ML);1001;3018;CS;1,20;0,000;0,000;20.02.2026 - 22:03:39;HIGIENE PERSONAL;Chicco;PH-Aceite;3018-Rechazado;1001-Pharsana Maracay
50001007;CHICCO VASELINA 80G;1000;3001;CS;1,25;0,000;0,000;20.02.2026 - 22:03:39;HIGIENE PERSONAL;Chicco;PH-Vaselina;3001-Muestras Gemelas;1000-Pharsana Valencia
50001007;CHICCO VASELINA 80G;1001;3002;CS;4,19;0,000;0,000;20.02.2026 - 22:03:39;HIGIENE PERSONAL;Chicco;PH-Vaselina;3002-PT Reserva;1001-Pharsana Maracay
50001007;CHICCO VASELINA 80G;1001;3018;CS;0,25;0,000;0,000;20.02.2026 - 22:03:39;HIGIENE PERSONAL;Chicco;PH-Vaselina;3018-Rechazado;1001-Pharsana Maracay
50001009;CHICCO BS CHAMPU CABELLOOSCURO(28x100ML);1000;3001;CS;0,43;0,000;0,000;20.02.2026 - 22:03:39;HIGIENE PERSONAL;Chicco;PH-Champú;3001-Muestras Gemelas;1000-Pharsana Valencia
50001009;CHICCO BS CHAMPU CABELLOOSCURO(28x100ML);1001;3000;CS;73,00;0,000;0,000;20.02.2026 - 22:03:39;HIGIENE PERSONAL;Chicco;PH-Champú;3000-ProdTerminado WM;1001-Pharsana Maracay
50001009;CHICCO BS CHAMPU CABELLOOSCURO(28x100ML);1001;3002;CS;0,00;0,000;6,893;20.02.2026 - 22:03:39;HIGIENE PERSONAL;Chicco;PH-Champú;3002-PT Reserva;1001-Pharsana Maracay
50001011;CHICCO BS COLONIA (28x100ML);1000;3001;CS;7,93;0,857;0,000;20.02.2026 - 22:03:39;HIGIENE PERSONAL;Chicco;PH-Colonia;3001-Muestras Gemelas;1000-Pharsana Valencia
50001011;CHICCO BS COLONIA (28x100ML);1001;3000;CS;1929,00;0,000;0,000;20.02.2026 - 22:03:39;HIGIENE PERSONAL;Chicco;PH-Colonia;3000-ProdTerminado WM;1001-Pharsana Maracay
50001011;CHICCO BS COLONIA (28x100ML);1001;3002;CS;9,57;0,000;30,250;20.02.2026 - 22:03:39;HIGIENE PERSONAL;Chicco;PH-Colonia;3002-PT Reserva;1001-Pharsana Maracay
50001011;CHICCO BS COLONIA (28x100ML);1001;3003;CS;10,00;0,000;0,000;20.02.2026 - 22:03:39;HIGIENE PERSONAL;Chicco;PH-Colonia;3003-PT Cuarentena;1001-Pharsana Maracay
50001011;CHICCO BS COLONIA (28x100ML);1001;3004;CS;5,86;0,000;0,000;20.02.2026 - 22:03:39;HIGIENE PERSONAL;Chicco;PH-Colonia;3004-Devoluciones;1001-Pharsana Maracay
50001011;CHICCO BS COLONIA (28x100ML);1001;3013;CS;1,00;0,000;0,000;20.02.2026 - 22:03:39;HIGIENE PERSONAL;Chicco;PH-Colonia;3013-Dev. LEG.;1001-Pharsana Maracay
50001011;CHICCO BS COLONIA (28x100ML);1001;3018;CS;1,68;0,000;0,000;20.02.2026 - 22:03:39;HIGIENE PERSONAL;Chicco;PH-Colonia;3018-Rechazado;1001-Pharsana Maracay
50001012;CHICCO BS ACEITE (28x100ML);1000;3000;CS;0,00;0,000;0,107;20.02.2026 - 22:03:39;HIGIENE PERSONAL;Chicco;PH-Aceite;3000-Prod. Terminado;1000-Pharsana Valencia
50001012;CHICCO BS ACEITE (28x100ML);1000;3001;CS;1,50;0,393;0,000;20.02.2026 - 22:03:39;HIGIENE PERSONAL;Chicco;PH-Aceite;3001-Muestras Gemelas;1000-Pharsana Valencia
50001012;CHICCO BS ACEITE (28x100ML);1001;3000;CS;267,00;0,000;0,000;20.02.2026 - 22:03:39;HIGIENE PERSONAL;Chicco;PH-Aceite;3000-ProdTerminado WM;1001-Pharsana Maracay
50001012;CHICCO BS ACEITE (28x100ML);1001;3002;CS;1,96;0,000;19,143;20.02.2026 - 22:03:39;HIGIENE PERSONAL;Chicco;PH-Aceite;3002-PT Reserva;1001-Pharsana Maracay
50001012;CHICCO BS ACEITE (28x100ML);1001;3004;CS;3,54;0,000;0,000;20.02.2026 - 22:03:39;HIGIENE PERSONAL;Chicco;PH-Aceite;3004-Devoluciones;1001-Pharsana Maracay
50001012;CHICCO BS ACEITE (28x100ML);1001;3018;CS;32,04;0,000;0,000;20.02.2026 - 22:03:39;HIGIENE PERSONAL;Chicco;PH-Aceite;3018-Rechazado;1001-Pharsana Maracay
50001015;CHICCO BS CHAMPU CABELLO CLARO(28x100ML);1000;3001;CS;0,79;0,000;0,000;20.02.2026 - 22:03:39;HIGIENE PERSONAL;Chicco;PH-Champú;3001-Muestras Gemelas;1000-Pharsana Valencia
50001015;CHICCO BS CHAMPU CABELLO CLARO(28x100ML);1000;3017;CS;0,36;0,000;0,000;20.02.2026 - 22:03:39;HIGIENE PERSONAL;Chicco;PH-Champú;3017-MG Microbilogia;1000-Pharsana Valencia
50001015;CHICCO BS CHAMPU CABELLO CLARO(28x100ML);1001;3000;CS;348,00;0,000;0,000;20.02.2026 - 22:03:39;HIGIENE PERSONAL;Chicco;PH-Champú;3000-ProdTerminado WM;1001-Pharsana Maracay
50001015;CHICCO BS CHAMPU CABELLO CLARO(28x100ML);1001;3002;CS;5,50;0,000;0,000;20.02.2026 - 22:03:39;HIGIENE PERSONAL;Chicco;PH-Champú;3002-PT Reserva;1001-Pharsana Maracay
50001015;CHICCO BS CHAMPU CABELLO CLARO(28x100ML);1001;3018;CS;0,25;0,000;0,000;20.02.2026 - 22:03:39;HIGIENE PERSONAL;Chicco;PH-Champú;3018-Rechazado;1001-Pharsana Maracay
50001016;CHICCO BS CHAMPU CABELLONORMAL(28x100ML);1000;3001;CS;1,68;0,000;0,000;20.02.2026 - 22:03:39;HIGIENE PERSONAL;Chicco;PH-Champú;3001-Muestras Gemelas;1000-Pharsana Valencia
50001016;CHICCO BS CHAMPU CABELLONORMAL(28x100ML);1000;3017;CS;0,14;0,000;0,000;20.02.2026 - 22:03:39;HIGIENE PERSONAL;Chicco;PH-Champú;3017-MG Microbilogia;1000-Pharsana Valencia
50001016;CHICCO BS CHAMPU CABELLONORMAL(28x100ML);1001;3000;CS;141,00;0,000;0,000;20.02.2026 - 22:03:39;HIGIENE PERSONAL;Chicco;PH-Champú;3000-ProdTerminado WM;1001-Pharsana Maracay
50001016;CHICCO BS CHAMPU CABELLONORMAL(28x100ML);1001;3002;CS;5,46;0,000;10,429;20.02.2026 - 22:03:39;HIGIENE PERSONAL;Chicco;PH-Champú;3002-PT Reserva;1001-Pharsana Maracay
50001016;CHICCO BS CHAMPU CABELLONORMAL(28x100ML);1001;3018;CS;0,04;0,000;0,000;20.02.2026 - 22:03:39;HIGIENE PERSONAL;Chicco;PH-Champú;3018-Rechazado;1001-Pharsana Maracay
50001019;CHICCO BS GEL ANTIBACTERIAL (28x100ML);1000;3000;CS;0,93;0,000;0,000;20.02.2026 - 22:03:39;HIGIENE PERSONAL;Chicco;PH-Gel Antibacterial;3000-Prod. Terminado;1000-Pharsana Valencia
50001019;CHICCO BS GEL ANTIBACTERIAL (28x100ML);1000;3001;CS;1,32;0,143;0,000;20.02.2026 - 22:03:39;HIGIENE PERSONAL;Chicco;PH-Gel Antibacterial;3001-Muestras Gemelas;1000-Pharsana Valencia
50001019;CHICCO BS GEL ANTIBACTERIAL (28x100ML);1001;3000;CS;378,00;0,000;0,000;20.02.2026 - 22:03:39;HIGIENE PERSONAL;Chicco;PH-Gel Antibacterial;3000-ProdTerminado WM;1001-Pharsana Maracay
50001019;CHICCO BS GEL ANTIBACTERIAL (28x100ML);1001;3002;CS;4,07;0,000;3,536;20.02.2026 - 22:03:39;HIGIENE PERSONAL;Chicco;PH-Gel Antibacterial;3002-PT Reserva;1001-Pharsana Maracay
50001019;CHICCO BS GEL ANTIBACTERIAL (28x100ML);1001;3018;CS;0,46;0,000;0,000;20.02.2026 - 22:03:39;HIGIENE PERSONAL;Chicco;PH-Gel Antibacterial;3018-Rechazado;1001-Pharsana Maracay
50001020;CHICCO BS LOCION (28x100ML);1000;3001;CS;0,96;0,000;0,000;20.02.2026 - 22:03:39;HIGIENE PERSONAL;Chicco;PH-Loción;3001-Muestras Gemelas;1000-Pharsana Valencia
50001020;CHICCO BS LOCION (28x100ML);1000;3017;CS;0,21;0,000;0,000;20.02.2026 - 22:03:39;HIGIENE PERSONAL;Chicco;PH-Loción;3017-MG Microbilogia;1000-Pharsana Valencia
50001020;CHICCO BS LOCION (28x100ML);1001;3000;CS;204,00;0,000;0,000;20.02.2026 - 22:03:39;HIGIENE PERSONAL;Chicco;PH-Loción;3000-ProdTerminado WM;1001-Pharsana Maracay
50001020;CHICCO BS LOCION (28x100ML);1001;3004;CS;0,04;0,000;0,000;20.02.2026 - 22:03:39;HIGIENE PERSONAL;Chicco;PH-Loción;3004-Devoluciones;1001-Pharsana Maracay
50001020;CHICCO BS LOCION (28x100ML);1001;3018;CS;0,04;0,000;0,000;20.02.2026 - 22:03:39;HIGIENE PERSONAL;Chicco;PH-Loción;3018-Rechazado;1001-Pharsana Maracay
50000839;PHARSANA SPLASH ANTIBACTERIAL 200cc;1001;3018;CS;28,73;0,000;0,000;20.02.2026 - 22:03:39;HIGIENE PERSONAL;Pharsana;PH-Splash;3018-Rechazado;1001-Pharsana Maracay
50000841;PHARSANA GEL ANTIBACTERIAL 220CC;1001;3018;CS;7,90;0,000;0,000;20.02.2026 - 22:03:39;HIGIENE PERSONAL;Pharsana;PH-Gel Antibacterial;3018-Rechazado;1001-Pharsana Maracay
50000843;PHARSANA TH ANTIBACTERIAL 36P;1001;3018;CS;1,07;0,000;0,000;20.02.2026 - 22:03:39;TOALLAS HUMEDAS;Pharsana;PH-TH Flow Pack;3018-Rechazado;1001-Pharsana Maracay
50000860;PHARSANA MASCARILLA DESCAR. (8x50);1001;3002;CS;607,13;0,000;0,000;20.02.2026 - 22:03:39;DESCARTABLES;Pharsana;PH-Mascarillas;3002-PT Reserva;1001-Pharsana Maracay
50000860;PHARSANA MASCARILLA DESCAR. (8x50);1001;3018;CS;1,50;0,000;0,000;20.02.2026 - 22:03:39;DESCARTABLES;Pharsana;PH-Mascarillas;3018-Rechazado;1001-Pharsana Maracay
50000860;PHARSANA MASCARILLA DESCAR. (8x50);1002;3001;CS;1,13;0,000;0,000;20.02.2026 - 22:03:39;DESCARTABLES;Pharsana;PH-Mascarillas;3001-Muestras Gemelas;1002-Pharsana Higienico
50000867;CHICCO COTONCITO 60 P;1000;3001;CS;1,50;0,000;0,000;20.02.2026 - 22:03:39;ALGODONES PT;Chicco;PH-Hisopos;3001-Muestras Gemelas;1000-Pharsana Valencia
50000867;CHICCO COTONCITO 60 P;1001;3002;CS;0,00;0,000;2,125;20.02.2026 - 22:03:39;ALGODONES PT;Chicco;PH-Hisopos;3002-PT Reserva;1001-Pharsana Maracay
50000867;CHICCO COTONCITO 60 P;1001;3018;CS;3,73;0,000;0,000;20.02.2026 - 22:03:39;ALGODONES PT;Chicco;PH-Hisopos;3018-Rechazado;1001-Pharsana Maracay
50000877;PHARSANA GEL ANTIBACTERIAL 2,8 L;1000;3001;CS;0,50;0,000;0,000;20.02.2026 - 22:03:39;HIGIENE PERSONAL;Pharsana;PH-Gel Antibacterial;3001-Muestras Gemelas;1000-Pharsana Valencia
50000877;PHARSANA GEL ANTIBACTERIAL 2,8 L;1001;3000;CS;156,00;0,000;0,000;20.02.2026 - 22:03:39;HIGIENE PERSONAL;Pharsana;PH-Gel Antibacterial;3000-ProdTerminado WM;1001-Pharsana Maracay
50000877;PHARSANA GEL ANTIBACTERIAL 2,8 L;1001;3018;CS;1,00;0,000;0,000;20.02.2026 - 22:03:39;HIGIENE PERSONAL;Pharsana;PH-Gel Antibacterial;3018-Rechazado;1001-Pharsana Maracay
50000880;CHICCO COLONIA PARA NIÑOS 110CC;1000;3001;CS;9,50;0,000;0,000;20.02.2026 - 22:03:39;HIGIENE PERSONAL;Chicco;PH-Colonia;3001-Muestras Gemelas;1000-Pharsana Valencia
50000880;CHICCO COLONIA PARA NIÑOS 110CC;1001;3002;CS;0,00;0,000;28,042;20.02.2026 - 22:03:39;HIGIENE PERSONAL;Chicco;PH-Colonia;3002-PT Reserva;1001-Pharsana Maracay
50000880;CHICCO COLONIA PARA NIÑOS 110CC;1001;3018;CS;1,04;0,000;0,000;20.02.2026 - 22:03:39;HIGIENE PERSONAL;Chicco;PH-Colonia;3018-Rechazado;1001-Pharsana Maracay
50000881;CHICCO COLONIA PARA NIÑOS 220CC;1000;3001;CS;6,90;0,000;0,000;20.02.2026 - 22:03:39;HIGIENE PERSONAL;Chicco;PH-Colonia;3001-Muestras Gemelas;1000-Pharsana Valencia
50000881;CHICCO COLONIA PARA NIÑOS 220CC;1001;3002;CS;0,00;0,000;0,100;20.02.2026 - 22:03:39;HIGIENE PERSONAL;Chicco;PH-Colonia;3002-PT Reserva;1001-Pharsana Maracay
50000881;CHICCO COLONIA PARA NIÑOS 220CC;1001;3018;CS;15,90;0,000;0,000;20.02.2026 - 22:03:39;HIGIENE PERSONAL;Chicco;PH-Colonia;3018-Rechazado;1001-Pharsana Maracay
50000884;ACTIVA PD PERD. OCASIONALES (12X40UN);1001;3000;PAK;288,00;0,000;0,000;20.02.2026 - 22:03:39;ABSORBENTES FEMENINA;Activa;PH-Protector Diario;3000-ProdTerminado WM;1001-Pharsana Maracay
50000884;ACTIVA PD PERD. OCASIONALES (12X40UN);1001;3002;PAK;3,17;0,000;3,500;20.02.2026 - 22:03:39;ABSORBENTES FEMENINA;Activa;PH-Protector Diario;3002-PT Reserva;1001-Pharsana Maracay
50000884;ACTIVA PD PERD. OCASIONALES (12X40UN);1001;3004;PAK;1,00;0,000;0,000;20.02.2026 - 22:03:39;ABSORBENTES FEMENINA;Activa;PH-Protector Diario;3004-Devoluciones;1001-Pharsana Maracay
50000884;ACTIVA PD PERD. OCASIONALES (12X40UN);1001;3018;PAK;4,50;0,000;0,000;20.02.2026 - 22:03:39;ABSORBENTES FEMENINA;Activa;PH-Protector Diario;3018-Rechazado;1001-Pharsana Maracay
50000884;ACTIVA PD PERD. OCASIONALES (12X40UN);1002;3001;PAK;1,75;0,000;0,000;20.02.2026 - 22:03:39;ABSORBENTES FEMENINA;Activa;PH-Protector Diario;3001-Muestras Gemelas;1002-Pharsana Higienico
50000889;FRIENDS TS TELA REGULAR (12x14);1001;3002;PAK;0,00;0,000;4,750;20.02.2026 - 22:03:39;ABSORBENTES FEMENINA;Friends;PH-Toalla Sanitaria;3002-PT Reserva;1001-Pharsana Maracay
50000889;FRIENDS TS TELA REGULAR (12x14);1001;3018;PAK;2,17;0,000;0,000;20.02.2026 - 22:03:39;ABSORBENTES FEMENINA;Friends;PH-Toalla Sanitaria;3018-Rechazado;1001-Pharsana Maracay
50000889;FRIENDS TS TELA REGULAR (12x14);1002;3001;PAK;3,75;0,000;0,000;20.02.2026 - 22:03:39;ABSORBENTES FEMENINA;Friends;PH-Toalla Sanitaria;3001-Muestras Gemelas;1002-Pharsana Higienico
50000892;FRIENDS TS XTREME SEC REGULAR (12x14);1001;3002;PAK;0,00;0,000;4,250;20.02.2026 - 22:03:39;ABSORBENTES FEMENINA;Friends;PH-Toalla Sanitaria;3002-PT Reserva;1001-Pharsana Maracay
50000892;FRIENDS TS XTREME SEC REGULAR (12x14);1001;3018;PAK;2,17;0,000;0,000;20.02.2026 - 22:03:39;ABSORBENTES FEMENINA;Friends;PH-Toalla Sanitaria;3018-Rechazado;1001-Pharsana Maracay
50000892;FRIENDS TS XTREME SEC REGULAR (12x14);1002;3001;PAK;1,08;0,000;0,000;20.02.2026 - 22:03:39;ABSORBENTES FEMENINA;Friends;PH-Toalla Sanitaria;3001-Muestras Gemelas;1002-Pharsana Higienico
50000893;CHICCO ACEITE PARA NIÑOS 110CC;1000;3001;CS;2,88;0,000;0,000;20.02.2026 - 22:03:39;HIGIENE PERSONAL;Chicco;PH-Aceite;3001-Muestras Gemelas;1000-Pharsana Valencia
50000893;CHICCO ACEITE PARA NIÑOS 110CC;1001;3002;CS;1,08;0,000;0,000;20.02.2026 - 22:03:39;HIGIENE PERSONAL;Chicco;PH-Aceite;3002-PT Reserva;1001-Pharsana Maracay
50000893;CHICCO ACEITE PARA NIÑOS 110CC;1001;3018;CS;4,38;0,000;0,000;20.02.2026 - 22:03:39;HIGIENE PERSONAL;Chicco;PH-Aceite;3018-Rechazado;1001-Pharsana Maracay
50000894;CHICCO ACEITE PARA NIÑOS 220CC;1000;3001;CS;2,00;0,000;0,000;20.02.2026 - 22:03:39;HIGIENE PERSONAL;Chicco;PH-Aceite;3001-Muestras Gemelas;1000-Pharsana Valencia
50000894;CHICCO ACEITE PARA NIÑOS 220CC;1001;3004;CS;1,00;0,000;0,000;20.02.2026 - 22:03:39;HIGIENE PERSONAL;Chicco;PH-Aceite;3004-Devoluciones;1001-Pharsana Maracay
50000894;CHICCO ACEITE PARA NIÑOS 220CC;1001;3018;CS;4,90;0,000;0,000;20.02.2026 - 22:03:39;HIGIENE PERSONAL;Chicco;PH-Aceite;3018-Rechazado;1001-Pharsana Maracay
50000899;AMY ACEITE PARA BEBES (10x220ML);1000;3000;CS;0,00;0,000;1,000;20.02.2026 - 22:03:39;HIGIENE PERSONAL;Amy;PH-Aceite;3000-Prod. Terminado;1000-Pharsana Valencia
50000899;AMY ACEITE PARA BEBES (10x220ML);1000;3001;CS;6,00;1,100;0,000;20.02.2026 - 22:03:39;HIGIENE PERSONAL;Amy;PH-Aceite;3001-Muestras Gemelas;1000-Pharsana Valencia
50000899;AMY ACEITE PARA BEBES (10x220ML);1001;3000;CS;593,00;0,000;0,000;20.02.2026 - 22:03:39;HIGIENE PERSONAL;Amy;PH-Aceite;3000-ProdTerminado WM;1001-Pharsana Maracay
50000899;AMY ACEITE PARA BEBES (10x220ML);1001;3002;CS;4,20;0,000;0,000;20.02.2026 - 22:03:39;HIGIENE PERSONAL;Amy;PH-Aceite;3002-PT Reserva;1001-Pharsana Maracay
50000899;AMY ACEITE PARA BEBES (10x220ML);1001;3004;CS;2,00;0,000;0,000;20.02.2026 - 22:03:39;HIGIENE PERSONAL;Amy;PH-Aceite;3004-Devoluciones;1001-Pharsana Maracay
50000899;AMY ACEITE PARA BEBES (10x220ML);1001;3018;CS;83,00;0,000;0,000;20.02.2026 - 22:03:39;HIGIENE PERSONAL;Amy;PH-Aceite;3018-Rechazado;1001-Pharsana Maracay
50000902;AMY COLONIA PARA BEBES (10x220ML);1000;3001;CS;10,10;0,000;0,000;20.02.2026 - 22:03:39;HIGIENE PERSONAL;Amy;PH-Colonia;3001-Muestras Gemelas;1000-Pharsana Valencia
50000902;AMY COLONIA PARA BEBES (10x220ML);1001;3000;CS;484,00;0,000;0,000;20.02.2026 - 22:03:39;HIGIENE PERSONAL;Amy;PH-Colonia;3000-ProdTerminado WM;1001-Pharsana Maracay
50000902;AMY COLONIA PARA BEBES (10x220ML);1001;3002;CS;5,30;0,000;0,000;20.02.2026 - 22:03:39;HIGIENE PERSONAL;Amy;PH-Colonia;3002-PT Reserva;1001-Pharsana Maracay
50000902;AMY COLONIA PARA BEBES (10x220ML);1001;3004;CS;6,10;0,000;0,000;20.02.2026 - 22:03:39;HIGIENE PERSONAL;Amy;PH-Colonia;3004-Devoluciones;1001-Pharsana Maracay
50000902;AMY COLONIA PARA BEBES (10x220ML);1001;3018;CS;928,60;0,000;0,300;20.02.2026 - 22:03:39;HIGIENE PERSONAL;Amy;PH-Colonia;3018-Rechazado;1001-Pharsana Maracay
50000905;AMY SEC TH MANZANILLA 72P (16);1000;3001;CS;12,94;0,000;0,000;20.02.2026 - 22:03:39;TOALLAS HUMEDAS;Amy;PH-TH Flow Pack;3001-Muestras Gemelas;1000-Pharsana Valencia
50000905;AMY SEC TH MANZANILLA 72P (16);1001;3002;CS;0,00;0,000;12,625;20.02.2026 - 22:03:39;TOALLAS HUMEDAS;Amy;PH-TH Flow Pack;3002-PT Reserva;1001-Pharsana Maracay
50000905;AMY SEC TH MANZANILLA 72P (16);1001;3018;CS;4,13;0,000;0,000;20.02.2026 - 22:03:39;TOALLAS HUMEDAS;Amy;PH-TH Flow Pack;3018-Rechazado;1001-Pharsana Maracay
50000915;CHICCO TH ORIGINAL 24P (40);1000;3001;CS;1,90;0,000;0,000;20.02.2026 - 22:03:39;TOALLAS HUMEDAS;Chicco;PH-TH Flow Pack;3001-Muestras Gemelas;1000-Pharsana Valencia
50000915;CHICCO TH ORIGINAL 24P (40);1001;3004;CS;0,13;0,000;0,000;20.02.2026 - 22:03:39;TOALLAS HUMEDAS;Chicco;PH-TH Flow Pack;3004-Devoluciones;1001-Pharsana Maracay
50000915;CHICCO TH ORIGINAL 24P (40);1001;3018;CS;83,10;0,000;0,000;20.02.2026 - 22:03:39;TOALLAS HUMEDAS;Chicco;PH-TH Flow Pack;3018-Rechazado;1001-Pharsana Maracay
50000918;PHARSANA JABON ANTIBACTERIAL 20 LT;1001;3000;CS;3,00;0,000;0,000;20.02.2026 - 22:03:39;HIGIENE PERSONAL;Pharsana;PH-Jabón Líquido;3000-ProdTerminado WM;1001-Pharsana Maracay
50000921;SECUREZZA COMFORT M REG (6x6UN);1001;3000;PAK;469,00;0,000;0,000;20.02.2026 - 22:03:39;INCONTINENCIA;Securezza;PH-Protector Incont.;3000-ProdTerminado WM;1001-Pharsana Maracay
50000921;SECUREZZA COMFORT M REG (6x6UN);1001;3002;PAK;7,83;0,000;0,000;20.02.2026 - 22:03:39;INCONTINENCIA;Securezza;PH-Protector Incont.;3002-PT Reserva;1001-Pharsana Maracay
50000921;SECUREZZA COMFORT M REG (6x6UN);1001;3010;PAK;1883,00;0,000;0,000;20.02.2026 - 22:03:39;INCONTINENCIA;Securezza;PH-Protector Incont.;3010-Retenido;1001-Pharsana Maracay
50000921;SECUREZZA COMFORT M REG (6x6UN);1001;3018;PAK;4,83;0,000;0,000;20.02.2026 - 22:03:39;INCONTINENCIA;Securezza;PH-Protector Incont.;3018-Rechazado;1001-Pharsana Maracay
50000921;SECUREZZA COMFORT M REG (6x6UN);1002;2000;PAK;0,00;373,000;0,000;20.02.2026 - 22:03:39;INCONTINENCIA;Securezza;PH-Protector Incont.;2000-Producción;1002-Pharsana Higienico
50000921;SECUREZZA COMFORT M REG (6x6UN);1002;3001;PAK;15,67;0,000;0,000;20.02.2026 - 22:03:39;INCONTINENCIA;Securezza;PH-Protector Incont.;3001-Muestras Gemelas;1002-Pharsana Higienico
50000922;SECUREZZA COMFORT L REG (6x6UN);1001;3000;PAK;737,00;0,000;0,000;20.02.2026 - 22:03:39;INCONTINENCIA;Securezza;PH-Protector Incont.;3000-ProdTerminado WM;1001-Pharsana Maracay
50000922;SECUREZZA COMFORT L REG (6x6UN);1001;3002;PAK;21,00;0,000;1,000;20.02.2026 - 22:03:39;INCONTINENCIA;Securezza;PH-Protector Incont.;3002-PT Reserva;1001-Pharsana Maracay
50000922;SECUREZZA COMFORT L REG (6x6UN);1001;3010;PAK;773,00;0,000;0,000;20.02.2026 - 22:03:39;INCONTINENCIA;Securezza;PH-Protector Incont.;3010-Retenido;1001-Pharsana Maracay
50000922;SECUREZZA COMFORT L REG (6x6UN);1001;3018;PAK;2,17;0,000;0,000;20.02.2026 - 22:03:39;INCONTINENCIA;Securezza;PH-Protector Incont.;3018-Rechazado;1001-Pharsana Maracay
50000922;SECUREZZA COMFORT L REG (6x6UN);1002;2000;PAK;0,00;888,000;0,000;20.02.2026 - 22:03:39;INCONTINENCIA;Securezza;PH-Protector Incont.;2000-Producción;1002-Pharsana Higienico
50000922;SECUREZZA COMFORT L REG (6x6UN);1002;2001;PAK;13,00;0,000;0,000;20.02.2026 - 22:03:39;INCONTINENCIA;Securezza;PH-Protector Incont.;2001-Retenido;1002-Pharsana Higienico
50000922;SECUREZZA COMFORT L REG (6x6UN);1002;3001;PAK;17,50;0,000;0,000;20.02.2026 - 22:03:39;INCONTINENCIA;Securezza;PH-Protector Incont.;3001-Muestras Gemelas;1002-Pharsana Higienico
50000927;CHICCO TH ORIGINAL 72P (16);1000;3001;CS;11,19;0,000;0,000;20.02.2026 - 22:03:39;TOALLAS HUMEDAS;Chicco;PH-TH Flow Pack;3001-Muestras Gemelas;1000-Pharsana Valencia
50000927;CHICCO TH ORIGINAL 72P (16);1001;3002;CS;0,00;0,000;23,938;20.02.2026 - 22:03:39;TOALLAS HUMEDAS;Chicco;PH-TH Flow Pack;3002-PT Reserva;1001-Pharsana Maracay
50000927;CHICCO TH ORIGINAL 72P (16);1001;3018;CS;30,69;0,000;0,000;20.02.2026 - 22:03:39;TOALLAS HUMEDAS;Chicco;PH-TH Flow Pack;3018-Rechazado;1001-Pharsana Maracay
50001187;CHICCO BS JABON LIQUIDO(10x450ML);1000;3001;CS;0,50;0,000;0,000;20.02.2026 - 22:03:39;HIGIENE PERSONAL;Chicco;PH-Jabón Líquido;3001-Muestras Gemelas;1000-Pharsana Valencia
50001187;CHICCO BS JABON LIQUIDO(10x450ML);1001;3000;CS;241,00;0,000;0,000;20.02.2026 - 22:03:39;HIGIENE PERSONAL;Chicco;PH-Jabón Líquido;3000-ProdTerminado WM;1001-Pharsana Maracay
50001187;CHICCO BS JABON LIQUIDO(10x450ML);1001;3002;CS;1,60;0,000;0,000;20.02.2026 - 22:03:39;HIGIENE PERSONAL;Chicco;PH-Jabón Líquido;3002-PT Reserva;1001-Pharsana Maracay
50001187;CHICCO BS JABON LIQUIDO(10x450ML);1001;3018;CS;0,40;0,000;0,000;20.02.2026 - 22:03:39;HIGIENE PERSONAL;Chicco;PH-Jabón Líquido;3018-Rechazado;1001-Pharsana Maracay
50001189;CHICCO BS JABON LIQUIDO(10x220ML);1000;3001;CS;2,10;0,000;0,000;20.02.2026 - 22:03:39;HIGIENE PERSONAL;Chicco;PH-Jabón Líquido;3001-Muestras Gemelas;1000-Pharsana Valencia
50001189;CHICCO BS JABON LIQUIDO(10x220ML);1000;3003;CS;979,00;0,000;0,000;20.02.2026 - 22:03:39;HIGIENE PERSONAL;Chicco;PH-Jabón Líquido;3003-PT Cuarentena;1000-Pharsana Valencia
50001189;CHICCO BS JABON LIQUIDO(10x220ML);1000;3017;CS;1,80;0,000;0,000;20.02.2026 - 22:03:39;HIGIENE PERSONAL;Chicco;PH-Jabón Líquido;3017-MG Microbilogia;1000-Pharsana Valencia
50001189;CHICCO BS JABON LIQUIDO(10x220ML);1001;3000;CS;114,00;0,000;0,000;20.02.2026 - 22:03:39;HIGIENE PERSONAL;Chicco;PH-Jabón Líquido;3000-ProdTerminado WM;1001-Pharsana Maracay
50001189;CHICCO BS JABON LIQUIDO(10x220ML);1001;3002;CS;0,50;0,000;0,000;20.02.2026 - 22:03:39;HIGIENE PERSONAL;Chicco;PH-Jabón Líquido;3002-PT Reserva;1001-Pharsana Maracay
50001189;CHICCO BS JABON LIQUIDO(10x220ML);1001;3004;CS;3,00;0,000;0,000;20.02.2026 - 22:03:39;HIGIENE PERSONAL;Chicco;PH-Jabón Líquido;3004-Devoluciones;1001-Pharsana Maracay
50001189;CHICCO BS JABON LIQUIDO(10x220ML);1001;3018;CS;1,50;0,000;0,000;20.02.2026 - 22:03:39;HIGIENE PERSONAL;Chicco;PH-Jabón Líquido;3018-Rechazado;1001-Pharsana Maracay
50001084;CHICCO BS TH ORIGINAL (48x24UN);1000;3000;CS;1294,00;0,000;0,000;20.02.2026 - 22:03:39;TOALLAS HUMEDAS;Chicco;PH-TH Travel Pack;3000-Prod. Terminado;1000-Pharsana Valencia
50001084;CHICCO BS TH ORIGINAL (48x24UN);1000;3001;CS;7,90;0,000;0,000;20.02.2026 - 22:03:39;TOALLAS HUMEDAS;Chicco;PH-TH Travel Pack;3001-Muestras Gemelas;1000-Pharsana Valencia
50001084;CHICCO BS TH ORIGINAL (48x24UN);1000;3010;CS;14,00;0,000;0,000;20.02.2026 - 22:03:39;TOALLAS HUMEDAS;Chicco;PH-TH Travel Pack;3010-Retenido;1000-Pharsana Valencia
50001084;CHICCO BS TH ORIGINAL (48x24UN);1000;3017;CS;1,29;0,000;0,000;20.02.2026 - 22:03:39;TOALLAS HUMEDAS;Chicco;PH-TH Travel Pack;3017-MG Microbilogia;1000-Pharsana Valencia
50001084;CHICCO BS TH ORIGINAL (48x24UN);1001;3000;CS;1250,00;234,000;0,000;20.02.2026 - 22:03:39;TOALLAS HUMEDAS;Chicco;PH-TH Travel Pack;3000-ProdTerminado WM;1001-Pharsana Maracay
50001084;CHICCO BS TH ORIGINAL (48x24UN);1001;3002;CS;11,65;0,000;0,000;20.02.2026 - 22:03:39;TOALLAS HUMEDAS;Chicco;PH-TH Travel Pack;3002-PT Reserva;1001-Pharsana Maracay
50001084;CHICCO BS TH ORIGINAL (48x24UN);1001;3004;CS;7,00;0,000;0,000;20.02.2026 - 22:03:39;TOALLAS HUMEDAS;Chicco;PH-TH Travel Pack;3004-Devoluciones;1001-Pharsana Maracay
50001084;CHICCO BS TH ORIGINAL (48x24UN);1001;3018;CS;0,69;0,000;0,000;20.02.2026 - 22:03:39;TOALLAS HUMEDAS;Chicco;PH-TH Travel Pack;3018-Rechazado;1001-Pharsana Maracay
50001088;FRIENDS PANTY MENSTRUAL TALLA M (8X3);1001;3000;CS;59,00;0,000;0,000;20.02.2026 - 22:03:39;INCONTINENCIA;Friends;PH-Panty Menstrual;3000-ProdTerminado WM;1001-Pharsana Maracay
50001088;FRIENDS PANTY MENSTRUAL TALLA M (8X3);1001;3002;CS;5,00;0,000;0,000;20.02.2026 - 22:03:39;INCONTINENCIA;Friends;PH-Panty Menstrual;3002-PT Reserva;1001-Pharsana Maracay
50001088;FRIENDS PANTY MENSTRUAL TALLA M (8X3);1001;3004;CS;1,00;0,000;0,000;20.02.2026 - 22:03:39;INCONTINENCIA;Friends;PH-Panty Menstrual;3004-Devoluciones;1001-Pharsana Maracay
50001091;FRIENDS PANTY MENSTRUAL TALLA M (COMPRA);1002;2001;PAK;26,00;0,000;0,000;20.02.2026 - 22:03:39;INCONTINENCIA;Securezza;PH-Pañal Pull Up;2001-Retenido;1002-Pharsana Higienico
50001101;CHICCO BS CHAMPU CABELLO CLARO(10x400ML);1000;3001;CS;2,30;0,000;0,000;20.02.2026 - 22:03:39;HIGIENE PERSONAL;Chicco;PH-Champú;3001-Muestras Gemelas;1000-Pharsana Valencia
50001101;CHICCO BS CHAMPU CABELLO CLARO(10x400ML);1001;3000;CS;628,00;0,000;0,000;20.02.2026 - 22:03:39;HIGIENE PERSONAL;Chicco;PH-Champú;3000-ProdTerminado WM;1001-Pharsana Maracay
50001101;CHICCO BS CHAMPU CABELLO CLARO(10x400ML);1001;3002;CS;1,40;0,000;0,000;20.02.2026 - 22:03:39;HIGIENE PERSONAL;Chicco;PH-Champú;3002-PT Reserva;1001-Pharsana Maracay
50001101;CHICCO BS CHAMPU CABELLO CLARO(10x400ML);1001;3018;CS;2,40;0,000;0,000;20.02.2026 - 22:03:39;HIGIENE PERSONAL;Chicco;PH-Champú;3018-Rechazado;1001-Pharsana Maracay
50001103;CHICCO PROMO TALCO 200G + 100G GRATIS;1001;3002;CS;0,75;0,000;0,000;20.02.2026 - 22:03:39;HIGIENE PERSONAL;Chicco;PH-Talco;3002-PT Reserva;1001-Pharsana Maracay
50001106;FRIENDS PD REGULAR S/P (12X40UN);1001;3000;PAK;1378,00;0,000;0,000;20.02.2026 - 22:03:39;ABSORBENTES FEMENINA;Friends;PH-Protector Diario;3000-ProdTerminado WM;1001-Pharsana Maracay
50001106;FRIENDS PD REGULAR S/P (12X40UN);1001;3002;PAK;4,33;0,000;0,000;20.02.2026 - 22:03:39;ABSORBENTES FEMENINA;Friends;PH-Protector Diario;3002-PT Reserva;1001-Pharsana Maracay
50001106;FRIENDS PD REGULAR S/P (12X40UN);1001;3004;PAK;1,00;0,000;0,000;20.02.2026 - 22:03:39;ABSORBENTES FEMENINA;Friends;PH-Protector Diario;3004-Devoluciones;1001-Pharsana Maracay
50001106;FRIENDS PD REGULAR S/P (12X40UN);1002;3001;PAK;4,75;0,000;0,000;20.02.2026 - 22:03:39;ABSORBENTES FEMENINA;Friends;PH-Protector Diario;3001-Muestras Gemelas;1002-Pharsana Higienico
50001107;FRIENDS PD REGULAR S/P (12X60UN);1001;3000;PAK;398,00;0,000;0,000;20.02.2026 - 22:03:39;ABSORBENTES FEMENINA;Friends;PH-Protector Diario;3000-ProdTerminado WM;1001-Pharsana Maracay
50001107;FRIENDS PD REGULAR S/P (12X60UN);1001;3002;PAK;3,58;0,000;0,000;20.02.2026 - 22:03:39;ABSORBENTES FEMENINA;Friends;PH-Protector Diario;3002-PT Reserva;1001-Pharsana Maracay
50001107;FRIENDS PD REGULAR S/P (12X60UN);1001;3010;PAK;600,00;0,000;0,000;20.02.2026 - 22:03:39;ABSORBENTES FEMENINA;Friends;PH-Protector Diario;3010-Retenido;1001-Pharsana Maracay
50001107;FRIENDS PD REGULAR S/P (12X60UN);1001;3018;PAK;1,00;0,000;0,000;20.02.2026 - 22:03:39;ABSORBENTES FEMENINA;Friends;PH-Protector Diario;3018-Rechazado;1001-Pharsana Maracay
50001107;FRIENDS PD REGULAR S/P (12X60UN);1002;3001;PAK;4,00;0,000;0,000;20.02.2026 - 22:03:39;ABSORBENTES FEMENINA;Friends;PH-Protector Diario;3001-Muestras Gemelas;1002-Pharsana Higienico
50001110;FRIENDS PD MANZANILLA (12X40UN);1001;3000;PAK;97,00;0,000;0,000;20.02.2026 - 22:03:39;ABSORBENTES FEMENINA;Friends;PH-Protector Diario;3000-ProdTerminado WM;1001-Pharsana Maracay
50001110;FRIENDS PD MANZANILLA (12X40UN);1001;3002;PAK;3,00;0,000;0,000;20.02.2026 - 22:03:39;ABSORBENTES FEMENINA;Friends;PH-Protector Diario;3002-PT Reserva;1001-Pharsana Maracay
50001110;FRIENDS PD MANZANILLA (12X40UN);1001;3004;PAK;2,00;0,000;0,000;20.02.2026 - 22:03:39;ABSORBENTES FEMENINA;Friends;PH-Protector Diario;3004-Devoluciones;1001-Pharsana Maracay
50001110;FRIENDS PD MANZANILLA (12X40UN);1001;3010;PAK;70,00;0,000;0,000;20.02.2026 - 22:03:39;ABSORBENTES FEMENINA;Friends;PH-Protector Diario;3010-Retenido;1001-Pharsana Maracay
50001110;FRIENDS PD MANZANILLA (12X40UN);1002;3001;PAK;2,17;0,000;0,000;20.02.2026 - 22:03:39;ABSORBENTES FEMENINA;Friends;PH-Protector Diario;3001-Muestras Gemelas;1002-Pharsana Higienico
50001169;FRIENDS PD LONG (24X20UN);1001;3000;PAK;124,00;0,000;0,000;20.02.2026 - 22:03:39;ABSORBENTES FEMENINA;Friends;PH-Protector Diario;3000-ProdTerminado WM;1001-Pharsana Maracay
50001169;FRIENDS PD LONG (24X20UN);1001;3002;PAK;1,00;0,000;0,000;20.02.2026 - 22:03:39;ABSORBENTES FEMENINA;Friends;PH-Protector Diario;3002-PT Reserva;1001-Pharsana Maracay
50001169;FRIENDS PD LONG (24X20UN);1002;2001;PAK;102,00;0,000;0,000;20.02.2026 - 22:03:39;ABSORBENTES FEMENINA;Friends;PH-Protector Diario;2001-Retenido;1002-Pharsana Higienico
50001169;FRIENDS PD LONG (24X20UN);1002;3001;PAK;0,79;0,000;0,000;20.02.2026 - 22:03:39;ABSORBENTES FEMENINA;Friends;PH-Protector Diario;3001-Muestras Gemelas;1002-Pharsana Higienico
50001072;AMY SEC TH 99% AGUA (20x48UN);1000;3000;CS;1130,00;0,000;0,450;20.02.2026 - 22:03:39;TOALLAS HUMEDAS;Amy;PH-TH Flow Pack;3000-Prod. Terminado;1000-Pharsana Valencia
50001072;AMY SEC TH 99% AGUA (20x48UN);1000;3001;CS;7,70;0,750;0,000;20.02.2026 - 22:03:39;TOALLAS HUMEDAS;Amy;PH-TH Flow Pack;3001-Muestras Gemelas;1000-Pharsana Valencia
50001072;AMY SEC TH 99% AGUA (20x48UN);1000;3017;CS;1,10;0,000;0,000;20.02.2026 - 22:03:39;TOALLAS HUMEDAS;Amy;PH-TH Flow Pack;3017-MG Microbilogia;1000-Pharsana Valencia
50001072;AMY SEC TH 99% AGUA (20x48UN);1001;3000;CS;1346,00;0,000;0,000;20.02.2026 - 22:03:39;TOALLAS HUMEDAS;Amy;PH-TH Flow Pack;3000-ProdTerminado WM;1001-Pharsana Maracay
50001072;AMY SEC TH 99% AGUA (20x48UN);1001;3002;CS;9,80;0,000;0,000;20.02.2026 - 22:03:39;TOALLAS HUMEDAS;Amy;PH-TH Flow Pack;3002-PT Reserva;1001-Pharsana Maracay
50001072;AMY SEC TH 99% AGUA (20x48UN);1001;3018;CS;2,05;0,000;0,000;20.02.2026 - 22:03:39;TOALLAS HUMEDAS;Amy;PH-TH Flow Pack;3018-Rechazado;1001-Pharsana Maracay
50001073;CHICCO KIT CHAMP MANZ COLON ACEI CR 200;1001;3002;CS;8,00;0,000;0,000;20.02.2026 - 22:03:39;HIGIENE PERSONAL;Chicco;PH- Kit Cosmética;3002-PT Reserva;1001-Pharsana Maracay
50001074;CHICCO KIT CHAMPU ORI LOCION COLONIA 200;1001;3002;CS;2,63;0,000;0,000;20.02.2026 - 22:03:39;HIGIENE PERSONAL;Chicco;PH- Kit Cosmética;3002-PT Reserva;1001-Pharsana Maracay
50001075;CHICCO KIT CHAMP ORG COLON COTON TH 100;1001;3002;CS;5,00;0,000;0,000;20.02.2026 - 22:03:39;HIGIENE PERSONAL;Chicco;PH- Kit Cosmética;3002-PT Reserva;1001-Pharsana Maracay
50001078;SECUREZZA PANTS XL (8X10);1001;3002;PAK;6,38;0,000;0,000;20.02.2026 - 22:03:39;INCONTINENCIA;Securezza;PH-Pañal Pull Up;3002-PT Reserva;1001-Pharsana Maracay
50001078;SECUREZZA PANTS XL (8X10);1001;3010;PAK;598,00;0,000;0,000;20.02.2026 - 22:03:39;INCONTINENCIA;Securezza;PH-Pañal Pull Up;3010-Retenido;1001-Pharsana Maracay
50001078;SECUREZZA PANTS XL (8X10);1001;3018;PAK;0,63;0,000;0,000;20.02.2026 - 22:03:39;INCONTINENCIA;Securezza;PH-Pañal Pull Up;3018-Rechazado;1001-Pharsana Maracay
50001079;AMY SEC TH 99% AGUA (48x24UN);1000;3000;CS;675,00;0,000;0,438;20.02.2026 - 22:03:39;TOALLAS HUMEDAS;Amy;PH-TH Travel Pack;3000-Prod. Terminado;1000-Pharsana Valencia
50001079;AMY SEC TH 99% AGUA (48x24UN);1000;3001;CS;5,88;0,792;0,000;20.02.2026 - 22:03:39;TOALLAS HUMEDAS;Amy;PH-TH Travel Pack;3001-Muestras Gemelas;1000-Pharsana Valencia
50001079;AMY SEC TH 99% AGUA (48x24UN);1000;3003;CS;326,00;0,000;0,000;20.02.2026 - 22:03:39;TOALLAS HUMEDAS;Amy;PH-TH Travel Pack;3003-PT Cuarentena;1000-Pharsana Valencia
50001079;AMY SEC TH 99% AGUA (48x24UN);1000;3017;CS;1,38;0,250;0,000;20.02.2026 - 22:03:39;TOALLAS HUMEDAS;Amy;PH-TH Travel Pack;3017-MG Microbilogia;1000-Pharsana Valencia
50001079;AMY SEC TH 99% AGUA (48x24UN);1001;3000;CS;1211,00;261,000;0,000;20.02.2026 - 22:03:39;TOALLAS HUMEDAS;Amy;PH-TH Travel Pack;3000-ProdTerminado WM;1001-Pharsana Maracay
50001079;AMY SEC TH 99% AGUA (48x24UN);1001;3002;CS;20,83;0,000;0,000;20.02.2026 - 22:03:39;TOALLAS HUMEDAS;Amy;PH-TH Travel Pack;3002-PT Reserva;1001-Pharsana Maracay
50001079;AMY SEC TH 99% AGUA (48x24UN);1001;3004;CS;7,00;0,000;0,000;20.02.2026 - 22:03:39;TOALLAS HUMEDAS;Amy;PH-TH Travel Pack;3004-Devoluciones;1001-Pharsana Maracay
50001079;AMY SEC TH 99% AGUA (48x24UN);1001;3018;CS;0,31;0,000;0,000;20.02.2026 - 22:03:39;TOALLAS HUMEDAS;Amy;PH-TH Travel Pack;3018-Rechazado;1001-Pharsana Maracay
50001086;FRIENDS PANTY MENSTRUAL TALLA S (8X3);1001;3000;CS;40,00;0,000;0,000;20.02.2026 - 22:03:39;INCONTINENCIA;Friends;PH-Panty Menstrual;3000-ProdTerminado WM;1001-Pharsana Maracay
50001086;FRIENDS PANTY MENSTRUAL TALLA S (8X3);1001;3002;CS;2,75;0,000;0,125;20.02.2026 - 22:03:39;INCONTINENCIA;Friends;PH-Panty Menstrual;3002-PT Reserva;1001-Pharsana Maracay
50001089;FRIENDS PANTY MENSTRUAL TALLA L (8X3);1001;3000;CS;37,00;0,000;0,000;20.02.2026 - 22:03:39;INCONTINENCIA;Friends;PH-Panty Menstrual;3000-ProdTerminado WM;1001-Pharsana Maracay
50001089;FRIENDS PANTY MENSTRUAL TALLA L (8X3);1001;3002;CS;4,63;0,000;0,000;20.02.2026 - 22:03:39;INCONTINENCIA;Friends;PH-Panty Menstrual;3002-PT Reserva;1001-Pharsana Maracay
50001089;FRIENDS PANTY MENSTRUAL TALLA L (8X3);1001;3004;CS;1,00;0,000;0,000;20.02.2026 - 22:03:39;INCONTINENCIA;Friends;PH-Panty Menstrual;3004-Devoluciones;1001-Pharsana Maracay
50001089;FRIENDS PANTY MENSTRUAL TALLA L (8X3);1001;3018;CS;0,13;0,000;0,000;20.02.2026 - 22:03:39;INCONTINENCIA;Friends;PH-Panty Menstrual;3018-Rechazado;1001-Pharsana Maracay
50001090;FRIENDS PANTY MENSTRUAL TALLA S (COMPRA);1002;2001;PAK;2,00;0,000;0,000;20.02.2026 - 22:03:39;INCONTINENCIA;Securezza;PH-Pañal Pull Up;2001-Retenido;1002-Pharsana Higienico
50001092;FRIENDS PANTY MENSTRUAL TALLA L (COMPRA);1002;2001;PAK;10,00;0,000;0,000;20.02.2026 - 22:03:39;INCONTINENCIA;Securezza;PH-Pañal Pull Up;2001-Retenido;1002-Pharsana Higienico
50001095;SECUREZZA PANTS M (8X10);1001;3000;PAK;430,00;0,000;0,000;20.02.2026 - 22:03:39;INCONTINENCIA;Securezza;PH-Pañal Pull Up;3000-ProdTerminado WM;1001-Pharsana Maracay
50001095;SECUREZZA PANTS M (8X10);1001;3002;PAK;2,25;0,000;0,000;20.02.2026 - 22:03:39;INCONTINENCIA;Securezza;PH-Pañal Pull Up;3002-PT Reserva;1001-Pharsana Maracay
50001095;SECUREZZA PANTS M (8X10);1001;3010;PAK;536,00;0,000;0,000;20.02.2026 - 22:03:39;INCONTINENCIA;Securezza;PH-Pañal Pull Up;3010-Retenido;1001-Pharsana Maracay
50001095;SECUREZZA PANTS M (8X10);1001;3018;PAK;1,75;0,000;0,000;20.02.2026 - 22:03:39;INCONTINENCIA;Securezza;PH-Pañal Pull Up;3018-Rechazado;1001-Pharsana Maracay
50001097;SECUREZZA PANTS L (8X10);1001;3002;PAK;2,25;0,000;0,000;20.02.2026 - 22:03:39;INCONTINENCIA;Securezza;PH-Pañal Pull Up;3002-PT Reserva;1001-Pharsana Maracay
50001097;SECUREZZA PANTS L (8X10);1001;3010;PAK;856,00;0,000;0,000;20.02.2026 - 22:03:39;INCONTINENCIA;Securezza;PH-Pañal Pull Up;3010-Retenido;1001-Pharsana Maracay
50001097;SECUREZZA PANTS L (8X10);1001;3018;PAK;1,88;0,000;0,000;20.02.2026 - 22:03:39;INCONTINENCIA;Securezza;PH-Pañal Pull Up;3018-Rechazado;1001-Pharsana Maracay
50001100;CHICCO BS CHAMPU CABELLONORMAL(10x400ML);1000;3001;CS;2,20;0,000;0,000;20.02.2026 - 22:03:39;HIGIENE PERSONAL;Chicco;PH-Champú;3001-Muestras Gemelas;1000-Pharsana Valencia
50001100;CHICCO BS CHAMPU CABELLONORMAL(10x400ML);1001;3000;CS;1274,00;3,000;0,000;20.02.2026 - 22:03:39;HIGIENE PERSONAL;Chicco;PH-Champú;3000-ProdTerminado WM;1001-Pharsana Maracay
50001100;CHICCO BS CHAMPU CABELLONORMAL(10x400ML);1001;3002;CS;7,00;0,000;0,000;20.02.2026 - 22:03:39;HIGIENE PERSONAL;Chicco;PH-Champú;3002-PT Reserva;1001-Pharsana Maracay
50001100;CHICCO BS CHAMPU CABELLONORMAL(10x400ML);1001;3004;CS;2,00;0,000;0,000;20.02.2026 - 22:03:39;HIGIENE PERSONAL;Chicco;PH-Champú;3004-Devoluciones;1001-Pharsana Maracay
50001100;CHICCO BS CHAMPU CABELLONORMAL(10x400ML);1001;3018;CS;3,20;0,000;0,000;20.02.2026 - 22:03:39;HIGIENE PERSONAL;Chicco;PH-Champú;3018-Rechazado;1001-Pharsana Maracay
50001102;CHICCO BS CHAMPU CABELLOOSCURO(10x400ML);1000;3001;CS;1,30;0,000;0,000;20.02.2026 - 22:03:39;HIGIENE PERSONAL;Chicco;PH-Champú;3001-Muestras Gemelas;1000-Pharsana Valencia
50001108;FRIENDS TS XTREME SEC REGULAR (12x14UN);1001;3000;PAK;548,00;0,000;0,000;20.02.2026 - 22:03:39;ABSORBENTES FEMENINA;Friends;PH-Toalla Sanitaria;3000-ProdTerminado WM;1001-Pharsana Maracay
50001108;FRIENDS TS XTREME SEC REGULAR (12x14UN);1001;3002;PAK;5,08;0,000;0,000;20.02.2026 - 22:03:39;ABSORBENTES FEMENINA;Friends;PH-Toalla Sanitaria;3002-PT Reserva;1001-Pharsana Maracay
50001108;FRIENDS TS XTREME SEC REGULAR (12x14UN);1001;3004;PAK;1,00;0,000;0,000;20.02.2026 - 22:03:39;ABSORBENTES FEMENINA;Friends;PH-Toalla Sanitaria;3004-Devoluciones;1001-Pharsana Maracay
50001108;FRIENDS TS XTREME SEC REGULAR (12x14UN);1001;3018;PAK;0,08;0,000;0,000;20.02.2026 - 22:03:39;ABSORBENTES FEMENINA;Friends;PH-Toalla Sanitaria;3018-Rechazado;1001-Pharsana Maracay
50001108;FRIENDS TS XTREME SEC REGULAR (12x14UN);1002;3001;PAK;3,25;0,000;0,000;20.02.2026 - 22:03:39;ABSORBENTES FEMENINA;Friends;PH-Toalla Sanitaria;3001-Muestras Gemelas;1002-Pharsana Higienico
50001109;FRIENDS TS TELA REGULAR (12x14UN);1001;3000;PAK;976,00;0,000;0,000;20.02.2026 - 22:03:39;ABSORBENTES FEMENINA;Friends;PH-Toalla Sanitaria;3000-ProdTerminado WM;1001-Pharsana Maracay
50001109;FRIENDS TS TELA REGULAR (12x14UN);1001;3002;PAK;1,50;0,000;0,000;20.02.2026 - 22:03:39;ABSORBENTES FEMENINA;Friends;PH-Toalla Sanitaria;3002-PT Reserva;1001-Pharsana Maracay
50001109;FRIENDS TS TELA REGULAR (12x14UN);1001;3004;PAK;1,00;0,000;0,000;20.02.2026 - 22:03:39;ABSORBENTES FEMENINA;Friends;PH-Toalla Sanitaria;3004-Devoluciones;1001-Pharsana Maracay
50001109;FRIENDS TS TELA REGULAR (12x14UN);1001;3018;PAK;0,08;0,000;0,000;20.02.2026 - 22:03:39;ABSORBENTES FEMENINA;Friends;PH-Toalla Sanitaria;3018-Rechazado;1001-Pharsana Maracay
50001109;FRIENDS TS TELA REGULAR (12x14UN);1002;3001;PAK;4,42;0,000;0,000;20.02.2026 - 22:03:39;ABSORBENTES FEMENINA;Friends;PH-Toalla Sanitaria;3001-Muestras Gemelas;1002-Pharsana Higienico
50001111;FRIENDS TS NOCTURNA SIN ALAS (12x10UN);1001;3000;PAK;1429,00;0,000;0,000;20.02.2026 - 22:03:39;ABSORBENTES FEMENINA;Friends;PH-Toalla Sanitaria;3000-ProdTerminado WM;1001-Pharsana Maracay
50001111;FRIENDS TS NOCTURNA SIN ALAS (12x10UN);1001;3002;PAK;5,83;0,000;0,000;20.02.2026 - 22:03:39;ABSORBENTES FEMENINA;Friends;PH-Toalla Sanitaria;3002-PT Reserva;1001-Pharsana Maracay
50001111;FRIENDS TS NOCTURNA SIN ALAS (12x10UN);1001;3004;PAK;1,00;0,000;0,000;20.02.2026 - 22:03:39;ABSORBENTES FEMENINA;Friends;PH-Toalla Sanitaria;3004-Devoluciones;1001-Pharsana Maracay
50001111;FRIENDS TS NOCTURNA SIN ALAS (12x10UN);1001;3018;PAK;0,33;0,000;0,083;20.02.2026 - 22:03:39;ABSORBENTES FEMENINA;Friends;PH-Toalla Sanitaria;3018-Rechazado;1001-Pharsana Maracay
50001111;FRIENDS TS NOCTURNA SIN ALAS (12x10UN);1002;3001;PAK;4,75;0,000;0,000;20.02.2026 - 22:03:39;ABSORBENTES FEMENINA;Friends;PH-Toalla Sanitaria;3001-Muestras Gemelas;1002-Pharsana Higienico
50001113;ACTIVA SEC PERD. ABUNDANTE(6x20UN) PROMO;1001;3000;PAK;237,00;0,000;0,000;20.02.2026 - 22:03:39;INCONTINENCIA;Activa;PH-Toalla Incontinen;3000-ProdTerminado WM;1001-Pharsana Maracay
50001113;ACTIVA SEC PERD. ABUNDANTE(6x20UN) PROMO;1001;3002;PAK;2,00;0,000;0,000;20.02.2026 - 22:03:39;INCONTINENCIA;Activa;PH-Toalla Incontinen;3002-PT Reserva;1001-Pharsana Maracay
50001113;ACTIVA SEC PERD. ABUNDANTE(6x20UN) PROMO;1001;3018;PAK;0,50;0,000;0,000;20.02.2026 - 22:03:39;INCONTINENCIA;Activa;PH-Toalla Incontinen;3018-Rechazado;1001-Pharsana Maracay
50001116;ACTIVA SEC PD PERD OCAS PROMO (6X80UN);1001;3000;PAK;714,00;0,000;0,000;20.02.2026 - 22:03:39;ABSORBENTES FEMENINA;Activa;PH-Protector Diario;3000-ProdTerminado WM;1001-Pharsana Maracay
50001116;ACTIVA SEC PD PERD OCAS PROMO (6X80UN);1001;3002;PAK;18,50;0,000;0,000;20.02.2026 - 22:03:39;ABSORBENTES FEMENINA;Activa;PH-Protector Diario;3002-PT Reserva;1001-Pharsana Maracay
50001116;ACTIVA SEC PD PERD OCAS PROMO (6X80UN);1001;3004;PAK;1,00;0,000;0,000;20.02.2026 - 22:03:39;ABSORBENTES FEMENINA;Activa;PH-Protector Diario;3004-Devoluciones;1001-Pharsana Maracay
50001116;ACTIVA SEC PD PERD OCAS PROMO (6X80UN);1001;3018;PAK;0,67;0,000;0,000;20.02.2026 - 22:03:39;ABSORBENTES FEMENINA;Activa;PH-Protector Diario;3018-Rechazado;1001-Pharsana Maracay
50001116;ACTIVA SEC PD PERD OCAS PROMO (6X80UN);1002;3001;PAK;0,33;0,000;0,000;20.02.2026 - 22:03:39;ABSORBENTES FEMENINA;Activa;PH-Protector Diario;3001-Muestras Gemelas;1002-Pharsana Higienico
50001117;ACTIVA ROPA INTERIOR DESECH S/M (4X10);1001;3002;PAK;2,75;0,000;0,000;20.02.2026 - 22:03:39;INCONTINENCIA;Activa;PH-Pañal Pull Up;3002-PT Reserva;1001-Pharsana Maracay
50001118;ACTIVA ROPA INTERIOR DESECH L/XL (4X10);1001;3002;PAK;1,50;0,000;0,000;20.02.2026 - 22:03:39;INCONTINENCIA;Activa;PH-Pañal Pull Up;3002-PT Reserva;1001-Pharsana Maracay
50001118;ACTIVA ROPA INTERIOR DESECH L/XL (4X10);1001;3018;PAK;0,50;0,000;0,000;20.02.2026 - 22:03:39;INCONTINENCIA;Activa;PH-Pañal Pull Up;3018-Rechazado;1001-Pharsana Maracay
50001123;FRIENDS JABON INTIMO (12x240ML);1000;3001;CS;2,75;0,000;0,000;20.02.2026 - 22:03:39;HIGIENE PERSONAL;Friends;PH-Jabón Líquido;3001-Muestras Gemelas;1000-Pharsana Valencia
50001123;FRIENDS JABON INTIMO (12x240ML);1001;3000;CS;240,00;0,000;0,000;20.02.2026 - 22:03:39;HIGIENE PERSONAL;Friends;PH-Jabón Líquido;3000-ProdTerminado WM;1001-Pharsana Maracay
50001123;FRIENDS JABON INTIMO (12x240ML);1001;3002;CS;1,00;0,000;0,000;20.02.2026 - 22:03:39;HIGIENE PERSONAL;Friends;PH-Jabón Líquido;3002-PT Reserva;1001-Pharsana Maracay
50001123;FRIENDS JABON INTIMO (12x240ML);1001;3004;CS;3,00;0,000;0,000;20.02.2026 - 22:03:39;HIGIENE PERSONAL;Friends;PH-Jabón Líquido;3004-Devoluciones;1001-Pharsana Maracay
50001123;FRIENDS JABON INTIMO (12x240ML);1001;3018;CS;1,67;0,000;0,000;20.02.2026 - 22:03:39;HIGIENE PERSONAL;Friends;PH-Jabón Líquido;3018-Rechazado;1001-Pharsana Maracay
50001124;CHICCO BS JABON LIQUIDO(10x400ML);1000;3001;CS;1,30;0,000;0,000;20.02.2026 - 22:03:39;HIGIENE PERSONAL;Chicco;PH-Jabón Líquido;3001-Muestras Gemelas;1000-Pharsana Valencia
50001124;CHICCO BS JABON LIQUIDO(10x400ML);1001;3000;CS;75,00;0,000;0,000;20.02.2026 - 22:03:39;HIGIENE PERSONAL;Chicco;PH-Jabón Líquido;3000-ProdTerminado WM;1001-Pharsana Maracay
50001124;CHICCO BS JABON LIQUIDO(10x400ML);1001;3002;CS;5,10;0,000;0,000;20.02.2026 - 22:03:39;HIGIENE PERSONAL;Chicco;PH-Jabón Líquido;3002-PT Reserva;1001-Pharsana Maracay
50001124;CHICCO BS JABON LIQUIDO(10x400ML);1001;3018;CS;8,70;0,000;0,000;20.02.2026 - 22:03:39;HIGIENE PERSONAL;Chicco;PH-Jabón Líquido;3018-Rechazado;1001-Pharsana Maracay
50001130;FRIENDS PD REGULAR S/P (24X20UN);1001;3000;PAK;472,00;0,000;0,000;20.02.2026 - 22:03:39;ABSORBENTES FEMENINA;Friends;PH-Protector Diario;3000-ProdTerminado WM;1001-Pharsana Maracay
50001130;FRIENDS PD REGULAR S/P (24X20UN);1001;3002;PAK;5,96;0,000;0,000;20.02.2026 - 22:03:39;ABSORBENTES FEMENINA;Friends;PH-Protector Diario;3002-PT Reserva;1001-Pharsana Maracay
50001130;FRIENDS PD REGULAR S/P (24X20UN);1001;3004;PAK;1,00;0,000;0,000;20.02.2026 - 22:03:39;ABSORBENTES FEMENINA;Friends;PH-Protector Diario;3004-Devoluciones;1001-Pharsana Maracay
50001130;FRIENDS PD REGULAR S/P (24X20UN);1001;3018;PAK;0,04;0,000;0,000;20.02.2026 - 22:03:39;ABSORBENTES FEMENINA;Friends;PH-Protector Diario;3018-Rechazado;1001-Pharsana Maracay
50001130;FRIENDS PD REGULAR S/P (24X20UN);1002;3001;PAK;0,63;0,000;0,000;20.02.2026 - 22:03:39;ABSORBENTES FEMENINA;Friends;PH-Protector Diario;3001-Muestras Gemelas;1002-Pharsana Higienico
50001102;CHICCO BS CHAMPU CABELLOOSCURO(10x400ML);1001;3000;CS;63,00;0,000;0,000;20.02.2026 - 22:03:39;HIGIENE PERSONAL;Chicco;PH-Champú;3000-ProdTerminado WM;1001-Pharsana Maracay
50001102;CHICCO BS CHAMPU CABELLOOSCURO(10x400ML);1001;3002;CS;0,70;0,000;0,000;20.02.2026 - 22:03:39;HIGIENE PERSONAL;Chicco;PH-Champú;3002-PT Reserva;1001-Pharsana Maracay
50001102;CHICCO BS CHAMPU CABELLOOSCURO(10x400ML);1001;3018;CS;0,40;0,000;0,000;20.02.2026 - 22:03:39;HIGIENE PERSONAL;Chicco;PH-Champú;3018-Rechazado;1001-Pharsana Maracay
50001133;FRIENDS PD MANZANILLA (24X20UN);1001;3000;PAK;248,00;0,000;0,000;20.02.2026 - 22:03:39;ABSORBENTES FEMENINA;Friends;PH-Protector Diario;3000-ProdTerminado WM;1001-Pharsana Maracay
50001133;FRIENDS PD MANZANILLA (24X20UN);1001;3002;PAK;2,54;0,000;0,000;20.02.2026 - 22:03:39;ABSORBENTES FEMENINA;Friends;PH-Protector Diario;3002-PT Reserva;1001-Pharsana Maracay
50001133;FRIENDS PD MANZANILLA (24X20UN);1001;3018;PAK;0,04;0,000;0,000;20.02.2026 - 22:03:39;ABSORBENTES FEMENINA;Friends;PH-Protector Diario;3018-Rechazado;1001-Pharsana Maracay
50001133;FRIENDS PD MANZANILLA (24X20UN);1002;3001;PAK;0,46;0,000;0,000;20.02.2026 - 22:03:39;ABSORBENTES FEMENINA;Friends;PH-Protector Diario;3001-Muestras Gemelas;1002-Pharsana Higienico
50001134;FRIENDS PD REGULAR S/P PROMO (12X60UN);1001;3000;PAK;746,00;0,000;0,000;20.02.2026 - 22:03:39;ABSORBENTES FEMENINA;Friends;PH-Protector Diario;3000-ProdTerminado WM;1001-Pharsana Maracay
50001134;FRIENDS PD REGULAR S/P PROMO (12X60UN);1001;3002;PAK;5,25;0,000;0,000;20.02.2026 - 22:03:39;ABSORBENTES FEMENINA;Friends;PH-Protector Diario;3002-PT Reserva;1001-Pharsana Maracay
50001134;FRIENDS PD REGULAR S/P PROMO (12X60UN);1001;3018;PAK;0,58;0,000;0,000;20.02.2026 - 22:03:39;ABSORBENTES FEMENINA;Friends;PH-Protector Diario;3018-Rechazado;1001-Pharsana Maracay
50001134;FRIENDS PD REGULAR S/P PROMO (12X60UN);1002;3001;PAK;1,75;0,000;0,000;20.02.2026 - 22:03:39;ABSORBENTES FEMENINA;Friends;PH-Protector Diario;3001-Muestras Gemelas;1002-Pharsana Higienico
50001136;LADYFACE DISCOS DE ALG (8x80UN)PROMO3x2;1000;3001;CS;2,63;0,000;0,000;20.02.2026 - 22:03:39;ALGODONES PT;Lady Face;PH-Cotton Round;3001-Muestras Gemelas;1000-Pharsana Valencia
50001136;LADYFACE DISCOS DE ALG (8x80UN)PROMO3x2;1001;3000;CS;140,00;0,000;0,000;20.02.2026 - 22:03:39;ALGODONES PT;Lady Face;PH-Cotton Round;3000-ProdTerminado WM;1001-Pharsana Maracay
50001137;LADY FACE DISCOS DE ALGODON (24x80UN);1000;3001;CS;2,38;1,125;0,000;20.02.2026 - 22:03:39;ALGODONES PT;Lady Face;PH-Cotton Round;3001-Muestras Gemelas;1000-Pharsana Valencia
50001137;LADY FACE DISCOS DE ALGODON (24x80UN);1000;3017;CS;1,96;0,000;0,000;20.02.2026 - 22:03:39;ALGODONES PT;Lady Face;PH-Cotton Round;3017-MG Microbilogia;1000-Pharsana Valencia
50001137;LADY FACE DISCOS DE ALGODON (24x80UN);1001;3000;CS;177,00;0,000;0,000;20.02.2026 - 22:03:39;ALGODONES PT;Lady Face;PH-Cotton Round;3000-ProdTerminado WM;1001-Pharsana Maracay
50001137;LADY FACE DISCOS DE ALGODON (24x80UN);1001;3002;CS;2,71;0,000;0,000;20.02.2026 - 22:03:39;ALGODONES PT;Lady Face;PH-Cotton Round;3002-PT Reserva;1001-Pharsana Maracay
50001137;LADY FACE DISCOS DE ALGODON (24x80UN);1001;3004;CS;0,17;0,000;0,000;20.02.2026 - 22:03:39;ALGODONES PT;Lady Face;PH-Cotton Round;3004-Devoluciones;1001-Pharsana Maracay
50001139;CHICCO PAÑAL DE NIÑO XXG REG (8X20UN);1001;3000;PAK;2330,00;0,000;0,000;20.02.2026 - 22:03:39;ABSORBENTES NIÑOS;Chicco;PH-Pañal Anatóm. T3;3000-ProdTerminado WM;1001-Pharsana Maracay
50001139;CHICCO PAÑAL DE NIÑO XXG REG (8X20UN);1001;3002;PAK;5,13;0,000;0,000;20.02.2026 - 22:03:39;ABSORBENTES NIÑOS;Chicco;PH-Pañal Anatóm. T3;3002-PT Reserva;1001-Pharsana Maracay
50001139;CHICCO PAÑAL DE NIÑO XXG REG (8X20UN);1001;3018;PAK;1,50;0,000;0,000;20.02.2026 - 22:03:39;ABSORBENTES NIÑOS;Chicco;PH-Pañal Anatóm. T3;3018-Rechazado;1001-Pharsana Maracay
50001139;CHICCO PAÑAL DE NIÑO XXG REG (8X20UN);1002;3001;PAK;3,38;0,000;0,000;20.02.2026 - 22:03:39;ABSORBENTES NIÑOS;Chicco;PH-Pañal Anatóm. T3;3001-Muestras Gemelas;1002-Pharsana Higienico
50000965;CHICCO BS LOCION (10x200ML);1001;;CS;0,00;0,000;0,000;20.02.2026 - 22:03:39;HIGIENE PERSONAL;Chicco;PH-Loción;-;1001-Pharsana Maracay
50000968;CHICCO BS JABON LIQUIDO(10x200ML);1001;;CS;0,00;0,000;0,000;20.02.2026 - 22:03:39;HIGIENE PERSONAL;Chicco;PH-Jabón Líquido;-;1001-Pharsana Maracay
50000969;CHICCO BS TALCO (24x200G);1001;;CS;0,00;0,000;0,000;20.02.2026 - 22:03:39;HIGIENE PERSONAL;Chicco;PH-Talco;-;1001-Pharsana Maracay
50000974;CHICCO BS TH ORIGINAL (24x72UN);1001;;CS;0,00;0,000;0,000;20.02.2026 - 22:03:39;TOALLAS HUMEDAS;Chicco;PH-TH Flow Pack;-;1001-Pharsana Maracay
50000975;CHICCO BS TH ORIGINAL (20x48UN);1001;;CS;0,00;0,000;0,000;20.02.2026 - 22:03:39;TOALLAS HUMEDAS;Chicco;PH-TH Flow Pack;-;1001-Pharsana Maracay
50000976;CHICCO TH ORIGINAL 24UN;1001;;CS;0,00;0,000;0,000;20.02.2026 - 22:03:39;TOALLAS HUMEDAS;Chicco;PH-TH Flow Pack;-;1001-Pharsana Maracay
50001024;CHICCO BS COTONCITO (48x60UN);1001;;CS;0,00;0,000;0,000;20.02.2026 - 22:03:39;ALGODONES PT;Chicco;PH-Hisopos;-;1001-Pharsana Maracay
50001045;CHICCO BS TALCO (24x100G);1001;;CS;0,00;0,000;0,000;20.02.2026 - 22:03:39;HIGIENE PERSONAL;Chicco;PH-Talco;-;1001-Pharsana Maracay
50001054;CHICCO BS MOTAS ALG (12x100UN) PROMO;1001;;CS;0,00;0,000;0,000;20.02.2026 - 22:03:39;ALGODONES PT;Chicco;PH-Motas De Algodón;-;1001-Pharsana Maracay
50000024;CHICCO TH ANTIBACT MANOS Y ROSTRO 15P;1001;;CS;0,00;0,000;0,000;20.02.2026 - 22:03:39;TOALLAS HUMEDAS;Chicco;PH-TH Travel Pack;-;1001-Pharsana Maracay
50000030;CHICCO COTONCITO 60P;1001;;CS;0,00;0,000;0,000;20.02.2026 - 22:03:39;ALGODONES PT;Chicco;PH-Hisopos;-;1001-Pharsana Maracay
50000034;CHICCO CREMA PROTECTORA TARRO 130G;1001;;CS;0,00;0,000;0,000;20.02.2026 - 22:03:39;HIGIENE PERSONAL;Chicco;PH-Crema Protectoras;-;1001-Pharsana Maracay
50000007;CHICCO MOTAS DE ALGODON 50P;1001;;CS;0,00;0,000;0,000;20.02.2026 - 22:03:39;ALGODONES PT;Chicco;PH-Motas De Algodón;-;1001-Pharsana Maracay
50000010;CHICCO MOTAS DE ALGODON (12x100UN);1001;;CS;0,00;0,000;0,000;20.02.2026 - 22:03:39;ALGODONES PT;Chicco;PH-Motas De Algodón;-;1001-Pharsana Maracay
50000038;CHICCO PIEL SENSIBLE COLONIA 200CC;1001;;CS;0,00;0,000;0,000;20.02.2026 - 22:03:39;HIGIENE PERSONAL;Chicco;PH-Colonia;-;1001-Pharsana Maracay
50000042;LADYFACE TH HIDRATANTES 24P;1001;;CS;0,00;0,000;0,000;20.02.2026 - 22:03:39;TOALLAS HUMEDAS;Lady Face;PH-TH Travel Pack;-;1001-Pharsana Maracay
50000064;CHICCO LOCION 100CC;1001;;CS;0,00;0,000;0,000;20.02.2026 - 22:03:39;HIGIENE PERSONAL;Chicco;PH-Loción;-;1001-Pharsana Maracay
50000067;CHICCO CHAMPU MANZANILLA 100CC;1001;;CS;0,00;0,000;0,000;20.02.2026 - 22:03:39;HIGIENE PERSONAL;Chicco;PH-Champú;-;1001-Pharsana Maracay
50000071;CHICCO TALCO 100G;1001;;CS;0,00;0,000;0,000;20.02.2026 - 22:03:39;HIGIENE PERSONAL;Chicco;PH-Talco;-;1001-Pharsana Maracay
50000072;AMY SEC TH MANZANILLA 72P;1001;;CS;0,00;0,000;0,000;20.02.2026 - 22:03:39;TOALLAS HUMEDAS;Amy;PH-TH Flow Pack;-;1001-Pharsana Maracay
50000107;CHICCO TALCO 200G;1001;;CS;0,00;0,000;0,000;20.02.2026 - 22:03:39;HIGIENE PERSONAL;Chicco;PH-Talco;-;1001-Pharsana Maracay
50000110;FAO HISOPOS TARRO 100P;1001;;CS;0,00;0,000;0,000;20.02.2026 - 22:03:39;ALGODONES PT;Fao;PH-Hisopos;-;1001-Pharsana Maracay
50000089;CHICCO PIEL SENSIBLE TH 24P;1001;;CS;0,00;0,000;0,000;20.02.2026 - 22:03:39;TOALLAS HUMEDAS;Chicco;PH-TH Flow Pack;-;1001-Pharsana Maracay
50000097;CHICCO CHAMPU MIEL 400 CC;1001;;CS;0,00;0,000;0,000;20.02.2026 - 22:03:39;HIGIENE PERSONAL;Chicco;PH-Champú;-;1001-Pharsana Maracay
50000098;CHICCO CHAMPU ORIGINAL 400CC;1001;;CS;0,00;0,000;0,000;20.02.2026 - 22:03:39;HIGIENE PERSONAL;Chicco;PH-Champú;-;1001-Pharsana Maracay
50000099;CHICCO CHAMPU MANZANILLA 400CC;1001;;CS;0,00;0,000;0,000;20.02.2026 - 22:03:39;HIGIENE PERSONAL;Chicco;PH-Champú;-;1001-Pharsana Maracay
50000103;CHICCO TH ORIGINAL 72P;1001;;CS;0,00;0,000;0,000;20.02.2026 - 22:03:39;TOALLAS HUMEDAS;Chicco;PH-TH Travel Pack;-;1001-Pharsana Maracay
50000106;AMY TALCO PARA BEBES (24x200G);1001;;CS;0,00;0,000;0,000;20.02.2026 - 22:03:39;HIGIENE PERSONAL;Amy;PH-Talco;-;1001-Pharsana Maracay
50000117;AMY DISCOS DE ALGODON 80P;1001;;CS;0,00;0,000;0,000;20.02.2026 - 22:03:39;ALGODONES PT;Amy;PH-Cotton Round;-;1001-Pharsana Maracay
50000121;AMY MOTAS DE ALGODON 100P;1001;;CS;0,00;0,000;0,000;20.02.2026 - 22:03:39;ALGODONES PT;Amy;PH-Motas De Algodón;-;1001-Pharsana Maracay
50000150;AMY GEL ANTIBACTERIAL 100CC;1001;;CS;0,00;0,000;0,000;20.02.2026 - 22:03:39;HIGIENE PERSONAL;Amy;PH-Gel Antibacterial;-;1001-Pharsana Maracay
50000234;GRANDES TALCO PARA PIES 150G;1001;;CS;0,00;0,000;0,000;20.02.2026 - 22:03:39;HIGIENE PERSONAL;Grandes;PH-Talco;-;1001-Pharsana Maracay
50000185;CHICCO COLONIA BOT TRANSP 100CC;1001;;CS;0,00;0,000;0,000;20.02.2026 - 22:03:39;HIGIENE PERSONAL;Chicco;PH-Colonia;-;1001-Pharsana Maracay
50000252;CHICCO GEL ANTIBACTERIAL 100CC;1001;;CS;0,00;0,000;0,000;20.02.2026 - 22:03:39;HIGIENE PERSONAL;Chicco;PH-Gel Antibacterial;-;1001-Pharsana Maracay
50000263;NEW AGE SPLASH VITAL THERAPY 240CC;1001;;CS;0,00;0,000;0,000;20.02.2026 - 22:03:39;HIGIENE PERSONAL;New Age;PH-Splash;-;1001-Pharsana Maracay
50000264;NEW AGE SPLASH SUNSET  DREAMS 240CC;1001;;CS;0,00;0,000;0,000;20.02.2026 - 22:03:39;HIGIENE PERSONAL;New Age;PH-Splash;-;1001-Pharsana Maracay
50000268;NEW AGE SHOWER GEL SUNSET DREAMS 350CC;1001;;CS;0,00;0,000;0,000;20.02.2026 - 22:03:39;HIGIENE PERSONAL;New Age;PH-Gel Ducha;-;1001-Pharsana Maracay
50000431;LADYFACE TH SACHET DESMAQ MIRTILO 20P;1001;;CS;0,00;0,000;0,000;20.02.2026 - 22:03:39;TOALLAS HUMEDAS;Lady Face;PH-TH Sachet;-;1001-Pharsana Maracay
50000443;AMY HISOPOS (48x60UN);1001;;CS;0,00;0,000;0,000;20.02.2026 - 22:03:39;ALGODONES PT;Amy;PH-Hisopos;-;1001-Pharsana Maracay
50000404;CHICCO TH ORIGINAL TRAVEL PACK 10P;1001;;CS;0,00;0,000;0,000;20.02.2026 - 22:03:39;TOALLAS HUMEDAS;Chicco;PH-TH Travel Pack;-;1001-Pharsana Maracay
50000405;CHICCO TH NARIZ Y ROSTRO 15P;1001;;CS;0,00;0,000;0,000;20.02.2026 - 22:03:39;TOALLAS HUMEDAS;Chicco;PH-TH Travel Pack;-;1001-Pharsana Maracay
50000412;LADYFACE TH DESM EXTRACTO DE ROSAS 24P;1001;;CS;0,00;0,000;0,000;20.02.2026 - 22:03:39;TOALLAS HUMEDAS;Lady Face;PH-TH Flow Pack;-;1001-Pharsana Maracay
50000532;AMY CHAMPU PARA BEBES (10x200ML);1001;;CS;0,00;0,000;0,000;20.02.2026 - 22:03:39;HIGIENE PERSONAL;Amy;PH-Champú;-;1001-Pharsana Maracay
50000495;AMY LOCION PARA BEBES (10x200ML);1001;;CS;0,00;0,000;0,000;20.02.2026 - 22:03:39;HIGIENE PERSONAL;Amy;PH-Loción;-;1001-Pharsana Maracay
50000986;CHICCO BS CHAMPU CABELLOOSCURO(10x200ML);1001;;CS;0,00;0,000;0,000;20.02.2026 - 22:03:39;HIGIENE PERSONAL;Chicco;PH-Champú;-;1001-Pharsana Maracay
50001002;CHICCO BS CREMA PROTECTORA (16x80G);1001;;CS;0,00;0,000;0,000;20.02.2026 - 22:03:39;HIGIENE PERSONAL;Chicco;PH-Crema Protectoras;-;1001-Pharsana Maracay
50001005;AMY SEC TH MANZANILLA P/BEBES (24x72UN);1001;;CS;0,00;0,000;0,000;20.02.2026 - 22:03:39;TOALLAS HUMEDAS;Amy;PH-TH Flow Pack;-;1001-Pharsana Maracay
50001011;CHICCO BS COLONIA (28x100ML);1001;;CS;0,00;0,000;0,000;20.02.2026 - 22:03:39;HIGIENE PERSONAL;Chicco;PH-Colonia;-;1001-Pharsana Maracay
50001009;CHICCO BS CHAMPU CABELLOOSCURO(28x100ML);1001;;CS;0,00;0,000;0,000;20.02.2026 - 22:03:39;HIGIENE PERSONAL;Chicco;PH-Champú;-;1001-Pharsana Maracay
50001012;CHICCO BS ACEITE (28x100ML);1000;;CS;0,00;0,000;0,000;20.02.2026 - 22:03:39;HIGIENE PERSONAL;Chicco;PH-Aceite;-;1000-Pharsana Valencia
50001012;CHICCO BS ACEITE (28x100ML);1001;;CS;0,00;0,000;0,000;20.02.2026 - 22:03:39;HIGIENE PERSONAL;Chicco;PH-Aceite;-;1001-Pharsana Maracay
50001016;CHICCO BS CHAMPU CABELLONORMAL(28x100ML);1001;;CS;0,00;0,000;0,000;20.02.2026 - 22:03:39;HIGIENE PERSONAL;Chicco;PH-Champú;-;1001-Pharsana Maracay
50001019;CHICCO BS GEL ANTIBACTERIAL (28x100ML);1001;;CS;0,00;0,000;0,000;20.02.2026 - 22:03:39;HIGIENE PERSONAL;Chicco;PH-Gel Antibacterial;-;1001-Pharsana Maracay
50000902;AMY COLONIA PARA BEBES (10x220ML);1001;;CS;0,00;0,000;0,000;20.02.2026 - 22:03:39;HIGIENE PERSONAL;Amy;PH-Colonia;-;1001-Pharsana Maracay
50000905;AMY SEC TH MANZANILLA 72P (16);1001;;CS;0,00;0,000;0,000;20.02.2026 - 22:03:39;TOALLAS HUMEDAS;Amy;PH-TH Flow Pack;-;1001-Pharsana Maracay
50001084;CHICCO BS TH ORIGINAL (48x24UN);1001;;CS;0,00;0,000;0,000;20.02.2026 - 22:03:39;TOALLAS HUMEDAS;Chicco;PH-TH Travel Pack;-;1001-Pharsana Maracay
50001079;AMY SEC TH 99% AGUA (48x24UN);1001;;CS;0,00;0,000;0,000;20.02.2026 - 22:03:39;TOALLAS HUMEDAS;Amy;PH-TH Travel Pack;-;1001-Pharsana Maracay
50001072;AMY SEC TH 99% AGUA (20x48UN);1001;;CS;0,00;0,000;0,000;20.02.2026 - 22:03:39;TOALLAS HUMEDAS;Amy;PH-TH Flow Pack;-;1001-Pharsana Maracay
50001124;CHICCO BS JABON LIQUIDO(10x400ML);1001;;CS;0,00;0,000;0,000;20.02.2026 - 22:03:39;HIGIENE PERSONAL;Chicco;PH-Jabón Líquido;-;1001-Pharsana Maracay
