Cod. Cliente;Nombre Sol.;Cond. Pago;Descripción Cond Pag;Ramo;Descripción Ramo;Gr Clientes;Descripción Gr Clien;Dirección;Telefono;RIF;Ruta Transp.;Poblacion;Zona Ventas;Descripción Zona;Grupo Vend.;Descripción Grupo Ve;Descrip. Estado;Fecha de creacion;AG. RET.;Ult.Fact;Fecha Fact;Doc.Ult.Pago;Fecha Pago;Nombre persona conta;Teléfono móvil;Cod.Vend;Nombre_vendedor;Cód.Ger.Reg.;Nombre Gte. Regional;Moneda;Lista;Denominacion;Canal
10000635;INVERSIONES JOMANCI, C.A (INVERSION ACT 13-03;NT00;Contado ACT 13-03;Z023;Esporádico ACT 13-03;21;Independiente ACT 13-03;CALLE MADRID CON NEW YORK QTANRO 55 URB. LAS MERCEDES;0212-9915857;J305438706-;ZDC0000001;CARACAS;ZVE004;Zona Metropolitana ACT 13-03;130;GV ClReg. Proy. PET ACT 13-03;Distrito Federal;13.03.2026;;;13.03.2026;;13.03.2026;;;100033;OFICINA VENDEDOR ACT 13-03;0;;VED;17;Precio Base General ACT 13-03;60
10000732;PETER ANTHONY NAGUANAGUA SANZ ACT 13-03;NT00;Contado ACT 13-03;Z049;Trabajadores ACT 13-03;18;Empleados ACT 13-03;CARRETERA PETARE GUARENAS, SANSAN ISIDINO;0412-3993771;V141650480;ZMIR000017;GUARENAS;ZVE004;Zona Metropolitana ACT 13-03;130;GV ClReg. Proy. PET ACT 13-03;Miranda;13.03.2026;;8000002606;13.03.2026;;13.03.2026;;;100033;OFICINA VENDEDOR ACT 13-03;0;;VED;17;Precio Base General ACT 13-03;60
10000747;CONSORCIO AGROINDUSTRIAL DEL;NT00;Contado;Z006;Alimentos;24;Manufactura;CARRETERA NACIONAL BARBACOAS;0246-6267143;J303623964;ZARA000017;MARACAY;ZVE003;Zona Centro;130;GV ClReg. Proy. PET;Aragua;03.12.2015;SI;8000020211;18.12.2025;1400002878;30.01.2026;Yolimar Hernandez;S/N;120003;HERNANDEZ HORACIO;0;;USD;17;Precio Base General;60
10000748;DISERKHAT, C.A.;NT00;Contado;Z015;Comercializadora;15;Distribuidores Enf.;CR 23 ENTRE CALLES 33 Y 34 LOCALNRO 33-32 SECTOR EL MANTECO;(0251)-2334570;J314161237;ZLAR000003;BARQUISIMETO-EDO. LARA;ZVE007;Zona Centro Occid.;130;GV ClReg. Proy. PET;Lara;03.12.2015;;8000020760;11.02.2026;1600010276;18.02.2026;Orlando Daza;S/N;120005;REYES SANCHEZ JORGE;0;;VED;17;Precio Base General;60
10000749;LABORATORIOS FARMA S.A;NT07;Crédito 07 Días;Z035;Medicina Humana;23;Laboratorios;AV PRINCIPAL DE LOS RUICES EDIFFARMA PISO P.B. APT PB URB LOS RUICES;0243-2015900;J000133930;ZMIR000019;CARACAS;ZVE004;Zona Metropolitana;130;GV ClReg. Proy. PET;Distrito Federal;03.12.2015;SI;;;;;GABRIEL ROJAS;;100107;ALVAREZ R  ELIAS;100107;ALVAREZ R  ELIAS;USD;17;Precio Base General;60
10000757;SERIPLASTIC, C.A.;NT00;Contado;Z006;Alimentos;17;Embotelladoras;CALLE CAMEJO CRUCE CON RICAURTE,LOCAL NRO  125 SECTORANDRES ELOY BLANCO;0414-4572664;J316654338;ZARA000004;MARACAY;ZVE003;Zona Centro;130;GV ClReg. Proy. PET;Aragua;03.12.2015;;;;;;Maribel De Sousa;S/N;120005;REYES SANCHEZ JORGE;0;;VED;17;Precio Base General;60
10000759;ALIMENTOS LA YAYA 0313, C.A.;NT00;Contado;Z001;Aceites;17;Embotelladoras;CALLE DE SERVICIOS CC INDUSTRIALLUFE, C.A. NIVEL PB LOCAL 1 ZONAINDUSTRIAL TERRAZAS DE CASTILLITO;0424-1681601;J400349168;ZCAR000014;VALENCIA;ZVE003;Zona Centro;130;GV ClReg. Proy. PET;Carabobo;03.12.2015;;8000003628;19.09.2017;1400001841;22.01.2018;Loly Lourido;S/N;120002;AMPOFRASCA OFICINA;0;;VED;17;Precio Base General;60
10000762;ENVASES DOMPER ARAGUA, C.A.;NT00;Contado;Z015;Comercializadora;15;Distribuidores Enf.;AV BOLIVAR ESTE LOCAL NRO 160SECTOR LA BARRACA, MARACAY;0243-2333724;J302942322;ZARA000004;MARACAY;ZVE003;Zona Centro;130;GV ClReg. Proy. PET;Aragua;03.12.2015;SI;8000011205;14.07.2022;1600005294;31.01.2023;María Teresa Suárez;S/N;120005;REYES SANCHEZ JORGE;0;;VED;17;Precio Base General;60
10000763;ENVASES DEL CENTRO, C.A.;NT00;Contado;Z015;Comercializadora;15;Distribuidores Enf.; MARACAY ARAGUAAV MIRANDA OESTE LOCAL NRO 158SECTOR CASCO CENTRAL;0243-2458765;J075355075;ZARA000004;MARACAY;ZVE003;Zona Centro;130;GV ClReg. Proy. PET;Aragua;03.12.2015;;8000020080;10.12.2025;1400002816;30.12.2025;Michelle Pellino;S/N;120005;REYES SANCHEZ JORGE;0;;VED;17;Precio Base General;60
10000770;ULTRAGROVET, C.A.;NT00;Contado;Z036;Medicina Veterinaria;23;Laboratorios;2 DA TRANSV. PARCELA  N-E 65-AZONA INDUSTRIAL SANTA CRUZ;0243 2616166;J312913894;ZARA000005;MARACAY;ZVE003;Zona Centro;130;GV ClReg. Proy. PET;Aragua;03.12.2015;;;;1400002234;31.10.2019;Carmen Castro;S/N;120003;HERNANDEZ HORACIO;0;;VED;17;Precio Base General;60
10000777;INVERSIONES HERMANOS LUENGO;NT00;Contado;Z006;Alimentos;17;Embotelladoras;CALLE CALLEJON N°1 CASA NRO 22-15SECTOR SAN VICENTE;0414-8870158;J404606327;ZMON000008;MATURIN;ZVE003;Zona Centro;130;GV ClReg. Proy. PET;Monagas;03.12.2015;;;;1600000098;31.12.2015;Neomar Luengo;S/N;120002;AMPOFRASCA OFICINA;0;;VED;17;Precio Base General;60
10000778;PAZAM INDUSTRIA ALIMENTICIA, C.A;NT00;Contado;Z006;Alimentos;17;Embotelladoras;AV. PRINCIPAL SANTA INES CASAPARCELA NRO 10. SECTOR COROPO II;0243-6156951;J298121106;ZARA000003;SANTA RITA- EDO. ARAGUA;ZVE003;Zona Centro;130;GV ClReg. Proy. PET;Aragua;03.12.2015;;;;;;María Páez;S/N;120002;AMPOFRASCA OFICINA;0;;VED;17;Precio Base General;60
10000780;ALIMENTOS LA GIRALDA, C.A;NT00;Contado;Z006;Alimentos;24;Manufactura;CTRA NACIONAL CAGUA LA VILLAEDIF PLANTA DE PRODUCCION PISO 1OF ADMINISTRATIVA ZONAINDUSTRIAL OESTE;0414-1860292;J001626867;ZARA000015;CAGUA-EDO.ARAGUA;ZVE003;Zona Centro;130;GV ClReg. Proy. PET;Aragua;03.12.2015;SI;8000008088;14.07.2020;1600002027;17.07.2020;Francys Matos;S/N;120003;HERNANDEZ HORACIO;0;;VED;17;Precio Base General;60
10000782;LABORATORIOS REVEEX DE;NT00;Contado;Z035;Medicina Humana;23;Laboratorios;AV. ANTON PHILLIPS C/EL CANALSUR GALPON NRO 3-A ZONA INDUSTRIALLA HAMACA;0243-5515432;J075247450;ZARA000004;MARACAY;ZVE003;Zona Centro;130;GV ClReg. Proy. PET;Aragua;03.12.2015;;;;;;Axelis Moreno;S/N;120004;DAZA RAMON;0;;VED;17;Precio Base General;60
10000783;ANGEL RUBEN CUEVA RONDON;NT00;Contado;Z015;Comercializadora;15;Distribuidores Enf.;TACHIRACALLE 2 CC 1-39 NIVEL PB LOCAL 1A BARRIOLAS FLORES SAN CRISTOBAL;0276-3477709;V032492947;ZTAC000023;SAN CRISTOBAL;ZVE008;Zona Andina;130;GV ClReg. Proy. PET;Tachira;03.12.2015;;;;1600000249;23.03.2017;Teresa Diaz;S/N;120005;REYES SANCHEZ JORGE;0;;VED;17;Precio Base General;60
10000784;CASA DE REPRESENTACIONES;NT00;Contado;Z015;Comercializadora;15;Distribuidores Enf.;AV. 101 EDIF RESD. TORRE PLAZAPISO PB SECTOR LA CANDELARIA;0426-2691954;J297009760;ZCAR000014;VALENCIA;ZVE003;Zona Centro;130;GV ClReg. Proy. PET;Carabobo;03.12.2015;;;;;;Raquel Pimentel;S/N;120001;GONZALEZ ALAN;0;;VED;17;Precio Base General;60
10000789;LABORATORIO PRO-SALUD C.A.;NT00;Contado;Z035;Medicina Humana;23;Laboratorios;CALLE 1 C/C CARRETERA 6# 5-78B/EL CARMEN SOCOPO;0273-9281574;J301653513;ZBAR000005;BARINAS;ZVE006;Zona Llanos;130;GV ClReg. Proy. PET;Barinas;03.12.2015;;;;;;Yusmary Villa;S/N;120005;REYES SANCHEZ JORGE;0;;VED;17;Precio Base General;60
10000791;DISTRIBUIDORA CAPSUPLAST, C.A.;NT00;Contado;Z015;Comercializadora;15;Distribuidores Enf.;CALLE SOUBLETTE ENTRECANTAURA Y SILVA CC VALENCIA CENTERNIVEL PB LOCAL 18 SECTOR LACANDELARIA;0241-8353489;J315533561;ZCAR000014;VALENCIA;ZVE003;Zona Centro;130;GV ClReg. Proy. PET;Carabobo;03.12.2015;;;;;;María Briceño;S/N;120001;GONZALEZ ALAN;0;;VED;17;Precio Base General;60
10000797;JOSE ANTONIO PULIDO RAMIREZ;NT00;Contado;Z015;Comercializadora;15;Distribuidores Enf.;CTRA VIA PREGONERO CASA NRO S/NSECTOR LAS PORQUERAS;0426-2751236;V122333392;ZTAC000012;LA GRITA;ZVE008;Zona Andina;130;GV ClReg. Proy. PET;Tachira;03.12.2015;;8000000878;14.03.2016;1600000200;21.04.2016;Jose Pulido;S/N;120005;REYES SANCHEZ JORGE;0;;VED;17;Precio Base General;60
10000799;INVERSIONES SERVIGARRGEL C.A;NT00;Contado;Z015;Comercializadora;15;Distribuidores Enf.;CALLE E CASA NRO 202 URB LA FUENTE;0424-3298368;J402651066;ZARA000013;TURMERO-EDO.ARAGUA;ZVE003;Zona Centro;130;GV ClReg. Proy. PET;Aragua;03.12.2015;;8000012223;12.01.2023;1400002222;07.08.2019;jorge silva;S/N;120005;REYES SANCHEZ JORGE;0;;VED;17;Precio Base General;60
10000801;JAVIER ALFREDO CUEVAS VARELA;NT00;Contado;Z015;Comercializadora;15;Distribuidores Enf.;CALLE 6 CASA NRO 4-52 SECTORLA CONCORDIA;0276-3471504;V101709996;ZTAC000023;SAN CRISTOBAL;ZVE008;Zona Andina;130;GV ClReg. Proy. PET;Tachira;03.12.2015;;8000008216;28.08.2020;;;Javier Cuevas;S/N;120005;REYES SANCHEZ JORGE;0;;VED;17;Precio Base General;60
10000802;JUAN CARLOS PIZZO CARCIONE;NT00;Contado;Z015;Comercializadora;15;Distribuidores Enf.;CALLE 24 CASA Nº 90 URB. EL PASEOEL LIMON;0414-3871449;V071991470;ZARA000004;MARACAY;ZVE003;Zona Centro;130;GV ClReg. Proy. PET;Aragua;03.12.2015;;;;;;Juan Pizzo;S/N;120001;GONZALEZ ALAN;0;;VED;17;Precio Base General;60
10000806;CASA DE REPRESENTACIONES;NT00;Contado;Z035;Medicina Humana;23;Laboratorios;CALLE MANZANA 7 LOCAL NRO 23URB LAGO JARDIN;0414-4709975;J299684260;ZCAR000014;VALENCIA;ZVE003;Zona Centro;130;GV ClReg. Proy. PET;Carabobo;03.12.2015;SI;8000005040;28.11.2018;;;Wilmer Rodriguez;S/N;120005;REYES SANCHEZ JORGE;0;;VED;17;Precio Base General;60
10000809;CENTRO MEDICO HIPERBARICO Y DE;NT00;Contado;Z035;Medicina Humana;23;Laboratorios;CALLE PROLONGACION MIRANDA NRO3-05 ZONA CAGUA;0414-4558740;J296560030;ZARA000015;CAGUA;ZVE003;Zona Centro;130;GV ClReg. Proy. PET;Aragua;03.12.2015;;;;;;Victor Fuentes;S/N;120001;GONZALEZ ALAN;0;;VED;17;Precio Base General;60
10000811;DISTRIBUIDORA ENVIDRIOPLAST, C.A;NT00;Contado;Z015;Comercializadora;15;Distribuidores Enf.;AV LAS FERIAS C/C RANGELEDIF FAIGU PISO PB LOCAL 10ZONA LA CANDELARIA;0416-0245478;J401027016;ZCAR000014;VALENCIA;ZVE003;Zona Centro;130;GV ClReg. Proy. PET;Carabobo;03.12.2015;;8000000770;25.02.2016;1400000238;25.02.2016;Maria Elena Arias;S/N;120001;GONZALEZ ALAN;0;;VED;17;Precio Base General;60
10000813;INVERSIONES CEDEÑO Y GUERRA, C.A;NT00;Contado;Z015;Comercializadora;15;Distribuidores Enf.;CALLE PRINCIPAL LOCAL NRO 20CONJUNTO RESIDENCIAL VILLA VICTORIALA VICTORIA- EDO. ARAGUA;0412-0349149;J403180318;ZARA000006;LA VICTORIA;ZVE003;Zona Centro;130;GV ClReg. Proy. PET;Aragua;03.12.2015;SI;;;;;Arnoldo Cedeño;S/N;120001;GONZALEZ ALAN;0;;VED;17;Precio Base General;60
10000816;DROGUERIA RP PHARMA, C.A.;NT00;Contado;Z018;Cuidado Personal;24;Manufactura;CALLE EL DELEITE LOCAL NRO 13SECTOR LA COOPERATIVA,MARACAY ESTADO ARAGUA;0424-3135392;J401715630;ZARA000004;MARACAY;ZVE003;Zona Centro;130;GV ClReg. Proy. PET;Aragua;03.12.2015;;8000010880;12.05.2022;1600005301;31.01.2023;Jorge Ruan;S/N;120003;HERNANDEZ HORACIO;0;;VED;17;Precio Base General;60
10000817;PLASTIVAR C.A.;NT00;Contado;Z015;Comercializadora;15;Distribuidores Enf.;AV. SOUBLETTE CC VALENCIA CENTERNIVEL PB LOCAL 8 SECTORLA CANDELARIA VALENCIA CARABOBO;0414-9580770;J402547080;ZCAR000014;VALENCIA;ZVE003;Zona Centro;130;GV ClReg. Proy. PET;Carabobo;03.12.2015;;;;;;Andrea Vargas;S/N;120001;GONZALEZ ALAN;0;;VED;17;Precio Base General;60
10000825;LABORATORIO FARMAGENIK, C.A.;NT00;Contado;Z035;Medicina Humana;23;Laboratorios;AV. BOYACA C/C ARISMENDI.EDIF LA FLORIDA PISO PB 106-8.SECTOR CATEDRAL.;0241-8580764;J298843845;ZCAR000014;VALENCIA;ZVE003;Zona Centro;130;GV ClReg. Proy. PET;Carabobo;03.12.2015;;8000010579;15.03.2022;1600003851;15.03.2022;Nelyssa Alvarado;S/N;120003;HERNANDEZ HORACIO;0;;VED;17;Precio Base General;60
10000826;CRISTOMEDICAL, C.A;NT00;Contado;Z035;Medicina Humana;17;Embotelladoras;AV. RAMON NARVAEZ CALLE 102EDIF CAPCIMIDE PISO MEZZANINA 2 LOCAL 1SC URB LA COROMOTO.;0243-2185931;J299120251;ZARA000004;MARACAY;ZVE003;Zona Centro;130;GV ClReg. Proy. PET;Aragua;03.12.2015;;8000008084;13.07.2020;1600002068;31.07.2020;Gustavo Gutiérrez;S/N;120004;DAZA RAMON;0;;VED;17;Precio Base General;60
10000828;PRODUCTOS EL NEGRITO, C.A.;NT00;Contado;Z006;Alimentos;17;Embotelladoras;CALLE BOLIVAR, Nº87 CUARTA VEREDA-VEREDA- CAUCHUCHU FLORIDO SECTOR LOSALMENDRONES;0414-7653556;J313537144;ZSUC000005;CARUPANO;ZVE002;Zona Oriente;130;GV ClReg. Proy. PET;Sucre;03.12.2015;;8000015937;26.08.2024;1600008699;30.08.2024;Arturo Rivas;S/N;120003;HERNANDEZ HORACIO;0;;VED;17;Precio Base General;60
10000832;INDUSTRIAS LA FAVORITA ANCP, C.A.;NT00;Contado;Z006;Alimentos;24;Manufactura;CALLE PRINCIPAL CASA NRO E-10URB LOS NARANJOS ZONA 2;0212-9355034;J311594396;ZMIR000021;GUATIRE;ZVE004;Zona Metropolitana;130;GV ClReg. Proy. PET;Miranda;03.12.2015;;8000013159;22.06.2023;1600006115;26.06.2023;Clidsalvi Perez;S/N;120003;HERNANDEZ HORACIO;0;;VED;17;Precio Base General;60
10000835;FRANK ANTONIO RANGEL GELVEZ;NT00;Contado;Z006;Alimentos;17;Embotelladoras;CARRETERA PRINCIPAL DEL JUNCOSECTOR EL CAIMAN VEREDA SAN FRANCISCOLOCAL S/N SECTOR EL CAIMAN PALO GORDO;0276-4215890;V146060419;ZTAC000004;TACHIRA;ZVE008;Zona Andina;130;GV ClReg. Proy. PET;Tachira;03.12.2015;;;;;;Frank Rangel;S/N;120003;HERNANDEZ HORACIO;0;;VED;17;Precio Base General;60
10000844;ATENCIO PARRA ENRIQUE GUZMAN;NT00;Contado;Z015;Comercializadora;15;Distribuidores Enf.;CALLE 13 CASA NRO 9-20URB SIERRA MAESTRA;0424-1674626;V194086241;ZZUL000013;MARACAIBO;ZVE001;Zona Occidente;130;GV ClReg. Proy. PET;Zulia;03.12.2015;;8000010728;08.04.2022;1600000253;20.06.2017;Enrique Atencio;S/N;120005;REYES SANCHEZ JORGE;0;;VED;17;Precio Base General;60
10000845;INDUSTRIAS YURUBIANAS, C.A.;NT00;Contado;Z005;Agua;17;Embotelladoras;CALLEJON SAN MIGUEL;0414-5460325;J085007563;ZYAR000011;SAN FELIPE;ZVE007;Zona Centro Occid.;130;GV ClReg. Proy. PET;Yaracuy;03.12.2015;;8000018996;19.08.2025;1600009882;22.08.2025;Gineth Majano;S/N;100095;FARFAR CAMACHO GLISNEIDY ISABE;0;;VED;17;Precio Base General;60
10000846;EMBOTELLADORA LOS CHORRITOS C.A;NT00;Contado;Z005;Agua;17;Embotelladoras;CALLE BOLIVAR NORTE CASA NRO5-189 SECTOR BARRIO BUENOLOS CHORRITOS;0424-4176270;J298206446;ZCAR000006;TOCUYITO;ZVE003;Zona Centro;130;GV ClReg. Proy. PET;Carabobo;03.12.2015;SI;;;;;Margelly Calofre;S/N;120001;GONZALEZ ALAN;0;;VED;17;Precio Base General;60
10000854;PLANTA ENVASADORA DE AGUA MINERAL;NT00;Contado;Z005;Agua;17;Embotelladoras;CTRA PANAMERICANA LOCAL NRO S/NSECTOR LA CONGA, EL JAGUITO MUN. ANDRESBELLO EDO. TRUJILLO;0416-5039694;J312402024;ZTRU000020;VALERA;ZVE008;Zona Andina;130;GV ClReg. Proy. PET;Trujillo;03.12.2015;;8000001540;06.06.2016;1600000232;27.06.2016;Eugenio Bravo;S/N;120001;GONZALEZ ALAN;0;;VED;17;Precio Base General;60
10000858;DEVORAH A DIAZ HERNANDEZ;NT07;Crédito 07 Días;Z015;Comercializadora;15;Distribuidores Enf.;AV 9B CASA NRO 62-24. SECTOR;0424-4062205;V149159360;ZZUL000013;MARACAIBO;ZVE001;Zona Occidente;130;GV ClReg. Proy. PET;Zulia;03.12.2015;;8000003566;24.08.2017;1400001777;31.12.2017;Devorah Diaz;S/N;120001;GONZALEZ ALAN;0;;VED;17;Precio Base General;60
10000874;PEREZ PEREZ YENNY JACKELIN;NT00;Contado;Z015;Comercializadora;15;Distribuidores Enf.;AV PRINCIPAL LA CAPILLA, KM12 QTANRO 3 URB LUIS HURTADO SAN JOSE;0414-2428399;V160778985;ZDC0000001;CARACAS;ZVE004;Zona Metropolitana;130;GV ClReg. Proy. PET;Distrito Federal;03.12.2015;;;;;;Yenny Perez;S/N;120005;REYES SANCHEZ JORGE;0;;VED;17;Precio Base General;60
10000876;ASOCIACION COOPERATIVA PRODUCTORES;NT00;Contado;Z036;Medicina Veterinaria;23;Laboratorios;CALLE CALLEJON 2 VIA LA ROJEÑACASA PARCELA LAR NRO 39 SECTORLA ROJEÑA RIO ACARIGUA ARAURE;0414-5560613;J314840037;ZPOR000002;ARAURE;ZVE007;Zona Centro Occid.;130;GV ClReg. Proy. PET;Portuguesa;03.12.2015;;;;;;Ivan Scobino;S/N;120001;GONZALEZ ALAN;0;;VED;17;Precio Base General;60
10000882;DISTRIBUIDORA TRES PODEROSOS, C.A;NT00;Contado;Z015;Comercializadora;17;Embotelladoras;CALLE PAEZ ESTE LOCAL NRO 04SECTOR CASCO CENTRAL;0412-5008163;J310373892;ZARA000004;VALENCIA;ZVE003;Zona Centro;130;GV ClReg. Proy. PET;Carabobo;03.12.2015;;;;1600000251;23.03.2017;Freddy Romero;S/N;120001;GONZALEZ ALAN;0;;VED;17;Precio Base General;60
10000887;MOLINOS NACIONALES C.A. (MONACA);NT00;Contado;Z006;Alimentos;24;Manufactura;URB. LA SORPRESA, CALLE LOS MOLINOS;0212-2079316;J000255431;ZCAR000011;PUERTO CABELLO;ZVE003;Zona Centro;130;GV ClReg. Proy. PET;Carabobo;03.12.2015;;8000020742;10.02.2026;;;Lilian Briceño;S/N;120003;HERNANDEZ HORACIO;0;;VED;17;Precio Base General;60
10000896;ATA ALTA TECNOLOGIA;NT00;Contado;Z006;Alimentos;17;Embotelladoras;CARRETERA NACIONAL SAN JOSESAN DIEGO DE LOS ALTOS GALPONES 1;0212-3952663;J002504005;ZMIR000010;LOS TEQUES;ZVE004;Zona Metropolitana;130;GV ClReg. Proy. PET;Miranda;03.12.2015;;8000007841;14.04.2020;1600001862;22.04.2020;Janeth Avila;S/N;120004;DAZA RAMON;0;;VED;17;Precio Base General;60
10000903;PRODUCTOS DEL SUR 3000, C.A.;NT00;Contado;Z006;Alimentos;17;Embotelladoras;CALLE MACHILLANDA CASA NRO 04NO APLICA SECTOR EL RODEO;0416-8141779;J400349621;ZMIR000012;OCUMARE DEL TUY;ZVE004;Zona Metropolitana;130;GV ClReg. Proy. PET;Miranda;03.12.2015;;;;;;Orangel Vivas;S/N;120000;DAZA RAMON;0;;VED;17;Precio Base General;60
10000913;LINTAPLAS, C.A.;NT00;Contado;Z015;Comercializadora;15;Distribuidores Enf.;KM 3 CARRETERA SAN PEDRODE LOS ALTOS URB. IND. SAN IGNACIO;0212-3225355;J001182152;ZMIR000010;LOS TEQUES;ZVE004;Zona Metropolitana;130;GV ClReg. Proy. PET;Miranda;03.12.2015;SI;;;;;Enrique Texeira;S/N;120000;DAZA RAMON;0;;VED;17;Precio Base General;60
10000922;INVERSIONES EL COTARO, C.A.;NT00;Contado;Z045;Soplado;16;Distribuidores Trad.;CALLE 104 LOCAL GALPON NRO 1URB TERRAZA DE CASTILLITO;0414-1450782;J403011478;ZCAR000014;VALENCIA;ZVE003;Zona Centro;130;GV ClReg. Proy. PET;Carabobo;03.12.2015;;8000003886;31.10.2017;1400001630;30.11.2017;Eduardo Romero;S/N;120002;AMPOFRASCA OFICINA;0;;VED;17;Precio Base General;60
10000928;CORPORACION AGROPECUARIA;NT00;Contado;Z001;Aceites;17;Embotelladoras;VDA PRINCIPAL EDIF CAICA PISO PBOF 1 ZONA INDUSTRIAL PARCELA FSAN CARLOS COJEDES;0212-2379726;J080289943;ZDC0000001;SAN CARLOS;ZVE004;Zona Metropolitana;130;GV ClReg. Proy. PET;Cojedes;03.12.2015;;;;1400000048;25.01.2016;Sandra;S/N;130001;GEDLER AMADA;0;;VED;17;Precio Base General;60
10000928;CORPORACION AGROPECUARIA;NT00;Contado;Z001;Aceites;22;Intercompañias;VDA PRINCIPAL EDIF CAICA PISO PBOF 1 ZONA INDUSTRIAL PARCELA FSAN CARLOS COJEDES;0212-2379726;J080289943;ZDC0000001;SAN CARLOS;ZVE003;Zona Centro;130;GV ClReg. Proy. PET;Cojedes;03.12.2015;;;;1400000048;25.01.2016;Sandra;S/N;130001;GEDLER AMADA;0;;VED;14;Intercompañías;60
10000929;ENVASADORA DAKAS C.A.;NT00;Contado;Z005;Agua;17;Embotelladoras;ZONA IND.SAN MIGUEL AV.ARAGUA C/CPROLONGACION VARGAS;0424- 3689616;J310411301;ZARA000004;MARACAY;ZVE003;Zona Centro;130;GV ClReg. Proy. PET;Aragua;03.12.2015;SI;8000010983;30.05.2022;1600004646;07.10.2022;Rosa Da Acacio;S/N;130005;PROYECTOS PET OFICINA;0;;VED;17;Precio Base General;60
10000930;FULLER INTERAMERICANA, C.A.;NT00;Contado;Z039;Productos De Limpiez;17;Embotelladoras;AV LAS ACACIAS, EDIF ATLANTIDAPISO 2 OF 2-1, URB. SABANA GRANDE;0212-7317111;J000417350;ZDC0000001;CARACAS;ZVE004;Zona Metropolitana;130;GV ClReg. Proy. PET;Distrito Federal;03.12.2015;;8000006737;26.08.2019;1600000734;15.05.2019;Erika Ripoll;S/N;130005;PROYECTOS PET OFICINA;0;;VED;17;Precio Base General;60
10000931;INDUSTRIAS EL CARMEN, C.A.;NT00;Contado;Z045;Soplado;24;Manufactura;ZONA IND.CARABOBO 8VA.TRANSVERSAL PARCELA Q3 - Q4 Y Q5;0241-8326544;J000195676;ZCAR000014;VALENCIA;ZVE003;Zona Centro;130;GV ClReg. Proy. PET;Carabobo;03.12.2015;;8000005696;11.04.2019;1600000806;31.05.2019;Carmen Castro;S/N;130001;GEDLER AMADA;0;;VED;17;Precio Base General;60
10000932;INDUSTRIAS MONTERREY, C.A.;NT00;Contado;Z034;Licores;17;Embotelladoras;CARRETERA PANAMERICANA KM 12 1/2SECTOR  LAS    SALIAS;0212-3710022;J000222606;ZDC0000001;CARACAS;ZVE004;Zona Metropolitana;130;GV ClReg. Proy. PET;Distrito Federal;03.12.2015;;8000002197;16.09.2016;1400000624;10.10.2016;Jose Useche;S/N;120001;GONZALEZ ALAN;0;;VED;17;Precio Base General;60
10000939;INVERSIONES EMARLIM C.A.;NT00;Contado;Z060;Reciclaje;24;Manufactura;AV PROLONGACION SANCHEZ CARREROGALPON NRO 3 ZONA IND. SAN MIGUELMARACAY EDO ARAGUA;0424-4633751;J311725237;ZARA000004;MARACAY;ZVE003;Zona Centro;130;GV ClReg. Proy. PET;Aragua;03.12.2015;;8000002533;23.11.2016;1400000756;21.12.2016;Heidi Gonzalez;S/N;130005;PROYECTOS PET OFICINA;0;;VED;17;Precio Base General;60
10000940;ENVASVEN, C.A;NT00;Contado;Z045;Soplado;24;Manufactura;CALLE PRINCIPAL CC INDUSTRIALLA UNION, PARCELA L8-V NIVEL P/B LOCAL13 Y 14 ZONA FUNDO LA UNION;0241-8715850;J402004753;ZCAR000014;VALENCIA;ZVE003;Zona Centro;130;GV ClReg. Proy. PET;Carabobo;03.12.2015;;;;;;Juan Arteaga;S/N;130001;GEDLER AMADA;0;;VED;17;Precio Base General;60
10000941;LIMPIEZA ALIANZA HERMANOS, C.A;NT00;Contado;Z039;Productos De Limpiez;17;Embotelladoras;CALLE EL PARQUE CRUCE CON CALLEHERNANDEZ NADAL LOCAL NRO 03-23BARRIO PATROCINIO PEÑUELA RUIZ;0243-2611335;J400843944;ZARA000018;MARACAY;ZVE003;Zona Centro;130;GV ClReg. Proy. PET;Aragua;03.12.2015;;8000001771;11.07.2016;1400000488;22.07.2016;Lian Shen;S/N;130001;GEDLER AMADA;0;;VED;17;Precio Base General;60
10000953;INVERSIONES MIDA, C.A;NT00;Contado;Z018;Cuidado Personal;24;Manufactura;CALLE I PARCELA N° 61. LOCALGALPON NRO 61-F. SECTOR LA MORITA 1;0243-2695142;J307567090;ZARA000013;TURMERO;ZVE003;Zona Centro;130;GV ClReg. Proy. PET;Aragua;03.12.2015;SI;8000020534;20.01.2026;1600010278;15.02.2026;Roselis Castro Osvaldo Huerca;S/N;120003;HERNANDEZ HORACIO;0;;VED;17;Precio Base General;60
10000954;RENE DESSES DE VENEZUELA, C.A;NT00;Contado;Z018;Cuidado Personal;24;Manufactura;AV. SEGUNDA EDIF RENE DESSESPISO 3 OF 1. ZONA INDUSTRIAL DEL ESTE;0212-3628180;J000936692;ZMIR000017;GUARENAS;ZVE004;Zona Metropolitana;130;GV ClReg. Proy. PET;Miranda;03.12.2015;SI;8000013971;23.10.2023;;;BELKYS CHANG;S/N;120004;DAZA RAMON;0;;VED;17;Precio Base General;60
10000955;AGUA MANANTIAL, C.A.;NT00;Contado;Z005;Agua;17;Embotelladoras;AV ALFAARAGUA SEXTATRANSVERSAL CASA PARCELA NRO 09SECTOR SANTA CRUZ;0414 4911264;J404812610;ZARA000005;SANTA CRUZ;ZVE003;Zona Centro;130;GV ClReg. Proy. PET;Aragua;03.12.2015;;;;;;JESUS REYES;0414 4910913;130005;PROYECTOS PET OFICINA;0;;VED;17;Precio Base General;60
10000956;AGUA MINERAL SELVA, C.A.;NT00;Contado;Z005;Agua;17;Embotelladoras;VIA SAN PEDRO EL CARMEN S/NVIA SAN PEDRO-BERGANTINMUNICIPIO BOLIVAR;0281-2675078;J311477241;ZANZ000022;ANZOATEGUI;ZVE002;Zona Oriente;130;GV ClReg. Proy. PET;Anzoategui;03.12.2015;;;;;;SAUL OCHOA;;130005;PROYECTOS PET OFICINA;0;;VED;17;Precio Base General;60
10000957;AGUA MINERAL MIBRISA, C.A.;NT00;Contado;Z005;Agua;17;Embotelladoras;CARRETERA AGUA FRIA  # 155,SECTOR POZO DE ROSA;0212-3221121;J304178190;ZMIR000010;LOS TEQUES;ZVE004;Zona Metropolitana;130;GV ClReg. Proy. PET;Miranda;03.12.2015;SI;8000020028;28.11.2025;1400002774;16.12.2025;JUVER ORNELAS;0414-2713289;120003;HERNANDEZ HORACIO;0;;VED;17;Precio Base General;60
10000958;AGUAS DE FUENTE ALTA, C.A.;NT00;Contado;Z005;Agua;17;Embotelladoras;SAN PEDRO DE LOS ALTOSSECTOR  EL GARABATOLOS;0212-3780821;J001274570;ZMIR000010;LOS TEQUES;ZVE004;Zona Metropolitana;130;GV ClReg. Proy. PET;Miranda;03.12.2015;SI;8000004024;18.12.2017;1400001972;28.02.2018;ANGELO CRISTOFORI;;130005;PROYECTOS PET OFICINA;0;;VED;17;Precio Base General;60
10000959;AQUATEK, C.A.;NT00;Contado;Z005;Agua;17;Embotelladoras;CALLE PAEZ, SECTOR CANTARRANA,;0212-3729313;J303980848;ZMIR000010;SAN DIEGO DE LOS ALTOS;ZVE004;Zona Metropolitana;130;GV ClReg. Proy. PET;Miranda;03.12.2015;;8000004705;28.09.2018;1400002197;28.09.2018;NALKIRY VENTO;0212-3725162;100095;FARFAR CAMACHO GLISNEIDY ISABE;0;;VED;17;Precio Base General;60
10000960;AUTOMERCADO CASA TURMERO, C.A.;NT00;Contado;Z034;Licores;17;Embotelladoras;CALLE URDANETA C/C PASAJE URDANETAURDANETA NRO 89;0244-6630407;J302363497;ZARA000013;TURMERO;ZVE003;Zona Centro;130;GV ClReg. Proy. PET;Aragua;03.12.2015;;8000006510;29.07.2019;1400002579;11.09.2025; ISSUSET TORREALBA;;100095;FARFAR CAMACHO GLISNEIDY ISABE;0;;VED;17;Precio Base General;60
10000961;BODEGAS LUEDIAZ,C.A.;NT00;Contado;Z034;Licores;17;Embotelladoras;ZONA INDUSTRIAL SAN VICENTE 1,AVENIDA MARACAY;0243-5537124;J075045696;ZARA000004;MARACAY;ZVE003;Zona Centro;130;GV ClReg. Proy. PET;Aragua;03.12.2015;;;;1600000196;31.03.2016;MARYURI DIAZ;;130005;PROYECTOS PET OFICINA;0;;VED;17;Precio Base General;60
10000962;COCA-COLA FEMSA DE VENEZUELA, S.A;NT07;Crédito 07 Días;Z011;Bebidas;17;Embotelladoras;AV PPAL DE LOS CORTIJOS 4TATRANSVERSAL EDIF OCAAT PISO PB OFPRINCIPAL URB LOS CORTIJOS DE LOURDES;0212-2036426;J303836216;ZDC0000001;CARACAS;ZVE004;Zona Metropolitana;131;GV CClave Proy. PET;Distrito Federal;03.12.2015;;8000018640;10.07.2025;1600010161;09.12.2025;LEONOR CASTILLO;0412-2238965;100099;MARCA PRIVADA;100099;MARCA PRIVADA;USD;17;Precio Base General;60
10000963;EMBOTELLADORA TEREPAIMA, C.A.;NT00;Contado;Z045;Soplado;24;Manufactura;CALLE GUILLERMO ALVIZU CON CALLESAN RAFAEL;0251-2632660;J075009630;ZLAR000006;CABUDARE;ZVE007;Zona Centro Occid.;130;GV ClReg. Proy. PET;Lara;03.12.2015;;8000017425;20.02.2025;1600009387;27.02.2025;MERVIN PEREZ;;100095;FARFAR CAMACHO GLISNEIDY ISABE;0;;VED;17;Precio Base General;60
10000964;ENVASADOS H2O, C.A.;NT00;Contado;Z005;Agua;17;Embotelladoras;CARRETERA PANAM. KM.17 SECT.LA ROSALEDA CARRIZAL  LA  ARCADAPLANTA SEMI-SOTANO;0212-3737482;J314965964;ZMIR000006;CARACAS;ZVE004;Zona Metropolitana;130;GV ClReg. Proy. PET;Distrito Federal;03.12.2015;;8000020764;11.02.2026;1600009978;30.09.2025;YANDORENIS BONILLA;;100095;FARFAR CAMACHO GLISNEIDY ISABE;0;;USD;17;Precio Base General;60
10000965;FRESQUITA, C.A.;NT00;Contado;Z005;Agua;17;Embotelladoras;ZONA INDUSTRIAL CASTILLITOC.C. C.E.M PARCELA 6 SAN DIEGO;0241-8717950;J309152203;ZCAR000012;VALENCIA;ZVE003;Zona Centro;130;GV ClReg. Proy. PET;Carabobo;03.12.2015;;8000001721;30.06.2016;1400000775;31.12.2016;SAFIR MENDEZ;;130001;GEDLER AMADA;0;;VED;17;Precio Base General;60
10000966;GUARAPOS VENEZOLANOS GUVENCA, C.A.;NT00;Contado;Z034;Licores;17;Embotelladoras;PROVIDENCIA 19 DE ABRILAV INTERCOMUNAL SANTIAGO MARIÑO LOCALPARCELA N°1 NRO G-2 Y 2 SECTOR LAARAGUA;0414-3456999;J307883316;ZARA000013;MARACAY;ZVE003;Zona Centro;130;GV ClReg. Proy. PET;Aragua;03.12.2015;;8000005319;31.01.2019;1600000466;02.02.2019; ISSUSET TORREALBA;;100095;FARFAR CAMACHO GLISNEIDY ISABE;0;;VED;17;Precio Base General;60
10000967;INDUSTRIAL SERVIBOTTLE, C.A.;NT00;Contado;Z034;Licores;17;Embotelladoras;CALLE 100 ENTRE AVENIDA 68 Y 70URBABIZACION  INDUSTRIAL CASTILLITOL-95;0212-2845244;J304076606;ZCAR000014;VALENCIA;ZVE003;Zona Centro;130;GV ClReg. Proy. PET;Carabobo;03.12.2015;;8000004065;31.01.2018;1400001924;14.02.2018;VICTOR JIMENEZ;;130005;PROYECTOS PET OFICINA;0;;VED;17;Precio Base General;60
10000968;INDUSTRIAS BRAVO & CIA, S.A.;NT00;Contado;Z034;Licores;17;Embotelladoras;CALLE 1 MANZANA 49 LOTES 2 Y 3 ZONA IND MATURIN;0291-6526212;J302536278;ZMON000008;MATURIN;ZVE002;Zona Oriente;130;GV ClReg. Proy. PET;Monagas;03.12.2015;;8000006858;11.09.2019;1600001596;22.11.2019;GABRIELA MILA DE LA ROCA;;100095;FARFAR CAMACHO GLISNEIDY ISABE;0;;VED;17;Precio Base General;60
10000969;INDUSTRIAS CASA TURMERO,C.A.;NT00;Contado;Z034;Licores;17;Embotelladoras;ZONA INDUSTRIAL SAN PABLO AVENIDAPRINCIPAL  GALPON 31-A;0244-6630467;J310561370;ZARA000013;TURMERO;ZVE003;Zona Centro;130;GV ClReg. Proy. PET;Aragua;03.12.2015;;8000020757;11.02.2026;1600010162;09.12.2025; ISSUSET TORREALBA;;100095;FARFAR CAMACHO GLISNEIDY ISABE;0;;VED;17;Precio Base General;60
10000970;INDUSTRIAS JIRAJARA, C.A.;NT00;Contado;Z034;Licores;17;Embotelladoras;FINAL CALLE 17,AV.URUGUAY CON AV.NECTARIOMARIA (RIBEREÑA);0251-2310978;J085336389;ZLAR000003;BARQUISIMETO;ZVE007;Zona Centro Occid.;130;GV ClReg. Proy. PET;Lara;03.12.2015;;8000007731;13.02.2020;1600001789;14.02.2020;JOSE LUIS SANCHEZ;;100095;FARFAR CAMACHO GLISNEIDY ISABE;0;;VED;17;Precio Base General;60
10000971;INDUSTRIAS MONTERREY, C.A.;NT00;Contado;Z034;Licores;17;Embotelladoras;CARRETERA PANAMERICANA KM 12 1/2CARRETERA PANAMERICANA KM 12 1/2SECTOR  LAS  SALINAS;0212-3710022;J302536278;ZDC0000001;CARACAS;ZVE004;Zona Metropolitana;130;GV ClReg. Proy. PET;Distrito Federal;03.12.2015;;;;;;JESUS LONGA;;130001;GEDLER AMADA;0;;VED;17;Precio Base General;60
10000972;INDUSTRIAS UNIDAS, C.A.;NT00;Contado;Z034;Licores;17;Embotelladoras;AV.INTERCOMUNAL VIA ACARIGUALOCAL S/N SECTOR LA CAMPIÑA LOSRASTROJOSEDO LARA LOS RASTROJOS;0251-2621191;J000196486;ZLAR000006;ACARIGUA;ZVE007;Zona Centro Occid.;130;GV ClReg. Proy. PET;Lara;03.12.2015;SI;8000019710;30.10.2025;1600010076;07.11.2025;ROBERTO J SANTOS V;0424-5351299;100095;FARFAR CAMACHO GLISNEIDY ISABE;0;;USD;17;Precio Base General;60
10000973;INGEPLAST 2004 C.A.;NT00;Contado;Z045;Soplado;24;Manufactura;CALLE LAS AMERICAS, PARCELAGALPON NRO 3 SECTOR LA PROVIDENCIA;0243-2691767;J311014276;ZARA000013;TURMERO;ZVE003;Zona Centro;130;GV ClReg. Proy. PET;Aragua;03.12.2015;SI;;;1400000084;27.01.2016;JOSE LUIS AVOCONE;;130001;GEDLER AMADA;0;;VED;17;Precio Base General;60
10000974;LATINPLAST GROUP, C.A.;NT00;Contado;Z045;Soplado;24;Manufactura;AV. ESTE-OESTE N 1 DIAGONAL ADERIVADOS  PLASTICOS  ZONA IND.MUN NORTE GALPON 19;0241-8349764;J313642851;ZCAR000012;VALENCIA;ZVE003;Zona Centro;130;GV ClReg. Proy. PET;Carabobo;03.12.2015;;8000004056;25.01.2018;1400001949;16.02.2018;RAMON MENDEZ;;100095;FARFAR CAMACHO GLISNEIDY ISABE;0;;VED;17;Precio Base General;60
10000975;PEPSI-COLA VENEZUELA C.A.;NT15;Crédito 15 Días;Z005;Agua;17;Embotelladoras;4TA.TRANSVERSAL EDIF CENTROEMPRESARIAL  POLAR PISO 3 OF PEPSI-COLA VENEZUELA URB LOS CORTIJOS;0212-2023111;J301370139;ZDC0000001;CARACAS;ZVE004;Zona Metropolitana;130;GV ClReg. Proy. PET;Distrito Federal;03.12.2015;;8000020793;19.02.2026;1600010285;20.02.2026;YULY D CAMARA;;130005;PROYECTOS PET OFICINA;0;;USD;17;Precio Base General;60
10000976;TECNOPET, C.A.;NT00;Contado;Z045;Soplado;24;Manufactura;CARRETERA LA UNION SECTORLA  ESTRELLA  LA VAQUERA PARCELA A PB;0212-9772079;J309836153;ZDC0000001;CARACAS;ZVE004;Zona Metropolitana;130;GV ClReg. Proy. PET;Distrito Federal;03.12.2015;;8000016068;19.09.2024;1600008769;24.09.2024;HARALD BRICHAT;;100095;FARFAR CAMACHO GLISNEIDY ISABE;0;;VED;17;Precio Base General;60
10000977;VENEZUELAN SEA FOOD TRADING, C.A;NT15;Crédito 15 Días;Z071;Distribuidores Enf.;17;Embotelladoras;CR 3 ENTRE CALLES 1 2 LOCAL SINNUMERO PARCELA NRO 10 ZONA ZONAINDUSTRIAL II;0251-2691965;J310693641;ZLAR000003;BARQUISIMETO;ZVE007;Zona Centro Occid.;130;GV ClReg. Proy. PET;Lara;03.12.2015;;8000007181;16.10.2019;1600001477;23.10.2019;ANGEL DELGADO;0414-5230911;100122;YEPEZ P  EDUARDO R;100135;MARTINEZ R  OLMEDO R;VED;17;Precio Base General;60
10000978;PRODUCTORA ENOTRIA,C.A.;NT00;Contado;Z034;Licores;17;Embotelladoras;CALLE EL OFICIO ZONA INDUSTRIALSANTA CRUZ PARCELA 4 MANZANA 4;0212-3611694;J001708367;ZMIR000017;GUARENAS;ZVE004;Zona Metropolitana;130;GV ClReg. Proy. PET;Miranda;03.12.2015;;8000003181;25.05.2017;1400000568;31.08.2016;IVER RAMIREZ;;130005;PROYECTOS PET OFICINA;0;;VED;17;Precio Base General;60
10000979;MEGAPET, C.A.;NT00;Contado;Z045;Soplado;24;Manufactura;AV Nº 3 LOCAL LOTE NRO Nº8ZONA INDUSTRIAL SANTA CRUZ;0244-4006342;J307289570;ZARA000005;SANTA CRUZ;ZVE003;Zona Centro;130;GV ClReg. Proy. PET;Aragua;03.12.2015;SI;8000020587;28.01.2026;1600010268;05.02.2026;;;100095;FARFAR CAMACHO GLISNEIDY ISABE;0;;USD;17;Precio Base General;60
10000980;TAMAYO & CIA., S.A.;NT00;Contado;Z034;Licores;17;Embotelladoras;AV. NUEVA GRANADA EDIF TAMAYOAV Nº 3 LOCAL LOTE NRO Nº8;0212-2845244;J000358427;ZDC0000001;CARACAS;ZVE004;Zona Metropolitana;130;GV ClReg. Proy. PET;Distrito Federal;03.12.2015;SI;;;;;VICTOR JIMENEZ;;130005;PROYECTOS PET OFICINA;0;;VED;17;Precio Base General;60
10000981;INDUSTRIA LICORERA;NT00;Contado;Z034;Licores;17;Embotelladoras;CALLE 18 CARRERA 4 LOCALNº 4-107 ZONA INDUSTRIAL;0276-7873755;J306388176;ZTAC000020;UREÑA;ZVE008;Zona Andina;130;GV ClReg. Proy. PET;Tachira;03.12.2015;;;;;;JOHAN CHACON;;130005;PROYECTOS PET OFICINA;0;;VED;17;Precio Base General;60
10000982;CHAMARRO PLAS , C.A.;NT00;Contado;Z045;Soplado;24;Manufactura;AV MANZANA 6 (MC6) NRO 16-CURB COMPLEJO LOS JARABES;0241-8717950;J295334516;ZCAR000012;SAN DIEGO;ZVE003;Zona Centro;130;GV ClReg. Proy. PET;Carabobo;03.12.2015;;8000000664;19.02.2016;1600000139;22.02.2016;SAFIR MENDEZ;;130001;GEDLER AMADA;0;;VED;17;Precio Base General;60
10000983;INDUSTRIAS VENPET, C.A;NT00;Contado;Z045;Soplado;24;Manufactura;AVENIDA LAS INDUSTRIAS CONCALLE EL TRIGO ZONA IND DE CARRIZALPLANTA INDUSTRIAL;0212-383 8465;J310344175;ZDC0000001;CARACAS;ZVE004;Zona Metropolitana;130;GV ClReg. Proy. PET;Distrito Federal;03.12.2015;SI;8000004357;23.05.2018;1400002096;31.05.2018;SHARON QUINTANA;;130005;PROYECTOS PET OFICINA;0;;VED;17;Precio Base General;60
10000984;LA GUARAPITA DE LA ABUELA, C.A.;NT00;Contado;Z034;Licores;17;Embotelladoras;CALLE AYACUCHO, SECTOR SUCRECASA NRO 14-40 23 DE ENERO;0414-7671483;J297392424;ZDC0000001;CARACAS;ZVE004;Zona Metropolitana;130;GV ClReg. Proy. PET;Miranda;03.12.2015;;;;;;JHONY MADRID;;130005;PROYECTOS PET OFICINA;0;;VED;17;Precio Base General;60
10000985;LICORERIA LIDO C.A.;NT00;Contado;Z034;Licores;17;Embotelladoras;AV 114 CASA 89-T-67 URB CABRIALES;0241-8354155;J075054555;ZCAR000014;VALENCIA;ZVE003;Zona Centro;130;GV ClReg. Proy. PET;Carabobo;03.12.2015;;8000018671;14.07.2025;1600009783;17.07.2025;KATIUSKA PETIT;0241-8318041;120003;HERNANDEZ HORACIO;0;;VED;17;Precio Base General;60
10000986;FRAVIELCA-1, C.A.;NT00;Contado;Z006;Alimentos;17;Embotelladoras;AV PARAMACONI CRUCE CON CALLESUCRE LOCAL 4 SECTOR LA PICA,PALO NEGRO;0243-2763136;J294186106;ZARA000008;PALO NEGRO;ZVE003;Zona Centro;130;GV ClReg. Proy. PET;Aragua;03.12.2015;;;;;;MISLAY LICONES;0424-3150050;130005;PROYECTOS PET OFICINA;0;;VED;17;Precio Base General;60
10000987;LOURDES ADRIANA FERNANDES FIGUEIRA;NT00;Contado;Z006;Alimentos;17;Embotelladoras;RESIDENCIA PALO NEGRO CASA 29CALLE 4;0243-2007200;V138691965;ZARA000004;MARACAY;ZVE003;Zona Centro;130;GV ClReg. Proy. PET;Aragua;03.12.2015;;;;;;LOURDES FERNANDES;;130005;PROYECTOS PET OFICINA;0;;VED;17;Precio Base General;60
10000988;LINTAPLAS, C.A.;NT00;Contado;Z045;Soplado;24;Manufactura;KM 3 CARRETERA SAN PEDROKM 3 CARRETERA SAN PEDRODE LOS ALTOS URB. IND. SAN IGNACIO;0212-3649920;J001182152-1;ZMIR000010;LOS TEQUES;ZVE004;Zona Metropolitana;130;GV ClReg. Proy. PET;Miranda;03.12.2015;;;;;;RICHARD QUINTANA;0212-3649925;130005;PROYECTOS PET OFICINA;0;;VED;17;Precio Base General;60
10000989;ALIMENTOS GAMPEL, C.A.;NT00;Contado;Z006;Alimentos;17;Embotelladoras;CTRA CORTADA EL GUAYABOGALPON NRO 519-B SECTORCORTADA EL GUAYABO;0212- 3527950;J315701782;ZMIR000010;LOS TEQUES;ZVE004;Zona Metropolitana;130;GV ClReg. Proy. PET;Miranda;03.12.2015;;8000010531;25.02.2022;1600004107;30.05.2022;ANA GABRIELA GALLO;;130005;PROYECTOS PET OFICINA;0;;VED;17;Precio Base General;60
10000990;SURTIDORA RECORD, C.A.;NT00;Contado;Z034;Licores;17;Embotelladoras;CCTRA NACIONAL VIA ACARIGUACASA NRO S/N SECTOR LOSNARAJILLOS;0251-2621191;J297288031;ZLAR000003;BARQUISIMETO;ZVE007;Zona Centro Occid.;130;GV ClReg. Proy. PET;Lara;03.12.2015;;8000016230;15.10.2024;1600008993;13.11.2024;JHONNY MERCHAN;;100095;FARFAR CAMACHO GLISNEIDY ISABE;0;;VED;17;Precio Base General;60
10000991;DESTILERIA CARUPANO, C.A.;NT00;Contado;Z034;Licores;17;Embotelladoras;AV PRINCIPAL DE COLINAS DE BELLOMONTE CC BELLO MONTE NIVELNZZA OF NRO 04 URB. COLINAS DEBELLO MONTE CARACAS MIRANDA;0212-4146666;J000107912;ZSUC000005;CARUPANO;ZVE002;Zona Oriente;130;GV ClReg. Proy. PET;Sucre;03.12.2015;SI;8000010795;24.04.2022;1600003972;26.04.2022;FERNANDO OCHOA;0212-7517375;100095;FARFAR CAMACHO GLISNEIDY ISABE;0;;VED;17;Precio Base General;60
10000992;SOPLA & PET, C.A.;NT00;Contado;Z045;Soplado;24;Manufactura;SECTOR LOS BUDARES CARRIZALAV PRINCIPAL LLANO ALTO CC MONTEBELLO PLAZA NIVEL PRIMER,LOCAL L-28;0212-3836459;J307470399;ZMIR000010;MIRANDA;ZVE004;Zona Metropolitana;130;GV ClReg. Proy. PET;Miranda;03.12.2015;;8000016313;25.10.2024;1600009017;19.11.2024;DANIEL GOLIOT;;100095;FARFAR CAMACHO GLISNEIDY ISABE;0;;VED;17;Precio Base General;60
10000993;GRASACA GRASAS SAN CARLOS, C.A.;NT00;Contado;Z001;Aceites;17;Embotelladoras;AV PLAZA VENEZUELA EDIF TORREPHELPS PISO 14 OF NORTE URB PLAZAVENEZUELA;0281-2766645;J311043314;ZDC0000001;CARACAS;ZVE004;Zona Metropolitana;130;GV ClReg. Proy. PET;Distrito Federal;03.12.2015;SI;8000010503;23.02.2022;1600004982;09.12.2022;JORGE RODRIGUEZ;0416-6374680;100095;FARFAR CAMACHO GLISNEIDY ISABE;0;;VED;17;Precio Base General;60
10000994;INPROVEN, C.A.;NT00;Contado;Z045;Soplado;24;Manufactura;AV FINAL CALLE 4 GALPON NRO SNZONA INDUSTRIAL TERRINCA DEGUATIRE;0212-3422112;J308084590;ZMIR000021;GUATIRE;ZVE004;Zona Metropolitana;130;GV ClReg. Proy. PET;Miranda;03.12.2015;SI;;;;;JESUS MENDOZA;;130001;GEDLER AMADA;0;;VED;17;Precio Base General;60
10000995;DESTILERIAS UNIDAS, S.A.;NT00;Contado;Z034;Licores;17;Embotelladoras;CTRA BARQUISIMETO ACARIGUA KM44 PLANTA INDUSTRIAL NRO S/NSECTOR LA MIEL;0414-4626649;J309407830;ZLAR000003;BARQUISIMETO;ZVE007;Zona Centro Occid.;130;GV ClReg. Proy. PET;Lara;03.12.2015;SI;;;1600000240;29.08.2016;CARLOS PEREZ;;130001;GEDLER AMADA;0;;VED;17;Precio Base General;60
10000996;MULTINACIONAL DE SABORES C.A;NT00;Contado;Z006;Alimentos;24;Manufactura;CALLE PRINCIPAL PARCELA DETERRENO FINCA GUAYABAL CASA NROS/N SECTOR VILLA DE CURA;0244-3868401;J298350440;ZARA000018;MARACAY;ZVE003;Zona Centro;130;GV ClReg. Proy. PET;Aragua;03.12.2015;SI;8000018088;27.05.2025;1400002457;04.08.2025;SIKIU MACERO;;120002;AMPOFRASCA OFICINA;0;;USD;17;Precio Base General;60
10000997;C.A. ALCOHOLERA DEL TACHIRA;NT00;Contado;Z034;Licores;17;Embotelladoras;CTRA VIA ALDEA MACHADO ABAJONRO 1 SECTOR PIEDRA ROTA-MICHELENA;0276-5172854;J090115781;ZTAC000023;SAN CRISTOBAL;ZVE008;Zona Andina;130;GV ClReg. Proy. PET;Tachira;03.12.2015;;8000013056;06.06.2023;1600006094;19.06.2023;RONNY CONTRERAS;;100095;FARFAR CAMACHO GLISNEIDY ISABE;0;;VED;17;Precio Base General;60
10000998;PLASTMIR INVERSIONES, C.A.;NT00;Contado;Z045;Soplado;24;Manufactura;CALLE TEREPAIMA EDIF CLARETPISO PB LOCAL 303 URB EL LLANITO;0212-8301587;J293521505;ZDC0000001;CARACAS;ZVE004;Zona Metropolitana;130;GV ClReg. Proy. PET;Distrito Federal;03.12.2015;;;;;;YELITZA BARRIOS;;130001;GEDLER AMADA;0;;VED;17;Precio Base General;60
10000999;LICORERIA LA FLORIDA, C.A.;NT00;Contado;Z034;Licores;17;Embotelladoras;AV LAS PALOMAS EDIF COMPLEJOINDUSTRIAL R.Y.Q. PISO 1 OF S/N°SECTOR LAS PALOMAS;0293-9935934;J080026160;ZSUC000014;CUMANA;ZVE002;Zona Oriente;130;GV ClReg. Proy. PET;Sucre;03.12.2015;;8000018812;29.07.2025;1600009839;07.08.2025;SABIMAR MARTINEZ;;100095;FARFAR CAMACHO GLISNEIDY ISABE;0;;VED;17;Precio Base General;60
10001000;CORPORACION LA ENCANTADA, C.A.;NT00;Contado;Z034;Licores;17;Embotelladoras;POBLADO GUICO SAN TOME ANZOATEGUICALLE CAMPO GUICO LOCAL LOCALFUNDO LA ENCANTADA CASERIO CENTRO;0212-4150000;J299012190;ZDC0000001;ANZOATEGUI;ZVE004;Zona Metropolitana;130;GV ClReg. Proy. PET;Miranda;03.12.2015;;8000020683;06.02.2026;1600010273;12.02.2026;SARA;;100095;FARFAR CAMACHO GLISNEIDY ISABE;0;;VED;17;Precio Base General;60
10001001;CORPORACION MM & SI 2008, C.A.;NT00;Contado;Z001;Aceites;17;Embotelladoras;AV 119 CON AV RIO ORINOCO S/NASOCIACION DE EJECUTIVOS APTONRO 1 URB. EL PARRAL;0241-8384292;J297760440;ZCAR000014;VALENCIA;ZVE003;Zona Centro;130;GV ClReg. Proy. PET;Carabobo;03.12.2015;SI;8000008033;23.06.2020;1600001971;26.06.2020;JOHANA HIDALGO;0416-3306236;100095;FARFAR CAMACHO GLISNEIDY ISABE;0;;VED;17;Precio Base General;60
10001002;PLASTIQUE, C.A.;NT00;Contado;Z045;Soplado;24;Manufactura;AV PPAL CASA NRO B-2-D URBTERRAZAS DE PARAMACAY,NAGUANAGUA;0251-7142115;J295992629;ZCAR000014;VALENCIA;ZVE003;Zona Centro;130;GV ClReg. Proy. PET;Carabobo;03.12.2015;;;;;;JOSE PEÑA VILLAMIZAR;;130001;GEDLER AMADA;0;;VED;17;Precio Base General;60
10001003;AGUAS DIVINA PASTORA, C.A.;NT00;Contado;Z045;Soplado;24;Manufactura;CTRA GUASIPATI- EL CALLAO, LOCALNRO S/N ZONA INDUSTRIAL LA CARAMUCA,GUASIPATI;0416-4977453;J307693614;ZBOL000003;EL CALLAO;ZVE005;Zona Oriente Sur;130;GV ClReg. Proy. PET;Bolívar;03.12.2015;SI;;;;;JORGE VALBUENA;;130005;PROYECTOS PET OFICINA;0;;VED;17;Precio Base General;60
10001004;PROCESADORA ECOGRASAS, C.A.;NT00;Contado;Z001;Aceites;17;Embotelladoras;TINAQUILLOCALLE 4 LOCAL PARCELA N° C , ZONA PARQUEINDUSTRIAL MUNICIPAL PRIMERA ETAPAEDO .COJEDES;0258-7663191;J298013133;ZCOJ000008;TINAQUILLO, EDO COJEDES;ZVE003;Zona Centro;130;GV ClReg. Proy. PET;Cojedes;03.12.2015;;8000009202;21.05.2021;1600002788;31.05.2021;MARIA MENDOZA;;100095;FARFAR CAMACHO GLISNEIDY ISABE;0;;VED;17;Precio Base General;60
10001005;FARID PLAST, C.A.;NT00;Contado;Z045;Soplado;24;Manufactura;CALLE LAS INDUSTRIAS GALPON NRO 01;0414-4922504;J303843565;ZARA000006;LA VICTORIA;ZVE003;Zona Centro;130;GV ClReg. Proy. PET;Aragua;03.12.2015;SI;8000003638;21.09.2017;1400001352;27.09.2017;JORGE YAMOUR;;130001;GEDLER AMADA;0;;VED;17;Precio Base General;60
10001006;EMBOTELLADORA TEMPANO, C.A.;NT00;Contado;Z005;Agua;17;Embotelladoras;CALLE 1 LOCAL, LOTES 2 Y 3 NRO 49-AZONA INDUSTRIAL ZIMCA;0291-6526212;J400861381;ZMON000008;MATURIN;ZVE002;Zona Oriente;130;GV ClReg. Proy. PET;Monagas;03.12.2015;;;;1600000242;31.08.2016;GABRIELA MILA DE LA ROCA;;130005;PROYECTOS PET OFICINA;0;;VED;17;Precio Base General;60
10001007;CORPORACION FACIL QUIMICA, C.A.;NT00;Contado;Z045;Soplado;24;Manufactura;AV. VENEZUELA EDIF TORRE AMERICAPISO 2 OF 201 URB EL RECREO;0212-7634178;J400498155;ZDC0000001;CARACAS;ZVE004;Zona Metropolitana;130;GV ClReg. Proy. PET;Distrito Federal;03.12.2015;;;;;;FREDY CHARLES;;130005;PROYECTOS PET OFICINA;0;;VED;17;Precio Base General;60
10001008;EMBOTELLADORA Y DISTRIBUIDORA;NT00;Contado;Z005;Agua;17;Embotelladoras;CTRA LA VICTORIA LA COLONIA TOVARGALPON #1 SECTOR PIE DE CERROLA VICTORIA EDO. ARAGUA;0424-4358840;J401381057;ZARA000006;LA VICTORIA;ZVE003;Zona Centro;130;GV ClReg. Proy. PET;Aragua;03.12.2015;;8000003425;18.07.2017;1400001028;19.06.2017;JOSE REYES;0414-4422266;130005;PROYECTOS PET OFICINA;0;;VED;17;Precio Base General;60
10001009;CONSORCIO OLEAGINOSO;NT00;Contado;Z001;Aceites;17;Embotelladoras;CTRA VIA PAYARA LOCAL NRO S/NSECTOR PIEDRAS BLANCAS;0255-6002300;J085020217;ZPOR000008;ACARIGUA;ZVE003;Zona Centro;130;GV ClReg. Proy. PET;Portuguesa;03.12.2015;;8000020645;04.02.2026;1400002833;22.01.2026;ANGELINA ROJAS;;120002;AMPOFRASCA OFICINA;0;;VED;14;Intercompañías;60
10001009;CONSORCIO OLEAGINOSO;NT07;Crédito 07 Días;Z001;Aceites;17;Embotelladoras;CTRA VIA PAYARA LOCAL NRO S/NSECTOR PIEDRAS BLANCAS;0255-6002300;J085020217;ZPOR000008;ACARIGUA;ZVE007;Zona Centro Occid.;130;GV ClReg. Proy. PET;Portuguesa;03.12.2015;;8000020645;04.02.2026;1400002833;22.01.2026;ANGELINA ROJAS;;120002;AMPOFRASCA OFICINA;0;;USD;17;Precio Base General;60
10001010;EMBOTELLADORA MINARCA, C.A.;NT00;Contado;Z005;Agua;17;Embotelladoras;AV LA HONDA TOCUYITOEDO CARABOBO LOCAL NRO 118 SECTORMUNICIPIO LIBERTADOR;0414-4793969;J314525280;ZCAR000014;VALENCIA;ZVE003;Zona Centro;130;GV ClReg. Proy. PET;Carabobo;03.12.2015;SI;;;1600000244;31.08.2016;JUAN BARRADA;0424-4535537;130005;PROYECTOS PET OFICINA;0;;VED;17;Precio Base General;60
10001011;SOPLA-PET, C.A;NT00;Contado;Z045;Soplado;24;Manufactura;AV VENEZUELA CON CALLE 27 Y 28LOCAL NRO 27-47 SECTOR CENTRO;0414-5249939;J400505518;ZLAR000003;BARQUISIMETO;ZVE007;Zona Centro Occid.;130;GV ClReg. Proy. PET;Lara;03.12.2015;;8000016309;25.10.2024;;;IBSEN MARTINEZ;;100095;FARFAR CAMACHO GLISNEIDY ISABE;0;;VED;17;Precio Base General;60
10001012;DALF GROUP, C.A;NT00;Contado;Z006;Alimentos;17;Embotelladoras;CALLE-LOCAL COMPLEJO INDUTRIALNUEVO CENTURY GALPON NRO B-3 ZONAINDUTRIAL SAN VICENTE II MARACAY;0412-4130086;J299851981;ZARA000004;MARACAY;ZVE003;Zona Centro;130;GV ClReg. Proy. PET;Aragua;03.12.2015;;8000012030;05.12.2022;1600004990;15.12.2022;;;120003;HERNANDEZ HORACIO;0;;VED;17;Precio Base General;60
10001013;COPACKING, C.A.;NT00;Contado;Z045;Soplado;24;Manufactura;CALLE ARISMENDI GALPON NRO 54ZONA INDUSTRIAL LA CHAPA;0244-3221548;J305807027;ZARA000006;LA VICTORIA;ZVE003;Zona Centro;130;GV ClReg. Proy. PET;Aragua;03.12.2015;;8000005428;27.02.2019;1600000870;19.06.2019;YENNI BLANCO;0244-3214780;100095;FARFAR CAMACHO GLISNEIDY ISABE;0;;VED;17;Precio Base General;60
10001014;INDUSTRIA LA ZARZA, C.A.;NT00;Contado;Z005;Agua;17;Embotelladoras;AV MIRANDA EDIF COJUNTO RES.;0254-2343606;J296695342;ZDC0000001;CARACAS;ZVE004;Zona Metropolitana;130;GV ClReg. Proy. PET;Distrito Federal;03.12.2015;;;;1600000238;25.08.2016;JUAN MARRERO;0412-5173635;130005;PROYECTOS PET OFICINA;0;;VED;17;Precio Base General;60
10001015;MEGA AGUA BENDITA, C.A.;NT00;Contado;Z045;Soplado;24;Manufactura;CTRA CAGUA-SANTA CRUZ AV. 03SECTOR G, 2DA ETAPA LOCAL PARCELANRO G-53 ZONA INDUSTRIAL SANTA CRUZ ED;0243-2611385;J295371993;ZARA000015;CAGUA;ZVE003;Zona Centro;130;GV ClReg. Proy. PET;Aragua;03.12.2015;;;;1600000248;23.03.2017;CARLOS PARRA;;130001;GEDLER AMADA;0;;VED;17;Precio Base General;60
10001016;DISTRIBUIDORA, ALI BENZ, C.A.;NT00;Contado;Z045;Soplado;24;Manufactura;AV LA ESTANCIA EDIF BANAVEN PISO2 OF 02 URB CHUAO;0212-9420611;J400218985;ZDC0000001;CARACAS;ZVE004;Zona Metropolitana;130;GV ClReg. Proy. PET;Distrito Federal;03.12.2015;;;;;;JOSE BENZECRY;0212-9420689;130005;PROYECTOS PET OFICINA;0;;VED;17;Precio Base General;60
10001017;JOSE IGNACIO PADRINO;NT00;Contado;Z006;Alimentos;17;Embotelladoras;CALLE CAMPO ELIAS CASA NRO 16SECTOR EL GUANABANO;0414-3804189;V111232390;ZARA000012;SAN SEBASTIAN;ZVE003;Zona Centro;130;GV ClReg. Proy. PET;Aragua;03.12.2015;;8000001480;24.05.2016;1600000215;26.05.2016;JOSE PADRINO;0424-3036550;130005;PROYECTOS PET OFICINA;0;;VED;17;Precio Base General;60
10001018;ENVASES PET LA VICTORIA, C.A.;NT00;Contado;Z045;Soplado;24;Manufactura;AV GRAN COLOMBIA CASA PARCELANRO 2-A ZONA INDUSTRIAL LA CHAPALA VICTORIA;0412-4400400;J402823347;ZARA000006;LA VICTORIA;ZVE003;Zona Centro;130;GV ClReg. Proy. PET;Aragua;03.12.2015;;8000005757;23.04.2019;1600000668;25.04.2019;MIGUEL YUNES;;100095;FARFAR CAMACHO GLISNEIDY ISABE;0;;VED;17;Precio Base General;60
10001019;PRODUCTOS LA CHINA CA.;NT00;Contado;Z006;Alimentos;17;Embotelladoras;CALLE LA ESTRELLA LOCAL NRO 63SECTOR LA ESTRELLA;0264-2415683;J305664811;ZZUL000003;CABIMAS;ZVE001;Zona Occidente;130;GV ClReg. Proy. PET;Zulia;03.12.2015;SI;8000001911;04.08.2016;1400000496;08.08.2016;YOLIMAR ROMERO;0264-2414066;130005;PROYECTOS PET OFICINA;0;;VED;17;Precio Base General;60
10001020;NATURAL SON HELP, C.A.;NT00;Contado;Z006;Alimentos;17;Embotelladoras;CALLE ZARAZA CASA NRO 9URB LA CANDELARIA II CAÑA DE AZUCAR;0414-4784173;J400728606;ZARA000004;MARACAY;ZVE003;Zona Centro;130;GV ClReg. Proy. PET;Aragua;03.12.2015;;;;1400000338;28.04.2016;JOSE ROMERO;;120005;REYES SANCHEZ JORGE;0;;VED;17;Precio Base General;60
10001021;ISBETH LISETT MARTINEZ VILERA;NT00;Contado;Z045;Soplado;24;Manufactura;CALLE MARACAY CASA 5 BARRIOSAN VICENTE;0424-3388135;V162055603;ZARA000004;MARACAY;ZVE003;Zona Centro;130;GV ClReg. Proy. PET;Aragua;03.12.2015;;;;;;ISBETH  MARTINEZ;;130005;PROYECTOS PET OFICINA;0;;VED;17;Precio Base General;60
10001022;BAFIA LICORES, C.A.;NT00;Contado;Z005;Agua;17;Embotelladoras;CALLE PRINCIPAL ALBERTO RAVELLLOCAL NRO SN SECTOR ALBERTO RAVELL;0212-3220584;J314357379;ZMIR000010;LOS TEQUES;ZVE004;Zona Metropolitana;130;GV ClReg. Proy. PET;Miranda;03.12.2015;;8000001549;08.06.2016;1400000453;27.06.2016;BELKLIM LINARES;0212-3646946;130005;PROYECTOS PET OFICINA;0;;VED;17;Precio Base General;60
10001023;VENEZOLANA DE SOPLADO, INYECCION;NT00;Contado;Z045;Soplado;24;Manufactura;TURMERO ARAGUA.CALLE BERMIDEZ  CASA NRO S/NSECTOR PROLONGACION;0424-3388135;J403323798;ZARA000004;MARACAY;ZVE003;Zona Centro;130;GV ClReg. Proy. PET;Aragua;03.12.2015;;8000012802;27.04.2023;1600005808;30.04.2023;ISBETH  MARTINEZ;;100095;FARFAR CAMACHO GLISNEIDY ISABE;0;;VED;17;Precio Base General;60
10001024;INDUSTRIAS GENIUS, C.A.;NT00;Contado;Z039;Productos De Limpiez;17;Embotelladoras;CALLE PADRE FAJARDO CC SANTACRUZ NIVEL PISO 1 OFICINA 5 SECTORSANTA CRUZ EDO ARAGUA;0414-4622065;J403136432;ZARA000005;SANTA CRUZ;ZVE003;Zona Centro;130;GV ClReg. Proy. PET;Aragua;03.12.2015;;;;;;GIPSI MARTINEZ;0424-3831714;130005;PROYECTOS PET OFICINA;0;;VED;17;Precio Base General;60
10001025;INDUSTRIAS GOMOR, C.A.;NT00;Contado;Z039;Productos De Limpiez;17;Embotelladoras;CALLE 73-B CC ALFER NIVEL PBLOCAL GALPON 4 ZONA INDUSTRIALCASTILLITO SAN DIEGO;0241-8717349;J311817930;ZCAR000014;VALENCIA;ZVE003;Zona Centro;130;GV ClReg. Proy. PET;Carabobo;03.12.2015;SI;8000000879;15.03.2016;1400000292;16.03.2016;JHONNY MORENO;0414-4209375;130001;GEDLER AMADA;0;;VED;17;Precio Base General;60
10001026;INVERSIONES TODO AL COSTO, C.A.;NT00;Contado;Z045;Soplado;24;Manufactura;CALLE EL CARMEN CASA S/NLA SABANA MACHIQUES;0424-2871029;J401293581;ZZUL000011;MACHIQUES;ZVE001;Zona Occidente;130;GV ClReg. Proy. PET;Zulia;03.12.2015;;;;;;ANGEL MORENO;;130005;PROYECTOS PET OFICINA;0;;VED;17;Precio Base General;60
10001027;EMBOTELLADORA VALLE VERDE C.A.;NT00;Contado;Z045;Soplado;24;Manufactura;AV DOÑA EMILIA CASA N° 33URBANIZACION LOS CACTUS, PUNTACARDON;0279-4164731;J294852629;ZFAL000005;PUNTA CARDON;ZVE001;Zona Occidente;130;GV ClReg. Proy. PET;Zulia;03.12.2015;;;;;;PLACIDA PEÑA;0414-0640464;130005;PROYECTOS PET OFICINA;0;;VED;17;Precio Base General;60
10001028;ALIMENTOS FUNCIONALES CM, C.A.;NT00;Contado;Z005;Agua;17;Embotelladoras;CALLE 131 QUINTA MI CASITACASA N° 90-10 URBANIZACION LATRIGALEÑA VALENCIA;0414-1431025;J403169349;ZCAR000014;VALENCIA;ZVE003;Zona Centro;130;GV ClReg. Proy. PET;Carabobo;03.12.2015;;;;;;MARIANA PELAEZ;0414-1005201;130005;PROYECTOS PET OFICINA;0;;VED;17;Precio Base General;60
10001029;INDUSTRIAS EL CAIMAN, S.A.;NT00;Contado;Z034;Licores;17;Embotelladoras;CARRETERA NACIONAL GUANAREOSPINO KM 16 SECTOR LAS COCUIZASLOCAL NRO SN SECTOR LAS COCUIZAS;0241-2002222;J403941025;ZPOR000004;GUANARE;ZVE007;Zona Centro Occid.;130;GV ClReg. Proy. PET;Portuguesa;03.12.2015;;8000004167;08.03.2018;1400002016;16.03.2018;MARIA MORENO;0424-4681924;100095;FARFAR CAMACHO GLISNEIDY ISABE;0;;VED;17;Precio Base General;60
10001030;PROCESADORA DE ALIMENTOS PRODALIC,;NT00;Contado;Z006;Alimentos;17;Embotelladoras;CALLE PRINCIPAL LOCAL PARCELAS1.2.3.5.7 Y 9 URB. INDUSTRIAL EL PARAISODEL TUY SANTA TERESA DEL TUY;0239-2311193;J002095695;ZMIR000011;VALLES DEL TUY;ZVE004;Zona Metropolitana;130;GV ClReg. Proy. PET;Miranda;03.12.2015;;;;;;LILIANA ALVAREZ;0239-2311584;130005;PROYECTOS PET OFICINA;0;;VED;17;Precio Base General;60
10001031;JUSTIMIANO PERNIA ALVAREZ;NT00;Contado;Z039;Productos De Limpiez;17;Embotelladoras;CALLE 11 ENTRE CARRERAS 3 Y 4CASA S/N SECTOR LAS GOLONDRINASANTA ANA DEL TACHIRA;0414-7263055;V092308290;ZTAC000006;SANTA ANA;ZVE008;Zona Andina;130;GV ClReg. Proy. PET;Tachira;03.12.2015;;8000000799;29.02.2016;1600000160;29.02.2016;JUSTIMINIANO PERNIA;0426-3768537;130005;PROYECTOS PET OFICINA;0;;VED;17;Precio Base General;60
10001032;SOPLADOS PET, C.A.;NT00;Contado;Z005;Agua;17;Embotelladoras;CR SANTA BARBARA LOCAL N° 2-129SECTOR LOS POZONES EL VIGIA;0275-8821451;J400142270;ZMER000001;EL VIGIA;ZVE008;Zona Andina;130;GV ClReg. Proy. PET;Merida;03.12.2015;;;;;;WILMER MORALES;0414-7375930;130005;PROYECTOS PET OFICINA;0;;VED;17;Precio Base General;60
10001033;RAQUEL JOSEFINA PIMENTEL VENTURA;NT00;Contado;Z015;Comercializadora;16;Distribuidores Trad.;CALLE PADRE T E/ C/PDRESPACHECO Y SANCHEZ QTA N° 17-4URB. OBISPO ALVARADO SAN FELIPE;0426-2691954;V133143153;ZYAR000011;YARACUY;ZVE007;Zona Centro Occid.;130;GV ClReg. Proy. PET;Yaracuy;03.12.2015;;8000003470;09.08.2017;1400001222;09.08.2017;RAQUEL PIMENTEL;;130005;PROYECTOS PET OFICINA;0;;VED;17;Precio Base General;60
10001034;INVERSIONES BALZA PAREDES, C.A.;NT00;Contado;Z039;Productos De Limpiez;17;Embotelladoras;AV JOSE LUIS FAURE LOCAL 41 ZONAINDUSTRIAL CARMEN SANCHEZ DE JELAMBI;0271-4147664;J298618582;ZTRU000020;VALERA;ZVE008;Zona Andina;130;GV ClReg. Proy. PET;Trujillo;03.12.2015;;8000016010;12.09.2024;1600008761;19.09.2024;LILIANA PAREDES;0426-4065525;100095;FARFAR CAMACHO GLISNEIDY ISABE;0;;VED;17;Precio Base General;60
10001035;INVERSIONES 777, FENIX K.L., C.A.;NT00;Contado;Z039;Productos De Limpiez;17;Embotelladoras;CALLE JORGE SALAMEDA LOCALN° 01 SECTOR LAS MALVINAS, SAN FELIX;0286-9321607;J295070632;ZBOL000001;SAN FELIX;ZVE005;Zona Oriente Sur;130;GV ClReg. Proy. PET;Bolívar;03.12.2015;;;;;;YAMILETH KELLY;0414-8644295;130005;PROYECTOS PET OFICINA;0;;VED;17;Precio Base General;60
10001036;CERAS,EMULSIONES,MEZCLAS Y;NT00;Contado;Z039;Productos De Limpiez;17;Embotelladoras;CALLLE LOCAL N° S/N SECTORZONA INDUSTRIAL ALVARENGA-CHARALLAVE;0414-3116174;J317247949;ZMIR000008;CHARALLAVE;ZVE004;Zona Metropolitana;130;GV ClReg. Proy. PET;Miranda;03.12.2015;;8000000716;22.02.2016;1600000141;23.02.2016;SIMON MORA;;130005;PROYECTOS PET OFICINA;0;;VED;17;Precio Base General;60
10001037;GRUPO ATAHUALPA, C.A.;NT00;Contado;Z005;Agua;17;Embotelladoras;ESQ RUMUALDA Y MANDUCAEDIF 93 PISO PB OFICINA S/NURB LA CANDELARIA;0212-4198041;J311618775;ZDC0000001;CARACAS;ZVE004;Zona Metropolitana;130;GV ClReg. Proy. PET;Distrito Federal;03.12.2015;;;;;;ANIUSKA RAMIREZ;0426-3881168;130005;PROYECTOS PET OFICINA;0;;VED;17;Precio Base General;60
10001038;C.A. RON SANTA TERESA;NT00;Contado;Z034;Licores;17;Embotelladoras;CERRETERA PANAMERICANA, LOCALNRO S/N SECTOR HACIENDA SANTATERESA;0244-4002642;J000325693;ZARA000007;EL CONSEJO;ZVE003;Zona Centro;130;GV ClReg. Proy. PET;Aragua;03.12.2015;;;;;;ALEDIS ARIAS;0244-4002674;130001;GEDLER AMADA;0;;VED;17;Precio Base General;60
10001039;ECHEL DE VENEZUELA, C.A.;NT00;Contado;Z006;Alimentos;17;Embotelladoras;CERRETERA 10 ENTRE CALLES18 Y 19 CASA NRO S/N ZONA CENTRO;0252-4213885;J303421032;ZLAR000008;CARORA;ZVE007;Zona Centro Occid.;130;GV ClReg. Proy. PET;Lara;03.12.2015;;;;;;YRIS MENDEZ;0424-7826700;130005;PROYECTOS PET OFICINA;0;;VED;17;Precio Base General;60
10001040;EMBOTELLADORA ACTIVA, C.A.;NT00;Contado;Z005;Agua;17;Embotelladoras;CERRETERA VIEJA TOCUYITOLOCAL Nro 4/5 URB. CARIALINDA ET 2SECTOR ZANJON DULCE;0424-4167415;J299079600;ZCAR000014;VALENCIA;ZVE003;Zona Centro;130;GV ClReg. Proy. PET;Carabobo;03.12.2015;;;;1600000245;31.08.2016;DAIRIN HERNANDEZ;0424-4013084;120003;HERNANDEZ HORACIO;0;;VED;17;Precio Base General;60
10001041;COMERCIALIZADORA ALVARADO 2013,;NT00;Contado;Z039;Productos De Limpiez;17;Embotelladoras;CALLE 34 ENTRE CARRERAS 29 Y 30CASA S/N SECTOR EL JARDIN II;0424-5663211;J403020710;ZLAR000003;BARQUISIMETO;ZVE007;Zona Centro Occid.;130;GV ClReg. Proy. PET;Lara;03.12.2015;;;;;;ALVARADO JHOANNS;0424-5487296;130005;PROYECTOS PET OFICINA;0;;VED;17;Precio Base General;60
10001042;COMERCIALIZADORA TNQ, C.A.;NT00;Contado;Z039;Productos De Limpiez;17;Embotelladoras;CALLE 11 FINAL AV 14 LOCALNRO TNQ NRO S/N SECTOR CAJA DE AGUASAN FELIPE;0254-2325510;J311846735;ZYAR000011;SAN FELIPE;ZVE007;Zona Centro Occid.;130;GV ClReg. Proy. PET;Yaracuy;03.12.2015;;;;;;YANIS PEREZ;0412-1533789;130005;PROYECTOS PET OFICINA;0;;VED;17;Precio Base General;60
10001043;EMBOTELLADORA DE AGUA;NT00;Contado;Z005;Agua;17;Embotelladoras;CARRETERA NACIONAL AGUAVIVA MENE GRANDE LOCAL NRO S/NSECTOR LA RAYA ABAJO;0267-4149728;J403064083;ZZUL000002;ZULIA;ZVE001;Zona Occidente;130;GV ClReg. Proy. PET;Zulia;03.12.2015;;;;;;JHONATAN PRIETO;0416-6797008;130005;PROYECTOS PET OFICINA;0;;VED;17;Precio Base General;60
10001044;CORPORACION MEGA-CHEMICAL, C.A.;NT00;Contado;Z039;Productos De Limpiez;17;Embotelladoras;CALLE MIRANDA LOCAL GALPONNRO 33 SECTOR EL PROGRESO EL LIMON;0243-2479407;J308215511;ZARA000009;EL LIMON;ZVE003;Zona Centro;130;GV ClReg. Proy. PET;Aragua;03.12.2015;;8000009290;18.06.2021;1600002874;30.06.2021;MARIAGHNER POLANCO;;100095;FARFAR CAMACHO GLISNEIDY ISABE;0;;VED;17;Precio Base General;60
10001045;ROCAR UNIVERSAL TOOLS, C.A.;NT00;Contado;Z034;Licores;17;Embotelladoras;AV ALTAMIRA EDIF RES. DORALPISO 4 APT 42 URB SAN BERNARDINO;0212-7618087;J306308407;ZDC0000001;CARACAS;ZVE004;Zona Metropolitana;130;GV ClReg. Proy. PET;Distrito Federal;03.12.2015;;;;;;CARLOS RIZZO;0414-2044014;130005;PROYECTOS PET OFICINA;0;;VED;17;Precio Base General;60
10001046;QUIMIENVASES, C.A.;NT00;Contado;Z015;Comercializadora;16;Distribuidores Trad.;AV LISANDRO ALVARADO C/CMATA RICA LOCAL NRO 112B-79 SECTORCEMENTERIO MUNICIPAL VALENCIA;0241-8355548;J295553838;ZCAR000014;VALENCIA;ZVE003;Zona Centro;130;GV ClReg. Proy. PET;Carabobo;03.12.2015;;;;;;EHIRUTH SANDOVAL;;130005;PROYECTOS PET OFICINA;0;;VED;17;Precio Base General;60
10001047;INDUSTRIAS DURANLIM, C.A.;NT00;Contado;Z039;Productos De Limpiez;17;Embotelladoras;AV ORINOCO LOCAL GALPONNRO C176 ZONA INDUSTRIAL LOMA LINDA;0245-5646019;J316311341;ZCAR000004;GUACARA;ZVE003;Zona Centro;130;GV ClReg. Proy. PET;Carabobo;03.12.2015;;;;;;JESUS JAIME;0426-3603430;130005;PROYECTOS PET OFICINA;0;;VED;17;Precio Base General;60
10001048;ENVASES CARACAS C.A.;NT00;Contado;Z045;Soplado;24;Manufactura;CALLE 1RA PROLONGACION AVPRINCIPAL GUARENAS LOCAL ENVASESCARACAS URB IND DEL ESTE GUARENAS;0212-3636555;J001470026;ZMIR000017;GUARENAS;ZVE004;Zona Metropolitana;130;GV ClReg. Proy. PET;Miranda;03.12.2015;;;;;;FERNANDO HERNANDEZ;0212-3616944;130001;GEDLER AMADA;0;;VED;17;Precio Base General;60
10001049;CEPEL, S.A.;NT00;Contado;Z006;Alimentos;17;Embotelladoras;CALLE A CON CARRERAS 14 Y 14ALOCAL NRO 33 URB COLINAS DE SANTAROSA;0416-4532985;J304106092;ZLAR000003;BARQUISIMETO;ZVE007;Zona Centro Occid.;130;GV ClReg. Proy. PET;Lara;03.12.2015;;8000015663;02.07.2024;;;MARIO BRICEÑO;;100095;FARFAR CAMACHO GLISNEIDY ISABE;0;;VED;17;Precio Base General;60
10001050;SUMINISTROS RS, C.A.;NT00;Contado;Z006;Alimentos;17;Embotelladoras;CARRERA 16 ENTRE CALLES9 Y 10 CASA NRO 46 SECTOR ANDRESBELLO BARQUISIMETO;0251-6212765;J297982590;ZLAR000003;BARQUISIMETO;ZVE006;Zona Llanos;130;GV ClReg. Proy. PET;Barinas;03.12.2015;;;;;;YARID PIÑANGO;;130005;PROYECTOS PET OFICINA;0;;VED;17;Precio Base General;60
10001051;MACHINERY CARE INTERNATIONAL S.A.;NT00;Contado;Z005;Agua;17;Embotelladoras;CALLE EL PROGRESO EDIF ORIALPISO 3 LOCAL 36 URB LAS ACACIAS;0241-8347878;J313988286;ZDC0000022;CARACAS;ZVE004;Zona Metropolitana;130;GV ClReg. Proy. PET;Distrito Federal;03.12.2015;;;;;;ROSA LINDA ESCALONA;0414-3489872;130005;PROYECTOS PET OFICINA;0;;VED;17;Precio Base General;60
10001052;EMBOTELLADORA AGUA MANSA,C.A.;NT00;Contado;Z045;Soplado;24;Manufactura;CALLE CALIFORNIA ENTREMUCUCHIES Y PERIJA EDIF CALIFORNIASUITES MALL PISO 1 APT 1-E URBURB LAS MERCEDES;0212-3101147;J312511974;ZDC0000001;CARACAS;ZVE004;Zona Metropolitana;130;GV ClReg. Proy. PET;Distrito Federal;03.12.2015;;;;;;PEDRO D ELIA HERNANDEZ;0424-1819093;130005;PROYECTOS PET OFICINA;0;;VED;17;Precio Base General;60
10001053;ENVASES MAXIPLAST, C.A.;NT00;Contado;Z060;Reciclaje;24;Manufactura;CALLE H PARCELAS 4 Y 5 LOCAL NRO3-A SECTOR LOS TANQUES VILLA DE CURA;0244-3868401;J295781750;ZARA000018;VILLA DE CURA;ZVE003;Zona Centro;130;GV ClReg. Proy. PET;Aragua;03.12.2015;;8000000851;10.03.2016;1400000293;16.03.2016;SIKIU MACERO;0414-3582149;130005;PROYECTOS PET OFICINA;0;;VED;17;Precio Base General;60
10001054;GRUPO LIMPIACLEAN LC, C.A.;NT00;Contado;Z039;Productos De Limpiez;17;Embotelladoras;AV SAN FRANCISCO EDIF LACALIFORNIA PISO 11 OF 11-D URBCOLINAS DE LA CALIFORNIA CARACAS;0412-7472679;J404899642;ZMIR000019;PETARE;ZVE004;Zona Metropolitana;130;GV ClReg. Proy. PET;Miranda;03.12.2015;;8000000109;26.01.2016;1400000115;31.01.2016;WOLFANG GARCIA;;130005;PROYECTOS PET OFICINA;0;;VED;17;Precio Base General;60
10001055;AJEVEN, C.A.;NT00;Contado;Z045;Soplado;24;Manufactura;"CALLE E LOCAL PARCELA""CALLE """"E"""" LOCAL PARCELA ""ZONA INDUSTRIAL EL RECREO";0241-6130109;J306011382;ZCAR000014;VALENCIA;ZVE003;Zona Centro;130;GV ClReg. Proy. PET;Carabobo;03.12.2015;;8000015808;25.07.2024;1600008503;31.07.2024;XIOMARA HURTADO;0412-7824120;100095;FARFAR CAMACHO GLISNEIDY ISABE;0;;VED;17;Precio Base General;60
10001056;INVHECOR, C.A.;NT00;Contado;Z045;Soplado;16;Distribuidores Trad.;AV PADRE ALEXANDRE CASA NRO103-38 URB SAN BLAS;0241-8592301;J304089937;ZCAR000014;VALENCIA;ZVE003;Zona Centro;130;GV ClReg. Proy. PET;Carabobo;03.12.2015;;;;1600000099;31.12.2015;CRISTINA MONTOYA;0241-8590342;130001;GEDLER AMADA;0;;VED;17;Precio Base General;60
10001057;AROMA´S 2013, C.A.;NT00;Contado;Z039;Productos De Limpiez;17;Embotelladoras;CALLE E LOCAL GALPON PHILENRO S/N ZONA INDUSTRIAL LAS MINAS;0244-3869832;J402510705;ZARA000018;VILLA DE CURA;ZVE003;Zona Centro;130;GV ClReg. Proy. PET;Aragua;03.12.2015;;;;;;JESUS MORALES;0414-4882024;130005;PROYECTOS PET OFICINA;0;;VED;17;Precio Base General;60
10001058;MANUFACTURAS & SERVICIOS CJE, C.A.;NT00;Contado;Z045;Soplado;24;Manufactura;AV ROMA LOCAL GALPON NRO 3URB ZONA INDUSTRIAL SOCO LA VICTORIA;0414-2612113;J312253061;ZARA000006;LA VICTORIA;ZVE003;Zona Centro;130;GV ClReg. Proy. PET;Aragua;03.12.2015;;8000003224;31.05.2017;1400000222;23.02.2016;CESAR FIGUERA;;130001;GEDLER AMADA;0;;VED;17;Precio Base General;60
10001059;INVERSIONES HUMILDAD 2012, C.A.;NT00;Contado;Z006;Alimentos;17;Embotelladoras;CALLE 77 ENTRE AV 13 Y 13ALOCAL NRO 13-34 NO APLICA SECTOR 5DE JULIO;0243-2634333;J400754518;ZZUL000013;MARACAIBO;ZVE001;Zona Occidente;130;GV ClReg. Proy. PET;Zulia;03.12.2015;;;;;;PALMIRO ALVARADO;0416-6468669;130005;PROYECTOS PET OFICINA;0;;VED;17;Precio Base General;60
10001060;MAS LIMPIO CENTRO, C.A.;NT00;Contado;Z039;Productos De Limpiez;17;Embotelladoras;CALLE LOPEZ AVELEDO ENTREMIRANDA Y PAEZ LOCAL NRO 73 SECTORCENTRO MARACAY;0414-4490224;J402830165;ZARA000004;MARACAY;ZVE003;Zona Centro;130;GV ClReg. Proy. PET;Aragua;03.12.2015;;;;;;JORGE MARDELLY;;130005;PROYECTOS PET OFICINA;0;;VED;17;Precio Base General;60
10001061;ALIMENTOS REALZA 2015, C.A.;NT00;Contado;Z006;Alimentos;17;Embotelladoras;CALLE PICHINCHA CASA NRO 01LOCAL 1-2 SECTOR CENTRO ACHAGUAS;0416-1110823;J405338148;ZAPU000001;APURE;ZVE006;Zona Llanos;130;GV ClReg. Proy. PET;Apure;03.12.2015;;8000001213;25.04.2016;1600000205;28.04.2016;YOERI REALZA;;130005;PROYECTOS PET OFICINA;0;;VED;17;Precio Base General;60
10001062;GRUPO MEGA BEBIDAS, C.A.;NT00;Contado;Z045;Soplado;24;Manufactura;AV 03 LOCAL PARCELA NRO G-53URB INDUSTRIAL SANTA CRUZ;0243-2611385;J400173507;ZARA000005;SANTA CRUZ;ZVE003;Zona Centro;130;GV ClReg. Proy. PET;Aragua;03.12.2015;;;;1600000071;31.12.2015;YUBISYI ROBANIA;0424-3151617;130001;GEDLER AMADA;0;;VED;17;Precio Base General;60
10001063;AGUAS MONTE VESUVIO, C.A.;NT00;Contado;Z005;Agua;17;Embotelladoras;AV GUAYANA LOCAL NRO 02SECTOR PASEO GASPARI PARROQUIACATEDRAL MUNICIPIO HERES;0424-9017454;J405075910;ZBOL000005;BOLIVAR;ZVE005;Zona Oriente Sur;130;GV ClReg. Proy. PET;Bolívar;03.12.2015;;;;;;ALFONZO FIGUEROA;0414-8542796;130005;PROYECTOS PET OFICINA;0;;VED;17;Precio Base General;60
10001064;MANANTIAL VITAL C.A.;NT00;Contado;Z005;Agua;17;Embotelladoras;AV BOLIVAR CASA NRO 2-50SECTOR CENTRO;0275-4143253;J400744032;ZZUL000005;SANTA BARBARA;ZVE001;Zona Occidente;130;GV ClReg. Proy. PET;Zulia;03.12.2015;;8000000813;29.02.2016;1600000159;29.02.2016;NIXON GARCIA;0424-7764011;130005;PROYECTOS PET OFICINA;0;;VED;17;Precio Base General;60
10001065;NUTRIART, C.A.;NT00;Contado;Z006;Alimentos;17;Embotelladoras;AV MARIÑO SUR, EDIF POLOEMPRESARIAL CRISTAL PISO 1 OF 05, URBSAN MIGUEL;0243-2450715;J404067590;ZARA000004;MARACAY;ZVE003;Zona Centro;130;GV ClReg. Proy. PET;Aragua;03.12.2015;;;;;;MA. CONSUELO RUIZ;0424-3647441;130005;PROYECTOS PET OFICINA;0;;VED;17;Precio Base General;60
10001066;HENRY ALEXANDER PAREDES MIJARES;NT00;Contado;Z015;Comercializadora;16;Distribuidores Trad.;AV. GUZMAN BLANCO CASA NRO59 BARRIO LOS OLIVOS NUEVOS;0424-3253725;V194683037;ZARA000004;MARACAY;ZVE003;Zona Centro;130;GV ClReg. Proy. PET;Aragua;03.12.2015;;8000001481;24.05.2016;1600000216;26.05.2016;HENRY PAREDES;;130005;PROYECTOS PET OFICINA;0;;VED;17;Precio Base General;60
10001067;EMBOTELLADORA AGUAS TEPUY C.A.;NT00;Contado;Z005;Agua;17;Embotelladoras;CTRA NACIONAL EL TIGRE CIUDADBOLIVAR LOCAL GALPON S/N SECTORLLANO ALTO POLIGONO INDUSTRIALSOLEDAD;0285-9954723;J314381318;ZANZ000020;EL TIGRE;ZVE005;Zona Oriente Sur;130;GV ClReg. Proy. PET;Bolívar;03.12.2015;;8000003757;29.09.2017;1400001477;27.10.2017;FRANKLIN PAEZ;0414-8937932;130005;PROYECTOS PET OFICINA;0;;VED;17;Precio Base General;60
10001068;EMBOTELLADORA ACQUA FRESCA, C.A.;NT00;Contado;Z005;Agua;17;Embotelladoras;AV SIMON BOLIVAR CC BITONDONIVEL PB LOCAL 7 SECTOR BARRIOLA PASTORA GUANARE EDO PORTUGUESA;0257-2531594;J298578416;ZPOR000004;GUANARE;ZVE007;Zona Centro Occid.;130;GV ClReg. Proy. PET;Portuguesa;03.12.2015;;;;;;JOSE HEREDIA;0412-8491936;130005;PROYECTOS PET OFICINA;0;;VED;17;Precio Base General;60
10001069;CORPORACION QUIMICA L.G, C.A.;NT00;Contado;Z039;Productos De Limpiez;17;Embotelladoras;CTRA VALENCIA-FLOR AMARILLO MZ 8PARCELA 8-6 Y M8-7 LOCAL GALPON 3URB PARQUE COMERCIO INDUSTRIALAEROPUERTO SECTOR EL RODEO;0241-9215005;J404056378;ZCAR000014;EL RODEO VALENCIA;ZVE003;Zona Centro;130;GV ClReg. Proy. PET;Carabobo;03.12.2015;;;;;;WENDY MOLINA;0424-4690071;130005;PROYECTOS PET OFICINA;0;;VED;17;Precio Base General;60
10001070;INDUQUIM ALFONSO, C.A.;NT00;Contado;Z039;Productos De Limpiez;17;Embotelladoras;CALLE 38 ENTRE CARRERAS 23 Y 24LOCAL GALPON NRO 23-77 SECTOR CENTRO;0251-4168333;J404637729;ZLAR000003;BARQUISIMETO;ZVE007;Zona Centro Occid.;130;GV ClReg. Proy. PET;Lara;03.12.2015;;8000000506;11.02.2016;1400000178;17.02.2016;ROSSBELY COLMENARES;0416-3540769;130005;PROYECTOS PET OFICINA;0;;VED;17;Precio Base General;60
10001071;BTP CONSUMO, C.A.;NT00;Contado;Z006;Alimentos;17;Embotelladoras;CARRETERA PRINCIPAL LOCAL CENTROTRENEX GALPONES NRO 2.3.4.5 SECTORFUNDO LA UNION;0241-2002222;J294963587;ZCAR000012;SAN DIEGO;ZVE003;Zona Centro;130;GV ClReg. Proy. PET;Carabobo;03.12.2015;;;;1600000096;31.12.2015;MARIENNY LOYO;0241-2002237;130001;GEDLER AMADA;0;;VED;17;Precio Base General;60
10001072;RAMDUT AGRO ALIMENTOS, S.A.;NT00;Contado;Z011;Bebidas;17;Embotelladoras;AV LAS PALMAS EDIF HANUMAN PISO 9OF 09 URB LOS CAOBOS;0212-7936585;J299938424;ZDC0000001;CARACAS;ZVE004;Zona Metropolitana;130;GV ClReg. Proy. PET;Distrito Federal;03.12.2015;;8000001806;15.07.2016;1400000485;20.07.2016;COSME DIAZ;0416-6124066;100033;OFICINA VENDEDOR;0;;VED;17;Precio Base General;60
10001073;MULTIPRODUCTOS CANELA C.A.;NT00;Contado;Z039;Productos De Limpiez;17;Embotelladoras;CALLE 1 ENTRE AVENIDAS 5 Y 7CASA NRO 27 BARRIO 12 DE OCTUBRE;0255-6657039;J404190473;ZPOR000002;ARAURE;ZVE007;Zona Centro Occid.;130;GV ClReg. Proy. PET;Portuguesa;03.12.2015;;8000000656;19.02.2016;1400000202;19.02.2016;TEOFILO CANELA;0426-4563594;130005;PROYECTOS PET OFICINA;0;;VED;17;Precio Base General;60
10001074;INVERSIONES HERNANDEZ CAMACHO, C.A.;NT00;Contado;Z006;Alimentos;17;Embotelladoras;CALLE MONAGAS CASA NRO 4 SECTORARAGUA;0424-2962981;J405869283;ZMON000008;MATURIN;ZVE002;Zona Oriente;130;GV ClReg. Proy. PET;Monagas;03.12.2015;;;;;;COROMOTO HERNANDEZ;;130005;PROYECTOS PET OFICINA;0;;VED;17;Precio Base General;60
10001075;INDUGRAM, C.A.;NT00;Contado;Z006;Alimentos;17;Embotelladoras;AV ZONA INDUSTRIALCORPOINDUSTRIA LOCAL GALPON E-3;0258-7664319;G200097892;ZCOJ000003;TINAQUILLO;ZVE003;Zona Centro;130;GV ClReg. Proy. PET;Cojedes;03.12.2015;;;;;;MONICA FERNANDEZ;;130005;PROYECTOS PET OFICINA;0;;VED;17;Precio Base General;60
10001076;NEGROPRO SOLUCIONES TECNICAS, S.A.;NT00;Contado;Z039;Productos De Limpiez;17;Embotelladoras;PISO 1 APT 3 URB CATIACALLE 2DA  CALLE DE LOS FLORESDE CATIA  EDIF EZIO PISO 1CARACAS;0212-5154215;J313674281;ZDC0000001;CARABOBO;ZVE004;Zona Metropolitana;130;GV ClReg. Proy. PET;Distrito Federal;03.12.2015;;8000012977;25.05.2023;1600005922;30.05.2023;ENRY ASUJE;0412-5635984;120005;REYES SANCHEZ JORGE;0;;VED;17;Precio Base General;60
10001077;AGUA MINERAL MARIANA, C.A;NT00;Contado;Z005;Agua;17;Embotelladoras;CALLE PANAMA LOCAL NROS/N SECTOR EL MERCADO;0416-2844875;J295817223;ZSUC000005;CARUPANO;ZVE002;Zona Oriente;130;GV ClReg. Proy. PET;Anzoategui;03.12.2015;;;;;;LUIS REGNAULT;0414-7802207;130005;PROYECTOS PET OFICINA;0;;VED;17;Precio Base General;60
10001078;DISTRIBUIDORA SEVAL C.A.;NT00;Contado;Z015;Comercializadora;16;Distribuidores Trad.;CALLE LOS MANGOS VEREDA 3 SURCALLE LOS MANGOS VEREDA 3 SURSECTOR MATA SECA EL LIMON;0243-2328516;J298326247;ZARA000009;EL LIMON;ZVE003;Zona Centro;130;GV ClReg. Proy. PET;Aragua;03.12.2015;;;;;;CARLOS ALCAIDE;0414-4862111;130005;PROYECTOS PET OFICINA;0;;VED;17;Precio Base General;60
10001079;EMBOTELLADORA AKUAPURA, C.A.;NT00;Contado;Z005;Agua;17;Embotelladoras;CALLE COLON C/C CHACAITO LOCALN° 86 SECTOR CANTV LA SABANITAMCPIO HERES CD BOLIVAR;0285-6512932;J400151708;ZBOL000005;CD BOLIVAR;ZVE005;Zona Oriente Sur;130;GV ClReg. Proy. PET;Bolívar;03.12.2015;;8000001279;29.04.2016;1400000442;10.06.2016;SUSANA MACIAS;0426-5913843;130005;PROYECTOS PET OFICINA;0;;VED;17;Precio Base General;60
10001080;ALIMENTOS JEMI, C.A.;NT00;Contado;Z006;Alimentos;17;Embotelladoras;CTRA NACIONAL LOS GUAYOSGUACARA CALLEJON AVENIDA 37LOCAL NRO 94-155 SECTOR LASGARCITAS LOS GUAYOS;0245-5812705;J310910448;ZCAR000004;GUACARA;ZVE003;Zona Centro;130;GV ClReg. Proy. PET;Carabobo;03.12.2015;;;;;;BEATRIZ FONGER;0414-3265445;130001;GEDLER AMADA;0;;VED;17;Precio Base General;60
10001081;INVERSORA EL MANANTIAL DE;NT00;Contado;Z015;Comercializadora;16;Distribuidores Trad.;AV PASEO DE LOS ANDES LOCALCENTRO COMERCIAL LA COLINA NRO C4-77LOCAL C4-77 URB LAS MINAS SAN ANTONIO;0212-3244837;J404612386;ZMIR000013;SAN ANTONIO DE LOS ALTOS;ZVE004;Zona Metropolitana;130;GV ClReg. Proy. PET;Miranda;03.12.2015;;;;;;WILMER PEREZ;0414-2884476;130005;PROYECTOS PET OFICINA;0;;VED;17;Precio Base General;60
10001082;PROCESADORA INDUSTRIAL;NT00;Contado;Z045;Soplado;24;Manufactura;CARRETERA TRONCAL 10, AL LADODE ALMACENADORA ADUANAL LOCAL NRO 500SECTOR SANTA ELENA DE UAIREN AKURITAO AKURIKEEN;0289-4176071;J402929943;ZBOL000004;SANTA ELENA;ZVE005;Zona Oriente Sur;130;GV ClReg. Proy. PET;Bolívar;03.12.2015;;;;;;ROBERTO GUIMARAES;0424-8967777;130005;PROYECTOS PET OFICINA;0;;VED;17;Precio Base General;60
10001083;FABRICA DE PLASTICOS CORONA, C.A.;NT00;Contado;Z045;Soplado;24;Manufactura;CARRETERA PETARE-STA LUCIACARRETERA PETARE-STA LUCIAKILOMETRO 6 ZONA INDUSTRIAL LAESTANCIA 5TA TRANSV.;0212-6223093;J002612967;ZDC0000001;CARACAS;ZVE004;Zona Metropolitana;130;GV ClReg. Proy. PET;Distrito Federal;03.12.2015;;;;;;KAREN VILLA;;130005;PROYECTOS PET OFICINA;0;;VED;17;Precio Base General;60
10001084;DIPLICA, C.A.;NT00;Contado;Z039;Productos De Limpiez;17;Embotelladoras;AV CONSTITUCION OESTE EDIF. TIRMAPISO PB LOCAL 139 SECTOR SANTA ROSA;0243-5547631;J302447410;ZARA000004;MARACAY;ZVE003;Zona Centro;130;GV ClReg. Proy. PET;Aragua;03.12.2015;SI;8000007149;11.10.2019;1600001461;11.10.2019;;;100095;FARFAR CAMACHO GLISNEIDY ISABE;0;;VED;17;Precio Base General;60
10001085;ALPLA DE VENEZUELA, S.A.;NT00;Contado;Z045;Soplado;24;Manufactura;CARRETERA NACIONAL SAN JOAQUIN;0245-5520210;J000622787;ZCAR000004; GUACARA;ZVE003;Zona Centro;130;GV ClReg. Proy. PET;Carabobo;03.12.2015;;;;;;;;120003;HERNANDEZ HORACIO;0;;VED;17;Precio Base General;60
10001086;DISTRIBUIDORA INTER VALENCIA, C.A;NT00;Contado;Z015;Comercializadora;17;Embotelladoras;AV 106 CASA NRO 118-118 URBUBR TARAPIO NAGUANAGUA;0241-8671122;J405795778;ZCAR000014;VALENCIA;ZVE003;Zona Centro;130;GV ClReg. Proy. PET;Carabobo;03.12.2015;;;;;;KATHLEEN PINTO;0424-4100346;130005;PROYECTOS PET OFICINA;0;;VED;17;Precio Base General;60
10001087;INVERSIONES QUIM FULL, C.A.;NT00;Contado;Z039;Productos De Limpiez;17;Embotelladoras;AV CIRCUNVALACION GALPON LOCALNRO 118 ZONA INDUSTRIAL LAQUIZANDA;0241-8388714;J400574897;ZCAR000014;VALENCIA;ZVE003;Zona Centro;130;GV ClReg. Proy. PET;Carabobo;03.12.2015;;;;;;;0414-4951414;130005;PROYECTOS PET OFICINA;0;;VED;17;Precio Base General;60
10001088;SUIT- SUMINISTROS INDUSTRIA;NT00;Contado;Z039;Productos De Limpiez;17;Embotelladoras;AV TAMANACO EDIF LA UNION PISOPH APT PH URB EL ROSAL CARACAS(CHACAO);0212-9535279;J001390928;ZDC0000001;CARACAS;ZVE004;Zona Metropolitana;130;GV ClReg. Proy. PET;Distrito Federal;03.12.2015;;;;;;JANETH USEA;0414-3710629;130001;GEDLER AMADA;0;;VED;17;Precio Base General;60
10001089;PRODUCTOS DEL SUR 2021, C.A.;NT00;Contado;Z006;Alimentos;17;Embotelladoras;CALLE MACHILLANDA  CASA NRO04 SECTOR EL RODEO;0239-2252235;J295707827;ZMIR000012;OCUMARE DEL TUY;ZVE004;Zona Metropolitana;130;GV ClReg. Proy. PET;Miranda;03.12.2015;;;;;;ORANGEL;;130005;PROYECTOS PET OFICINA;0;;VED;17;Precio Base General;60
10001090;CARLOS ADRIAN MARQUEZ DUQUE;NT00;Contado;Z060;Reciclaje;24;Manufactura;CALLE SAN MIGUEL C/C C/RIO GUEYCASA NRO 149 SECTOR SANTA ROSASUR I;0414-4516714;V172740568;ZARA000004;MARACAY;ZVE003;Zona Centro;130;GV ClReg. Proy. PET;Aragua;03.12.2015;;;;;;CARLOS MARQUEZ;;130005;PROYECTOS PET OFICINA;0;;VED;17;Precio Base General;60
10001091;CARTÓN DE VENEZUELA, S.A.;NT00;Contado;Z060;Reciclaje;24;Manufactura;CALLE EL HATILLO LOCAL CARTÓNDE VENEZUELA SECTOR PETARE;0243-5541979;J000056668;ZDC0000001;CARACAS;ZVE004;Zona Metropolitana;130;GV ClReg. Proy. PET;Miranda;03.12.2015;SI;8000002488;09.11.2016;1400000863;30.03.2017;CESAR MEDINA;0412-7299160;130005;PROYECTOS PET OFICINA;0;;VED;17;Precio Base General;60
10001092;INVERSORA HERMANOS MATHEUS, C.A;NT00;Contado;Z006;Alimentos;17;Embotelladoras;CTRA VIA SAN PEDRO CASA NROS/N SECTOR SANTA ELENA PTO CUMAREBOMCPIO ZAMORA;0268-4600286;J297916512;ZFAL000025;CUMAREBO;ZVE001;Zona Occidente;130;GV ClReg. Proy. PET;Falcon;03.12.2015;;8000000846;10.03.2016;1600000184;28.03.2016;DANIELA CALDERON;0412-5494901;130005;PROYECTOS PET OFICINA;0;;VED;17;Precio Base General;60
10001093;AGUA MINERAL EL MANANTIAL C.A;NT00;Contado;Z005;Agua;17;Embotelladoras;CTRA VIA LA PICA CASA NRO S/NSECTOR PARARACITO;0291-6454277;J297058672;ZMON000008;MATURIN;ZVE002;Zona Oriente;130;GV ClReg. Proy. PET;Monagas;03.12.2015;;8000010998;02.06.2022;1600004144;13.06.2022;LOLIMAR BAQUERO;0414-7726955;100095;FARFAR CAMACHO GLISNEIDY ISABE;0;;VED;17;Precio Base General;60
10001094;GRUPO AGRONOTA C.A;NT00;Contado;Z015;Comercializadora;16;Distribuidores Trad.;CALLE RIO CASTANO QTA GLANILEDNRO 32-3 URB FUNDACION MENDOZA;0243-6728795;J401514871;ZARA000004;MARACAY;ZVE003;Zona Centro;130;GV ClReg. Proy. PET;Aragua;03.12.2015;;8000002309;06.10.2016;1400000623;10.10.2016;LUIS MARTINEZ;0412-2311810;120005;REYES SANCHEZ JORGE;0;;VED;17;Precio Base General;60
10001095;INVERSIONES AGROFOOD, C.A.;NT00;Contado;Z005;Agua;17;Embotelladoras;AV GRAN MARISCAL DE AYACUCHOC/C LAZO I LOCAL GALPON NRO 07 ZONA INDUSTRIAL DE CORINSA;0244-3958747;J297004815;ZARA000015;CAGUA;ZVE003;Zona Centro;130;GV ClReg. Proy. PET;Aragua;03.12.2015;SI;;;;;DAMARIS FLORES;0244-3957508;130005;PROYECTOS PET OFICINA;0;;VED;17;Precio Base General;60
10001096;LUIS ANIBAL RAMIREZ JARA;NT00;Contado;Z006;Alimentos;17;Embotelladoras;AV 71-1 CASA NRO 996-1-07 BARRIO;0261-9953949;V155684816-1;ZZUL000013;MARACAIBO;ZVE001;Zona Occidente;130;GV ClReg. Proy. PET;Zulia;03.12.2015;;;;;;LUIS ANIBAL RAMIREZ JARA;0426-5656595;130005;PROYECTOS PET OFICINA;0;;VED;17;Precio Base General;60
10001097;FRUTAS DEL EDEN 1260 C.A;NT00;Contado;Z006;Alimentos;17;Embotelladoras;CALLE PRINCIPAL SECTOR 3 PARTEBAJA ESCALERA CASIANO CASA NRO S/NBARRIO LA BOMBILLA;0212-8319018;J400130778;ZDC0000001;PETARE;ZVE004;Zona Metropolitana;130;GV ClReg. Proy. PET;Distrito Federal;03.12.2015;;;;;;FRAND BOLIVAR;0426-9161390;130005;PROYECTOS PET OFICINA;0;;VED;17;Precio Base General;60
10001098;GRUPO TOMALOVERDE C.A.;NT00;Contado;Z006;Alimentos;17;Embotelladoras;AV RIO CAURA EDIF TORREHUMBOLDT PISO 20 OF 20-04 URB PRADOSDEL ESTE;0414-3264036;J404518940;ZDC0000001;CARACAS;ZVE004;Zona Metropolitana;130;GV ClReg. Proy. PET;Distrito Federal;03.12.2015;;;;;;LUIS SANCHEZ;;130005;PROYECTOS PET OFICINA;0;;VED;17;Precio Base General;60
10001099;INVERSIONES V Y N, C.A.;NT00;Contado;Z045;Soplado;24;Manufactura;AV ADONAY PARRA JIMENEZ CON AV.GUAICAIPURO CASA NRO 49 SECTORINDEPENDENCIA;0273-5330292;J312546190;ZBAR000005;BARINAS;ZVE007;Zona Centro Occid.;130;GV ClReg. Proy. PET;Barinas;03.12.2015;;;;;;NAYLET SOTO;0426-5105634;130005;PROYECTOS PET OFICINA;0;;VED;17;Precio Base General;60
10001100;AGUA MINERAL TREMONTI, C.A;NT00;Contado;Z005;Agua;17;Embotelladoras;CALLE MIRANDA LOCAL INDUSTRIALNRO 36 SECTOR LA VEGA;0295-2590639;J303650252;ZNE0000003;SAN JUAN BAUTISTA;ZVE002;Zona Oriente;130;GV ClReg. Proy. PET;Nueva Esparta;03.12.2015;;;;;;Karina Marcano;0269-2632845;130005;PROYECTOS PET OFICINA;0;;VED;17;Precio Base General;60
10001101;INVERSIONES WELL ROSES, C.A.;NT00;Contado;Z005;Agua;17;Embotelladoras;CALLE LA PRADERA LOCAL NRO 02URB GARABATO;0212-3780759;J402466790;ZMIR000011;SAN PEDRO;ZVE003;Zona Centro;130;GV ClReg. Proy. PET;Miranda;03.12.2015;;8000003739;29.09.2017;1400001324;25.09.2017;ALBERTO DOS SANTOS;0416-6369061;130005;PROYECTOS PET OFICINA;0;;VED;17;Precio Base General;60
10001102;INDUSTRIAS JABOOM C.A.;NT00;Contado;Z039;Productos De Limpiez;17;Embotelladoras;CALLE LOS CEDROS QTA NRO A-24URB. LA CIMA EL HATILLO EDO MIRANDA;0414-2610061;J404389393;ZMIR000011;MIRANDA;ZVE003;Zona Centro;130;GV ClReg. Proy. PET;Miranda;03.12.2015;;8000000128;27.01.2016;1600000113;31.01.2016;LALITA VIEIRA;0414-2797515;130005;PROYECTOS PET OFICINA;0;;VED;17;Precio Base General;60
10001103;INVERSA MARGARITA, C.A.;NT00;Contado;Z039;Productos De Limpiez;17;Embotelladoras;AV JOVITO VILLALBA, QTA INVERSANRO S/N SECTOR EL CALVARIO, LOS ROBLESEL PILAR NUEVA ESPARTA;0295-2671661;J294077188;ZNE0000002;MARGARITA;ZVE004;Zona Metropolitana;130;GV ClReg. Proy. PET;Nueva Esparta;03.12.2015;;;;;;JOSE ENRIQUE SILVA;0416-8957891;130005;PROYECTOS PET OFICINA;0;;VED;17;Precio Base General;60
10001104;QUIMICOS ALFONSO, C.A;NT00;Contado;Z039;Productos De Limpiez;17;Embotelladoras;CALLE 32 ENTRE CARRERAS 24 Y 25LOCAL NRO 24-30 SECTOR CENTRO;0251-4189843;J400602971;ZLAR000003;BARQUISIMETO;ZVE007;Zona Centro Occid.;130;GV ClReg. Proy. PET;Lara;03.12.2015;;;;;;RAFAEL ALFONSO;0414-5652752;130005;PROYECTOS PET OFICINA;0;;VED;17;Precio Base General;60
10001105;PRODUCTOS NATURALES LA HACIENDA,;NT00;Contado;Z006;Alimentos;17;Embotelladoras;CTRA EL GUAYABO KM 16 LOCALNRO E-1 URB CORTADA EL GUAYABOSAN DIEGO;0212-8861589;J294074588;ZMIR000011;LOS TEQUES;ZVE003;Zona Centro;130;GV ClReg. Proy. PET;Miranda;03.12.2015;;;;;;BRENDA DE AGUILAR;0414-9010575;130005;PROYECTOS PET OFICINA;0;;VED;17;Precio Base General;60
10001106;CERVECERIA POLAR, C.A;NT15;Crédito 15 Días;Z006;Alimentos;17;Embotelladoras;AV 2DA DE LOS CORTIJOS DE LOURDESLOCAL PLANTA POLAR URB LOSCORTIJOS DE LOURDES;0241-8502080;J000063729;ZDC0000001;CARACAS;ZVE004;Zona Metropolitana;130;GV ClReg. Proy. PET;Miranda;03.12.2015;;8000020791;19.02.2026;1600010261;30.01.2026;CAROL BARTOLIN;0424-1308122;100017;GARCIA F  SAMANTHA G;100017;GARCIA F  SAMANTHA G;USD;17;Precio Base General;60
10001106;CERVECERIA POLAR, C.A;NT00;Contado;Z006;Alimentos;17;Embotelladoras;AV 2DA DE LOS CORTIJOS DE LOURDESLOCAL PLANTA POLAR URB LOSCORTIJOS DE LOURDES;0241-8502080;J000063729;ZDC0000001;CARACAS;ZVE004;Zona Metropolitana;130;GV ClReg. Proy. PET;Miranda;03.12.2015;;8000020791;19.02.2026;1600010261;30.01.2026;CAROL BARTOLIN;0424-1308122;100017;GARCIA F  SAMANTHA G;100017;GARCIA F  SAMANTHA G;VED;17;Precio Base General;60
10001107;ANVIAGUA C.A.;NT00;Contado;Z005;Agua;17;Embotelladoras;CTRA NACIONAL ENTRE SAN DIEGOY SAN JOSE DE LOS ALTOS GALPON NRO 1Y2SECTOR LA MAITANA;0212-3728484;J-30499402-8;ZMIR000013;SAN DIEGO DE LOS ALTOS;ZVE003;Zona Centro;130;GV ClReg. Proy. PET;Miranda;05.01.2016;;8000010695;31.03.2022;1600003855;31.03.2022;VIRGINIA GONZALES;0414-1262268;100095;FARFAR CAMACHO GLISNEIDY ISABE;0;;VED;17;Precio Base General;60
10001109;SUMINISTROS Y TRANSPORTE;NT00;Contado;Z005;Agua;17;Embotelladoras;CALLE 13 MANZANA 45B CASA NRO6-35 BARRIO SIERRA MAESTRA SC 10SIERRA MAESTRA (MARACAIBO);0261-6355685;J-40694081-0;ZZUL000013;MARACAIBO;ZVE001;Zona Occidente;130;GV ClReg. Proy. PET;Zulia;05.01.2016;;8000005486;18.03.2019;;;ENRIQUE ATENCIO;0424-1674626;120005;REYES SANCHEZ JORGE;0;;VED;17;Precio Base General;60
10001110;INDUSTRIAL SPARE PARTS;NT00;Contado;Z060;Reciclaje;24;Manufactura;CTRA VIEJA DE TOCUYITOCASA NRO 150 SECTOR EL VIGIA;0424-4416314;J-31420003-8;ZCAR000006;TOCUYITO;ZVE003;Zona Centro;130;GV ClReg. Proy. PET;Carabobo;05.01.2016;;8000001527;31.05.2016;1600000222;31.05.2016;HUMBERTO GASPARATTO;;100033;OFICINA VENDEDOR;0;;VED;17;Precio Base General;60
10001116;ENVAPRIMOL, C.A;NT00;Contado;Z006;Alimentos;;;AV MARACAY. EDIF CENTRO INDUSTRIALROMANA PISO PB. LOCAL GALPON # 03ZONA INDUSTRIA SAN VICENTE I;0424-3566671;J-40181977-0;ZARA000004;MARACAY-EDO.ARAGUA;000001;Zona norte;;;Aragua;05.01.2016;;8000003153;23.05.2017;1400001109;30.06.2017;Adefer Martinez;;120003;HERNANDEZ HORACIO;0;;VED;;;60
10001123;ENVASADOS SAN ANTONIO, C.A.;NT00;Contado;Z005;Agua;17;Embotelladoras;AV TERMINAL DE PASAJERO CASAGALPON N° 01-02 SECTOR INDUSTRIAL;0258 4335486;J-30867491-5;ZCOJ000008;SAN CARLOS;ZVE007;Zona Centro Occid.;130;GV ClReg. Proy. PET;Cojedes;05.01.2016;;8000003924;08.11.2017;1400001592;27.11.2017;YESENIA BARATE;0414 0493482;100033;OFICINA VENDEDOR;0;;VED;17;Precio Base General;60
10001127;INPLASTYA, C.A.;NT00;Contado;Z045;Soplado;24;Manufactura;CTRA DE LAS COLONIAS AGRICOLASDE DURUTE LOCAL NRO S/N SECTOR DURUTEMCP. LA TRINIDAD LAS FLORESGUARATIBANA YARACUY;0254-2312104;J-40008680-9;ZYAR000011;SAN FELIPE;ZVE007;Zona Centro Occid.;130;GV ClReg. Proy. PET;Yaracuy;06.01.2016;;;;;;GINETH MAJANO;;100033;OFICINA VENDEDOR;0;;VED;17;Precio Base General;60
10001147;MANANTIAL AGROPECUARIO;NT00;Contado;Z005;Agua;17;Embotelladoras;CTRA KM 104 LOCAL FUNDOMANANTIAL AGROPECUARIO LOS ANGELESSECTOR LA VILLA;0261-7009900;J316889289;ZZUL000011;MACHIQUES;ZVE001;Zona Occidente;130;GV ClReg. Proy. PET;Zulia;07.01.2016;;;;;;RICARDO VELAZCO;0426-6757507;130005;PROYECTOS PET OFICINA;0;;VED;17;Precio Base General;60
10001148;ISP VENEZUELA C.A.;NT00;Contado;Z015;Comercializadora;25;Mayoristas;CALLE B LOCAL PARCELA NRO 114 URBAGRO INDUSTRIAL EL RECREO;;J313308935;ZCAR000014;VALENCIA;ZVE003;Zona Centro;130;GV ClReg. Proy. PET;Carabobo;07.01.2016;;;;;;;;0;;0;;VED;17;Precio Base General;60
10001149;AMERICAS INTERACTIVA, S.A.;NT00;Contado;Z004;Agroindustrial;25;Mayoristas;CALLE AYACUCHO, CASA OFICINA;0242-3620169;J309577018;ZCAR000011;PUERTO CABELLO;ZVE003;Zona Centro;130;GV ClReg. Proy. PET;Carabobo;07.01.2016;;;;;;;;0;;0;;VED;17;Precio Base General;60
10001150;PLASTIC PET, C.A;NT00;Contado;Z015;Comercializadora;16;Distribuidores Trad.;AV PRINCIPAL LA RECTA VIACHABASQUEN BISCUCUY EDIF MIS TRESANGELITOS CENTRO EMPRESARIAL MUNDO DENEGOCIOS PISO PB OF 1 URB LA RECTA;0255-8821515;J400360218;ZPOR000006;CHABASQUEN;ZVE007;Zona Centro Occid.;130;GV ClReg. Proy. PET;Portuguesa;07.01.2016;;8000000782;25.02.2016;1600000166;29.02.2016;EMMANUEL LOPEZ;0414-5179234;0;;0;;VED;17;Precio Base General;60
10001151;MANANTIAL SANTA ANA, C.A.;NT00;Contado;Z005;Agua;17;Embotelladoras;CTRA VIEJA TOCUYITO CASA NRO D-4SECTOR SANJUN DULCE;;J305003157;ZCAR000014;VALENCIA;ZVE003;Zona Centro;130;GV ClReg. Proy. PET;Carabobo;07.01.2016;;;;1600000241;31.08.2016;;;0;;0;;VED;17;Precio Base General;60
10001152;INVERSIONES REFRESCOS;NT00;Contado;Z045;Soplado;24;Manufactura;CTRA VIEJA DE YARITAGUA NROSN SECTOR EL CARABALI CABUDARE;;J-30887714-0;ZLAR000003;BARQUISIMETO;ZVE007;Zona Centro Occid.;130;GV ClReg. Proy. PET;Lara;08.01.2016;;;;;;;;100033;OFICINA VENDEDOR;0;;VED;17;Precio Base General;60
10001154;ALIMENTOS POLAR COMERCIAL, C.A.;NT15;Crédito 15 Días;Z006;Alimentos;24;Manufactura;AV 4TA TRANSVERSAL CON 2DA AVENIDAEDIF CENTRO EMPRESARIAL POLAR PISO 1 OFPRINCIPAL URB LOS CORTIJOS DE LOURDESCARACAS (PETARE) MIRANDA;0212-2027135;J000413126;ZMIR000019;PETARE;ZVE004;Zona Metropolitana;131;GV CClave Proy. PET;Miranda;20.01.2016;;8000020008;27.11.2025;1600010158;08.12.2025;CLAUDINA GARCIA;0212-2027216;120002;AMPOFRASCA OFICINA;0;;USD;17;Precio Base General;60
10001155;DIGO QUIMICA, C.A.;NT00;Contado;Z039;Productos De Limpiez;17;Embotelladoras;CALLE 7 DE SEPTIEMBRE CASA NRO 4-ASECTOR PEDRO ZARAZA SAN JUAN DE LOSMORROS;0416-5437342;J406469360;ZGUA000007;SAN JUAN DE LOS MORROS;ZVE003;Zona Centro;130;GV ClReg. Proy. PET;Guarico;20.01.2016;;;;;;HERMES GOMEZ;;130005;PROYECTOS PET OFICINA;0;;VED;17;Precio Base General;60
10001156;COMERCIALIZADORA ROYALTY C.A.;NT00;Contado;Z015;Comercializadora;16;Distribuidores Trad.;CALLE PADRE TORRES ENTRE CALLEPADRE PACHECO Y SANCHEZ,QUINTA NUMERO17-4 URB OBISPO ALVARADO,SAN FELIPE;0254-2312842;J406671983;ZYAR000011;SAN FELIPE;ZVE007;Zona Centro Occid.;130;GV ClReg. Proy. PET;Yaracuy;20.01.2016;;8000016672;29.11.2024;1400000435;07.06.2016;RAQUEL PIMENTEL;;120003;HERNANDEZ HORACIO;0;;VED;17;Precio Base General;60
10001157;ENVASADOS LA LLOVIZNA, C.A.;NT00;Contado;Z005;Agua;17;Embotelladoras;CALLE CONCEPCION LOCAL NRO 63SECTOR UDO PARROQUIA LA SABANITAMUNICIPIO HERES CIUDAD BOLIVAR;0285-6512289;J406748668;ZBOL000005;CIUDAD BOLIVAR;ZVE005;Zona Oriente Sur;130;GV ClReg. Proy. PET;Bolívar;20.01.2016;;;;;;LUIS HERNANDEZ;0424-9539698;130005;PROYECTOS PET OFICINA;0;;VED;;;60
10001158;DISTRIBUIDORA CRISOL DE;NT00;Contado;Z015;Comercializadora;16;Distribuidores Trad.;CALLE JON 3 LOCAL NRO S/N CASERIOEL PLACER SECTOR LA MENDOZERALOS RASTROJOS LARA;0251-4350986;J403276960;ZLAR000003;BARQUISIMETO;ZVE007;Zona Centro Occid.;130;GV ClReg. Proy. PET;Lara;20.01.2016;;8000000763;24.02.2016;1400000254;29.02.2016;JORGE VILLEGAS;0414-5160743;120001;GONZALEZ ALAN;0;;VED;17;Precio Base General;60
10001159;PROYECTOS Y SERVICIOS C3RI, C.A.;NT00;Contado;Z060;Reciclaje;24;Manufactura;CALLE 87 LAS ACACIAS CASA NRO 105-42URBANIZACION LOS BUCARES, PARROQUIARAFAEL URDANETA;0416-3314450;J316614700;ZCAR000014;VALENCIA;ZVE003;Zona Centro;130;GV ClReg. Proy. PET;Carabobo;21.01.2016;;8000002878;13.03.2017;1400000836;14.03.2017;CARLOS REYES;;130005;PROYECTOS PET OFICINA;0;;VED;17;Precio Base General;60
10001160;REPRESENTACIONES PARACOTOS, C.A.;NT00;Contado;Z060;Reciclaje;24;Manufactura;CTRA NACIONAL MARACAY-MARIARACASA PARCELA NRO 31 SECTOR LAS VUELTAS;0424-3041244;J075335899;ZCAR000003;MARIARA;ZVE003;Zona Centro;130;GV ClReg. Proy. PET;Carabobo;21.01.2016;;;;;;GABRIEL ANDERSON;;130005;PROYECTOS PET OFICINA;0;;VED;17;Precio Base General;60
10001165;PGM, C.A.;NT00;Contado;Z001;Aceites;17;Embotelladoras;CALLE 2C/OCTAVA TRANSVERSAL EDIFCONJUNTO INDUSTRIAL SUR 2 PISO PB LOCALGALPON 01 ZONA IDUSTRIAL;0241-8242468;J-298612339;ZCAR000014;VALENCIA;VE0005;Zona Centro;130;GV ClReg. Proy. PET;Carabobo;04.02.2016;;8000006630;13.08.2019;1600001231;01.09.2019;ALEXANDER YEPEZ;0414-4352112;100095;FARFAR CAMACHO GLISNEIDY ISABE;0;;USD;17;Precio Base General;60
10001169;R & M PLASTICOS, C.A.;NT00;Contado;Z006;Alimentos;24;Manufactura;CALLE 2 LOCAL NRO 3 SECTOR LAMONTAÑITA II YARITAGUA;0251-8673351;J-40137440-9;ZYAR000010;YARITAGUA;ZVE007;Zona Centro Occid.;130;GV ClReg. Proy. PET;Yaracuy;22.02.2016;;;;;;MILEIDY SILVA;0412-5259515;0;;0;;VED;17;Precio Base General;60
10001170;COMERCIALIZADORA DE PRODUCTOS;NT00;Contado;Z006;Alimentos;24;Manufactura;CALLE 53 CON CARRERA 13 Y 14CASA NRO 13C-40, BARRIO NUEVO,BARQTO;0251-4482005;J-40102059-3;ZLAR000003;BARQUISIMETO;VE0003;Zona Occidente;130;GV ClReg. Proy. PET;Lara;22.02.2016;;;;;;JOSE NAVAS;0414-3252996;0;;0;;VED;17;Precio Base General;60
10001174;ENVASADORA TACHIRA C.A.;NT00;Contado;Z021;Embotelladora;17;Embotelladoras;CALLE 3 CON CARRERA 0 LOCAL NROS/N BARRIO URDANETA;0416-1365833;J407060546;ZTAC000003;COLON;ZVE008;Zona Andina;130;GV ClReg. Proy. PET;Tachira;25.02.2016;;;;;;JESMAR JAVIER PEÑA OROZCO;;130005;PROYECTOS PET OFICINA;0;;VED;17;Precio Base General;60
10001175;DARIANNY RODRIGUEZ MOREY (SUMINISTR;NT00;Contado;Z039;Productos De Limpiez;24;Manufactura;AV PRINCIPAL LOCAL NRO S/NSECTOR FRANCISCA DUARTE CIUDADGUAYANA;0286-6117444;V172885981;ZBOL000001;;ZVE005;Zona Oriente Sur;130;GV ClReg. Proy. PET;Bolívar;25.02.2016;;;;;;DANIANNY RODRIGUEZ;0424-9250686;0;;0;;VED;17;Precio Base General;60
10001177;ASOCIACION COOPERATIVA;NT00;Contado;Z006;Alimentos;24;Manufactura;AV CONSTITUCION CASA NRO 211-5BARRIO COMUNIDAD SIMON BOLIVAR,SECTOR 3 NAGUANAGUA;0241-7112521;J-31296209-7;ZCAR000010;VALENCIA;ZVE003;Zona Centro;130;GV ClReg. Proy. PET;Carabobo;03.03.2016;;;;;;ROXANA ZAMORA;0426-7336174;0;;0;;VED;17;Precio Base General;60
10001178;TECNO QUIMICOS DE LOS ANDES, C.A.;NT00;Contado;Z039;Productos De Limpiez;17;Embotelladoras;CTRA PRINCIPAL CASA NRO 26BARRIO LA ESPERANZA COLON;0277-2913571;J-40308670-2;ZTAC000003;TACHIRA;ZVE008;Zona Andina;130;GV ClReg. Proy. PET;Tachira;03.03.2016;;;;;;MAURO ARIZA;0426-8282673;0;;0;;VED;;;60
10001179;JYL DE VENEZUELA, C.A.;NT00;Contado;Z021;Embotelladora;17;Embotelladoras;CALLE ANDRES BELLO CC ANDRESBELLO NIVEL 1 LOCAL 8-9 SECTOR CENTROLA VICTORIA;0244-9728209;J400867169;ZARA000006;LA VICTORIA;ZVE003;Zona Centro;130;GV ClReg. Proy. PET;Aragua;03.03.2016;;;;;;LUIS MARIN;0416-5432193;0;;0;;VED;17;Precio Base General;60
10001184;DARAGUA CRISTAL C.A.;NT00;Contado;Z045;Soplado;24;Manufactura;CALLE EL PARQUE CRUCE CON CALLEHERNANDEZ NADAL LOCAL NRO 03-23BARRIO PATROCINIO PEÑUELA RUIZSANTA CRUZ;0414-4918268;J299952168;ZARA000018;;ZVE003;Zona Centro;130;GV ClReg. Proy. PET;Aragua;29.03.2016;;;;;;LIANG YUEPING;0243-2611335;0;;0;;VED;17;Precio Base General;60
10001189;INSUPLASTIC, C.A.;NT00;Contado;Z054;Maquinarias Y Equipo;24;Manufactura;CALLE 86 AV CIRCUNVALACION SUROESTE LOCAL CONGLOMERADOINDUSTRIAL LA QUIZANDA NRO DEGALPON 113 URB LA QUIZANDA;0414-2279205;J317304713;ZCAR000014;VALENCIA;ZVE003;Zona Centro;130;GV ClReg. Proy. PET;Carabobo;05.04.2016;;8000004131;21.02.2018;1400000304;05.04.2016;;0416-6289648;0;;0;;VED;17;Precio Base General;60
10001191;CORPORACION SUDAMERICA, C.A.;NT00;Contado;Z019;Distribuidores;17;Embotelladoras;CALLE 51-A, MANZANA M1, PARCELAM1-C4, LOCAL NRO 1, URB PARQUECOMERCIO INDUSTRIAL AEROPUERTO;0241-6199264;J-40134854-8;ZCAR000014;VALENCIA;ZVE003;Zona Centro;130;GV ClReg. Proy. PET;Carabobo;19.04.2016;;8000001875;29.07.2016;1400000555;31.08.2016;;0424-4173184;0;;0;;VED;17;Precio Base General;60
10001192;V&P GLOBAL, C.A.;NT00;Contado;Z039;Productos De Limpiez;17;Embotelladoras;CTRA VIGIRIMA CASA NRO 162SECTOR EL TOCO NORTE;0245-4155844;J-31672820-0;ZCAR000004;GUACARA;ZVE003;Zona Centro;130;GV ClReg. Proy. PET;Carabobo;20.04.2016;;;;;;;0424-3476011;0;;0;;VED;11;Distribuidores;60
10001197;VENEZOLANA DE RECICLAJE, C.A.;NT00;Contado;Z060;Reciclaje;24;Manufactura;INDUSTRIAL LA MONTAÑITA FINALCTRA VIEJA LARA-YARACUYEDIF S/N PISO S/N OF S/N ZONACALLE 1 , GALPON S/N LOS RASTROJOS LARA;0251-7170744;J312211261;ZLAR000003;BARQUISIMETO;ZVE007;Zona Centro Occid.;130;GV ClReg. Proy. PET;Lara;12.05.2016;;8000016619;21.11.2024;1600009093;30.11.2024;ZULAY BRICEÑO;0251-7175844;120002;AMPOFRASCA OFICINA;0;;VED;10;Cadenas;60
10001198;COMERCIALIZADORA BUBA GAMP, C.A.;NT00;Contado;Z005;Agua;17;Embotelladoras;CALLE PRINCIPAL DE CANEYES CASANRO C-50 SECTOR LOS CEIBOS PALMIRA;0276-3537685;J404785329;ZTAC000010;;ZVE008;Zona Andina;130;GV ClReg. Proy. PET;Tachira;12.05.2016;;;;;;ALBERTO JAIMES;0416-6801746;0;;0;;VED;17;Precio Base General;60
10001202;ROSANA COROMOTO, OLIVARES;NT00;Contado;Z049;Trabajadores;18;Empleados;CALLE CAMPELO URB JARDINESLOS TULIPANES SECTOR SANTA ANA CALLE 01CASA NRO 34 PALO NEGRO;0412-4663586;V15648400;;PALO NEGRO;ZVE003;Zona Centro;130;GV ClReg. Proy. PET;Aragua;18.05.2016;;8000001453;18.05.2016;1600000220;31.05.2016;;;0;;0;;VED;12;Empleados;60
10001203;S.A NACIONAL FARMACEUTICA (SANFAR);NT15;Crédito 15 Días;Z018;Cuidado Personal;24;Manufactura;CALLE 3 A DE LA ZONA 4 EDIF TORREDEL ESTE PISO PB OF PB MEZZ, TERRAZA2,4,5 Y 6. URB LA URBINA SUR CARACAS(PETARE) MIRANDA;02126006220;J-00026349-3;ZMIR000019;PETARE- EDO MIRANDA;ZVE003;Zona Centro;130;GV ClReg. Proy. PET;Miranda;24.05.2016;;;;;;;02126006270;0;;0;;VED;17;Precio Base General;60
10001204;LAMDA SOCIEDAD DE CORRETAJE;NT00;Contado;Z043;Salud;07;Sector Privado;AV. SUCRE DE LOS DOS CAMINOS,EDIF CONJUNTO PARQUE BOYACA, TORRECENTRO PISO 14 OFC 144 URB LOS DOSCAMINOS;0212-2859336;J-00181775-1;;CARACAS;VE0005;Zona Centro;130;GV ClReg. Proy. PET;Distrito Federal;01.06.2016;;;;;;;;0;;0;;VED;17;Precio Base General;60
10001215;XIMENA PAOLA RODRIGUEZ CRIADO;NT00;Contado;Z060;Reciclaje;18;Empleados;CALLE 3 CASA NRO 93 URB PRADOSDEL SUR 2 SECTOR SANTA INES LAMORITA 2;0243-2007236;V-15610371-0;ZMIR000030;SANTA RITA;ZVE003;Zona Centro;130;GV ClReg. Proy. PET;Aragua;26.07.2016;;8000001935;08.08.2016;1400000505;11.08.2016;;;0;;0;;VED;17;Precio Base General;60
10001216;COSMETIC'S LK, C.A.;NT00;Contado;Z017;Cuidado Del Hogar;24;Manufactura;CALLE 4TA CASA NRO 78 BARRIOSANTA ROSA;0424-3010042;J405904780;ZARA000004;MARACAY;ZVE003;Zona Centro;130;GV ClReg. Proy. PET;Aragua;28.07.2016;;8000006434;17.07.2019;1600001456;11.10.2019;;0424-3474428;120005;REYES SANCHEZ JORGE;0;;VED;17;Precio Base General;60
10001222;RAMON MENDEZ RODRIGUEZ;NT00;Contado;Z023;Esporádico;02;Minoristas;CALLE TACARIGUA CASA 87-85 URBTRIGAL CENTRO;0414-4055019;V-07290208-0;ZCAR000014;VALENCIA;ZVE003;Zona Centro;130;GV ClReg. Proy. PET;Carabobo;04.08.2016;SI;8000004378;28.05.2018;1400001904;07.02.2018;;0424-8174579;0;;0;;VED;17;Precio Base General;60
10001223;JOSE JOAQUIN CASADIEGO;NT00;Contado;Z060;Reciclaje;;;CALLE TRUJILLO NRO 18 23 ENERO;0416-4336921;V-07214733-9;;MARACAY;ZVE003;Zona Centro;;;Aragua;08.08.2016;;8000001936;08.08.2016;1400000499;09.08.2016;;;0;;0;;VED;17;Precio Base General;60
10001226;MARICARMEN NAVARRO NARVAEZ;NT00;Contado;Z060;Reciclaje;;;CALLE PROLONGACION NEGROPRIMERO SECTOR LA ISABELITA N°39;0426-4327386;V-18489292-4;;SAN VICENTE;VE0005;Zona Centro;130;GV ClReg. Proy. PET;Aragua;10.08.2016;;8000001946;10.08.2016;1400000524;16.08.2016;;;0;;0;;VED;17;Precio Base General;60
10001227;VICTOR EDUARDO MEDINA ARVELO;NT00;Contado;Z060;Reciclaje;18;Empleados;AV 03 CASA N° 6 EL OASIS;0243-2183402;V-15532765-7;;SANTA RITA;VE0005;Zona Centro;130;GV ClReg. Proy. PET;Aragua;11.08.2016;;8000001959;12.08.2016;1400000516;12.08.2016;;0414-5997090;0;;0;;VED;17;Precio Base General;60
10001228;HECTOR JOSE COVA MARTINEZ;NT00;Contado;Z060;Reciclaje;18;Empleados;SAMAN TARAZONERO I EL MACAROCALLE 6 N°33;0424-3447032;V-16268369-8;;TURMERO;ZVE003;Zona Centro;130;GV ClReg. Proy. PET;Aragua;11.08.2016;;8000001960;12.08.2016;1400000517;12.08.2016;;;0;;0;;VED;17;Precio Base General;60
10001233;JUAN BAUTISTA SANCHEZ ALVAREZ;NT00;Contado;Z060;Reciclaje;18;Empleados;AV PPAL EDIF 12 PISO 2 APT 2-3URB VALLE GRANDE, II ETAPA ANTIGUAHACIENDA SANTA CRUZ;0241-8720581;V-07026798-1;;GUATIRE;000001;Zona norte;130;GV ClReg. Proy. PET;Miranda;18.08.2016;;8000002020;19.08.2016;1600000236;25.08.2016;;;0;;0;;VED;17;Precio Base General;60
10001234;INVERSIONES KCDS, C.A.;NT00;Contado;Z011;Bebidas;17;Embotelladoras;CALLE CALLE EL CALVARIO CASA NRO 2SECTOR LA CRUZ CARACAS;0212-8842596;J-40742391-6;ZMIR000009;EL HATILLO;ZVE004;Zona Metropolitana;130;GV ClReg. Proy. PET;Miranda;19.08.2016;;;;;;;0424-2334394;0;;0;;VED;17;Precio Base General;60
10001236;INDUSTRIAS DESDE LO ALTO, C.A.;NT00;Contado;Z018;Cuidado Personal;24;Manufactura;AV CARABOBO ENTRE CARRERAS 32 Y33 LOCAL NRO 32-105 SECTOR CENTRODE BARQUISIMETO;0251-2738520;J401744931;ZLAR000003;BARQUISIMETO;ZVE007;Zona Centro Occid.;130;GV ClReg. Proy. PET;Lara;22.08.2016;;8000007063;02.10.2019;;;;0416-6508270;120005;REYES SANCHEZ JORGE;0;;VED;17;Precio Base General;60
10001257;YAMPIER OSWALDO TORRES RODRIGUEZ;NT01;Prepagado;Z060;Reciclaje;26;Detal;CALLE TEMITO RODRIGUEZ CASA NRO6 SECTOR LA AGUADITA MAGDALENO;0412-0685044;V-17788272-7;ZARA000019;;ZVE003;Zona Centro;130;GV ClReg. Proy. PET;Aragua;15.09.2016;;;;1400000642;20.10.2016;;;0;;0;;VED;17;Precio Base General;60
10001260;GENSA INVERSIONES, C.A.;NT00;Contado;Z019;Distribuidores;16;Distribuidores Trad.;AV 79 CASA NRO 12-40 URB ELMORRO 2;0261-4350742;J408343975;ZCAR000014;VALENCIA;ZVE003;Zona Centro;130;GV ClReg. Proy. PET;Carabobo;22.09.2016;;8000002821;22.02.2017;1600002759;25.05.2021;;0414-4721578;120004;DAZA RAMON;0;;VED;17;Precio Base General;60
10001288;EMBOTELLADORA CRISTAL, C.A;NT00;Contado;Z021;Embotelladora;17;Embotelladoras;AV. PPAL CALLEJON EL MILAGRONRO 4 SECTOR LA COOPERATIVAMARACAY- EDO ARAGUA;0243-4325200;J-07508728-3;ZARA000004;MARACAY;ZVE003;Zona Centro;130;GV ClReg. Proy. PET;Aragua;23.11.2016;;8000020654;05.02.2026;1600010241;29.01.2026;;0412-8749424;120003;HERNANDEZ HORACIO;0;;VED;17;Precio Base General;60
10001289;RECUPERADORA LOPEZ PLAST, C.A;NT00;Contado;Z060;Reciclaje;24;Manufactura;CALLE PRINCIPAL PASAJE MARALOCAL NRO 69 URB CESAR RODRIGUEZPALENCIA;;J-40659594-2;ZARA000004;TURMERO-ARAGUA;ZVE003;Zona Centro;130;GV ClReg. Proy. PET;Aragua;23.11.2016;;8000003297;20.06.2017;1400001814;17.01.2018;;;0;;0;;VED;10;Cadenas;60
10001295;INVERSIONES ARIVAL, C.A;NT00;Contado;Z053;Materia Prima;;;AVENIDA LICENCIADO SANZ CONRAFAEL MARIA BARALT, EDIF RESD. GRANADAPISO 4, APT. 4-A, URB. SAN BERNARDINO.;;J316513440;;CARACAS;ZVE004;Zona Metropolitana;;;Distrito Federal;25.01.2017;;;;;;;;0;;0;;VED;;;60
10001298;SERVICIOS INTEGRALES GLOBAL;NT00;Contado;Z035;Medicina Humana;24;Manufactura;AV 6 CON CALLE 3 LOCAL NRO 60URB JACINTO LARA SECTOR CABUDARE;0251-2670569;J-40081526-6;;CABUDARE;ZVE007;Zona Centro Occid.;130;GV ClReg. Proy. PET;Lara;31.01.2017;;;;;;;0414-5098407;0;;0;;VED;17;Precio Base General;60
10001299;CONSTRUCTORA GONZA, C,A;NT00;Contado;Z060;Reciclaje;21;Independiente;CALLE A CASA NRO 2 BARRIO ELCARMEN, TOCORON EDO ARAGUA;;J-30443993-8;;CAGUA;ZVE003;Zona Centro;130;GV ClReg. Proy. PET;Aragua;06.02.2017;;8000012860;08.05.2023;1400000790;07.02.2017;;;0;;0;;VED;17;Precio Base General;60
10001303;AGRO HERMES, C.A.;NT00;Contado;Z036;Medicina Veterinaria;24;Manufactura;CALLE CALLE 3 LOCAL NRO 54 ZONAINDUSTRIAL GUERE, SECTOR LA JULIA;;J-00099439-0;ZARA000013;TURMERO;VE0003;Zona Occidente;130;GV ClReg. Proy. PET;Aragua;17.02.2017;SI;8000002806;20.02.2017;1400000810;22.02.2017;;;0;;0;;VED;17;Precio Base General;60
10001304;JOSE RAFAEL PEÑA COLMENAREZ;NT00;Contado;Z045;Soplado;24;Manufactura;CALLE SECTOR B CASA NRO- B2DURB TERRAZAS PARAMARACAY;0241-8685608;V-04342491-9;ZCAR000010;NAGUANAGUA;ZVE003;Zona Centro;130;GV ClReg. Proy. PET;Carabobo;20.02.2017;;8000003422;18.07.2017;1400001180;27.07.2017;;0424-4608539;0;;0;;VED;17;Precio Base General;60
10001311;AIDA DEL CARMEN DAZA MUJICA;NT00;Contado;Z015;Comercializadora;16;Distribuidores Trad.;CR 23 ENTRE CALLES 33 Y 34 LOCALNRO 33-30 ZONA CENTRO SECTOR MANTECO;;V-07326560-2;ZLAR000003;BARQUISIMETO;ZVE001;Zona Occidente;130;GV ClReg. Proy. PET;Lara;22.03.2017;;8000019158;29.08.2025;1400002581;11.09.2025;;;120005;REYES SANCHEZ JORGE;0;;VED;17;Precio Base General;60
10001319;FERREQUIMICOS Y ENVASES, C.A.;NT00;Contado;Z019;Distribuidores;24;Manufactura;CALLE PEÑALVER LOCAL NRO 51SECTOR GUANARITO, TURMEROEDO ARAGUA ROSARIO DE PAYA;02446610128;J-30925586-0;ZARA000013;TURMERO;ZVE003;Zona Centro;130;GV ClReg. Proy. PET;Aragua;20.04.2017;SI;8000015350;15.05.2024;1400002325;23.06.2025;;04144911495;120002;AMPOFRASCA OFICINA;0;;VED;17;Precio Base General;60
10001320;INDUSTRIAS VIELMOR, C.A.;NT00;Contado;Z019;Distribuidores;02;Minoristas;CALLE REAL LA MATA EDIF NAVE DPISO PB LOCAL PB URB LA MACARENASUR LOS TEQUES;;J-29833966-7;;LOS TEQUES;VE0005;Zona Centro;130;GV ClReg. Proy. PET;Miranda;21.04.2017;SI;8000003002;21.04.2017;1400000922;28.04.2017;;;0;;0;;VED;17;Precio Base General;60
10001323;PLASTIENVASES, C.A.;NT00;Contado;Z019;Distribuidores;17;Embotelladoras;AV 58 CASA NRO 96G-78 SECTOR SANMIGUEL MARACAIBO;;J-40760362-0;;MARACAIBO;VE0005;Zona Centro;130;GV ClReg. Proy. PET;Zulia;27.04.2017;;8000003854;26.10.2017;1400001993;07.03.2018;;;0;;0;;VED;17;Precio Base General;60
10001330;PLASTIC SOCO C.A.;NT00;Contado;Z015;Comercializadora;24;Manufactura;AV ROMA CRUCE CON CALLE ESTELOCAL GALPON NUMERO 3 NIVEL 1OFICINA 1-A ZONA INDUSTRIAL SOCOLA VICTORIA ARAGUA;0424-4195894;J-40650619-2;ZARA000006;LA VICTORIA;ZVE003;Zona Centro;130;GV ClReg. Proy. PET;Aragua;11.05.2017;;8000004383;31.05.2018;1400002106;19.06.2018;;0414-2612113;0;;0;;VED;17;Precio Base General;60
10001331;EMPAQUES PEREIRA, C.A.;NT00;Contado;Z015;Comercializadora;24;Manufactura;AV 2 LOCAL PARCELA (GALPON)NRO B-17-1 ZONA INDUSTRIAL SANTACRUZ DE ARAGUA;0244-6637415;J-30321470-3;ZARA000005;SANTA CRUZ;ZVE003;Zona Centro;130;GV ClReg. Proy. PET;Aragua;11.05.2017;;8000004270;20.04.2018;1400001965;21.02.2018;;0424-3325455;0;;0;;VED;17;Precio Base General;60
10001334;COMERCIALIZADORA DREMILAJ, C.A;NT00;Contado;Z035;Medicina Humana;23;Laboratorios;CALLE 1 CASA MAITA NRO N/ABARRIO EL SILENCIO;;J400329167;ZLAR000008;AGUADA GRANDE;ZVE007;Zona Centro Occid.;130;GV ClReg. Proy. PET;Lara;26.05.2017;SI;8000003390;04.07.2017;1400001817;17.01.2018;;;0;;0;;VED;17;Precio Base General;60
10001367;COSMETICOS LARENSE, C.A;NT00;Contado;Z018;Cuidado Personal;24;Manufactura;CR 5 ESQUINA  CALLE 28 LOCALGALPON NO. 79 NRO 79 NRO 28-30ZONA INDUSTRIAL;0251-2370869;J085021353;;BARQUISIMETO-EDO LARA;ZVE001;Zona Occidente;130;GV ClReg. Proy. PET;Lara;21.06.2017;SI;8000020047;04.12.2025;1400002887;09.02.2026;;;120005;REYES SANCHEZ JORGE;0;;VED;17;Precio Base General;60
10001371;ALIANZA PLAST, C.A;NT00;Contado;Z034;Licores;17;Embotelladoras;AV. INTERCOMUNAL LOCAL PARCELA18 NRO 22. SECTOR LA MORITA 1;0414-4918268;J-40870745-4;;TURMERO-EDO. ARAGUA;ZVE003;Zona Centro;130;GV ClReg. Proy. PET;Aragua;22.06.2017;;8000003323;22.06.2017;1400001221;07.08.2017;;;0;;0;;VED;17;Precio Base General;60
10001372;ENVASADORA 2010, C.A;NT00;Contado;Z006;Alimentos;17;Embotelladoras;AV CIRCUNVALACION SUR-ESTEEDI GALPON N 133 PISO PB LOCAL PBLOCAL PB ZONA INDUSTRIAL LA QUIZANDA;;J-296762120;ZCAR000014;VALENCIA- CARABOBO;ZVE003;Zona Centro;130;GV ClReg. Proy. PET;Carabobo;28.06.2017;SI;8000003421;18.07.2017;1400001837;18.01.2018;;;0;;0;;VED;17;Precio Base General;60
10001427;INDUVAR, S.A.;NT00;Contado;Z018;Cuidado Personal;24;Manufactura;C/ PRINCIPALCALLE PRINCIPAL CURIEPEZ/ INDUSTRIAL LAS GUAYAS LAS TEJERIAS;;J075229967;ZARA000014;MARACAY;ZVE003;Zona Centro;130;GV ClReg. Proy. PET;Aragua;19.07.2017;SI;8000013808;27.09.2023;1600008450;12.07.2024;JOHANNA BELLO;;120004;DAZA RAMON;0;;VED;17;Precio Base General;60
10001454;INDUSTRIAS CENTENARIO, C.A;NT00;Contado;Z001;Aceites;17;Embotelladoras;AV 4 DEL PARRAL CC MULTICENTROPASEO EL PARRAL NIVEL 4 OF 4-10URB EL PARRAL;0414-4008912;J-40324836-2;ZCAR000014;VALENCIA- CARABOBO;ZVE003;Zona Centro;130;GV ClReg. Proy. PET;Carabobo;28.07.2017;;8000012979;25.05.2023;1600005939;31.05.2023;;0414-4008912;100095;FARFAR CAMACHO GLISNEIDY ISABE;0;;VED;17;Precio Base General;60
10001457;GARMIL DE VENEZUELA, C.A;NT00;Contado;Z039;Productos De Limpiez;17;Embotelladoras;CALLE EL CEMENTERIO EDIF CENTROPROFESIONAL GRAN AVENIDAD PISO 2OF 2B-1. SECTOR CASCO CENTRAL;0281-2811375;J-29635426-0;ZANZ000010;PUERTO LA CRUZ- EDO.ANZOATEGUI;ZVE002;Zona Oriente;130;GV ClReg. Proy. PET;Anzoategui;02.08.2017;;8000004133;23.02.2018;1400001912;07.02.2018;;0414-1994473;0;;0;;VED;17;Precio Base General;60
10001499;KAWI, C.A;NT00;Contado;Z060;Reciclaje;16;Distribuidores Trad.;AV 112-C (MATA RICA) LOCAL NROCIVICO 93-257 BARRIO 1ERO DE MAYO;0241-8319639;J401504302;ZCAR000014;VALENCIA;ZVE003;Zona Centro;130;GV ClReg. Proy. PET;Carabobo;17.08.2017;;8000007150;11.10.2019;1400002203;29.10.2018;OSCAR JAVIER GARCIA;0414-3487531;100033;OFICINA VENDEDOR;0;;VED;10;Cadenas;60
10001572;OLEAGINOSAS INDUSTRIALES;NT00;Contado;Z001;Aceites;17;Embotelladoras;CTRA VIA GUANARE LOCAL NRO S/NZONA PARQUE INDUSTRIAL LOS LLANOSARAURE EDO PORTUGUESAARAURE EDO PORTUGUESA;;J085360743;ZPOR000002;GUANARE, EDO. PORTUGUESA.;ZVE006;Zona Llanos;130;GV ClReg. Proy. PET;Portuguesa;19.10.2017;;8000008139;28.07.2020;1600002070;04.08.2020;MARIA CORONADO;;130001;GEDLER AMADA;0;;VED;17;Precio Base General;60
10001580;IKRAM, C.A.;;;Z015;Comercializadora;;;CASTILLITOLOCAL PARCELA N°44URB. PARQUE COMERCIO INDUSTRIALSAN DIEGO. EDO. CARABOBO;;J296168369;ZCAR000012; SAN DIEGO, VALENCIA CARABOBO;ZVE003;Zona Centro;130;GV ClReg. Proy. PET;Carabobo;24.10.2017;;;;;;NADER ABDEL;;0;;0;;VED;;;60
10001587;ZULIANA DEL PET, C.A.;NT00;Contado;Z045;Soplado;01;Industria;CTRA H AV. 52SECTOR H 7, MUNICIPIO CABIMAS EDO. ZULIA;0264-2614847;J294027814;ZZUL000003;CABIMAS ZULIA;VE0004;Zona Oriente;130;GV ClReg. Proy. PET;Zulia;30.10.2017;SI;8000003884;31.10.2017;1400001540;15.11.2017;MARY ANGEL BARRIOS;0414-6795735;0;;0;;VED;17;Precio Base General;60
10001611;VIGOPLAS, C.A;NT00;Contado;Z019;Distribuidores;08;Mayoristas;CRA.11 No.18-78 BARRIO BOLIVARIANOSECTOR III. AGUAS CALIENTES;;J-40734506-0;ZTAC000020;UREÑA- EDO TACHIRA;ZVE008;Zona Andina;130;GV ClReg. Proy. PET;Tachira;13.11.2017;;8000003932;14.11.2017;;;;;0;;0;;VED;17;Precio Base General;60
10001624;C.A.QUIMICAS QUIMSA;NT00;Contado;Z018;Cuidado Personal;24;Manufactura;CAGUA  ARAGUAZONA INDUSTRIAL VALLE ABAJOVIA LA SEGUNDERA;;J000702888;ZARA000015;;ZVE003;Zona Centro;130;GV ClReg. Proy. PET;Aragua;29.11.2017;;8000011340;05.08.2022;1600004442;15.08.2022;GLORIA DICKSON;;120003;HERNANDEZ HORACIO;0;;VED;17;Precio Base General;60
10001627;DETERGENTES COPACKING,;NT00;Contado;Z045;Soplado;24;Manufactura;AV PRINCIPAL SOCO CON CALLESUCRE, PORTON NEGRO CASETA DE VIGILANCIALOCAL NRO S/N ZONA INDUSTRIAL, LA CHAPALA VICTORIA EDO ARAGUA;02444003965;J-29568303-0;ZARA000006;MARACAY- ARAGUA;ZVE003;Zona Centro;130;GV ClReg. Proy. PET;Aragua;05.12.2017;SI;8000005033;28.11.2018;1600000441;21.01.2019;jsanchez@deterking.com.ve;02444003950;100095;FARFAR CAMACHO GLISNEIDY ISABE;0;;VED;17;Precio Base General;60
10001634;GRUPO EL CREPUSCULO, C.A;NT00;Contado;Z005;Agua;17;Embotelladoras;AV PRINCIPAL DE SAN PEDRO DELOS ALTOS, VIA POZO DE ROSAS LOCALGALPON NRO S/N SECTOR EL GARABATOSAN PEDRO MIRANDA;;J410095407;ZCAR000008;SAN PEDRO- EDO MIRANDA;ZVE004;Zona Metropolitana;130;GV ClReg. Proy. PET;Miranda;22.12.2017;SI;8000004074;31.01.2018;;;;;0;;0;;VED;17;Precio Base General;60
10001635;TELEFONICA VENEZOLANA, C.A;NT00;Contado;Z048;Telecomunicaciones;01;Industria;AVENIDA FRANCISCO DE MIRANDACENTRO COMERCIAL EL PARQUE PISO 6URBANIZACION LOS PALOS GRANDES;0212-2008053;J003439940;ZMIR000056;CARACAS;ZVE004;Zona Metropolitana;130;GV ClReg. Proy. PET;Distrito Federal;28.12.2017;;8000020214;18.12.2025;1600010264;30.01.2026;ADRIAN UGUETO CAMPOS;0414-2100468;100033;OFICINA VENDEDOR;0;;VED;01;Comercio Mayorista;60
10001636;SUPREM´S PLASTIC.C,A;NT00;Contado;Z015;Comercializadora;16;Distribuidores Trad.;VALENCIA CARABOBOLOCAL 42 Y 43URB EL REMANSO;;J410464380;ZCAR000014;;ZVE003;Zona Centro;130;GV ClReg. Proy. PET;Carabobo;10.01.2018;SI;8000004136;26.02.2018;1400001969;27.02.2018;JULIO CESAR CHIVICO ALVAREZ;;120005;REYES SANCHEZ JORGE;0;;VED;17;Precio Base General;60
10001638;ENSAKES PLASTICOS,C.A.;NT00;Contado;Z015;Comercializadora;17;Embotelladoras;ZULIAZONA INDUSTRIAL IIETAPA SUR AMERICA;;J309439251;ZZUL000013;;ZVE001;Zona Occidente;130;GV ClReg. Proy. PET;Zulia;23.01.2018;;8000004061;30.01.2018;1400001941;16.02.2018;YORKY CONTRERAS;;0;;0;;VED;17;Precio Base General;60
10001642;INVERSIONES VENCHIPLAST 2013, C.A.;NT00;Contado;Z006;Alimentos;24;Manufactura;CALLE PPAL LOCAL NRO 2ZONA INDUSTRIAL LA MINAESTADO ARAGUA VILLA DE CURA;;J401890709;;;ZVE003;Zona Centro;130;GV ClReg. Proy. PET;Aragua;25.01.2018;SI;;;;;;;130001;GEDLER AMADA;0;;VED;17;Precio Base General;60
10001664;JOHANNA TRINIDAD URRIOLA MAITA;0001;Pago inmediato sin d;Z060;Reciclaje;;;AV MICHELENA CASA NRO 03GRUPO A URB SAN BLAS 1 SECTOR 5VALENCIA CARABOBO;;V14640775-3;;CARABOBO;VE0005;Zona Centro;;;Carabobo;28.02.2018;;;;;;;;0;;0;;VED;;;60
10001666;DISTRIBUIDORA GADUCA C.A;NT15;Crédito 15 Días;Z072;Distribuidores Trad.;24;Manufactura;CTRA NACIONAL BIRUACA ACHAGUASEDIF G&D PISO 01 OF B SECTOR LAARROCERA BIRUACA APURE;0247-3645251;J296936927;ZAPU000002;BIRUACA;ZVE003;Zona Centro;130;GV ClReg. Proy. PET;Apure;02.03.2018;;8000013376;28.07.2023;1600006473;07.09.2023;MILAGROS SILVA;0414-5436280;100139;SANCHEZ S  MARVIN J;100145;ORTIZ K  HENRY A;VED;17;Precio Base General;60
10001667;INVERSIONES CDE, C.A.;NT00;Contado;Z034;Licores;17;Embotelladoras; EDIF PASCAL,AV ROMULO GALLEGOS CON PRIMERA AVENIDADE SANTA EDUVIGISTORRE  CPISO PB LOCAL 13 Y 14 URB SANTA EDUVIGIS CARACAS MIRANDA;;J410023961;ZMIR000021;;ZVE003;Zona Centro;130;GV ClReg. Proy. PET;Miranda;02.03.2018;SI;;;;;;;100095;FARFAR CAMACHO GLISNEIDY ISABE;0;;VED;17;Precio Base General;60
10001668;CENTRAL DE LICORES UNIDOS;NT00;Contado;Z034;Licores;17;Embotelladoras;LOCAL GALPON NRO 25AV 1ERA AVENIDA,LOTE NRO.2, MANZANA GURB CENTRO INDUSTRIAL DEL ESTEGUARENAS GUARENAS MIRANDA;;J304145721;ZMIR000021;;ZVE003;Zona Centro;130;GV ClReg. Proy. PET;Miranda;06.03.2018;SI;8000004173;09.03.2018;1400002011;15.03.2018;LISBELY TELES;;100095;FARFAR CAMACHO GLISNEIDY ISABE;0;;VED;;;60
10001672;INDUSTRIA LICORERA DON PAREDES. C.A;NT00;Contado;Z034;Licores;17;Embotelladoras; ASENTAMIENTO CAMPESINOAV PRINCIPAL CASA PARCELA 232SECTOR LAS VERITASFEDERMANBARQUISIMETO   LARA;;J410056223;ZLAR000003;;ZVE007;Zona Centro Occid.;130;GV ClReg. Proy. PET;Lara;08.03.2018;SI;;;;;;;100095;FARFAR CAMACHO GLISNEIDY ISABE;0;;VED;17;Precio Base General;60
10001681;ALIMENTOS Q´ DELICIAS , C.A.;NT00;Contado;Z006;Alimentos;10;Accionistas / Socios; LOCAL GALPON N-05 SECTORAV MARACAY EDIFCENTRO INDUSTRIAL  ROMANO PISO PBZONA INDUSTRIAL SAN VICENTE IMARACAY ARAGUA;;J410775068;ZARA000004;;ZVE003;Zona Centro;130;GV ClReg. Proy. PET;Aragua;26.03.2018;SI;8000008112;17.07.2020;1600002053;24.07.2020;;;120003;HERNANDEZ HORACIO;0;;VED;17;Precio Base General;60
10001685;C.A.  QUIMICA INTERGRADA INTEQUIM;NT00;Contado;Z039;Productos De Limpiez;24;Manufactura;ZONA INDUSTRIAL 1AV PANCHO PEPE CROQUER LOCALEDIFICIO  INTEQUIM NRO. 73-308LA QUIZANDA VALENCIA;;J075048423;ZCAR000004;;ZVE003;Zona Centro;130;GV ClReg. Proy. PET;Carabobo;13.04.2018;SI;;;;;;;100095;FARFAR CAMACHO GLISNEIDY ISABE;0;;VED;17;Precio Base General;60
10001686;PINTURAS INTERNATIONAL, C.A.;NT00;Contado;Z039;Productos De Limpiez;17;Embotelladoras; EDIF F OFICINA NRO 3CTRA NACIONAL VIA LOS GUAYOS LOCAL C.A. VENEZOLANA DE PINTURAS,ZONA IND I VALENCIA CARABOBO;02418742357;J070015187;ZCAR000004;;ZVE003;Zona Centro;130;GV ClReg. Proy. PET;Carabobo;16.04.2018;SI;;;;;ROSSY CALDERA;;100095;FARFAR CAMACHO GLISNEIDY ISABE;0;;VED;17;Precio Base General;60
10001687;C.A. VENEZOLANA DE PINTURAS;NT00;Contado;Z039;Productos De Limpiez;17;Embotelladoras;PISO PB ADMINISTRACIONCTRA NACIONAL VIA LOS GUAYOS EDIFVENEZOLANA DE PINTURASZONA INDUSTRIAL I VALENCIA CARABOBO;02418742357;J000343160;ZCAR000004;;ZVE003;Zona Centro;130;GV ClReg. Proy. PET;Carabobo;16.04.2018;SI;8000007566;13.12.2019;1600001720;31.12.2019;;;100095;FARFAR CAMACHO GLISNEIDY ISABE;0;;VED;17;Precio Base General;60
10001688;LAMINADOS PLASTICOS LARA, S.A.;NT00;Contado;Z034;Licores;17;Embotelladoras;Barquisimeto Estado LaraZona Industrial 2 Calle 2,con Carreras 2 y 3, Galpón MN05,;;J00267637-0;ZLAR000003;Barquisimeto Estado Lara;ZVE007;Zona Centro Occid.;130;GV ClReg. Proy. PET;Lara;23.04.2018;SI;8000009149;30.04.2021;1600002717;30.04.2021;;;130005;PROYECTOS PET OFICINA;0;;VED;17;Precio Base General;60
10001689;INVERPLASTICOS BARQUISIMETO, C.A.;NT00;Contado;Z019;Distribuidores;17;Embotelladoras;BARQUISIMETO ESTADO LARA.CARRERA 31 ENTRE CALLES 23 Y 24,LOCAL NRO. S/N, ZONA POSTAL 3001;;J40706940-3;ZLAR000003;;ZVE007;Zona Centro Occid.;130;GV ClReg. Proy. PET;Lara;24.04.2018;SI;8000009106;14.04.2021;;;;;100095;FARFAR CAMACHO GLISNEIDY ISABE;0;;VED;17;Precio Base General;60
10001696;VIROPLASTIC, C.A.;NT00;Contado;Z045;Soplado;24;Manufactura;PANAMERICANA SEGUNDA PASARELACALLE LOS AMARILLOS LOCAL VIROPLASTICNRO S/N SECTOR EL TRABUCO,DESDE LAA LA IZQUIERDA LOS TEQUES MIRANDA;0212-383 8465;J295362919;ZDC0000001;;ZVE004;Zona Metropolitana;130;GV ClReg. Proy. PET;Miranda;22.05.2018;SI;8000008563;25.11.2020;1600002009;14.07.2020;SHARON QUINTANA;;100095;FARFAR CAMACHO GLISNEIDY ISABE;0;;VED;17;Precio Base General;60
10001698;SNC PHARMA, C.A;NT00;Contado;Z017;Cuidado Del Hogar;24;Manufactura;214 URB PREBO VALENCIA CARABOBOAV. ANDRES ELOY BLANCO CC CENTROPROFESIONAL PREBO NIVEL PISO 2 OF;;J-298555629;ZCAR000014;;ZVE007;Zona Centro Occid.;130;GV ClReg. Proy. PET;Carabobo;07.06.2018;SI;8000005174;19.12.2018;;;;;120005;REYES SANCHEZ JORGE;0;;VED;17;Precio Base General;60
10001737;INVERPLASTICOS BARQUISIMETO, C.A.;NT00;Contado;Z034;Licores;17;Embotelladoras;BARQUISIMETO ESTADOCARRERA 31 ENTRE CALLES 23 Y 24,LOCAL S/N,LARA;;J-40706940-3;ZLAR000003;;ZVE007;Zona Centro Occid.;130;GV ClReg. Proy. PET;Lara;13.08.2018;SI;;;;;;;0;;0;;VED;17;Precio Base General;60
10001739;LA LUCHA, C.A.;NT00;Contado;Z006;Alimentos;17;Embotelladoras;LOS TEQUES MIRANDAAV. PEDRO RUSSO FERRER EDIF AGROMILI PISO PB LOCAL 1 URB EL TEMBOR;;J000213194;ZMIR000010;;ZVE004;Zona Metropolitana;130;GV ClReg. Proy. PET;Miranda;16.08.2018;SI;8000004558;30.08.2018;;;ARELYS RODRIGUEZ;;100095;FARFAR CAMACHO GLISNEIDY ISABE;0;;VED;17;Precio Base General;60
10001761;Q-VAR C.A;NT00;Contado;Z039;Productos De Limpiez;17;Embotelladoras;BETANCOURT LOCAL 48 ZONACALLE I CRUCE CON CALLE G, 1ERA ETAPACONGLOMERADO INDUSTRIAL MANUEL OLIVARESINDUST. SAN VICENTE II MARACAY ARAGUA;0243-5516154;J075408225;ZARA000004;;ZVE003;Zona Centro;130;GV ClReg. Proy. PET;Aragua;02.10.2018;SI;8000020056;08.12.2025;1600010160;09.12.2025;MIGUEL GUZMAN;;100095;FARFAR CAMACHO GLISNEIDY ISABE;0;;USD;17;Precio Base General;60
10001763;LA MONTAÑA DE LARA;NT00;Contado;Z005;Agua;11;Cadena Nacional;SECTOR LITO ARENASCALLE 01 ENTRE CARRERA 1 Y 2LOCAL NRO 1 ZONA INDUSTRIAL CARORA LARA;;J302717884;ZLAR000003;;ZVE001;Zona Occidente;130;GV ClReg. Proy. PET;Lara;05.10.2018;SI;8000016069;19.09.2024;1600008764;20.09.2024;;;100095;FARFAR CAMACHO GLISNEIDY ISABE;0;;VED;17;Precio Base General;60
10001765;INDUSTRIA Y DISTRIBUCION DE;NT00;Contado;Z006;Alimentos;24;Manufactura;Araguacalle lote 26 casa 4-9 URB La CiudadelaCagua;0424-3439342-...;J407457225;ZARA000015;;ZVE003;Zona Centro;130;GV ClReg. Proy. PET;Aragua;18.10.2018;;;;1600008485;15.07.2024;Milagros de Olivares;0412-8995335;120003;HERNANDEZ HORACIO;0;;VED;17;Precio Base General;60
10001770;ALIMENTOS EL MAIZAL, C.A.;NT00;Contado;Z001;Aceites;24;Manufactura;Estado Portuguesa.Carretera nacional vía a Guanare,Parque Industrial Los Llanos - Araure.;0241-8234838;J-408484595;ZGUA000010;;ZVE006;Zona Llanos;130;GV ClReg. Proy. PET;Portuguesa;12.11.2018;SI;8000007289;29.10.2019;1600001553;01.11.2019;MILVA ACORREDOR;;120003;HERNANDEZ HORACIO;0;;VED;17;Precio Base General;60
10001771;QUIMICOS CHORONI C.A.;NT00;Contado;Z039;Productos De Limpiez;24;Manufactura;SAN VICENTE II EDO.CALLE E LOCAL GALPON NRO 70 URBCONGLOMERADO MANUEL O. BETANCOURT- Z.I.ARAGUA MARACAY;0243-6735724;J-313102180;ZARA000004;;ZVE003;Zona Centro;130;GV ClReg. Proy. PET;Aragua;15.11.2018;SI;8000004964;16.11.2018;;;PAOLA CORONEL;0414-4522343;120003;HERNANDEZ HORACIO;0;;VED;17;Precio Base General;60
10001774;TOMADO, C.A.;NT00;Contado;Z039;Productos De Limpiez;24;Manufactura;EDO. ARAGUA PALO NEGRO ARAGUAAV PPAL CASA NRO 42 ZONA INDUSTRIALCOROPO SECTOR SAN LUIS. MARACAY;0243- 4312340;J-314934856;ZARA000004;ARAGUA;ZVE003;Zona Centro;130;GV ClReg. Proy. PET;Aragua;19.11.2018;SI;8000015699;09.07.2024;1600008484;15.07.2024;EUKARLYS ARTEAGA;;100095;FARFAR CAMACHO GLISNEIDY ISABE;0;;VED;17;Precio Base General;60
10001776;INVESTIGACIONES BOTANICAS;NT00;Contado;Z024;Farmacia;24;Manufactura;ARAGUAAV PRINCIPAL PARCELA LOCAL NROE-50 ZONA INDUSTRIAL SANTA CRUZ;0243-2617065;J301851560;ZARA000005;E;ZVE003;Zona Centro;130;GV ClReg. Proy. PET;Aragua;23.11.2018;SI;8000016625;22.11.2024;1600009440;21.03.2025;LINDA MORA;0424-3427663;120005;REYES SANCHEZ JORGE;0;;VED;17;Precio Base General;60
10001777;DESARROLLO Y DISTRIBUCION INDUS;NT00;Contado;Z006;Alimentos;24;Manufactura;EDO.ZULIASECTOR MONTE BELLOMARACAIBO ZULIA;0414-6869103;J409500446;ZZUL000013;;ZVE001;Zona Occidente;130;GV ClReg. Proy. PET;Zulia;04.12.2018;SI;8000006405;16.07.2019;;;ALBERTO MOLINA;;120003;HERNANDEZ HORACIO;0;;VED;17;Precio Base General;60
10001778;PINTURAS FLAMUKO C A;NT00;Contado;Z039;Productos De Limpiez;24;Manufactura;GUACARA CARABOBOCALLE PRINCIPAL LOCAL GALPONNRO H ZONA INDUSTRIAL EL TIGRE;0245 4000431;J075412680;ZCAR000014;;ZVE003;Zona Centro;130;GV ClReg. Proy. PET;Carabobo;04.12.2018;SI;8000007866;05.05.2020;1400002251;08.05.2020;ZULAY GALVIZ;;120005;REYES SANCHEZ JORGE;0;;VED;17;Precio Base General;60
10001779;DIPLICA, C.A.;NT00;Contado;Z039;Productos De Limpiez;24;Manufactura;MARACAY ARAGUAAV CONSTITUCION OESTE EDIF TIRMAPISO PB LOCAL N° 139 SECTOR SANTA ROSA;0243 5549645;J-302447410;ZARA000004;ARAGUA;ZVE003;Zona Centro;130;GV ClReg. Proy. PET;Aragua;05.12.2018;SI;;;;;J. ALEJANDRA MARTINEZ;;0;;0;;VED;17;Precio Base General;60
10001782;ALIMENTOS ALMI, C.A.;NT00;Contado;Z006;Alimentos;24;Manufactura;VENEZUELAOF 37-2 ZONA PLAZA VENEZUELA CARACASDISTRITO CAPITAL;0414-441-91-91;J411336386;ZDC0000001;;ZVE004;Zona Metropolitana;130;GV ClReg. Proy. PET;Distrito Federal;21.12.2018;;8000006627;13.08.2019;;;RAMON JIMENEZ;0414-441-91-91;100095;FARFAR CAMACHO GLISNEIDY ISABE;0;;VED;17;Precio Base General;60
10001783;DEPOSITOS SIN IDENTIFICAR;NT00;Contado;Z057;Proyectos;24;Manufactura;MARACAYZONA INDUSTRIAL SAN VICENTE II.CALLE G PARCELA B Nro. 2-3;0243-2007272/...;J-75265092;ZARA000004;MARACAY;ZVE003;Zona Centro;130;GV ClReg. Proy. PET;Aragua;07.01.2019;SI;;;;;;;0;;0;;VED;17;Precio Base General;60
10001808;INDUSTRIA PROCESADORA CONDIBLUE;NT00;Contado;Z004;Agroindustrial;24;Manufactura;CABUDARE LARACTRA. PRINCIPAL COCO DE MONO LOCALGALPON NRO 12-B SECTOR EL PLACER;0251-4189714;J412060287;ZLAR000006;;ZVE007;Zona Centro Occid.;130;GV ClReg. Proy. PET;Lara;30.01.2019;SI;8000005369;13.02.2019;;;Syeffany Jaimes;0424-5292621;120003;HERNANDEZ HORACIO;0;;VED;17;Precio Base General;60
10001809;MEDITERRANEO 2012, C.A;NT00;Contado;Z006;Alimentos;24;Manufactura;CARACHE TINAQUILLO COJEDESAV JOSE ANTONIO PAEZ VIA VALLECITOCASA PARCELA MI JAGUAR NRO S/N SECTOR;02587660621;J401199046;ZCOJ000008;;ZVE006;Zona Llanos;130;GV ClReg. Proy. PET;Cojedes;31.01.2019;SI;8000007832;13.04.2020;1600001873;24.04.2020;ISMAR TOVAR;;100095;FARFAR CAMACHO GLISNEIDY ISABE;0;;VED;17;Precio Base General;60
10001811;KLEANCOLOR DE VENEZUELA, C.A.;NT00;Contado;Z006;Alimentos;24;Manufactura;DE MIRANDACALLE 80/ CON AVENIDA 61CASA 61 NRO 15 BARRIO FRANCISCO;0261 7543557;J299111350;ZZUL000013;;VE0003;Zona Occidente;130;GV ClReg. Proy. PET;Zulia;06.02.2019;;8000006005;24.05.2019;;;JEANETTE GONZALEZ;0424 6009567;120003;HERNANDEZ HORACIO;0;;VED;17;Precio Base General;60
10001818;CORPORACION ACEGRA, C.A.;NT00;Contado;Z001;Aceites;24;Manufactura;AV ESTE OESTE CON ACCESOENTRE AV. 65 Y AV. 66 ZONAZONA INDUSTRIAL MUNICIPAL NORTE;02411444785;J404061762;ZCAR000014;VALENCIA CARABOBO;ZVE003;Zona Centro;130;GV ClReg. Proy. PET;Carabobo;14.02.2019;SI;8000007178;15.10.2019;1600001515;28.10.2019;;;100095;FARFAR CAMACHO GLISNEIDY ISABE;0;;VED;17;Precio Base General;60
10001820;INTEGRALES G & Y C.A;NT00;Contado;Z053;Materia Prima;24;Manufactura;SECTOR 3 VALENCIA CARABOBOAV NORTE SUR EDIF 2 BLOQUE 7PISO  P/B LOCAL 0052 URB LA ISABELICA;;J403605840;ZCAR000014;;ZVE003;Zona Centro;130;GV ClReg. Proy. PET;Carabobo;15.02.2019;;8000008595;04.12.2020;1400002261;16.10.2020;YELITZA ESTRELLA;;130005;PROYECTOS PET OFICINA;0;;VED;17;Precio Base General;60
10001823;AGROINDUSTRIA PUPPY & PETS, C.A.;NT00;Contado;Z004;Agroindustrial;24;Manufactura;LOS RASTROROJOS LARACALLE 4 CASA NRO. C1-20 URB.LAGUNA VIEJA;0412-5253178;J403950580;ZLAR000006;BARQUISIMETO;ZVE007;Zona Centro Occid.;130;GV ClReg. Proy. PET;Lara;20.02.2019;SI;8000016412;05.11.2024;;;ALEJANDRO CARVAJAL;0424-5948899;120005;REYES SANCHEZ JORGE;0;;VED;17;Precio Base General;60
10001842;PROCOME, C.A.;NT00;Contado;Z015;Comercializadora;24;Manufactura;(CHACAO) MIRANDAAV LA ESTANCIA CC CENTRO BANAVENNIVEL PB LOCAL 3 URB CHUAO CARACAS;04125111783;J407440110;ZMIR000007;;ZVE004;Zona Metropolitana;130;GV ClReg. Proy. PET;Miranda;25.03.2019;;8000010879;12.05.2022;1600004035;13.05.2022;ROSANNA LEVORATO;;100095;FARFAR CAMACHO GLISNEIDY ISABE;0;;VED;17;Precio Base General;60
10001849;COSMETICOS BELLE FILLE, C.A.;NT00;Contado;Z016;Cosmetica;24;Manufactura; BOLIVAR NORTE VALENCIA CARABOBOLOPEZ LATOUCHE CC PASEO LASACACIAS NIVEL PB LOCAL 09 ZONA AVENIDA;0414-4284713;J411387495;ZCAR000014;VALENCIA;ZVE003;Zona Centro;130;GV ClReg. Proy. PET;Carabobo;04.04.2019;SI;8000010688;30.03.2022;;;CIRA ALICIA HUMPHREY;0424-4453392;120005;REYES SANCHEZ JORGE;0;;VED;17;Precio Base General;60
10001855;NAMAR MERCADEO INTERNACIONAL C.A.;NT00;Contado;Z017;Cuidado Del Hogar;24;Manufactura;LA TAHONA CARACAS MIRANDAAV. PRINCIPAL DE LA TAHONA EDIF TORRE1 PISO 4 APT 4-B CONJUNTO RESIDENCIAL;0414 1041260;J408033097;ZDC0000001;;ZVE006;Zona Llanos;130;GV ClReg. Proy. PET;Distrito Federal;09.04.2019;;8000005785;25.04.2019;;;Jhosyl Noguera;;100095;FARFAR CAMACHO GLISNEIDY ISABE;0;;VED;17;Precio Base General;60
10001868;EPOXIL DE VENEZUELA, C.A.;NT00;Contado;Z030;Industria Química;24;Manufactura;SECTOR EL REMANSO VALENCIAPORTA PORTESE PARCELA18-A NIVEL B LOCAL G-4;0241-6119412;J316122174;ZCAR000012;VALENCIA;ZVE003;Zona Centro;130;GV ClReg. Proy. PET;Carabobo;24.04.2019;;8000005778;25.04.2019;1600000718;10.05.2019;LIZETH VASQUEZ;0424-4294196;120003;HERNANDEZ HORACIO;0;;VED;17;Precio Base General;60
10001869;INVERSIONES AGUA CLARA 2018, C.A.;NT00;Contado;Z006;Alimentos;24;Manufactura;ARAGUSNRO 03 URB LOS NISPEROSTURMERO;0414-1162589;J411468401;ZARA000013;MARACAY;ZVE003;Zona Centro;130;GV ClReg. Proy. PET;Aragua;24.04.2019;;8000006233;26.06.2019;;;ROBERT IZAGUIRRE;;120005;REYES SANCHEZ JORGE;0;;VED;17;Precio Base General;60
10001876;SOTO GLOBAL GROUP, C.A.;NT00;Contado;Z039;Productos De Limpiez;17;Embotelladoras;URB LA TRINIDAD CARACAS MIRANDAAV GONZALEZ RINCONESQTA TECNOTENDENCIA;0212 9450007;J412556088;ZCAR000008;;ZVE004;Zona Metropolitana;130;GV ClReg. Proy. PET;Miranda;10.05.2019;;8000020741;10.02.2026;1600010279;18.02.2026;FABIO SOTO;;120005;REYES SANCHEZ JORGE;0;;VED;17;Precio Base General;60
10001887;CORPORACION SAB, C.A.;NT00;Contado;Z006;Alimentos;24;Manufactura;NIVEL 3 OF 3-12 URB EL PARRALAV. ORINOCO (119) 4 AVENIDASCC MULTICENTRO PASEO PARRALVALENCIA CARABOBO;0241 8141257;J407813838;ZCAR000014;VALENCIA;ZVE003;Zona Centro;130;GV ClReg. Proy. PET;Carabobo;22.05.2019;SI;8000006427;17.07.2019;1600000803;31.05.2019;;;100095;FARFAR CAMACHO GLISNEIDY ISABE;0;;VED;17;Precio Base General;60
10001890;SOLUCIONES EN OLEAGINOSAS, C.A.;NT00;Contado;Z001;Aceites;24;Manufactura;EL PARRAL VALENCIA CARABOBOAV 4 AVENIDAS CC MULTICENTROPASEO EL PARRAL NIVEL  5 OF 5-1 URB;0241 6835;J400401593;ZCAR000014;;ZVE003;Zona Centro;130;GV ClReg. Proy. PET;Carabobo;27.05.2019;SI;8000006126;11.06.2019;1600001218;06.09.2019;ROSALBA HUNG;;100095;FARFAR CAMACHO GLISNEIDY ISABE;0;;VED;17;Precio Base General;60
10001892; DA CORTE TECNOLOGY 2020, C.A.;NT00;Contado;Z001;Aceites;24;Manufactura;DISTRITO CAPITALCALLE 3 EDIF RESD. SAN DOMENICO PISO 3 APT 6 URB LAS FUENTES CARACAS;0424 2136668;J-294412670;ZCAR000008;;ZVE004;Zona Metropolitana;130;GV ClReg. Proy. PET;Distrito Federal;30.05.2019;;8000006921;19.09.2019;;;;0414 2032001;100095;FARFAR CAMACHO GLISNEIDY ISABE;0;;VED;17;Precio Base General;60
10001897;DISTALCA, C.A.;NT00;Contado;Z015;Comercializadora;24;Manufactura;INDUSTRIAL CALABOZO GUARICOAV FRANCISCO DE MIRANDA FRENTEAL AEROPUERTO LOCAL NRO SIN NRO ZONA;0414-3841852;J-411148229;ZGUA000004;CALABOZO GUARICO;ZVE006;Zona Llanos;130;GV ClReg. Proy. PET;Guarico;03.06.2019;SI;8000008576;26.11.2020;1600002293;30.11.2020;;;120005;REYES SANCHEZ JORGE;0;;VED;17;Precio Base General;60
10001903;FABRICA DE PRODUCTOS COSMETOLOGICOS;NT00;Contado;Z018;Cuidado Personal;24;Manufactura; CONJUNTO RESIDENCIAL CARIBBEANAV MILAGRO NORTE CASA NRO 17CONJUNTO RESIDENCIAL VILLAGE MARACIBO ZULIA;0414-6222492;J410005181;ZZUL000013;MARACAIBO;ZVE001;Zona Occidente;130;GV ClReg. Proy. PET;Zulia;10.06.2019;;8000007978;04.06.2020;;;JESUS HERNANDEZ;;120005;REYES SANCHEZ JORGE;0;;VED;17;Precio Base General;60
10001905;ALIANZA PET 1102, C.A;NT00;Contado;Z015;Comercializadora;16;Distribuidores Trad.;ARAGUAAV. INTERCOMUNAL TURMERO QTAPARCELA NRO 18 LOCAL 22 SECTOR TURMERO;0243-2681248;J411439584;ZARA000013;;ZVE003;Zona Centro;130;GV ClReg. Proy. PET;Aragua;12.06.2019;;8000006480;23.07.2019;;;WU FENG YAO;;130005;PROYECTOS PET OFICINA;0;;VED;11;Distribuidores;60
10001919;CORPORACION EMPRESARIAL LAUMAR C.A.;NT00;Contado;Z015;Comercializadora;24;Manufactura;MARACAY EDO. ARAGUAVDA 95 CASA NRO 07 URB LAS ACACIAS,MARACAY EDO. ARAGUA;;J294297552;ZARA000005;MARACAY;ZVE003;Zona Centro;130;GV ClReg. Proy. PET;Aragua;20.06.2019;;8000015984;04.09.2024;;;RAFAEL G. HERNANDEZ A;;120005;REYES SANCHEZ JORGE;0;;VED;17;Precio Base General;60
10001925;LICORERIA SAN JOSE C.A.;NT00;Contado;Z034;Licores;24;Manufactura;BARQUISIMETO LARACALLE 6 AL FINAL EDIF NRO S/N PISONO INDICA SECTOR EL ALAMBIQUE;0251-2730792;J085043063;ZLAR000003;;ZVE007;Zona Centro Occid.;130;GV ClReg. Proy. PET;Lara;02.07.2019;SI;8000007401;18.11.2019;1600001695;13.12.2019;RAUL A. CAMARGO;0414-5134929;120005;REYES SANCHEZ JORGE;0;;VED;17;Precio Base General;60
10001926;ALCOHOLES Y AÑEJOS MONAGAS, C.A.;NT00;Contado;Z034;Licores;24;Manufactura; MATURIN MONAGASCALLE 4 ENTRE 10-A Y10-B MANZANA27 LOCAL NRO S/N ZONA INDUSTRIAL;0291-3160718;J403651639;ZMON000008;MONAGAS;VE0005;Zona Centro;130;GV ClReg. Proy. PET;Monagas;02.07.2019;SI;8000019047;25.08.2025;1600009942;18.09.2025;SORENNIS RODRIGUEZ;;120005;REYES SANCHEZ JORGE;0;;VED;17;Precio Base General;60
10001927;INDUSTRIAS FLAMANTE, C.A;NT00;Contado;Z030;Industria Química;24;Manufactura;BARQUISIMETO LARACALLE 36 ENTRE  CARRERAS 28 Y 29CASA NRO S/N 28-72 SECTOR EL MALECON;0412-7679135;J412603183;ZLAR000003;BARQUISIMETO;ZVE007;Zona Centro Occid.;130;GV ClReg. Proy. PET;Lara;03.07.2019;;8000009099;13.04.2021;;;AMYLCAR GARCIA;0251-9925532;120005;REYES SANCHEZ JORGE;0;;VED;17;Precio Base General;60
10001928;ALIMENTOS DOÑA DIGNA C.A.;NT00;Contado;Z006;Alimentos;24;Manufactura;LA VICTORIA ARAGUAAV GRAN COLOMBIA LOCAL GALPONNRO S/N ZONA INDUSTRIAL LA CHAPA;0244-3222491;J-294399118;ZARA000006;;ZVE003;Zona Centro;130;GV ClReg. Proy. PET;Aragua;10.07.2019;SI;8000020097;11.12.2025;1600009965;26.09.2025;;;120003;HERNANDEZ HORACIO;0;;VED;17;Precio Base General;60
10001929;PASBENQUIM C A;NT00;Contado;Z017;Cuidado Del Hogar;24;Manufactura;ESTELA PISO PB LOCAL 20CALLE CARABOBO C/C SANTOSMICHELENA EDIF RES. BENNYSECTOR CENTRO MARACAY;0424-3725668;J075551788;ZARA000004;MARACAY;ZVE003;Zona Centro;130;GV ClReg. Proy. PET;Aragua;16.07.2019;SI;8000006801;30.08.2019;1600001213;01.09.2019;BENNY SCAVO;0424-3725668;120003;HERNANDEZ HORACIO;0;;VED;17;Precio Base General;60
10001930;FALCOS, S.A. (FALCOS S.A);NT00;Contado;Z017;Cuidado Del Hogar;24;Manufactura;NRO. A Y B SECTOR ASENTAMIENTOAV. INTERCOMUNAL TURMERO-MARACAYLOCAL PARCELA 25CAMPESINO LA PROVIDENCIA TURMERO;0243-2697483;J307798378;ZARA000013;MARACAY;ZVE003;Zona Centro;130;GV ClReg. Proy. PET;Aragua;18.07.2019;SI;8000009711;13.09.2021;1600003172;15.09.2021;YAMILETH MENDEZ;;100095;FARFAR CAMACHO GLISNEIDY ISABE;0;;VED;17;Precio Base General;60
10001939;SOLINVET SOLUCIONES INNOVADORAS;NT00;Contado;Z036;Medicina Veterinaria;23;Laboratorios;VILLA DE CURA ARAGUAAV. BOLIVAR OESTE LOCALNRO. 131 SECTOR LOS COLORADOS,;0244-3880149;J404974679;ZARA000018;VILLA DE CURA;ZVE003;Zona Centro;130;GV ClReg. Proy. PET;Aragua;01.08.2019;;8000006613;12.08.2019;1600001599;25.11.2019;AUSULLYMAR PEREZ;0424-3881049;120005;REYES SANCHEZ JORGE;0;;VED;17;Precio Base General;60
10001945;INVERSIONES PULGAR ARIAS, C.A;NT00;Contado;Z019;Distribuidores;24;Manufactura;MARACAYCALLE 2 EDIF LOS SAMANES PISO7 APT 73 URB BASE ARAGUA;0243-2334960;J409324745;ZARA000004;MARACAY;ZVE003;Zona Centro;130;GV ClReg. Proy. PET;Aragua;08.08.2019;;;;;;RICARDO JOSE PULGAR;0424-315678;120005;REYES SANCHEZ JORGE;0;;VED;17;Precio Base General;60
10001954;BETTY ELIDE CASTILLO;NT00;Contado;Z018;Cuidado Personal;24;Manufactura;ARAGUA SANTA RITA ARAGUACALLE MANAURE CASA NRO 3 URB MORITAII, SECTOR LA CANDELARIA, ESTADO;0243-2716259;V101463334;ZARA000004;;ZVE003;Zona Centro;130;GV ClReg. Proy. PET;Aragua;20.08.2019;;8000009298;22.06.2021;1400002267;23.10.2020;;0412-4205933;120003;HERNANDEZ HORACIO;0;;VED;17;Precio Base General;60
10001960;BIO DETERGENTES BARINAS, C.A.;NT00;Contado;Z024;Farmacia;24;Manufactura;CENTRO BARINAS BARINASAV LIBERTAD CON CALLE EL SOL EDIF12-14 PISO PLANTA BAJA LOCAL B SECTOR;0414-398-45-50;J412611917;ZARA000005;;ZVE003;Zona Centro;130;GV ClReg. Proy. PET;Barinas;29.08.2019;;8000012740;17.04.2023;1600005810;08.05.2023;WILMER BRICEÑO;;120005;REYES SANCHEZ JORGE;0;;VED;17;Precio Base General;60
10001965;INVERSIONES NICQUEN, C.A;NT00;Contado;Z015;Comercializadora;24;Manufactura;TURMERO EDO ARAGUACALLE LAS INDUSTRIAS LOCAL GALPONNRO 32 ZONA INDUSTRIAL LA PROVIDENCIA,;0243-267-9276;J400020956;ZARA000013;ARAGUA;ZVE003;Zona Centro;130;GV ClReg. Proy. PET;Aragua;29.08.2019;SI;8000007697;31.01.2020;1600001792;14.02.2020;JENNY DE LA PAZ;;100095;FARFAR CAMACHO GLISNEIDY ISABE;0;;VED;17;Precio Base General;60
10001966;COMERCIALIZADORA ALAROCHE C.A;NT00;Contado;Z015;Comercializadora;24;Manufactura;CR 24 ENTRE 35 Y 36 LOCAL NRO 1;;J297841431;;SECTOR CENTRO BARQUISIMETO LARA;ZVE001;Zona Occidente;130;GV ClReg. Proy. PET;Lara;29.08.2019;;;;;;;;0;;0;;VED;17;Precio Base General;60
10001969;TOTAL PLASTIC, C.A.;NT00;Contado;Z015;Comercializadora;24;Manufactura;ZONA INDUSTRIAL SAN VICENTEAV ANTHON PHILLIPS C/CLOS TEQUES LOCAL PARCELA NRO 31 ZONAMARACAY ARAGUA;0243-2373501;J307743891;ZARA000004;MARACAY;ZVE003;Zona Centro;130;GV ClReg. Proy. PET;Aragua;30.08.2019;SI;8000007961;29.05.2020;1600001929;31.05.2020;;;130005;PROYECTOS PET OFICINA;0;;VED;17;Precio Base General;60
10001970;CORPORACION ACMAN;NT00;Contado;Z001;Aceites;24;Manufactura;MUNICIPAL  SUR VALENCIA CARABOBOAV BRANGER CC ARTURO MICHELENANIVEL PB OF 20F-04 ZONA INDUSTRIAL;0241-8586606;J-412513818;ZCAR000014;VALENCIA;ZVE003;Zona Centro;130;GV ClReg. Proy. PET;Carabobo;30.08.2019;;8000006820;05.09.2019;;;;;130005;PROYECTOS PET OFICINA;0;;VED;17;Precio Base General;60
10001981;INDUSTRIAS PLASTICAS;NT00;Contado;Z019;Distribuidores;24;Manufactura;BARQUISIMETO LARACR 6 ENTRE CALLES 1 Y 2 CASA NRO 1-145 URB COLINAS DE SANTA ROSA;0251-2530365;J-408042096;ZLAR000003;;ZVE007;Zona Centro Occid.;130;GV ClReg. Proy. PET;Lara;17.09.2019;;;;;;;0414-5576445;0;;0;;VED;17;Precio Base General;60
10001998;FARMACIA LA POPULAR JALISCO, C.A;NT00;Contado;Z035;Medicina Humana;24;Manufactura;ZULIAAV. 7 LOCAL NRO ROP SECTOR JALISCOLA VILLA DEL ZULIA;0263-4511790;J-409955079;ZZUL000016;;ZVE001;Zona Occidente;130;GV ClReg. Proy. PET;Zulia;26.09.2019;;8000007309;31.10.2019;;;OSVALDO URDENTA;0424-6432121;120005;REYES SANCHEZ JORGE;0;;VED;17;Precio Base General;60
10001999;GRASAS EL PUERTO, C.A.;NT00;Contado;Z001;Aceites;24;Manufactura;ZULIACALLE PRINCIPAL LOCAL HACIENDAEL PUERTO SECTOR SANTA CRUZ DEL ZULIA;0414-0800 779;J307728140;ZCAR000014;;ZVE003;Zona Centro;130;GV ClReg. Proy. PET;Zulia;30.09.2019;SI;8000007798;16.03.2020;1600001766;24.01.2020;;;100095;FARFAR CAMACHO GLISNEIDY ISABE;0;;VED;17;Precio Base General;60
10002012;EL ABASTICO DULCE C.A.;NT00;Contado;Z006;Alimentos;;; LOCAL A-94 SECTOR ESTEAV. LIBERTADOR CON AVENIDA BRACAMONTECC ARENA PLAZA NIVEL PBBARQUISIMETOLARA;0412-5245304;J413061406;ZLAR000003;BARQUISIMETO;ZVE007;Zona Centro Occid.;130;GV ClReg. Proy. PET;Lara;11.10.2019;;8000007280;28.10.2019;;;ALFREDO GAMEZ;;120005;REYES SANCHEZ JORGE;0;;VED;17;Precio Base General;60
10002019;INDUSTRIAS RECICAB, C.A.;NT00;Contado;Z015;Comercializadora;24;Manufactura;LINDEROSCALLE ANGELONES CASA NRO MD 12 URBCOLINAS DE GUATAPARO, SECTOR CRUCE CONVALENCIA CARABOBO;0412 8541671;J407708643;ZCAR000014;;VE0003;Zona Occidente;130;GV ClReg. Proy. PET;Carabobo;01.11.2019;;8000014243;29.11.2023;1400002326;23.06.2025;RAFAEL PEREZ;;120002;AMPOFRASCA OFICINA;0;;VED;17;Precio Base General;60
10002021;INDUSTRIAS C & CJR, C.A.;NT00;Contado;Z034;Licores;17;Embotelladoras;AV. PRINCIPAL LOS JABILLOSNRO, 62 SECTOR LOS JABILLOSC/C CJN. GERARDO PEREZ LOCAL;0412-4052718;J412727931;ZARA000013;ARAGUA;ZVE003;Zona Centro;130;GV ClReg. Proy. PET;Aragua;07.11.2019;;8000007739;19.02.2020;;;ALFREDO CASTILLO;;100095;FARFAR CAMACHO GLISNEIDY ISABE;0;;VED;17;Precio Base General;60
10002025;DESTILERIA EL TORREON C.A;NT00;Contado;Z034;Licores;17;Embotelladoras;CALLE BRASIL LOCAL NRO 15AARAGUASECTOR EL LIMON;0412-7529976;J411851922;ZARA000004;MARACAY;ZVE003;Zona Centro;130;GV ClReg. Proy. PET;Aragua;08.11.2019;;;;;;FRANCO QUARANTA;;0;;0;;VED;17;Precio Base General;60
10002026;INVERSIONES SUJET_C@R'S;NT00;Contado;Z015;Comercializadora;24;Manufactura;"CALLE PRINCIPAL CASASECTOR ""D"". PALO NEGRONRO 13-D URB. BASE AREA LIBERTADOR ,";0243-2725539;J400879221;ZARA000008;ARAGUA;ZVE003;Zona Centro;130;GV ClReg. Proy. PET;Aragua;08.11.2019;;;;;;jorge lopez;0414-4560017;0;;0;;VED;17;Precio Base General;60
10002030;DESTILERIA LOS COMPADRES C.A;NT00;Contado;Z034;Licores;24;Manufactura;S/N SECTOR AGUA DULCE CORDEROAV CRISTOBAL MENDOZA LLANO LA CRUZPARTE ALTA CASA GRANJA LA ESMERALDA NROTACHIRA;0424-7849794;J413147084;ZTAC000023;;ZVE008;Zona Andina;130;GV ClReg. Proy. PET;Tachira;14.11.2019;;8000011552;13.09.2022;1400002236;19.11.2019;LISBETH PALENCIA;;100095;FARFAR CAMACHO GLISNEIDY ISABE;0;;VED;17;Precio Base General;60
10002034;INVERSIONES UNIPLACA R.M C.A.;NT00;Contado;Z034;Licores;24;Manufactura;JOAQUIN DE TURMEROCALLE CASANOVA GODOY CASA SANJOAQUIN DE TURMERO NRO 04 SECTOR 2 SAN;0243-2474810;J406702510;ZARA000004;ARAGUA;ZVE003;Zona Centro;130;GV ClReg. Proy. PET;Aragua;18.11.2019;;;;;;YUSNEIDY BLANCO;;0;;0;;VED;17;Precio Base General;60
10002040;DISTRIBUIDORES UNIDOS, C.A.;NT00;Contado;Z034;Licores;;;PUERTO ORDAZ CIUDAD GUAYANACALLE IPIRE C/C GUERE EDIF UNIDOSPISO 1 OF 01 ZONA INDUSTRIAL UNARE IIBOLIVAR;0286-9526271;J305349444;ZBOL000005;BOLIVAR;ZVE005;Zona Oriente Sur;130;GV ClReg. Proy. PET;Bolívar;22.11.2019;SI;8000008338;09.10.2020;1600002163;15.10.2020;LISETT PINO;;100095;FARFAR CAMACHO GLISNEIDY ISABE;0;;VED;17;Precio Base General;60
10002041;DISTRIBUIDORES UNIDOS CAPITAL, C.A.;NT00;Contado;Z034;Licores;24;Manufactura;(GUATIRE) MIRANDAAV PPAL TERRINCA LOCAL CENTRO INDUSTRIAL CARMEN URB GUATIRE EL NARANJA;0286-9526271;J408268850;ZMIR000021;;ZVE004;Zona Metropolitana;130;GV ClReg. Proy. PET;Miranda;22.11.2019;SI;8000008340;09.10.2020;1600002177;15.10.2020;LISETT PINO;;100095;FARFAR CAMACHO GLISNEIDY ISABE;0;;VED;17;Precio Base General;60
10002042;DISTRIBUIDORES UNIDOS NORTE, C.A.;NT00;Contado;Z034;Licores;24;Manufactura;SECTOR LAS GARZAS LECHERIASAV INTERCOMUNAL JORGE RODRIGUEZCC VIDOSO NIVEL PLANTA BAJA LOCAL 3 Y 4ANZOATEGUI;0286-9526271;J297803173;;;ZVE002;Zona Oriente;130;GV ClReg. Proy. PET;Anzoategui;22.11.2019;SI;8000008339;09.10.2020;1600002178;15.10.2020;LISETT PINO;;100095;FARFAR CAMACHO GLISNEIDY ISABE;0;;VED;17;Precio Base General;60
10002044;BEBIDAS Y DELICATESES;NT00;Contado;Z039;Productos De Limpiez;24;Manufactura;CARACASCALLE 4 EDIF FECOTRAVE PISO P.B. LOCALS/N URB LA PAZ CARACAS DISTRITO CAPITAL;0212-4436359;J412854763;ZDC0000001;CARACAS;ZVE003;Zona Centro;130;GV ClReg. Proy. PET;Distrito Federal;25.11.2019;;8000007932;27.05.2020;1400002235;27.11.2019;WILMER GARRIDO;;100095;FARFAR CAMACHO GLISNEIDY ISABE;0;;VED;17;Precio Base General;60
10002054;LLANOQUIM, C.A;NT00;Contado;Z019;Distribuidores;24;Manufactura;ACHAGUAS APUREAV JOSE ANTONIO PAEZ EDIF KIKE PISOPB LOCAL 3 SECTOR CENTRO;0414-4627929;J500001398;ZAPU000001;;ZVE006;Zona Llanos;130;GV ClReg. Proy. PET;Apure;22.01.2020;;8000009221;27.05.2021;1400002248;13.03.2020;JHOANDER REALZA;;120003;HERNANDEZ HORACIO;0;;VED;17;Precio Base General;60
10002069;LUSVAL WATER, C.A.;NT00;Contado;Z005;Agua;24;Manufactura;CALLE ALAS CRUCE CON LA CALLE ELHIPODROMO CC LOS ALMENDRONES NIVEL PBLOCAL NUNERO 4 SECTOR BARRIO LOURDES;0412-4115702;J410267399;ZARA000004;;ZVE003;Zona Centro;130;GV ClReg. Proy. PET;Aragua;13.02.2020;;;;;;LUIS ALBERTO PEREZ;;0;;0;;VED;17;Precio Base General;60
10002083;CARLOS JAVIER MARTINEZ BALSA;NT00;Contado;Z046;Suministros;24;Manufactura;LARGA LA HORMIGA MATURINCALLE VIA LA PICA , VUELTA LARGACASA NRO 28 SECTOR  LA YAGUA VUELTAMONAGAS;;V200021238;ZMON000008;;ZVE002;Zona Oriente;130;GV ClReg. Proy. PET;Monagas;28.02.2020;;8000011454;25.08.2022;;;CARLOS MARTINEZ;;100095;FARFAR CAMACHO GLISNEIDY ISABE;0;;VED;17;Precio Base General;60
10002085;SUCESORA DE RAMON R LEAL Y CIA C A;NT00;Contado;Z034;Licores;24;Manufactura;BARQUISIMETO LARACR 12 ENTRE 36 Y 37 DESTILERIA SANLUIS LOCAL NRO S/N SECTOR CENTRO;0424-5340255;J085095209;;;ZVE007;Zona Centro Occid.;130;GV ClReg. Proy. PET;Lara;04.03.2020;SI;8000007781;12.03.2020;1600001879;24.04.2020;;0412-3051457;120003;HERNANDEZ HORACIO;0;;VED;17;Precio Base General;60
10002101;C.A. DESTILERIA YARACUY;NT00;Contado;Z016;Cosmetica;17;Embotelladoras;CALLE 9 AL FINAL LOCAL CENTRALMATILDE ZONA CHIVACOA;0244-3901234;J000107980;ZYAR000003;YARACUY;ZVE007;Zona Centro Occid.;130;GV ClReg. Proy. PET;Yaracuy;23.04.2020;SI;8000008018;17.06.2020;1600001969;19.06.2020;ANA SOLORZANO;0412-3117367;100107;ALVAREZ R  ELIAS;100033;OFICINA VENDEDOR;VED;17;Precio Base General;60
10002108;QUIMICA COROPO,C.A.;NT00;Contado;Z039;Productos De Limpiez;24;Manufactura;CALLE JON SAN LUISCOROPO MARACAYLOCAL  NRO 42 ZONA INDUSTRIAL;0243-4312340;J306239308;ZARA000003;MARACAY;ZVE003;Zona Centro;130;GV ClReg. Proy. PET;Aragua;08.05.2020;SI;8000007880;11.05.2020;1600001899;15.05.2020;CESAR MORIN;;100095;FARFAR CAMACHO GLISNEIDY ISABE;0;;VED;17;Precio Base General;60
10002110;PALMERAS ENERGRAS, C.A.;NT00;Contado;Z001;Aceites;24;Manufactura; SECTOR NAGUANAGUA CARABOBOAV AV. 181 LOCAL CENTRO COMERCIALY PROFESIONAL, DINASTIA  NRO LOCAL 17;0241-8320531;J413005492;ZCAR000010;;ZVE003;Zona Centro;130;GV ClReg. Proy. PET;Carabobo;12.05.2020;;8000008003;12.06.2020;1400002255;27.05.2020;EDUARDO VARGAS;;100095;FARFAR CAMACHO GLISNEIDY ISABE;0;;VED;17;Precio Base General;60
10002119;INVERSIONES 101 JCJL, C.A;NT00;Contado;Z034;Licores;24;Manufactura;GALPON 3 SECTOR MIRANDITACALLE LAS MARGARITA AL FINA LOCALCOMPLEJO INDUSTRIAL VEPYNCA GALPON NROMIRANDA, CARABOBO;;J413066190;ZCAR000014;;ZVE003;Zona Centro;130;GV ClReg. Proy. PET;Carabobo;26.05.2020;;8000007920;26.05.2020;;;JOHAN JIMENEZ;;100095;FARFAR CAMACHO GLISNEIDY ISABE;0;;VED;17;Precio Base General;60
10002130;FIMA INTERNACIONAL, C.A;NT00;Contado;Z018;Cuidado Personal;24;Manufactura;AV. PRINCIPAL LOCAL NRO 258ARAGUAURB EL HORTICEÑO PALO NEGRO;0243-5515542;J409928292;ZARA000008;MARACAY;ZVE003;Zona Centro;130;GV ClReg. Proy. PET;Aragua;22.06.2020;;;;;;miguel croquer;0412-4442487;120003;HERNANDEZ HORACIO;0;;VED;17;Precio Base General;60
10002131;BRIGIDA DE LA CRUZ RUIZ REGALADO;NT00;Contado;Z015;Comercializadora;16;Distribuidores Trad.;AV. HORIZONTE CASA 8-08URB HORIZONTE CARACAS;0412-3339699;V054101704;ZDC0000001;CARACAS;ZVE004;Zona Metropolitana;130;GV ClReg. Proy. PET;Distrito Federal;23.06.2020;;8000008042;26.06.2020;;;BRIGIDA DE LA CRUZ;0412-3339699;120005;REYES SANCHEZ JORGE;0;;VED;17;Precio Base General;60
10002140;COMERCIALIZADORA LOS CAR 2010, C.A.;NT00;Contado;Z001;Aceites;24;Manufactura;CARACAS (CHACAO) MIRANDAAV VENEZUELA  EDIF LAMALETTO PISO 2 OF UNICA URB EL ROSAL;0212-9421117;J299484407;ZDC0000001;MIRANDA;ZVE004;Zona Metropolitana;130;GV ClReg. Proy. PET;Miranda;07.07.2020;;8000008085;13.07.2020;1600002045;24.07.2020;JOSE OSCAR SALAZAR;;100095;FARFAR CAMACHO GLISNEIDY ISABE;0;;VED;17;Precio Base General;60
10002145;MINIMARKET LAS FLORES CA;NT00;Contado;Z015;Comercializadora;24;Manufactura;CALLE LAS FLORES CASA NRO 81-01ANZOATEGUISECTOR LOS ALGARROBOS;0416-4934897;J500202571;ZANZ000001;ANACO;ZVE002;Zona Oriente;130;GV ClReg. Proy. PET;Anzoategui;15.07.2020;;;;;;WENDY HERNANDEZ;0424-8897550;120003;HERNANDEZ HORACIO;0;;VED;17;Precio Base General;60
10002146;DISTRIBUIDORA MAS QUE;NT00;Contado;Z019;Distribuidores;24;Manufactura; BARINASAV LOS LLANOS CASA NRO 245 URBALTO BARINAS BARINAS;0273-5410235;J317419928;ZBAR000005;BARINAS;ZVE006;Zona Llanos;130;GV ClReg. Proy. PET;Barinas;15.07.2020;SI;8000010249;20.12.2021;1600003515;30.12.2021;;;120005;REYES SANCHEZ JORGE;0;;VED;17;Precio Base General;60
10002147;FERIA CAMPESINA LAS DELICIAS, C.A.;NT00;Contado;Z047;Supermercado;24;Manufactura;AV LAS DELICIAS C/C FERNANDOPIMENTEL LOCAL NRO 1,2,3Y4ZONA CENTRO COMERCIAL TORRE BOYACA;0412-4810138;J410064315;ZARA000004;MARACAY;ZVE003;Zona Centro;130;GV ClReg. Proy. PET;Aragua;15.07.2020;;8000008134;28.07.2020;;;MARIA ALEJANDRA;0424-3504208;100133;ASSAL G  JORGE E;100145;ORTIZ K  HENRY A;VED;17;Precio Base General;60
10002148;LABORATORIO BIOFAR, C.A.;NT00;Contado;Z015;Comercializadora;24;Manufactura;SECTOR LA HAMACAAV ANTON PHILLIPS LOCAL GALPONESNRO 11 Y 12 ZONA INDUSTRIAL SAN VICENTEMARACAY ARAGUA;0243-5516916;J411654060;ZARA000004;MARACAY;ZVE004;Zona Metropolitana;130;GV ClReg. Proy. PET;Aragua;16.07.2020;;8000020715;09.02.2026;1600010275;13.02.2026;ADRIANA OJEDA;0414-4934405;120004;DAZA RAMON;0;;VED;17;Precio Base General;60
10002149;FERNANDO JOSE RONDON LEON;NT00;Contado;Z006;Alimentos;24;Manufactura;CAMPESINO EL OASIS TOCUYITOCALLE ARAGUANEY CASA GRANJA MIELHERMANOS RONDON SECTOR ASENTAMIENTOCARABOBO;0416-4348547;V041355502;ZCAR000006;;ZVE003;Zona Centro;130;GV ClReg. Proy. PET;Carabobo;16.07.2020;;8000008416;23.10.2020;;;;;100095;FARFAR CAMACHO GLISNEIDY ISABE;0;;VED;17;Precio Base General;60
10002164;CASA DE REPRESENTACION NATURAL;NT00;Contado;Z018;Cuidado Personal;24;Manufactura;EDO ARAGUA SANTA CRUZAV 2 LOCAL NRO E-50 ZONA INDUSTRIALSANTA CRUZ DE ARAGUA, LOTE 2 PORTON 2,ARAGUA;0243-261 7065;J314248219;ZARA000004;;ZVE003;Zona Centro;130;GV ClReg. Proy. PET;Aragua;13.08.2020;;8000015726;12.07.2024;1600008455;15.07.2024;;0414-5860823;120005;REYES SANCHEZ JORGE;0;;VED;17;Precio Base General;60
10002196;INVERSIONES DE LA MANO DE DIOS,;NT00;Contado;Z015;Comercializadora;24;Manufactura;CALLE LAS BRISAS CASA NRO 72-CURB 13 DE SEPTIEMBRE;0426-4396058;J410914564;ZARA000018;VILLA DE CURA;ZVE003;Zona Centro;130;GV ClReg. Proy. PET;Aragua;16.09.2020;;;;;;PEDRO ESCALONA;;120003;HERNANDEZ HORACIO;0;;VED;17;Precio Base General;60
10002211;INDUSTRIAS GRI-VEN, C.A;NT00;Contado;Z019;Distribuidores;24;Manufactura;CALLE 86 EDIF R-1 Y R-2 LOTE RPISO 03 OF CONJUNTO DE GALPONESPAREADOS URB IDNUSTRIAL CARABOBO I;;J404333754;ZCAR000014;VALENCIA;ZVE003;Zona Centro;130;GV ClReg. Proy. PET;Carabobo;29.09.2020;;8000008294;29.09.2020;1400002258;30.09.2020;;;0;;0;;VED;17;Precio Base General;60
10002213;C.A BEBIDAS EL MUCO (CABEMUCO);NT00;Contado;Z034;Licores;24;Manufactura;CALLE PRINCIPAL LOCALCARUPANO SUVREPLANTA BAJA NRO S/N URB EL MUCO;0281-2865394;J310511381;ZSUC000005;SUCRE;ZVE003;Zona Centro;130;GV ClReg. Proy. PET;Sucre;12.10.2020;SI;8000008859;29.01.2021;1600002741;21.05.2021;MARIA BRAZON;0294-3324106;100095;FARFAR CAMACHO GLISNEIDY ISABE;0;;VED;17;Precio Base General;60
10002220;COMERCIALIZADORA 200AYN, C.A.;NT00;Contado;Z015;Comercializadora;24;Manufactura;CALLE TEHERAN LOCA S/NSECTOR LA VEGA CARACAS DISTRITOCAPITAL;0414-2697854;J500071280;ZDC0000007;CARACAS;ZVE003;Zona Centro;130;GV ClReg. Proy. PET;Distrito Federal;27.10.2020;;8000013206;30.06.2023;1600006454;31.08.2023;;;120005;REYES SANCHEZ JORGE;0;;VED;17;Precio Base General;60
10002240;INQUIVEN 18, C.A.;NT00;Contado;Z018;Cuidado Personal;24;Manufactura;BARQUISIMETOCALLE 16 ENTRE AVENIDA VENEZUELAY CARRETERA 27 LOCAL NRO 3 ZONA CENTROLARA;0414-357-56-58;J409458962;ZLAR000003;;ZVE007;Zona Centro Occid.;130;GV ClReg. Proy. PET;Lara;30.11.2020;;8000013246;07.07.2023;;;;;120003;HERNANDEZ HORACIO;0;;VED;17;Precio Base General;60
10002241;INVERSIONES STYLE COLLECTION, C.A.;NT00;Contado;Z015;Comercializadora;24;Manufactura;AV LOS HORCONES ENTRE CALLES 9 Y10 LOCAL NRO S/N BARRIO PUEBLO NUEVO;0251-4540897;J408497786;ZLAR000003;BARQUISIMETO;ZVE007;Zona Centro Occid.;130;GV ClReg. Proy. PET;Lara;11.12.2020;;8000009478;29.07.2021;;;;0416-9950024;120005;REYES SANCHEZ JORGE;0;;VED;17;Precio Base General;60
10002248;HYPER PLAST, C.A;NT00;Contado;Z045;Soplado;24;Manufactura;GALPON NRO 7 ZONAAV ANTON PHILLIPS CRUCE CON 2DATRANSVERSAL LOCALINDUSTRIAL SAN VICENTE I, SECTORLA HAMACA MARACAY ARAGUA;0424-3266701;J408137291;ZARA000004;;ZVE003;Zona Centro;130;GV ClReg. Proy. PET;Aragua;14.01.2021;;8000009008;08.03.2021;;;FREDDY ORIQUIN;;100095;FARFAR CAMACHO GLISNEIDY ISABE;0;;VED;17;Precio Base General;60
10002253;IMPORTADORA IDT, C.A.;NT00;Contado;Z045;Soplado;24;Manufactura;AV FRANCISCO DE MIRANDA CONSEGUNDA AV. EDIF LAINO PISO 7 OF 72 URBCAMPO ALEGRE CARACAS (CHACAO) MIRANDA;0212-2611245;J402838530;ZCAR000008;;ZVE004;Zona Metropolitana;130;GV ClReg. Proy. PET;Distrito Federal;21.01.2021;;8000008813;22.01.2021;1600002445;31.01.2021;;0212-2613559;100095;FARFAR CAMACHO GLISNEIDY ISABE;0;;VED;17;Precio Base General;60
10002262;GRUPO CALADE C.A;NT00;Contado;Z006;Alimentos;24;Manufactura;MARACAY ARAGUACALLE 1 EDIF 29 PISO 2 APT 22 URBFUNDACION  MARACAY II ESTADO ARAGUA;0414-9001992;J402015720;ZARA000004;;ZVE003;Zona Centro;130;GV ClReg. Proy. PET;Aragua;04.02.2021;;8000019712;31.10.2025;1400002700;31.10.2025;;;120003;HERNANDEZ HORACIO;0;;VED;17;Precio Base General;60
10002270;ELOPLAST DE VENEZUELA, C.A.;NT00;Contado;Z045;Soplado;24;Manufactura;CALLE LOS AMARILLOS LOCAL S/N URBEL TRABUCO ALCABALA BARRIO AMARILLOCUMBRE AZUL;0414-1548660;J500335695;;LOS TEQUES;ZVE004;Zona Metropolitana;130;GV ClReg. Proy. PET;Miranda;19.02.2021;;8000008959;23.02.2021;;;EMILIO FORTINO;;100095;FARFAR CAMACHO GLISNEIDY ISABE;0;;VED;17;Precio Base General;60
10002281;CORPORACION FEDERICA 2013,C.A.;NT00;Contado;Z018;Cuidado Personal;24;Manufactura;PEREZ BONALDE CARACASAV EL ATLANTICO ENTRE 6TA Y 7MAAVENIDAS EDIF AURO PISO PB LOCAL PB URB;0212-8703045;J401937420;ZDC0000001;CARACAS;ZVE004;Zona Metropolitana;130;GV ClReg. Proy. PET;Distrito Federal;04.03.2021;;8000009164;12.05.2021;;;;0414-264-1816;120003;HERNANDEZ HORACIO;0;;VED;17;Precio Base General;60
10002311;INDUSTRIAS COSMETICAS;NT00;Contado;Z016;Cosmetica;24;Manufactura;DE TARIBA  TARIBA TACHIRACALLE CALLE 1 BIS CASA CASA NRO 5-80 SECTOR ENTRE VEREDAS 6 Y 7 LAS VEGAS;0414-7267042;J412534114;ZTAC000005;;ZVE008;Zona Andina;130;GV ClReg. Proy. PET;Tachira;13.04.2021;;;;;;JOSE ORLANDO RAMIREZ MORA;;120005;REYES SANCHEZ JORGE;0;;VED;17;Precio Base General;60
10002315;INVERSIONES BUZIOS RJ, C.A.;NT00;Contado;Z015;Comercializadora;24;Manufactura;GUASIMAL MARACAY ARAGUACALLE  PRINCIPAL CRUCE CON PROLONGACIONCALLE LAS ACASIAS B LOCAL NRO A-9 SECTOR;0243-2186917;J402624433;ZARA000004;;ZVE003;Zona Centro;130;GV ClReg. Proy. PET;Aragua;20.04.2021;SI;8000009120;21.04.2021;1600002720;30.04.2021;;0412-4570055;120003;HERNANDEZ HORACIO;0;;VED;17;Precio Base General;60
10002322;PLASTICOS QINGDAO, C.A.;NT00;Contado;Z015;Comercializadora;24;Manufactura;EDO ARAGUA SANTA CRUZ ARAGUACALLE 3-B LOCAL NRO 66 URB INDUSTRIAL SANTA CRUZ , SANTA CRUZ;0414-2488789;J299799068;ZARA000005;;ZVE003;Zona Centro;130;GV ClReg. Proy. PET;Aragua;23.04.2021;SI;8000009868;18.10.2021;1600003268;31.10.2021;;;100095;FARFAR CAMACHO GLISNEIDY ISABE;0;;VED;17;Precio Base General;60
10002324;LUBRICAUCHOS LO MAXIMO, C.A.;NT00;Contado;Z015;Comercializadora;24;Manufactura;MARACAIBO ZULIACALLE 113 LOCAL NRO 18C-76 BARRIOCORITO SECTOR  HATICOS POR ARRIBA;0412-0759625;J298996706;ZZUL000013;;ZVE001;Zona Occidente;130;GV ClReg. Proy. PET;Zulia;27.04.2021;;8000009338;30.06.2021;;;;;100095;FARFAR CAMACHO GLISNEIDY ISABE;0;;VED;17;Precio Base General;60
10002325;TRACKER AGRO INDUSTRIAL, CA;NT00;Contado;Z004;Agroindustrial;24;Manufactura;CARACAS (CHACAO) MIRANDAAV FRANCISCO DE MIRANDA EDIF TORREPROVINCIAL PISO 7 OF 73 URB CHACAO;0212-2640068;J003225495;ZARA000005;;ZVE003;Zona Centro;130;GV ClReg. Proy. PET;Miranda;29.04.2021;;8000020582;28.01.2026;1600010265;30.01.2026;;0243-5516010;100095;FARFAR CAMACHO GLISNEIDY ISABE;0;;USD;17;Precio Base General;60
10002342;CORPORACION MADRID 2804 C.A;NT00;Contado;Z006;Alimentos;24;Manufactura;IVICO 2 NRO GALPON N12 SECTORAV LIBERTADOR VIA CARRETERA VIEJALOCAL MULTICENTRO LA CAROLINA NROCASCO CENTRAL;0243-2712385;J501078572;ZCAR000006;TOCUYITO;ZVE003;Zona Centro;130;GV ClReg. Proy. PET;Carabobo;07.06.2021;;8000016916;09.01.2025;1600005487;06.03.2023;;0424-3100887;120003;HERNANDEZ HORACIO;0;;VED;17;Precio Base General;60
10002344;INVERSIONES GIRARDOT 2030, C.A;NT00;Contado;Z015;Comercializadora;24;Manufactura;ARAGUACALLE 02 SECTOR 02 CASA . NRO 63URB GIRARDOT MARACAY;0424-3067797;J401170471;ZARA000004;;ZVE003;Zona Centro;130;GV ClReg. Proy. PET;Aragua;08.06.2021;;8000009324;29.06.2021;;;;;100095;FARFAR CAMACHO GLISNEIDY ISABE;0;;VED;17;Precio Base General;60
10002348;QUIMICOS PCG, C.A.;NT00;Contado;Z030;Industria Química;24;Manufactura;INDUSTRIAL CASTILLITO, MUNICIPIOAV DON JULIO CENTENO CC VIRGINIA BURLEYII NIVEL PB LOCAL GALPON N15 URB PARQUESAN DIEGO VALENCIA CARABOBO;0414-9484405;J404429190;ZCAR000012;;ZVE003;Zona Centro;130;GV ClReg. Proy. PET;Carabobo;14.06.2021;;8000011441;23.08.2022;;;;;120005;REYES SANCHEZ JORGE;0;;VED;17;Precio Base General;60
10002360;COSMEVIR, C.A;NT00;Contado;Z016;Cosmetica;24;Manufactura;NORTE VALENCIA CARABOBOCALLE 77-AA ENTRE CALLE URDANETAY BOYACA CASA NRO 98-64 SECTOR CARMEN;;J500525648;ZCAR000014;;ZVE003;Zona Centro;130;GV ClReg. Proy. PET;Carabobo;06.07.2021;;;;;;;;100095;FARFAR CAMACHO GLISNEIDY ISABE;0;;VED;17;Precio Base General;60
10002363;GRUPO ZUCOL, C.A.;NT00;Contado;Z015;Comercializadora;24;Manufactura;CABIMAS ZULIACALLE LAS TABLITAS ENTRE AVENIDAS52 Y 53 LOCAL GALPON ZUCOL SECTOR H5;0412-1292364;J405212675;ZZUL000003;;ZVE001;Zona Occidente;130;GV ClReg. Proy. PET;Zulia;09.07.2021;;8000009474;29.07.2021;;;;;100095;FARFAR CAMACHO GLISNEIDY ISABE;0;;VED;17;Precio Base General;60
10002374;TRES MUNDOS, C.A;NT00;Contado;Z023;Esporádico;24;Manufactura;ARAGUAAV ANTON PHILLIPS C/AV MERIDA LOCALNRO S/N ZONA INDUSTRIAL LA HAMACA;0414-5993086;J410628685;ZARA000004;;ZVE003;Zona Centro;130;GV ClReg. Proy. PET;Aragua;05.08.2021;SI;8000011118;23.06.2022;1600004236;30.06.2022;;;120003;HERNANDEZ HORACIO;0;;VED;17;Precio Base General;60
10002391;PROQUIMICOS SUCURSAL LA H C.A.;NT00;Contado;Z015;Comercializadora;24;Manufactura; ZULIACTRA H LOCAL NRO S/N SECTOR 19 DEABRIL CABIMAS;0424-6406919;J412534254;ZZUL000003;;ZVE001;Zona Occidente;130;GV ClReg. Proy. PET;Zulia;26.08.2021;;8000014294;07.12.2023;;;;;100095;FARFAR CAMACHO GLISNEIDY ISABE;0;;VED;17;Precio Base General;60
10002405;MANUFACTURAS Y DISTRIBUCIONES;NT00;Contado;Z018;Cuidado Personal;24;Manufactura; ARAGUAAV PRINCIPAL LOCAL NRO 138-ABARRIO LA PRADERA MARACAY;0243-2153802;J405512113;ZARA000004; ARAGUA;ZVE003;Zona Centro;130;GV ClReg. Proy. PET;Aragua;09.09.2021;;8000009842;11.10.2021;;;;0412-2411761;120005;REYES SANCHEZ JORGE;0;;VED;17;Precio Base General;60
10002406;GOPLASMET 777, C.A;NT00;Contado;Z015;Comercializadora;24;Manufactura; MARIARA CARABOBOCALLE CONSTITUCION LOCALNRO 27-B SECTOR EL LIBERTADOR;;J404267581;ZCAR000003;;ZVE003;Zona Centro;130;GV ClReg. Proy. PET;Carabobo;09.09.2021;;8000013665;07.09.2023;1400002327;23.06.2025;;;120002;AMPOFRASCA OFICINA;0;;VED;17;Precio Base General;60
10002410;COMERCIALIZADORA BIO CLEAN, C.A.;NT00;Contado;Z015;Comercializadora;24;Manufactura;PUERTO LA CRUZCALLE MONTES CC DACAR´S PLAZANIVEL PB LOCAL 01 SECTOR BARRIO MARIÑOANZOATEGUI;0412-6377931;J407958526;ZANZ000010;;ZVE002;Zona Oriente;130;GV ClReg. Proy. PET;Anzoategui;13.09.2021;SI;;;1600006148;30.06.2023;;;120005;REYES SANCHEZ JORGE;0;;VED;17;Precio Base General;60
10002416;PLASTINAC S A;NT00;Contado;Z006;Alimentos;24;Manufactura;PROPATRIA CARACASAV 7MA ENTRE CALLE PERU Y BRASILEDIF GALPON PISO 32-01 LOCAL UNICO URB;0212-8721539;J000838968;ZDC0000001;;ZVE004;Zona Metropolitana;130;GV ClReg. Proy. PET;Distrito Federal;21.09.2021;SI;8000009783;24.09.2021;1600003223;29.09.2021;;;100095;FARFAR CAMACHO GLISNEIDY ISABE;0;;VED;17;Precio Base General;60
10002421;AGROPECUARIA ECOTURISTICA;NT00;Contado;Z005;Agua;24;Manufactura; ARAGUAAV PRINCIPAL CASA NRO 50 SECTORCACHAPAL COLONIA TOVAR;0212-2650914;J410361298;ZMIR000021;;ZVE004;Zona Metropolitana;130;GV ClReg. Proy. PET;Aragua;28.09.2021;;8000014821;22.02.2024;1600003655;15.01.2022;;;120003;HERNANDEZ HORACIO;0;;VED;17;Precio Base General;60
10002424;ENVASADOS AMPET, C.A;NT00;Contado;Z045;Soplado;24;Manufactura;SECTOR - VALENCIA CARABOBOCALLE 101 CASA PARCELA NL-85,GALPON  G-1 PARQUE COMERCIO INDUSTRIAL CASTILLO;0241-8714906;J413245434;ZCAR000014;;ZVE003;Zona Centro;130;GV ClReg. Proy. PET;Carabobo;11.10.2021;;8000009858;14.10.2021;;;;;100095;FARFAR CAMACHO GLISNEIDY ISABE;0;;VED;17;Precio Base General;60
10002436;RECUPERADORA NUEVO OLRIL CA;NT00;Contado;Z006;Alimentos;24;Manufactura;CALLE GUAERITO PASAJE URDANETACASA NRO 10 ZONA GUERITO;0424-3156622;J400585856;ZARA000013;TURMERO;ZVE003;Zona Centro;130;GV ClReg. Proy. PET;Aragua;29.10.2021;;8000010102;22.11.2021;1600004647;10.10.2022;PEDRO RICHARD RIVAS;0424-3817365;0;;0;;VED;17;Precio Base General;60
10002467;COMERCIALIZADORA Y DISTRIBUIDORA;NT00;Contado;Z035;Medicina Humana;24;Manufactura;22 PISO 1, 2 y 3 LOCAL 04 SECTORCALLE MARIÑO EDIF MARIÑOCENTER 22 PISO 1, 2 y 3 EL CENTRO CUMANA SUCRE;0291-6521490;J500525770;ZSUC000014;;ZVE002;Zona Oriente;130;GV ClReg. Proy. PET;Sucre;27.12.2021;;8000010277;29.12.2021;;;;;100095;FARFAR CAMACHO GLISNEIDY ISABE;0;;VED;17;Precio Base General;60
10002468;PROCESADORA ENDINGEN COLONIA;NT00;Contado;Z006;Alimentos;24;Manufactura;CTRA VIA LA COLONIA TOVAR LOCALS/N SECTOR 1 ATRAVESADOS S-GAVAN;04243111838;J305234116;ZARA000016;COLONIA TOVAR;ZVE003;Zona Centro;130;GV ClReg. Proy. PET;Aragua;13.01.2022;SI;8000010345;20.01.2022;1600003678;31.01.2022;MARIA GODOY;;100095;FARFAR CAMACHO GLISNEIDY ISABE;0;;VED;17;Precio Base General;60
10002482;LABORATORIO FONTI PHARMACEUTICAL, C;NT00;Contado;Z024;Farmacia;11;Cadena Nacional; ARAGUACALLE PAEZ CASA NRO 17 SECTORVILLEGUITA TURMERO;0412-4423629;J500370962;ZARA000013;TURMERO ARAGUA;ZVE003;Zona Centro;130;GV ClReg. Proy. PET;Aragua;31.01.2022;;;;;;;;100095;FARFAR CAMACHO GLISNEIDY ISABE;0;;VED;17;Precio Base General;60
10002483;MULTISERVICIOS JAPY,C.A;NT00;Contado;Z017;Cuidado Del Hogar;24;Manufactura;CARABOBOCALLE 6 EDIF BLOQUE 8 PISO S/N LOCALB-5 URB LA ISABELICA, SECTOR 4 VALENCIA;0412-2989889;J412728806;ZCAR000014;;ZVE003;Zona Centro;130;GV ClReg. Proy. PET;Carabobo;02.02.2022;;8000010402;04.02.2022;;;;;100095;FARFAR CAMACHO GLISNEIDY ISABE;0;;VED;17;Precio Base General;60
10002492;TAQUISOL, C.A.;NT00;Contado;Z015;Comercializadora;24;Manufactura;AV INTERCOMUNAL TURMEROMARACAY CASA GALPON 4-B PARCELA NRO 7SECTOR EL MACARO;0414-4920732;J075866070;ZARA000013;TURMERO;ZVE004;Zona Metropolitana;130;GV ClReg. Proy. PET;Aragua;11.02.2022;SI;;;;;;;100095;FARFAR CAMACHO GLISNEIDY ISABE;0;;VED;17;Precio Base General;60
10002493;NEGROPRO INVERSIONES, C.A;NT00;Contado;Z015;Comercializadora;16;Distribuidores Trad.;CALLE BUENOS AIRES I CASA 37SECTOR LOS GIRASOLES YAGUA;0412-5635984;J407860119;ZCAR000002;CARABOBO;ZVE003;Zona Centro;130;GV ClReg. Proy. PET;Carabobo;14.02.2022;;8000010613;18.03.2022;1600003805;15.03.2022;YAJAIRA HURTADO REALES;;120005;REYES SANCHEZ JORGE;0;;VED;17;Precio Base General;60
10002516;CORPORACIÓN GOLDEN RULE, C.A.;NT00;Contado;Z015;Comercializadora;24;Manufactura;CALLE COMPLEJO INDUSTRIAL NUEVOCENTURY C CALLE A CRUCE CON G LOCALPARCELAS A4,A5,A6 NRO B8 ZONA INDUSTRIALSAN VICENTE II;0412-4548144;J298611235;ZARA000004;MARACAY;ZVE003;Zona Centro;130;GV ClReg. Proy. PET;Aragua;07.03.2022;;;;;;MONICA PADA;;100095;FARFAR CAMACHO GLISNEIDY ISABE;0;;VED;17;Precio Base General;60
10002522;MANUFACTURAS DON LIMPIO, C.A.;NT00;Contado;Z015;Comercializadora;24;Manufactura;CALLE BUENA VISTA EDIF OVERSUFTPISO PB LOCAL LOCAL 1 SECTOR BAROLACARRIZAL;0212-3815652;J311628339;ZMIR000006;MIRANDA;ZVE004;Zona Metropolitana;130;GV ClReg. Proy. PET;Miranda;15.03.2022;SI;8000010612;18.03.2022;1600003868;31.03.2022;WILLIAMS MICHELANGELI;0424-1823858;120003;HERNANDEZ HORACIO;0;;VED;17;Precio Base General;60
10002528;LICORES GREY´S C.A;NT00;Contado;Z034;Licores;24;Manufactura;QUENIQUEACALLE 4 ESQUINA DE CARRERA 5CASA NRO S/N SECTOR CASCO CENTRAL;0212-2322026;J500732562;ZTAC000027;TACHIRA;ZVE008;Zona Andina;130;GV ClReg. Proy. PET;Tachira;22.03.2022;;8000011102;21.06.2022;;;ANEIKA MOLINA;0426-6730055;100095;FARFAR CAMACHO GLISNEIDY ISABE;0;;VED;17;Precio Base General;60
10002550;COMERCIALIZADORA J.A.M.V. C.A;NT00;Contado;Z034;Licores;24;Manufactura;LARACALLE COMERCIO CASA NRO S/N SECTORAGUADA GRANDE AGUADA GRANDE;0253-3434083;J406648710;ZLAR000003;;ZVE007;Zona Centro Occid.;130;GV ClReg. Proy. PET;Lara;19.05.2022;;8000010950;24.05.2022;;;BARBARA HERNANDEZ;0253-3434017;100095;FARFAR CAMACHO GLISNEIDY ISABE;0;;VED;17;Precio Base General;60
10002554;GRUPO J&M, C.A.;NT00;Contado;Z015;Comercializadora;24;Manufactura;URB SABANA GRANDE CARACASAV LIBERTADOR CON CALLE PARAISOEDIF SICLAR PISO 5 OF 55DISTRITO CAPITAL;0212-7707805;J405486023;ZDC0000001;;ZVE004;Zona Metropolitana;130;GV ClReg. Proy. PET;Distrito Federal;13.06.2022;;8000011934;18.11.2022;;;JOANA RONDON;0424-1814856;100095;FARFAR CAMACHO GLISNEIDY ISABE;0;;VED;17;Precio Base General;60
10002564;PLASTIENVASES BARINAS, C.A;NT00;Contado;Z015;Comercializadora;24;Manufactura;LOCAL 2 SECTOR CENTRO BARINASAV CRUZ PAREDES CRUCECON AVENIDAD RICAURTE LOCAL NRO N°2;0424-5839622;J500493576;ZBAR000005;BARINAS;ZVE006;Zona Llanos;130;GV ClReg. Proy. PET;Barinas;07.07.2022;;8000020188;17.12.2025;1600010232;26.01.2026;VICTOR J ALVAREZ C;0414-5384727;100095;FARFAR CAMACHO GLISNEIDY ISABE;0;;USD;17;Precio Base General;60
10002569;INDUSTRIA DE PAPEL ARAGUA, C.A;NT00;Contado;Z015;Comercializadora;24;Manufactura;ZONA INDUSTRIAL SAN VICENTE IICALLE A CRUCE CON CALLE G LOCAL GALPONESDEL CENTRO ZANDER NRO A,B,C,D,E;0414-1440594;J500316089;ZARA000004;MARACAY;ZVE003;Zona Centro;130;GV ClReg. Proy. PET;Aragua;26.07.2022;;8000017817;24.04.2025;1600009600;12.05.2025;YRMA RAMIREZ;0414-1440594;100095;FARFAR CAMACHO GLISNEIDY ISABE;0;;VED;17;Precio Base General;60
10002576;ECO DRINK, C.A.;NT00;Contado;Z005;Agua;17;Embotelladoras;PLAYA EL ANGELCALLE EL JURELCASA NRO 117 URB;02129619450;J502389768;ZNE0000006;PAMPATAR;ZVE002;Zona Oriente;130;GV ClReg. Proy. PET;Nueva Esparta;16.08.2022;;8000017177;31.01.2025;;;GABRIEL PARISI;0412-0599998;100095;FARFAR CAMACHO GLISNEIDY ISABE;0;;VED;17;Precio Base General;60
10002580;LACTEOS EL VALLE 2000 C,A;NT00;Contado;Z006;Alimentos;24;Manufactura;SECTOR CAMAGUANCALLE VIA CARRIZALERO CON CALLE LAPARAITA LOCAL SIN N° SECTOR CAMAGUAN;04125733690;J501284318;ZGUA000001;CAMAGUAN;ZVE006;Zona Llanos;130;GV ClReg. Proy. PET;Guarico;24.08.2022;;8000015716;11.07.2024;;;JOSE GREGORIO;04125733690;120003;HERNANDEZ HORACIO;0;;VED;17;Precio Base General;60
10002586;FRUTOS DE LA TIERRA CARIBE, C.A.;NT00;Contado;Z015;Comercializadora;24;Manufactura;CARMEN CARACASCALLE 7 DE SEPTIEMBRE CASANRO 22-02 SECTOR EL;0412-9252936;J410342234;ZDC0000001;CARACAS;ZVE004;Zona Metropolitana;130;GV ClReg. Proy. PET;Distrito Federal;14.09.2022;;8000012814;28.04.2023;;;MIGUEL H SAAVEDRA;;100095;FARFAR CAMACHO GLISNEIDY ISABE;0;;VED;17;Precio Base General;60
10002594;MUSA COSMETICOS, C.A.;NT00;Contado;Z016;Cosmetica;24;Manufactura;CONTRY CLUBAV SUR CC PASEO EL HATILLONIVEL 9 OF9-15  URB LA LAGUNITACARACAS;04143194750;J408405911;ZMIR000009;EL HATILLO;ZVE004;Zona Metropolitana;130;GV ClReg. Proy. PET;Miranda;28.09.2022;SI;8000011668;30.09.2022;1600004988;14.12.2022;ISABEL CECILIA RODRIGUEZ ROMERO;;100095;FARFAR CAMACHO GLISNEIDY ISABE;0;;VED;17;Precio Base General;60
10002636;LA CUMBRE 2019, C.A;NT00;Contado;Z006;Alimentos;24;Manufactura;TINAQUILLOAV PRINCIPAL LOCAL NRO 15-30SECTOR HILANDERÍAS;0414-4004954;J404711490;ZCOJ000003;TINAQUILLO;ZVE007;Zona Centro Occid.;130;GV ClReg. Proy. PET;Cojedes;09.11.2022;;8000011941;21.11.2022;;;LUIS GUILLERMO GRATEROL EHTER;;100095;FARFAR CAMACHO GLISNEIDY ISABE;0;;VED;17;Precio Base General;60
10002639;RUBEN ALEXANDER NAVAS GIL;NT00;Contado;Z021;Embotelladora;24;Manufactura; SECTOR 5 LA PICA ARAGUACALLE COROMOTO CASA NRO 28BARRIO LOS HORNOS,;0243-2457175;V119775570;ZARA000004;;ZVE003;Zona Centro;130;GV ClReg. Proy. PET;Aragua;11.11.2022;;8000016288;23.10.2024;;;;0424-3689616;100095;FARFAR CAMACHO GLISNEIDY ISABE;0;;VED;17;Precio Base General;60
10002640;METALES AVILA 2000, C.A.;NT00;Contado;Z006;Alimentos;24;Manufactura;LAS GARCITAS GUACARACTRA NACIONAL LOS GUAYOS-GUACARA LOCAL NRO S/N CONJUNTO RESIDENCIAL;0424-3191474;J310705763;ZCAR000007;;ZVE003;Zona Centro;130;GV ClReg. Proy. PET;Carabobo;11.11.2022;SI;8000011912;15.11.2022;1600004862;15.11.2022;DARIELYS;0424-4263749;0;;0;;VED;17;Precio Base General;60
10002653;ENVASES Y QUIMICOS;NT00;Contado;Z015;Comercializadora;24;Manufactura;BARQUISIMETO  LARACALLE 32 ENTRE CARRERAS 23 Y 24LOCAL NRO S/N SECTOR CENTRO;0414-357-5658;J409890660;ZLAR000003;;ZVE003;Zona Centro;130;GV ClReg. Proy. PET;Lara;29.11.2022;;8000018694;17.07.2025;1400002421;23.07.2025;;;120005;REYES SANCHEZ JORGE;0;;VED;17;Precio Base General;60
10002665;COMERCIALIZADORA N.S., C.A;NT00;Contado;Z053;Materia Prima;24;Manufactura;MARACAY ARAGUACALLE CAMPESINA LOCAL NRO 36ZONA IND. SAN VICENTE;0424-3310417;J308304611;ZARA000004;;ZVE003;Zona Centro;130;GV ClReg. Proy. PET;Aragua;17.01.2023;;8000015871;09.08.2024;;;;;120002;AMPOFRASCA OFICINA;0;;VED;17;Precio Base General;60
10002671;AGUILAR 2012 INVERSIONES, C.A;NT00;Contado;Z015;Comercializadora;24;Manufactura;MARACAY ARAGUACALLE ALTAGRACIA CASA NRO 54BARRIO 23 DE ENERO;0412-4382121;J400468949;ZARA000004; MARACAY;ZVE003;Zona Centro;130;GV ClReg. Proy. PET;Aragua;25.01.2023;;8000015814;26.07.2024;1400002328;23.06.2025;;;120002;AMPOFRASCA OFICINA;0;;VED;17;Precio Base General;60
10002672;REPRESENTACIONES MEDICAL PV, C.A.;NT00;Contado;Z035;Medicina Humana;24;Manufactura;LA ARBOLEDACALLE LOS SAUCES CASANRO 7 URB;0424-3299554;J502950796;ZARA000004;MARACAY;ZVE003;Zona Centro;130;GV ClReg. Proy. PET;Aragua;31.01.2023;;8000019920;20.11.2025;1600010114;24.11.2025;LARDY VELASCO;;120003;HERNANDEZ HORACIO;0;;VED;17;Precio Base General;60
10002673;CREACIONES STRAWBERRY SWEET;NT00;Contado;Z017;Cuidado Del Hogar;24;Manufactura;PISO LOCAL NRO 12 SECTORCALLE SABANA LARGA ENTRE BOYACAY AYACUCHO N° 104-49-10 SEGUNDO;0412-1587442;J500812361;ZARA000015;CAGUA;ZVE003;Zona Centro;130;GV ClReg. Proy. PET;Aragua;31.01.2023;;8000012339;02.02.2023;;;YOSILVIC ARREDONDO;;100095;FARFAR CAMACHO GLISNEIDY ISABE;0;;VED;17;Precio Base General;60
10002689;FOODS SOLUTIONS, C.A.;NT00;Contado;Z045;Soplado;24;Manufactura;LA HAMACAAV NORTE  SUR LOCAL GALPON NRO01 LOCAL PARCELA N° 24 ZONA INDUSTRIALMARACAY ARAGUA;0243-2697781;J501244790;ZARA000004;;ZVE003;Zona Centro;130;GV ClReg. Proy. PET;Aragua;17.02.2023;;8000012438;17.02.2023;;;;;100095;FARFAR CAMACHO GLISNEIDY ISABE;0;;VED;17;Precio Base General;60
10002693;TORTA INVERSIONES YAQUI C.A;NT00;Contado;Z006;Alimentos;24;Manufactura; LOCAL NRO 18 BARRIO SAN AGUSTINAV PRINCIPAL DE SAN AGUSTINCRUCE CON CALLEJON ¨A¨;0424-341 5015;J403450129;ZARA000004;;ZVE003;Zona Centro;130;GV ClReg. Proy. PET;Aragua;24.02.2023;SI;8000013241;06.07.2023;1600006239;31.07.2023;;0414-478 0222;120005;REYES SANCHEZ JORGE;0;;VED;17;Precio Base General;60
10002696;EMBOTELLADORA VISTA HERMOSA, C.A.;NT00;Contado;Z005;Agua;24;Manufactura;HOYO DE LA PUERTA CARACASCALLE LOS LAURELES LOCALEMBOTELLADORA VISTA  HERMOSA SECTORMIRANDA;0212-9930685;J297927867;ZDC0000001;;ZVE004;Zona Metropolitana;130;GV ClReg. Proy. PET;Distrito Federal;06.03.2023;SI;8000020082;10.12.2025;1600010149;03.12.2025;;;120003;HERNANDEZ HORACIO;0;;USD;17;Precio Base General;60
10002714;BEBIDAS FRUT VENEZUELA, C.A;NT00;Contado;Z006;Alimentos;24;Manufactura;BOCA DE SABANA,AL LADO DE LAAV ANDRES ELOY BLANCO,CARRETERA CUMANA -CUMANACOA LOCAL NRO S/N SECTOREMPRESA PACIFIC SEAFOOD C.A.;04125376232;J501817626;ZSUC000012;CUMANA;ZVE002;Zona Oriente;130;GV ClReg. Proy. PET;Sucre;17.03.2023;SI;8000014345;15.12.2023;1600008589;13.08.2024;DORAISA ORTEGA;;100095;FARFAR CAMACHO GLISNEIDY ISABE;0;;VED;17;Precio Base General;60
10002733;MITO BREWHOUSE, C.A.;NT00;Contado;Z015;Comercializadora;24;Manufactura;LOS ANDESAV LOS PROCERES LOCAL NRO 09ZONA INDUSTRIAL LOS ANDES;02742666972;J400577888;ZMER000012;MERIDA;ZVE008;Zona Andina;130;GV ClReg. Proy. PET;Merida;11.04.2023;SI;8000017896;30.04.2025;1600009535;30.04.2025;CARMEN ZENAIDA PUENTE ANGULO;;120003;HERNANDEZ HORACIO;0;;VED;17;Precio Base General;60
10002868;SUMINISTROS LUBRIYAR 2100, C.A;NT00;Contado;Z015;Comercializadora;24;Manufactura;MARACAY ARAGUACALLE 17 CASA NRO 411URB LOS SAMANES II;04145883117;J405033843;ZARA000004;MARACAY;ZVE003;Zona Centro;130;GV ClReg. Proy. PET;Aragua;19.06.2023;;;;;;YARELIS SIFONTES;;120003;HERNANDEZ HORACIO;0;;VED;17;Precio Base General;60
10002882;SOFT DRINKS COMPANY, C.A.;NT00;Contado;Z012;Carbonatadas;24;Manufactura;SANTA ROSALIAAV NORTE LOCAL GALPON NRO S/NLOCAL GALPON S/N ZONA INDUSTRIAL;0414-5443137;J503300809;ZARA000015;CAGUA;ZVE003;Zona Centro;130;GV ClReg. Proy. PET;Aragua;26.06.2023;SI;8000020796;20.02.2026;1600010286;20.02.2026; WU HE CHANG YI;;100095;FARFAR CAMACHO GLISNEIDY ISABE;0;;USD;17;Precio Base General;60
10002886;ALIMENTOS MONTAÑEZ, C.A.;NT00;Contado;Z006;Alimentos;24;Manufactura;SECTOR CARRETERA ACARIGUA-AGUACTRA TRONCAL 5 LOCAL CIUDADAGROINDUSTRIAL LOS TOUSHIN NRO 7 Y 48BLANCA ARARURE PORTUGUESA;;J407347284;ZPOR000008;PORTUGUESA;ZVE007;Zona Centro Occid.;130;GV ClReg. Proy. PET;Portuguesa;28.06.2023;;8000016997;14.01.2025;1600009267;14.01.2025;JUAN CARLOS MONTAÑEZ DE SA PEREIRA;;100095;FARFAR CAMACHO GLISNEIDY ISABE;0;;VED;17;Precio Base General;60
10002893;PLASTIC COMPANY 2021, C.A.;NT00;Contado;Z015;Comercializadora;24;Manufactura;CALIFORNIA NORTEAV LA HAYA QTA MAMAROSA NRO 2 URB LA;04140116370;J501823103;ZMIR000019;CARACAS (PETARE);ZVE004;Zona Metropolitana;130;GV ClReg. Proy. PET;Miranda;30.06.2023;;;;;;ALBERTO GALET;;120005;REYES SANCHEZ JORGE;0;;VED;17;Precio Base General;60
10002911;FARMAGRO, C.A.;NT00;Contado;Z015;Comercializadora;24;Manufactura;SAN JOAQUIN DE TUMERO,CALLE 2 CASA NRO 10 SECTOR EL TIERRAL,SAN JOAQUIN DE TUMERO, EDO ARAGUAEDO ARAGUA;0243-2186417;J314580116;ZARA000004;TURMERO;ZVE003;Zona Centro;130;GV ClReg. Proy. PET;Aragua;17.07.2023;;8000015911;20.08.2024;;;LUIS OSWALDO PALACIOS CARPIO;0414-03932129;120003;HERNANDEZ HORACIO;0;;VED;17;Precio Base General;60
10002915;GRUPO FIEL, S.A.;NT00;Contado;Z021;Embotelladora;24;Manufactura;SIN NOMBRE SABANA DE LA PLATACTRA LARA ZULIA LOCAL NRO S/NSECTOR LA PLATA VIEJA,CALLE;0412-1632606;J400185378;ZZUL000013;ZULIA;ZVE001;Zona Occidente;130;GV ClReg. Proy. PET;Zulia;17.07.2023;SI;8000013326;20.07.2023;1600006279;31.07.2023;ALFONZO PACIOCCO;;120003;HERNANDEZ HORACIO;0;;VED;17;Precio Base General;60
10002950;MULTISERVICIOS Y RECUPERADORA;NT00;Contado;Z015;Comercializadora;24;Manufactura;SANTA ROSAAV CONSTITUCION CASANRO 119 BARRIO;0416-0415949;J408174197;ZARA000004;MARACAY;ZVE003;Zona Centro;130;GV ClReg. Proy. PET;Aragua;17.08.2023;;8000015163;12.04.2024;1400002329;23.06.2025;JOSE MORILLO;;120002;AMPOFRASCA OFICINA;0;;VED;17;Precio Base General;60
10002991;EMBOTELLADORA ELITE, C.A.;NT00;Contado;Z005;Agua;24;Manufactura;CAMPO DOWELL ANACOAV JOSE ANTONIO ANZOATEGUILOCAL PATIO NRO 1 URB;02824241518;J413261219;ZANZ000001;ANZOATEGUI;ZVE002;Zona Oriente;130;GV ClReg. Proy. PET;Anzoategui;04.10.2023;SI;8000014092;07.11.2023;1600006906;15.11.2023;YAMIL ALBERTO SOUKI;04129412247;120003;HERNANDEZ HORACIO;0;;VED;17;Precio Base General;60
10002994;INVERSIONES LICORES VENEZUELA 2019,;NT00;Contado;Z034;Licores;24;Manufactura;FLOR AMARILLOAV BOLIVAR CC OASIS NIVELN/A LOCAL GALPON 40 SECTOR;04124088076;J412717405;ZCAR000014;VALENCIA;ZVE003;Zona Centro;130;GV ClReg. Proy. PET;Carabobo;04.10.2023;SI;8000020767;11.02.2026;1600009376;25.02.2025;YORFREED G GARCIA M;04143719491;100095;FARFAR CAMACHO GLISNEIDY ISABE;0;;VED;17;Precio Base General;60
10002997;ZULMIRA GRANOS Y CONDIMENTOS, C.A.;NT00;Contado;Z015;Comercializadora;24;Manufactura;PALO NEGROCALLE BOLIVAR LOCAL NRO 36SECTOR CENTRO PALO NEGRO;0412-8984485;J313335746;ZARA000008;ARAGUA;ZVE003;Zona Centro;130;GV ClReg. Proy. PET;Aragua;17.10.2023;;8000016162;30.09.2024;;;ZULMIRA FERNANDEZ DURAN;;120005;REYES SANCHEZ JORGE;0;;VED;17;Precio Base General;60
10002998;GRUPO DE SABORES VENEZOLANOS, C.A;NT00;Contado;Z015;Comercializadora;24;Manufactura;EMPRESARIAL INTERCOMUNALCALLE OESTE 1 CASA PARCELA NRO 07 LOCAL27 CONJUNTO RESIDENCIAL CENTROCENTER TURMERO;0414-0982193;J503710497;ZARA000004;ARAGUA;ZVE003;Zona Centro;130;GV ClReg. Proy. PET;Aragua;17.10.2023;;8000015935;26.08.2024;;;TIBISAY MICHEL CONTRERAS;;120003;HERNANDEZ HORACIO;0;;VED;17;Precio Base General;60
10003024;COMERCIALIZADORA GLOBAL ALIMENTOS;NT00;Contado;Z006;Alimentos;24;Manufactura;PISO 10 OF 10-11AV FRANCISCO DE MIRANDAEDIF PARQUE CRISTAL TORRE ESTEURB LOS PALOS GRANDE;0424-1271881;J400788650;ZCAR000008;CARACAS (CHACAO);ZVE004;Zona Metropolitana;130;GV ClReg. Proy. PET;Miranda;24.11.2023;SI;8000014236;28.11.2023;1600007003;30.11.2023;NORA E BUENAÑO R;;100095;FARFAR CAMACHO GLISNEIDY ISABE;0;;VED;17;Precio Base General;60
10003030;ANAYANSI, C.A.;NT00;Contado;Z015;Comercializadora;24;Manufactura;INDUSTRIAL TERRINCACALLE FINAL CALLE 4LOCAL GALPON NRO 03 URB;04243789538;J000599009;ZMIR000001;GUATIRE;ZVE004;Zona Metropolitana;130;GV ClReg. Proy. PET;Miranda;07.12.2023;SI;;;;;MAYER CHEREM;;120005;REYES SANCHEZ JORGE;0;;VED;17;Precio Base General;60
10003031;MUNDO FORTUNA,C.A;NT00;Contado;Z047;Supermercado;24;Manufactura;CR 14-A ENTRE AV. ORINOCO YLA CALLE 8 CASA NRO S/NSECTOR BRISAS DEL ORINOCO;0412-8668889;J502545336;ZMON000008;MATURIN;ZVE004;Zona Metropolitana;130;GV ClReg. Proy. PET;Monagas;07.12.2023;SI;;;;;HAYLIN FENG HE;0412-0873910;100057;ROCA A  TREICY C;100132;TORRES E ANTONIO DE J;VED;17;Precio Base General;60
10003039;DISTRIBUIDORA DUNCAN, C.A.;NT00;Contado;Z015;Comercializadora;;;MIRANDAAV MILAN EDIF NAGEBEN PISO 1OF UNICA URB LOS RUICES SUR CARACAS;0424-2899643;J001000470;ZCAR000008;;ZVE004;Zona Metropolitana;130;GV ClReg. Proy. PET;Miranda;15.12.2023;SI;8000014567;19.01.2024;1600007145;31.01.2024;;;130005;PROYECTOS PET OFICINA;0;;VED;17;Precio Base General;60
10003047;IRVIN RAUL RODRIGUEZ DELGADO;NT00;Contado;Z019;Distribuidores;24;Manufactura;DE CATIACALLE LA LINEA CASA NRO 32SECTOR FLORES;04241901660;V171592557;ZMIR000019;CARACAS DISTRITO CAPITAL;ZVE004;Zona Metropolitana;130;GV ClReg. Proy. PET;Distrito Federal;27.12.2023;;8000014448;06.01.2024;1600007034;28.12.2023;IRVIN RODRIGUEZ;;120005;REYES SANCHEZ JORGE;0;;VED;17;Precio Base General;60
10003048;FUNDADORA INTERCONTINENTAL;NT00;Contado;Z053;Materia Prima;24;Manufactura;GUERITO NIVEL P/B LOCAL GALPONAV ASENTAMIENTO CAMPESINOCACHIPO CC CONJUNTO PASEO COMERCIALL-8 SECTOR GUERITO 19 DE ABRIL ARAGUA;0412-9613671;J412606018;ZARA000004;;ZVE003;Zona Centro;130;GV ClReg. Proy. PET;Aragua;10.01.2024;;8000014780;17.02.2024;;;;;0;;0;;VED;17;Precio Base General;60
10003050;PRODUMERCA, C.A.;NT00;Contado;Z006;Alimentos;24;Manufactura;EL PLACER LOS RASTROJOSAV PRINCIPAL CASA NRO SN SECTOREL PLACER FRENTE A LA ESCUELA;0251-2683143;J502225269;ZLAR000003;;ZVE007;Zona Centro Occid.;130;GV ClReg. Proy. PET;Lara;19.01.2024;;8000014655;31.01.2024;;;;;100095;FARFAR CAMACHO GLISNEIDY ISABE;0;;VED;17;Precio Base General;60
10003052;GLENNIS YOLANIS PEREZ PEREZ;NT00;Contado;Z050;Transporte;24;Manufactura;MARACAY ARAGUACALLE 5 DE JULIO CASA GALPON NRO13 URB GUASIMAL;0412-6039502;V194179436;ZARA000004;;ZVE003;Zona Centro;130;GV ClReg. Proy. PET;Aragua;24.01.2024;SI;8000020779;13.02.2026;1400002909;18.02.2026;;;120002;AMPOFRASCA OFICINA;0;;VED;17;Precio Base General;60
10003067;PLASTITODO BOULEVARD, C.A.;NT00;Contado;Z015;Comercializadora;24;Manufactura;NO 49 LOCAL 1 SECTOR CENTROCALLE BOULEVARD PEREZ ALMARZAEDIF MEI PISO PB LOCAL;0243-2464365;J503855819;ZARA000004;MARACAY;ZVE003;Zona Centro;130;GV ClReg. Proy. PET;Aragua;04.03.2024;;8000018652;11.07.2025;1400002408;16.07.2025;ZHENG LIN XIAOQUING;04127372686;120005;REYES SANCHEZ JORGE;0;;VED;17;Precio Base General;60
10003083;INDUSTRIA ECONOMICA, C.A;NT00;Contado;Z001;Aceites;24;Manufactura;EL MAGUEYCTRA LOS MONTONES-NARICUALLOCAL NRO 03-45 SECTOR;0424-8969216;J501148007;ZANZ000019;BARCELONA;ZVE002;Zona Oriente;130;GV ClReg. Proy. PET;Anzoategui;17.04.2024;;8000020207;18.12.2025;1600010197;29.12.2025;SUSANA LAM CASTAÑUELA;;100095;FARFAR CAMACHO GLISNEIDY ISABE;0;;USD;17;Precio Base General;60
10003089;GRUPO MONPER 2019, C.A.;NT00;Contado;Z017;Cuidado Del Hogar;24;Manufactura;TOUSHIN NRO 5 SECTOR MIRAFLORESCTRA TRONCAL 5, VIA ACARIGUAAGUA BLANCA LOCAL CIUDAD AGROINDUSTRIAL;0412-4406656;J412416499;ZPOR000008;ARAURE;ZVE007;Zona Centro Occid.;130;GV ClReg. Proy. PET;Portuguesa;22.04.2024;;8000017738;28.03.2025;1400002288;26.07.2024;JOSE GREGORIO PIÑA CAMACARO;;100095;FARFAR CAMACHO GLISNEIDY ISABE;0;;VED;17;Precio Base General;60
10003114;DISTRIBUIDORA SANTANDER MCAY22,C.A;NT00;Contado;Z017;Cuidado Del Hogar;24;Manufactura;SOROCAIMA 1CALLE MARIA CASTRO CASANRO 42 URB;04123944619;J503655984;ZARA000013;TURMERO;ZVE003;Zona Centro;130;GV ClReg. Proy. PET;Aragua;15.05.2024;;8000017479;26.02.2025;;;GENDERSON SANTAMARIA;;120005;REYES SANCHEZ JORGE;0;;VED;17;Precio Base General;60
10003117;PRODUCTOS LAVALIN, TITAN, C.A.;NT00;Contado;Z017;Cuidado Del Hogar;24;Manufactura;LA CHAPA, PORTON NEGRO, CASETAAV PRINCIPAL SOCO CON CALLE SUCRELOCAL NRO S/N ZONA INDUSTRIADE VIGILANCIA;0244-3221548;J503160578;ZARA000006;LA VICTORIA;ZVE003;Zona Centro;130;GV ClReg. Proy. PET;Aragua;22.05.2024;;8000015389;22.05.2024;;;LUZ MARY TOVAR;;100095;FARFAR CAMACHO GLISNEIDY ISABE;0;;VED;17;Precio Base General;60
10003125;COMPLETE ENVIRONMENTAL SOLUCTIONS,;NT00;Contado;Z053;Materia Prima;24;Manufactura;SECTOR GUADALAJARA , VILLA DELCTRA NACIONAL MAHIQUES - PERIJAKM104 LOCAL GRANJA ¨KIKIRIKI¨ NRO S/NROSARIO VILLA DEL ROSARIO - LA MATICAZULIA;0424-6507063;J310468893;ZZUL000011;;ZVE001;Zona Occidente;130;GV ClReg. Proy. PET;Zulia;30.05.2024;SI;;;;;;;0;;0;;VED;17;Precio Base General;60
10003160;INDUSTRIAS DE LA HUERTA, C.A;NT00;Contado;Z005;Agua;24;Manufactura;SANTA RITACALLE CARABOBO CASA NRO S/N SECTOR PELE EL OJO;04165608167;J405931345;ZZUL000013;ZULIA;ZVE001;Zona Occidente;130;GV ClReg. Proy. PET;Zulia;20.06.2024;;8000015791;23.07.2024;;;JEFFERSON HUERTA;;100095;FARFAR CAMACHO GLISNEIDY ISABE;0;;VED;17;Precio Base General;60
10003283;COMERCIALIZADORA VARAGON, C.A.;NT00;Contado;Z017;Cuidado Del Hogar;24;Manufactura;MARACAY ARAGUACALLE NUEVA LOCAL NRO 45SECTOR SANTA ROSA;0412-3460151;J298433426;ZARA000004;ARAGUA;VE0005;Zona Centro;130;GV ClReg. Proy. PET;Aragua;25.09.2024;SI;8000016743;11.12.2024;1400002593;18.09.2025;FLOR MARIA BLANCO;;100095;FARFAR CAMACHO GLISNEIDY ISABE;0;;VED;17;Precio Base General;60
10003370;PROQUIMICOS DE OCCIDENTE C.A;NT00;Contado;Z015;Comercializadora;24;Manufactura;CIUDADAV INTERCOMUNAL LOCAL NRO 0007491001BARRIO NUEVO;0412-5315242;J407641638;ZZUL000010;OJEDA;ZVE001;Zona Occidente;130;GV ClReg. Proy. PET;Zulia;26.11.2024;SI;8000020544;22.01.2026;1600010235;27.01.2026;NAIRELIS GUZMAN;;100095;FARFAR CAMACHO GLISNEIDY ISABE;0;;USD;17;Precio Base General;60
10003396;CONSORCIO LICORERO DEL;NT00;Contado;Z034;Licores;24;Manufactura;SECTOR CENTRO,CALLE COLOMBIACASA NRO 120SAN MATEO;0412-3678442;J501567778;ZARA000001;SAN MATEO;ZVE003;Zona Centro;130;GV ClReg. Proy. PET;Aragua;22.01.2025;;8000017180;31.01.2025;;;ALEXIS ARAQUE;;100095;FARFAR CAMACHO GLISNEIDY ISABE;0;;VED;17;Precio Base General;60
10003430;CORPORACION ZAM ZAM VENEZUELA, C.A.;NT00;Contado;Z021;Embotelladora;24;Manufactura;CALLE MANZANA E EDIF GALPONZAM ZAM VENEZUELA PISO PB LOCAL UNICOURB URBANIZACIÓN INDUSTRIAL MARIZAPA;0234 6622728;J315012413;ZMIR000001;CAUCAGUA;ZVE003;Zona Centro;130;GV ClReg. Proy. PET;Miranda;19.02.2025;;8000020581;28.01.2026;1600010267;30.01.2026;ROSALBA DALLAMY;02346622828;120003;HERNANDEZ HORACIO;0;;VED;17;Precio Base General;60
10003440;VARAGON COMERCIALIZADORA,C.A;NT00;Contado;Z039;Productos De Limpiez;24;Manufactura;CALLE CALLE NUEVA LOCAL NRO 41SECTOR SANTA ROSA;0412-3460151;J506375842;ZARA000004;MARACAY;ZVE003;Zona Centro;130;GV ClReg. Proy. PET;Aragua;21.02.2025;;8000019348;17.09.2025;;;FLOR BLANCO;;100095;FARFAR CAMACHO GLISNEIDY ISABE;0;;VED;17;Precio Base General;60
10003442; DISTRIBUIDORA DE ALIMENTOS REY DE;NT00;Contado;Z011;Bebidas;24;Manufactura;AV CONSTITUCION CON BERMUDEZLOCAL NRO 49 SECTOR CENTRO;0412-5338801;J412892983;ZARA000004;MARACAY;ZVE003;Zona Centro;130;GV ClReg. Proy. PET;Aragua;24.02.2025;;8000017627;21.03.2025;;;MIGUEL REYES;;100095;FARFAR CAMACHO GLISNEIDY ISABE;0;;VED;17;Precio Base General;60
10003459;INDUSTRIA VENEZOLANA DE BEBIDAS;NT00;Contado;Z011;Bebidas;24;Manufactura;AV CIRCUNVALACION 3 Y LA CALLE148 LOCAL NRO 66-75 ZONA INDUSTRIAL,II ETAPA SUR AMERICA ZULIA;0412-7555591;J504205451;ZZUL000013;;ZVE001;Zona Occidente;130;GV ClReg. Proy. PET;Zulia;18.03.2025;SI;8000020549;22.01.2026;1600010242;29.01.2026;MARIA CHIRINOS;;120003;HERNANDEZ HORACIO;0;;VED;17;Precio Base General;60
10003460;MANJAR DE FLORES C.A.;NT00;Contado;Z006;Alimentos;24;Manufactura;CALLE SANTA ELENA CASA LOSTARROS NRO /N URB LA TRINIDAD;04143774915;J402013019;ZMIR000003;CARACAS;ZVE004;Zona Metropolitana;130;GV ClReg. Proy. PET;Miranda;18.03.2025;SI;8000019406;22.09.2025;1400002621;30.09.2025;Andres Cabrera;;120003;HERNANDEZ HORACIO;0;;VED;17;Precio Base General;60
10003461;JAIME FRANCISCO HUAMANCIZA TAPIA;NT00;Contado;Z015;Comercializadora;24;Manufactura;CALLE CASCABEL /CLLS ARGENTINAY STA ELENA CASA NRO S/N LOC URB CASCABEINDEPENDENCIA YARACUY INDEPENDENCIA;;V149552444;ZYAR000011;SAN FELIPE;ZVE007;Zona Centro Occid.;130;GV ClReg. Proy. PET;Yaracuy;18.03.2025;SI;;;;;;;120003;HERNANDEZ HORACIO;0;;VED;17;Precio Base General;60
10003491;IDEALES GOURMET C,A;NT00;Contado;Z006;Alimentos;24;Manufactura;CALLE ROMULO GALLEGOS CASA NRO04 SECTOR SAN JOSE SANTA ANA DE CORO;0414-6059232;J505316419;ZFAL000006;CORO;ZVE002;Zona Oriente;130;GV ClReg. Proy. PET;Falcon;08.04.2025;SI;;;;;ADRIANA DE MEDINA;;120003;HERNANDEZ HORACIO;0;;VED;17;Precio Base General;60
10003552;GRUPO AW ORIENTAL, C.A;NT00;Contado;Z012;Carbonatadas;17;Embotelladoras;CALLE NORTE 3 CASA PARCELA NRO32 SECTOR LOS POTOCOS;;J504097268;ZANZ000019;BARCELONA;ZVE002;Zona Oriente;130;GV ClReg. Proy. PET;Anzoategui;19.05.2025;SI;8000018561;04.07.2025;1400002471;07.08.2025;ANTONELLA DOS SANTOS;;130005;PROYECTOS PET OFICINA;0;;USD;17;Precio Base General;60
10003592;DISAVICAR, C.A.;NT00;Contado;Z034;Licores;17;Embotelladoras; CALLE OESTE II PROLONGACIONAV ARAGUA LOCAL GALPON 6 SECTORASENTAMIENTO CAMPESINO LA MORITA I;;J405450576;ZARA000013;TURMERO;ZVE007;Zona Centro Occid.;130;GV ClReg. Proy. PET;Aragua;30.06.2025;SI;8000020427;14.01.2026;1400002832;22.01.2026;YIMMY RUIZ;;100095;FARFAR CAMACHO GLISNEIDY ISABE;0;;USD;17;Precio Base General;60
10003593;ITC MANUFACTURA C.A;NT00;Contado;Z006;Alimentos;24;Manufactura;CALLE PRINCIPAL COMUNIDADSABANETA LOCAL GALPON NRO S/N CASERIOTAPA DE PIEDRA, SECTOR SABANETA;0255-6651738;J503452463;ZCAR000014;ARARURE;ZVE007;Zona Centro Occid.;130;GV ClReg. Proy. PET;Portuguesa;03.07.2025;;;;1600009924;09.09.2025;FRACISMAR COLMENARES;0416-4532153;120003;HERNANDEZ HORACIO;0;;USD;17;Precio Base General;60
10003618;CORPORACION INLACA, C.A.;NT00;Contado;Z034;Licores;24;Manufactura;AV MANUEL IRIBARREN BORGES C/C AV.TRANSVERSAL 1 EDIF INLACA PISO PB OF N/AZONA INDUSTRIAL SUR II;0414-4246237;J306490329;ZCAR000014;VALENCIA;VE0005;Zona Centro;130;GV ClReg. Proy. PET;Carabobo;31.07.2025;SI;8000019694;27.10.2025;1400002589;17.09.2025;Robert Pargas;;100095;FARFAR CAMACHO GLISNEIDY ISABE;0;;USD;17;Precio Base General;60
10003620;RAFAEL LISANDRO MATERANO;NT00;Contado;Z015;Comercializadora;16;Distribuidores Trad.;CALLE 13 CASA NRO 274-C URB BASE SUCRE;0243-2007200;V103162773;ZARA000004;MARACAY;ZVE007;Zona Centro Occid.;130;GV ClReg. Proy. PET;Aragua;04.08.2025;;8000019926;21.11.2025;1400002737;24.11.2025;RAFAEL MONTERANO;0412-2424945;120003;HERNANDEZ HORACIO;0;;VED;17;Precio Base General;60
10003630;GLOBAL IMPORT PLAST, C.A.;NT00;Contado;Z006;Alimentos;24;Manufactura;AV ANTON PHILLIPS LOCAL NRO PARCELA16 ZONA INDUSTRIAL SAN VICENTE I;0412-3857007;J506712180;ZARA000004;MARACAY;ZVE003;Zona Centro;130;GV ClReg. Proy. PET;Aragua;15.08.2025;;8000020774;12.02.2026;1400002898;12.02.2026;JHOGERSON MIQUILENA;;100095;FARFAR CAMACHO GLISNEIDY ISABE;0;;USD;17;Precio Base General;60
10003645;AGROPECUARIA DON MATTHIAS, C.A;NT00;Contado;Z005;Agua;24;Manufactura;"CALLE PRINCIPAL CASA PREDIO SANTA INES ISECTOR LOS MARINES ASENTAMIENTOCAMPESINO ""TIERRA BUENA""";0424-5387657;J408636980;ZPOR000004;GUANARE;ZVE002;Zona Oriente;130;GV ClReg. Proy. PET;Portuguesa;28.08.2025;SI;;;;;EDWARD SANTELIZ;;120003;HERNANDEZ HORACIO;0;;VED;17;Precio Base General;60
10003651;EMBOTELLADORA DEL CENTRO C.A;NT00;Contado;Z021;Embotelladora;17;Embotelladoras;AV PRINCIPAL DE LA COOPERATIVACALLEJON EL MILAGRO LOCAL NRO 04 SECTORLA COOPERATIVA;0424-3301914;J293591112;ZARA000004;MARACAY;ZVE003;Zona Centro;130;GV ClReg. Proy. PET;Aragua;10.09.2025;;8000019313;16.09.2025;1600009997;09.10.2025;HENRRY MUJICA;;120003;HERNANDEZ HORACIO;0;;VED;17;Precio Base General;60
10003684;LUIS FABIAN SANCHEZ CALDERON;NT00;Contado;Z006;Alimentos;24;Manufactura;AV 3 ENTRE CALLES 13 Y 14 CASA NRO13-47 SECTOR FRENTE A LA PLAZA SUCRE;0412-0624395;V232123865;ZMER000012;MERIDA;ZVE008;Zona Andina;130;GV ClReg. Proy. PET;Merida;28.10.2025;SI;8000019702;29.10.2025;1600010069;05.11.2025;OSCAR MORILLO;;100095;FARFAR CAMACHO GLISNEIDY ISABE;0;;USD;17;Precio Base General;60
10003687;INVERSIONES PICK & LOU C.A.;NT00;Contado;Z006;Alimentos;24;Manufactura;CTRA VALENCIA, CAMPO CARABOBO MNZA-26LOCAL N°1 PARACELA 10 URB PARQ AGRINCOSECTOR LA YAGUARA;0241-9213097;J309868225;ZCAR000006;TOCUYITO;ZVE003;Zona Centro;130;GV ClReg. Proy. PET;Carabobo;04.11.2025;;8000019749;05.11.2025;1600010078;07.11.2025;BELINADA VALENZUELA;0412-4871823;120003;HERNANDEZ HORACIO;0;;VED;17;Precio Base General;60
10003750;CORPORACION BARBARITO 0504, C.A;NT00;Contado;Z015;Comercializadora;24;Manufactura;CALLE MARIÑO LOCAL NRO 21 SECTORBARRIO JOSE ANTONIO PAEZ II;0424-3035651;J507541096;ZARA000003;SANTA RITA;ZVE003;Zona Centro;130;GV ClReg. Proy. PET;Aragua;13.02.2026;SI;;;;;CAROLINA MORALES;;120003;HERNANDEZ HORACIO;0;;VED;17;Precio Base General;60
10003756;C.A. CERVECERIA REGIONAL;NT00;Contado;Z005;Agua;24;Manufactura;AV 17 (LOS HATICOS) N° 112-13MARACAIBO ESTADO ZULIA  LOCAL NRO;0212-9096412;J070003448;ZZUL000013;MARACAIBO;ZVE003;Zona Centro;130;GV ClReg. Proy. PET;Zulia;19.02.2026;SI;;;;;HECTOR ZAMBRANO;;120003;HERNANDEZ HORACIO;0;;USD;17;Precio Base General;60
41000000;PHARSANA DE VENEZUELA, C. A.;NT00;Contado;Z032;Intercompañia;22;Intercompañias;AV FLOR AMARILLO EDIF CHICCO PISOLOCAL I-67 URB INDUSTRIAL EL RECREO;0241-8783502;J000886440;ZARA000001;VALENCIA;ZVE003;Zona Centro;130;GV ClReg. Proy. PET;Carabobo;01.12.2015;;8000015193;17.04.2024;1600009986;02.10.2025;;0241-8783586;100095;FARFAR CAMACHO GLISNEIDY ISABE;0;;VED;14;Intercompañías;40
41000001;SANIFARMA PAÑALEX, C.A.;NT00;Contado;Z032;Intercompañia;22;Intercompañias;CALLE G LOCAL NRO A-03 URB SANVICENTE II;0243-2007302;J002185449;ZARA000004;MARACAY;ZVE003;Zona Centro;130;GV ClReg. Proy. PET;Aragua;01.12.2015;;8000004285;27.04.2018;;;;;0;;0;;VED;14;Intercompañías;40
41000002;AMPOLLAS Y FRASCOS VENEZOLANOS, C.A;NT00;Contado;Z032;Intercompañia;22;Intercompañias;CALLE G GALPON NRO 3, ZONAINDUSTRIAL SAN VICENTE II;0243-2007272;J075254864;ZARA000004;MARACAY;ZVE003;Zona Centro;130;GV ClReg. Proy. PET;Aragua;01.12.2015;;8000020716;09.02.2026;1600010133;28.11.2025;;;100033;OFICINA VENDEDOR;0;;VED;14;Intercompañías;40
41000003;PROYECTOS PET, C.A.;NT00;Contado;Z032;Intercompañia;22;Intercompañias;CALLE G PARCELA B Nro. 2-3ZONA INDUSTRIAL SAN VICENTE II.;0243-2007272;J075265092;ZARA000004;MARACAY;ZVE003;Zona Centro;130;GV ClReg. Proy. PET;Aragua;01.12.2015;;8000020758;11.02.2026;1600009752;30.06.2025;;0241-2007256;120002;AMPOFRASCA OFICINA;0;;VED;14;Intercompañías;40
41000004;S.A. NACIONAL FARMACEUTICA (SANFAR);NT00;Contado;Z068;Cadena Nacional;22;Intercompañias;CALLE 3A DE LA ZONA 4 EDIF TORREDEL ESTE PISO PB OF PB MEZZ,TERRAZA,2,45 Y 6 URB LA URBINA SUR;0212-6006260;J000263493;ZMIR000019;CARACAS (PETARE);ZVE003;Zona Centro;130;GV ClReg. Proy. PET;Miranda;29.12.2015;;;;;;YENNI FALCON;0212-6006366;100033;OFICINA VENDEDOR;100041;GARCIA M  VICTOR J;VED;14;Intercompañías;40
41000005;FARVENCA CA;NT07;Crédito 07 Días;Z072;Distribuidores Trad.;22;Intercompañias;CALLE 3-A DE LA ZONA 4 EDIF.TORREDEL ESTE PISO PB-2,4,5 OF TODASURB LA URBINA SUR CARACAS (PETARE);0212-2413345;J312031409;ZMIR000019;CARACAS;ZVE003;Zona Centro;130;GV ClReg. Proy. PET;Miranda;29.12.2015;;;;1600000041;31.12.2015;LEONARDO SERRANO;0412-2219916;100017;GARCIA F  SAMANTHA G;100041;GARCIA M  VICTOR J;VED;14;Intercompañías;40
41000012;INVERSIONES DILIUS, C.A.;NT00;Contado;Z032;Intercompañia;22;Intercompañias;AV. FRANCISCO DE MIRANDA PARQUE;;J003078158;ZMIR000063;CRISTAL, CARACAS EDO. MIRANDA;ZVE004;Zona Metropolitana;130;GV ClReg. Proy. PET;Miranda;07.01.2016;;;;;;;;0;;0;;VED;14;Intercompañías;40
