Soc.;Proveedor;Nombre;Asignacion;Referencia;Clase Doc;Denominación;Nº doc.;Fecha doc.;Cond. Pago;Desc. Pago;D. Venc.;Fecha Venc;Mon.;Imp Mon Lo;Por Vencer;1 -- 30;31 -- 60;61 -- 90;91 -- 9999;Importe;Importe. M;Gr.tes.;Denominación;Ramo;Descr.Ramo;Ref.fact.;Txt.cabec.;Importe Moneda Fuerte;Moneda;Importe MF Fecha Doc
1000;10000000;ABBA CHEM SUPPLY, C.A.;;FACT 78559;SA;Documento cta.mayor;0100257614;07.10.2024;NT30;Crédito 30 Días;  474;06.11.2024;VED;-95,2400;0,0000;0,0000;0,0000;0,0000;-95,2400;0,0000;-3527,24;A15;K-Materia Prima Nacional;Z053;Materia Prima;;DF ACT 78559;-97,76;USD;-95,24
1000;10000003;ARPOPLAST, C.A.;;DF FT 25086;SA;Documento cta.mayor;0100250251;26.07.2024;NT15;Crédito 15 Días;  562;10.08.2024;VED;-131,9200;0,0000;0,0000;0,0000;0,0000;-131,9200;0,0000;-4825,73;A16;K-Material de Empaque;Z055;Material De Empaque;;;-144,13;USD;-131,92
1000;10000003;ARPOPLAST, C.A.;;DF FT 25111;SA;Documento cta.mayor;0100252211;12.08.2024;NT15;Crédito 15 Días;  545;27.08.2024;VED;-213,1800;0,0000;0,0000;0,0000;0,0000;-213,1800;0,0000;-7816,40;A16;K-Material de Empaque;Z055;Material De Empaque;; FT 25111;-215,02;USD;-213,18
1000;10000003;ARPOPLAST, C.A.;;;SA;Documento cta.mayor;0100256300;23.09.2024;;;0;23.09.2024;VED;63,7900;63,7900;0,0000;0,0000;0,0000;0,0000;0,0000;2348,93;A16;K-Material de Empaque;Z055;Material De Empaque;;;65,31;USD;63,79
1000;10000003;ARPOPLAST, C.A.;;;SA;Documento cta.mayor;0100260734;06.11.2024;;;0;06.11.2024;VED;2,983,6800;2983,6800;0,0000;0,0000;0,0000;0,0000;0,0000;129663,78;A16;K-Material de Empaque;Z055;Material De Empaque;;;4010,25;USD;2983,68
1000;10000003;ARPOPLAST, C.A.;00025170;00025170;RE;Factura bruto;5100024244;08.11.2024;NT15;Crédito 15 Días;  457;23.11.2024;VED;-35,9000;0,0000;0,0000;0,0000;0,0000;-35,9000;0,0000;-1586,29;A16;K-Material de Empaque;Z055;Material De Empaque;;00-00009327;-35,45;USD;-35,90
1000;10000006;COMPAÑIA ANONIMA NACIO;PAGO CANTV;PAGO CANTV;KZ;Pago acreedor;1500012245;04.10.2024;;;0;04.10.2024;VED;74,6200;74,6200;0,0000;0,0000;0,0000;0,0000;0,0000;2759,87;A38;K-Telecomunicaciones;Z044;Serv. Públicos;;PAGO CANTV;74,51;USD;74,62
1000;10000008;CAVEINCA;083701;083701;KR;Factura acreedor;1900019780;30.10.2024;NT00;Contado;  481;30.10.2024;VED;-307,8700;0,0000;0,0000;0,0000;0,0000;-307,8700;0,0000;-13000,00;A43;K-Cuotas y Suscripciones;Z010;Asociaciones;;00-003789;-294,21;USD;-307,87
1000;10000021;EURO FEED DE VENEZUELA;;;SA;Documento cta.mayor;0100261368;19.09.2024;NT30;Crédito 30 Días;  492;19.10.2024;VED;-91,8000;0,0000;0,0000;0,0000;0,0000;-91,8000;0,0000;-3376,30;A27;K-Repuestos;Z056;Ser. Y Mantenimiento;;;-91,80;USD;-91,80
1000;10000021;EURO FEED DE VENEZUELA;OC 5500010871;;ZT;Cart.Transf.Proveed.;0700021574;19.09.2024;;;0;19.09.2024;VED;2,973,3000;2973,3000;0,0000;0,0000;0,0000;0,0000;0,0000;109354,70;A27;K-Repuestos;Z056;Ser. Y Mantenimiento;;20240919-SF478;2973,30;USD;2973,30
1000;10000021;EURO FEED DE VENEZUELA;OC 5500010650;;ZT;Cart.Transf.Proveed.;0700022065;14.11.2024;;;0;14.11.2024;VED;3,758,7000;3758,7000;0,0000;0,0000;0,0000;0,0000;0,0000;169340,71;A27;K-Repuestos;Z056;Ser. Y Mantenimiento;;20241114-SF650;3758,70;USD;3758,70
1000;10000023;FABRICA DE PLASTICOS C;00014405;00014405;RE;Factura bruto;5100024063;22.10.2024;NT30;Crédito 30 Días;  459;21.11.2024;VED;-3,931,7400;0,0000;0,0000;0,0000;0,0000;-3931,7400;0,0000;-154050,52;A15;K-Materia Prima Nacional;Z053;Materia Prima;;00-010570;-3768,33;USD;-3931,74
1000;10000023;FABRICA DE PLASTICOS C;00014413;00014413;RE;Factura bruto;5100024064;23.10.2024;NT30;Crédito 30 Días;  458;22.11.2024;VED;-1,487,5100;0,0000;0,0000;0,0000;0,0000;-1487,5100;0,0000;-58493,49;A15;K-Materia Prima Nacional;Z053;Materia Prima;;00-010578;-1430,84;USD;-1487,51
1000;10000023;FABRICA DE PLASTICOS C;00014425;00014425;RE;Factura bruto;5100024096;27.10.2024;NT30;Crédito 30 Días;  454;26.11.2024;VED;-3,936,8900;0,0000;0,0000;0,0000;0,0000;-3936,8900;0,0000;-160941,31;A15;K-Materia Prima Nacional;Z053;Materia Prima;;00-010590;-3856,16;USD;-3936,89
1000;10000023;FABRICA DE PLASTICOS C;00014448;00014448;RE;Factura bruto;5100024239;07.11.2024;NT30;Crédito 30 Días;  443;07.12.2024;VED;-6,310,7600;0,0000;0,0000;0,0000;0,0000;-6310,7600;0,0000;-276298,90;A15;K-Materia Prima Nacional;Z053;Materia Prima;;00-010618;-6253,07;USD;-6310,76
1000;10000023;FABRICA DE PLASTICOS C;00014464;00014464;RE;Factura bruto;5100024354;15.11.2024;NT30;Crédito 30 Días;  435;15.12.2024;VED;-1,873,1700;0,0000;0,0000;0,0000;0,0000;-1873,1700;0,0000;-85242,21;A15;K-Materia Prima Nacional;Z053;Materia Prima;;00-010636;-1840,00;USD;-1873,17
1000;10000023;FABRICA DE PLASTICOS C;00014469;00014469;RE;Factura bruto;5100024356;20.11.2024;NT30;Crédito 30 Días;  430;20.12.2024;VED;-6,635,4100;0,0000;0,0000;0,0000;0,0000;-6635,4100;0,0000;-304173,79;A15;K-Materia Prima Nacional;Z053;Materia Prima;;00-010641;-6565,76;USD;-6635,41
1000;10000028;HOTEL PIPO INTERNACION;480216;480216;KR;Factura acreedor;1900019849;20.11.2024;NT15;Crédito 15 Días;  445;05.12.2024;VED;-70,2700;0,0000;0,0000;0,0000;0,0000;-70,2700;0,0000;-3221,05;A37;K-Gastos de Viaje;Z028;Hoteles;;00-0398969;-69,93;USD;-70,27
1000;10000039;MACHINERY CARE INTERNA;;;SA;Documento cta.mayor;0100255431;17.09.2024;NT00;Contado;  524;17.09.2024;VED;-80,6000;0,0000;0,0000;0,0000;0,0000;-80,6000;0,0000;-2964,07;A27;K-Repuestos;Z056;Ser. Y Mantenimiento;;;-80,60;USD;-80,60
1000;10000039;MACHINERY CARE INTERNA;006824;006824;RE;Factura bruto;5100022338;08.04.2024;NT00;Contado;  686;08.04.2024;VED;-2,871,0000;0,0000;0,0000;0,0000;0,0000;-2871,0000;0,0000;-104008,87;A27;K-Repuestos;Z056;Ser. Y Mantenimiento;;00-006825;-2863,17;USD;-2871,00
1000;10000039;MACHINERY CARE INTERNA;006840;006840;RE;Factura bruto;5100022422;24.04.2024;NT00;Contado;  670;24.04.2024;VED;-898,9000;0,0000;0,0000;0,0000;0,0000;-898,9000;0,0000;-32708,90;A27;K-Repuestos;Z056;Ser. Y Mantenimiento;;00-006841;-898,03;USD;-898,90
1000;10000039;MACHINERY CARE INTERNA;006839;006839;RE;Factura bruto;5100022423;24.04.2024;NT00;Contado;  670;24.04.2024;VED;-2,871,0000;0,0000;0,0000;0,0000;0,0000;-2871,0000;0,0000;-104469,08;A27;K-Repuestos;Z056;Ser. Y Mantenimiento;;00-006840;-2868,21;USD;-2871,00
1000;10000039;MACHINERY CARE INTERNA;006822;006822;RE;Factura bruto;5100022651;08.04.2024;NT00;Contado;  686;08.04.2024;VED;-960,4000;0,0000;0,0000;0,0000;0,0000;-960,4000;0,0000;-34792,80;A27;K-Repuestos;Z056;Ser. Y Mantenimiento;;00-006823;-952,89;USD;-960,40
1000;10000039;MACHINERY CARE INTERNA;006820;006820;RE;Factura bruto;5100022811;08.04.2024;NT00;Contado;  686;08.04.2024;VED;-970,2000;0,0000;0,0000;0,0000;0,0000;-970,2000;0,0000;-35147,83;A27;K-Repuestos;Z056;Ser. Y Mantenimiento;;00-006821;-965,13;USD;-970,20
1000;10000039;MACHINERY CARE INTERNA;006821;006821;RE;Factura bruto;5100022812;08.04.2024;NT00;Contado;  686;08.04.2024;VED;-970,2000;0,0000;0,0000;0,0000;0,0000;-970,2000;0,0000;-35147,83;A27;K-Repuestos;Z056;Ser. Y Mantenimiento;;00-006822;-965,13;USD;-970,20
1000;10000039;MACHINERY CARE INTERNA;006927;006927;RE;Factura bruto;5100022923;26.06.2024;NT00;Contado;  607;26.06.2024;VED;-2,871,0000;0,0000;0,0000;0,0000;0,0000;-2871,0000;0,0000;-104405,35;A27;K-Repuestos;Z056;Ser. Y Mantenimiento;;00-006929;-2869,68;USD;-2871,00
1000;10000039;MACHINERY CARE INTERNA;006928;006926;RE;Factura bruto;5100022924;26.06.2024;NT00;Contado;  607;26.06.2024;VED;-2,871,0000;0,0000;0,0000;0,0000;0,0000;-2871,0000;0,0000;-104405,35;A27;K-Repuestos;Z056;Ser. Y Mantenimiento;;00-006928;-2869,68;USD;-2871,00
1000;10000042;MINIGRIP DE VENEZUELA,;;;SA;Documento cta.mayor;0100260690;30.10.2024;NT30;Crédito 30 Días;  451;29.11.2024;VED;-180,1200;0,0000;0,0000;0,0000;0,0000;-180,1200;0,0000;-7605,52;A16;K-Material de Empaque;Z055;Material De Empaque;;;-80,03;USD;-180,12
1000;10000043;MOORE DE VENEZUELA, S.;747846;747846;RE;Factura bruto;5100024025;21.10.2024;NT15;Crédito 15 Días;  475;05.11.2024;VED;-428,4000;0,0000;0,0000;0,0000;0,0000;-428,4000;0,0000;-16780,38;A31;K-Suministros;Z046;Suministros;;00-0341117;-410,48;USD;-428,40
1000;10000043;MOORE DE VENEZUELA, S.;747845;747845;RE;Factura bruto;5100024026;21.10.2024;NT15;Crédito 15 Días;  475;05.11.2024;VED;-196,3500;0,0000;0,0000;0,0000;0,0000;-196,3500;0,0000;-7691,02;A31;K-Suministros;Z046;Suministros;;00-0341116;-188,14;USD;-196,35
1000;10000043;MOORE DE VENEZUELA, S.;747853;747853;RE;Factura bruto;5100024027;22.10.2024;NT15;Crédito 15 Días;  474;06.11.2024;VED;-207,0600;0,0000;0,0000;0,0000;0,0000;-207,0600;0,0000;-8112,87;A31;K-Suministros;Z046;Suministros;;00-0341125;-198,45;USD;-207,06
1000;10000043;MOORE DE VENEZUELA, S.;747824;747824;RE;Factura bruto;5100024028;21.10.2024;NT15;Crédito 15 Días;  475;05.11.2024;VED;-459,0000;0,0000;0,0000;0,0000;0,0000;-459,0000;0,0000;-17978,99;A31;K-Suministros;Z046;Suministros;;00-0341095;-439,80;USD;-459,00
1000;10000043;MOORE DE VENEZUELA, S.;747827;747827;RE;Factura bruto;5100024029;21.10.2024;NT15;Crédito 15 Días;  475;05.11.2024;VED;-192,7800;0,0000;0,0000;0,0000;0,0000;-192,7800;0,0000;-7551,17;A31;K-Suministros;Z046;Suministros;;00-0341098;-184,72;USD;-192,78
1000;10000043;MOORE DE VENEZUELA, S.;747828;747828;RE;Factura bruto;5100024030;21.10.2024;NT15;Crédito 15 Días;  475;05.11.2024;VED;-150,9600;0,0000;0,0000;0,0000;0,0000;-150,9600;0,0000;-5913,09;A31;K-Suministros;Z046;Suministros;;00-0341099;-144,64;USD;-150,96
1000;10000043;MOORE DE VENEZUELA, S.;747817;747817;RE;Factura bruto;5100024049;21.10.2024;NT15;Crédito 15 Días;  475;05.11.2024;VED;-405,7600;0,0000;0,0000;0,0000;0,0000;-405,7600;0,0000;-15893,42;A31;K-Suministros;Z046;Suministros;;00-0341088;-388,78;USD;-405,76
1000;10000043;MOORE DE VENEZUELA, S.;747818;747818;RE;Factura bruto;5100024050;21.10.2024;NT15;Crédito 15 Días;  475;05.11.2024;VED;-432,2800;0,0000;0,0000;0,0000;0,0000;-432,2800;0,0000;-16932,21;A31;K-Suministros;Z046;Suministros;;00-0341089;-414,19;USD;-432,28
1000;10000043;MOORE DE VENEZUELA, S.;747819;747819;RE;Factura bruto;5100024051;21.10.2024;NT15;Crédito 15 Días;  475;05.11.2024;VED;-220,3200;0,0000;0,0000;0,0000;0,0000;-220,3200;0,0000;-8629,92;A31;K-Suministros;Z046;Suministros;;00-0341090;-211,10;USD;-220,32
1000;10000043;MOORE DE VENEZUELA, S.;747820;747820;RE;Factura bruto;5100024052;21.10.2024;NT15;Crédito 15 Días;  475;05.11.2024;VED;-201,9600;0,0000;0,0000;0,0000;0,0000;-201,9600;0,0000;-7910,75;A31;K-Suministros;Z046;Suministros;;00-0341091;-193,51;USD;-201,96
1000;10000043;MOORE DE VENEZUELA, S.;747823;747823;RE;Factura bruto;5100024053;21.10.2024;NT15;Crédito 15 Días;  475;05.11.2024;VED;-484,5000;0,0000;0,0000;0,0000;0,0000;-484,5000;0,0000;-18977,82;A31;K-Suministros;Z046;Suministros;;00-0341094;-464,23;USD;-484,50
1000;10000043;MOORE DE VENEZUELA, S.;747825;747825;RE;Factura bruto;5100024054;21.10.2024;NT15;Crédito 15 Días;  475;05.11.2024;VED;-102,5100;0,0000;0,0000;0,0000;0,0000;-102,5100;0,0000;-4015,30;A31;K-Suministros;Z046;Suministros;;00-0341096;-98,21;USD;-102,51
1000;10000043;MOORE DE VENEZUELA, S.;747826;747826;RE;Factura bruto;5100024055;21.10.2024;NT15;Crédito 15 Días;  475;05.11.2024;VED;-102,5100;0,0000;0,0000;0,0000;0,0000;-102,5100;0,0000;-4015,30;A31;K-Suministros;Z046;Suministros;;00-0341097;-98,21;USD;-102,51
1000;10000043;MOORE DE VENEZUELA, S.;747829;747829;RE;Factura bruto;5100024056;21.10.2024;NT15;Crédito 15 Días;  475;05.11.2024;VED;-449,8200;0,0000;0,0000;0,0000;0,0000;-449,8200;0,0000;-17619,41;A31;K-Suministros;Z046;Suministros;;00-0341100;-431,00;USD;-449,82
1000;10000043;MOORE DE VENEZUELA, S.;747830;747830;RE;Factura bruto;5100024057;21.10.2024;NT15;Crédito 15 Días;  475;05.11.2024;VED;-159,1200;0,0000;0,0000;0,0000;0,0000;-159,1200;0,0000;-6232,71;A31;K-Suministros;Z046;Suministros;;00-0341101;-152,46;USD;-159,12
1000;10000043;MOORE DE VENEZUELA, S.;747831;747831;RE;Factura bruto;5100024058;21.10.2024;NT15;Crédito 15 Días;  475;05.11.2024;VED;-174,4200;0,0000;0,0000;0,0000;0,0000;-174,4200;0,0000;-6832,01;A31;K-Suministros;Z046;Suministros;;00-0341102;-167,12;USD;-174,42
1000;10000043;MOORE DE VENEZUELA, S.;747832;747832;RE;Factura bruto;5100024059;21.10.2024;NT15;Crédito 15 Días;  475;05.11.2024;VED;-431,4600;0,0000;0,0000;0,0000;0,0000;-431,4600;0,0000;-16900,24;A31;K-Suministros;Z046;Suministros;;00-0341103;-413,40;USD;-431,46
1000;10000043;MOORE DE VENEZUELA, S.;747835;747835;RE;Factura bruto;5100024060;21.10.2024;NT15;Crédito 15 Días;  475;05.11.2024;VED;-306,0000;0,0000;0,0000;0,0000;0,0000;-306,0000;0,0000;-11985,99;A31;K-Suministros;Z046;Suministros;;00-0341106;-293,20;USD;-306,00
1000;10000043;MOORE DE VENEZUELA, S.;747821;747821;RE;Factura bruto;5100024303;21.10.2024;NT15;Crédito 15 Días;  475;05.11.2024;VED;-656,3700;0,0000;0,0000;0,0000;0,0000;-656,3700;0,0000;-25709,94;A31;K-Suministros;Z046;Suministros;;00-0341092;-564,96;USD;-656,37
1000;10000043;MOORE DE VENEZUELA, S.;747822;747822;RE;Factura bruto;5100024304;21.10.2024;NT15;Crédito 15 Días;  475;05.11.2024;VED;-616,5900;0,0000;0,0000;0,0000;0,0000;-616,5900;0,0000;-24151,77;A31;K-Suministros;Z046;Suministros;;00-0341093;-530,72;USD;-616,59
1000;10000046;PAPELERIA LA ESFERA, C;53523;53523;RE;Factura bruto;5100024278;14.11.2024;NT30;Crédito 30 Días;  436;14.12.2024;VED;-201,2500;0,0000;0,0000;0,0000;0,0000;-201,2500;0,0000;-9066,93;A40;K-Papelería y Consumibles;Z046;Suministros;;00-0055234;-199,24;USD;-201,25
1000;10000051;ROMEDA CHEMICAL, C.A.;;;SA;Documento cta.mayor;0100257196;01.10.2024;NT30;Crédito 30 Días;  480;31.10.2024;VED;-190,4900;0,0000;0,0000;0,0000;0,0000;-190,4900;0,0000;-7033,48;A15;K-Materia Prima Nacional;Z053;Materia Prima;;;-183,10;USD;-190,49
1000;10000072;ASOCIACION PROFESIONAL;020271;020271;KR;Factura acreedor;1900019785;05.11.2024;NT30;Crédito 30 Días;  445;05.12.2024;VED;-189,9700;0,0000;0,0000;0,0000;0,0000;-189,9700;0,0000;-8141,50;A43;K-Cuotas y Suscripciones;Z010;Asociaciones;;00-011171;-184,25;USD;-189,97
1000;10000081;SUMINISTROS INDUSTRIAL;4900007223;;ZT;Cart.Transf.Proveed.;0700022037;14.11.2024;;;0;14.11.2024;VED;470,0800;470,0800;0,0000;0,0000;0,0000;0,0000;0,0000;21178,51;A31;K-Suministros;Z041;Repuestos;;20241114-SF648;470,08;USD;470,08
1000;10000081;SUMINISTROS INDUSTRIAL;0024485;0024485;RE;Factura bruto;5100023952;10.10.2024;NT07;Crédito 07 Días;  494;17.10.2024;VED;-166,4000;0,0000;0,0000;0,0000;0,0000;-166,4000;0,0000;-6244,91;A31;K-Suministros;Z041;Repuestos;;00-026699;-160,08;USD;-166,40
1000;10000083;PLASTINAC, S.A.;DF FT00040471;DF FT00040471;AB;Documento contable;0100239227;08.04.2024;NT00;Contado;  686;08.04.2024;VED;-6,5000;0,0000;0,0000;0,0000;0,0000;-6,5000;0,0000;-235,64;A16;K-Material de Empaque;Z053;Materia Prima;;DF FT00040471;-6,46;USD;-6,50
1000;10000083;PLASTINAC, S.A.;FT 40883 OC 49-684;SALDO FT 40883;SA;Documento cta.mayor;0100253368;12.08.2024;NT00;Contado;  560;12.08.2024;VED;-294,9000;0,0000;0,0000;0,0000;0,0000;-294,9000;0,0000;-10812,91;A16;K-Material de Empaque;Z053;Materia Prima;;FT 40883 OC 49-6842;-291,97;USD;-294,90
1000;10000083;PLASTINAC, S.A.;;;SA;Documento cta.mayor;0100254677;06.08.2024;NT00;Contado;  566;06.08.2024;VED;-140,0500;0,0000;0,0000;0,0000;0,0000;-140,0500;0,0000;-5133,22;A16;K-Material de Empaque;Z053;Materia Prima;;;-141,58;USD;-140,05
1000;10000083;PLASTINAC, S.A.;;;AB;Documento contable;0100255392;20.09.2024;NT00;Contado;  521;20.09.2024;VED;-161,0500;0,0000;0,0000;0,0000;0,0000;-161,0500;0,0000;-5926,85;A16;K-Material de Empaque;Z053;Materia Prima;;;-161,05;USD;-161,05
1000;10000083;PLASTINAC, S.A.;DF FT40942;SALDO FT00040942;SA;Documento cta.mayor;0100257849;13.09.2024;NT00;Contado;  528;13.09.2024;VED;-3,121,4600;0,0000;0,0000;0,0000;0,0000;-3121,4600;0,0000;-114685,54;A16;K-Material de Empaque;Z053;Materia Prima;;SALDO FT00040942;-3163,54;USD;-3121,46
1000;10000083;PLASTINAC, S.A.;4900006930;;ZT;Cart.Transf.Proveed.;0700022123;20.11.2024;;;0;20.11.2024;VED;6,528,0000;6528,0000;0,0000;0,0000;0,0000;0,0000;0,0000;299250,05;A16;K-Material de Empaque;Z053;Materia Prima;;20241120-SF666;6528,00;USD;6528,00
1000;10000083;PLASTINAC, S.A.;00041011;00041011;RE;Factura bruto;5100023932;14.10.2024;NT00;Contado;  497;14.10.2024;VED;-1,718,2800;0,0000;0,0000;0,0000;0,0000;-1718,2800;0,0000;-66816,44;A16;K-Material de Empaque;Z053;Materia Prima;;00-043170;-1716,86;USD;-1718,28
1000;10000083;PLASTINAC, S.A.;00041012;00041012;RE;Factura bruto;5100023933;14.10.2024;NT00;Contado;  497;14.10.2024;VED;-541,0000;0,0000;0,0000;0,0000;0,0000;-541,0000;0,0000;-21037,12;A16;K-Material de Empaque;Z053;Materia Prima;;00-043171;-540,55;USD;-541,00
1000;10000083;PLASTINAC, S.A.;00041021;00041021;RE;Factura bruto;5100023963;17.10.2024;NT00;Contado;  494;17.10.2024;VED;-540,6400;0,0000;0,0000;0,0000;0,0000;-540,6400;0,0000;-21091,20;A16;K-Material de Empaque;Z053;Materia Prima;;00-043180;-538,30;USD;-540,64
1000;10000083;PLASTINAC, S.A.;00041059;00041059;RE;Factura bruto;5100024178;05.11.2024;NT00;Contado;  475;05.11.2024;VED;-2,110,6500;0,0000;0,0000;0,0000;0,0000;-2110,6500;0,0000;-90456,00;A16;K-Material de Empaque;Z053;Materia Prima;;00-043218;-2066,05;USD;-2110,65
1000;10000089;VENEZOLANA DE CONTROL;D-369173;D-369173;KR;Factura acreedor;1900016772;09.09.2022;NT00;Contado; 1264;09.09.2022;VED;-399,3600;0,0000;0,0000;0,0000;0,0000;-399,3600;0,0000;-3196,00;A19;K-Operaciones Nacionalización;Z003;Aduanal;;00-01424471;-131,18;USD;-399,36
1000;10000089;VENEZOLANA DE CONTROL;D-368725;D-368725;KR;Factura acreedor;1900016773;02.09.2022;NT00;Contado; 1270;02.09.2022;VED;-160,0400;0,0000;0,0000;0,0000;0,0000;-160,0400;0,0000;-1265,60;A19;K-Operaciones Nacionalización;Z003;Aduanal;;00-01416805;-51,95;USD;-160,04
1000;10000089;VENEZOLANA DE CONTROL;D-370366;D-370366;KR;Factura acreedor;1900016776;21.09.2022;NT00;Contado; 1251;21.09.2022;VED;-240,0100;0,0000;0,0000;0,0000;0,0000;-240,0100;0,0000;-1932,00;A19;K-Operaciones Nacionalización;Z003;Aduanal;;00-01427580;-79,30;USD;-240,01
1000;10000089;VENEZOLANA DE CONTROL;271863;271863;KR;Factura acreedor;1900016841;23.12.2022;NT00;Contado; 1158;23.12.2022;VED;-101,9900;0,0000;0,0000;0,0000;0,0000;-101,9900;0,0000;-1677,90;A19;K-Operaciones Nacionalización;Z003;Aduanal;;00-01465949;-69,22;USD;-101,99
1000;10000089;VENEZOLANA DE CONTROL;C-214447;C-214447;KR;Factura acreedor;1900018631;12.04.2024;NT00;Contado;  678;12.04.2024;VED;-40,1800;0,0000;0,0000;0,0000;0,0000;-40,1800;0,0000;-1457,73;A19;K-Operaciones Nacionalización;Z003;Aduanal;;00-00090787;-40,17;USD;-40,18
1000;10000089;VENEZOLANA DE CONTROL;D-413964;D-413926;KR;Factura acreedor;1900018932;15.03.2024;NT00;Contado;  629;15.03.2024;VED;-320,0400;0,0000;0,0000;0,0000;0,0000;-320,0400;0,0000;-11609,60;A19;K-Operaciones Nacionalización;Z003;Aduanal;;00-00018948;-317,77;USD;-320,04
1000;10000089;VENEZOLANA DE CONTROL;D-408879;D-408879;KR;Factura acreedor;1900019143;04.01.2024;NT00;Contado;  781;04.01.2024;VED;-80,0000;0,0000;0,0000;0,0000;0,0000;-80,0000;0,0000;-2876,00;A19;K-Operaciones Nacionalización;Z003;Aduanal;;00-00013934;-79,06;USD;-80,00
1000;10000089;VENEZOLANA DE CONTROL;D 418393;D 418393;KR;Factura acreedor;1900019583;31.05.2024;NT00;Contado;  633;31.05.2024;VED;-78,3800;0,0000;0,0000;0,0000;0,0000;-78,3800;0,0000;-2863,95;A19;K-Operaciones Nacionalización;Z003;Aduanal;;00-00100827;-77,88;USD;-78,38
1000;10000089;VENEZOLANA DE CONTROL;D-419439;D-419439;KR;Factura acreedor;1900019693;20.06.2024;NT00;Contado;  613;20.06.2024;VED;-79,9900;0,0000;0,0000;0,0000;0,0000;-79,9900;0,0000;-2910,40;A19;K-Operaciones Nacionalización;Z003;Aduanal;;00-00191883;-74,28;USD;-79,99
1000;10000089;VENEZOLANA DE CONTROL;D420504;D-420504;KR;Factura acreedor;1900019694;10.07.2024;NT00;Contado;  593;10.07.2024;VED;-80,0100;0,0000;0,0000;0,0000;0,0000;-80,0100;0,0000;-2920,80;A19;K-Operaciones Nacionalización;Z003;Aduanal;;00-00102931;-74,55;USD;-80,01
1000;10000089;VENEZOLANA DE CONTROL;D421990;D-421990;KR;Factura acreedor;1900019717;15.08.2024;NT00;Contado;  559;15.08.2024;VED;-80,0400;0,0000;0,0000;0,0000;0,0000;-80,0400;0,0000;-2930,40;A19;K-Operaciones Nacionalización;Z003;Aduanal;;00-00104436;-71,40;USD;-80,04
1000;10000089;VENEZOLANA DE CONTROL;D421915;D-421915;KR;Factura acreedor;1900019719;31.07.2024;NT00;Contado;  560;31.07.2024;VED;-80,1300;0,0000;0,0000;0,0000;0,0000;-80,1300;0,0000;-2933,60;A19;K-Operaciones Nacionalización;Z003;Aduanal;;00-00104363;-71,48;USD;-80,13
1000;10000089;VENEZOLANA DE CONTROL;D423004;D-423004;KR;Factura acreedor;1900019731;04.09.2024;NT00;Contado;  559;04.09.2024;VED;-80,0000;0,0000;0,0000;0,0000;0,0000;-80,0000;0,0000;-2931,20;A19;K-Operaciones Nacionalización;Z003;Aduanal;;00-00105447;-69,42;USD;-80,00
1000;10000106;DHL EXPRESS ADUANAS VE;ANTICIPO;;ZT;Cart.Transf.Proveed.;0700018723;24.03.2023;;;0;24.03.2023;VED;243,4400;243,4400;0,0000;0,0000;0,0000;0,0000;0,0000;5917,96;A19;K-Operaciones Nacionalización;Z003;Aduanal;;20230324-SFT08;243,44;USD;243,44
1000;10000106;DHL EXPRESS ADUANAS VE;ANTICIPO;;ZT;Cart.Transf.Proveed.;0700018751;10.04.2023;;;0;10.04.2023;VED;285,7300;285,7300;0,0000;0,0000;0,0000;0,0000;0,0000;6996,91;A19;K-Operaciones Nacionalización;Z003;Aduanal;;20230410-SFT03;285,73;USD;285,73
1000;10000106;DHL EXPRESS ADUANAS VE;ANTICIPO;;ZT;Cart.Transf.Proveed.;0700019329;24.08.2023;;;0;24.08.2023;VED;334,3900;334,3900;0,0000;0,0000;0,0000;0,0000;0,0000;10760,31;A19;K-Operaciones Nacionalización;Z003;Aduanal;;20230824-SFT01;334,39;USD;334,39
1000;10000106;DHL EXPRESS ADUANAS VE;ANTICIPO;;ZT;Cart.Transf.Proveed.;0700020144;22.01.2024;;;0;22.01.2024;VED;194,8400;194,8400;0,0000;0,0000;0,0000;0,0000;0,0000;7042,50;A19;K-Operaciones Nacionalización;Z003;Aduanal;;20240122-SFT05;194,84;USD;194,84
1000;10000106;DHL EXPRESS ADUANAS VE;GUIA DHL 3395232;;ZT;Cart.Transf.Proveed.;0700021970;30.10.2024;;;0;30.10.2024;VED;413,3100;413,3100;0,0000;0,0000;0,0000;0,0000;0,0000;17452,26;A19;K-Operaciones Nacionalización;Z003;Aduanal;;20241030-SF609;413,31;USD;413,31
1000;10000106;DHL EXPRESS ADUANAS VE;1211942303;1211942303;KR;Factura acreedor;1900019775;01.11.2024;NT00;Contado;  479;01.11.2024;VED;-398,9600;0,0000;0,0000;0,0000;0,0000;-398,9600;0,0000;-17039,59;A19;K-Operaciones Nacionalización;Z003;Aduanal;;00-0836869;-389,19;USD;-398,96
1000;10000111;TORNILLOS MULTIPLES MA;;;SA;Documento cta.mayor;0100257964;08.10.2024;;;0;08.10.2024;VED;2,8200;2,8200;0,0000;0,0000;0,0000;0,0000;0,0000;104,37;A31;K-Suministros;Z046;Suministros;;;2,85;USD;2,82
1000;10000113;FARMATODO, C.A.;23318;23318;RE;Factura bruto;5100024256;21.10.2024;NT15;Crédito 15 Días;  475;05.11.2024;VED;-9,387,9300;0,0000;0,0000;0,0000;0,0000;-9387,9300;0,0000;-367724,21;A26;K-Publicidad;Z040;Publicidad;;00-6313648;-8184,58;USD;-9387,93
1000;10000135;GS1 VENEZUELA;ANTICIPO;;ZT;Cart.Transf.Proveed.;0700020969;10.07.2024;;;0;10.07.2024;VED;857,3100;857,3100;0,0000;0,0000;0,0000;0,0000;0,0000;31296,64;A38;K-Telecomunicaciones;Z048;Telecomunicaciones;;20240710-SF222;857,31;USD;857,31
1000;10000135;GS1 VENEZUELA;ANTICIPO;;ZT;Cart.Transf.Proveed.;0700020970;10.07.2024;;;0;10.07.2024;VED;2,191,4400;2191,4400;0,0000;0,0000;0,0000;0,0000;0,0000;80000,00;A38;K-Telecomunicaciones;Z048;Telecomunicaciones;;20240710-SF223;2191,44;USD;2191,44
1000;10000142;DVL SERVICIO Y REPRESE;;;SA;Documento cta.mayor;0100256070;12.09.2024;;;0;12.09.2024;VED;88,4000;88,4000;0,0000;0,0000;0,0000;0,0000;0,0000;3247,28;A31;K-Suministros;Z046;Suministros;;;89,11;USD;88,40
1000;10000142;DVL SERVICIO Y REPRESE;OC 5500011073;;ZT;Cart.Transf.Proveed.;0700022071;14.11.2024;;;0;14.11.2024;VED;181,8000;181,8000;0,0000;0,0000;0,0000;0,0000;0,0000;8190,64;A31;K-Suministros;Z046;Suministros;;20241114-SF651;181,80;USD;181,80
1000;10000146;CORPORACION DIGITEL, C;77571652;77571652;RE;Factura bruto;5100023348;01.08.2024;NT00;Contado;  571;01.08.2024;VED;-946,4800;0,0000;0,0000;0,0000;0,0000;-946,4800;0,0000;-34676,09;A38;K-Telecomunicaciones;Z048;Telecomunicaciones;;00-00222852;-947,09;USD;-946,48
1000;10000146;CORPORACION DIGITEL, C;77822316;77822316;RE;Factura bruto;5100023890;01.09.2024;NT00;Contado;  540;01.09.2024;VED;-947,0200;0,0000;0,0000;0,0000;0,0000;-947,0200;0,0000;-34685,56;A38;K-Telecomunicaciones;Z048;Telecomunicaciones;;00-004733848;-924,22;USD;-947,02
1000;10000146;CORPORACION DIGITEL, C;78066511;78066511;RE;Factura bruto;5100023916;01.10.2024;NT00;Contado;  510;01.10.2024;VED;-946,3300;0,0000;0,0000;0,0000;0,0000;-946,3300;0,0000;-34941,09;A38;K-Telecomunicaciones;Z048;Telecomunicaciones;;00-00718191;-928,05;USD;-946,33
1000;10000146;CORPORACION DIGITEL, C;78269165;78269165;RE;Factura bruto;5100024296;01.11.2024;NT00;Contado;  479;01.11.2024;VED;-486,7200;0,0000;0,0000;0,0000;0,0000;-486,7200;0,0000;-20787,81;A38;K-Telecomunicaciones;Z048;Telecomunicaciones;;00-00921126;-456,80;USD;-486,72
1000;10000168;EDITORIAL LATINA, C.A;042646;042646;RE;Factura bruto;5100019947;14.08.2023;;;0;14.08.2023;VED;-1,199,6600;-1199,6600;0,0000;0,0000;0,0000;0,0000;0,0000;-37615,96;A26;K-Publicidad;Z040;Publicidad;;00-011861;-1184,62;USD;-1199,66
1000;10000168;EDITORIAL LATINA, C.A;042643;042643;RE;Factura bruto;5100019948;14.08.2023;;;0;14.08.2023;VED;-707,5300;-707,5300;0,0000;0,0000;0,0000;0,0000;0,0000;-22185,00;A26;K-Publicidad;Z040;Publicidad;;00-011858;-698,66;USD;-707,53
1000;10000177;HAPAG LLOYD VENEZUELA,;2147796566;2147796566;KR;Factura acreedor;1900019294;28.12.2023;NT00;Contado;  587;28.12.2023;USD;-25,4600;0,0000;0,0000;0,0000;0,0000;-25,4600;0,0000;-912,51;A19;K-Operaciones Nacionalización;Z003;Aduanal;;0;-25,00;USD;-25,46
1000;10000197;MERCANTIL SEGUROS, C.A;POLIZA P;POLIZA P;KZ;Pago acreedor;1500012372;28.10.2024;;;0;28.10.2024;USD;15,559,0000;15559,0000;0,0000;0,0000;0,0000;0,0000;0,0000;638586,48;A29;K-Seguros y Fianzas;Z009;Aseguradoras;;POLIZA PATRIMONIALES;15559,00;USD;15559,00
1000;10000198;INTERSHIPPING TERMINAL;226112;226112;KR;Factura acreedor;1900016460;07.11.2022;NT00;Contado; 1210;07.11.2022;VED;-567,9700;0,0000;0,0000;0,0000;0,0000;-567,9700;0,0000;-4984,07;A19;K-Operaciones Nacionalización;Z003;Aduanal;;00-105044;-508,86;USD;-567,97
1000;10000198;INTERSHIPPING TERMINAL;226212;226212;KR;Factura acreedor;1900016461;10.11.2022;NT00;Contado; 1210;10.11.2022;VED;-313,1100;0,0000;0,0000;0,0000;0,0000;-313,1100;0,0000;-2796,34;A19;K-Operaciones Nacionalización;Z003;Aduanal;;00-097729;-285,50;USD;-313,11
1000;10000198;INTERSHIPPING TERMINAL;226185;226185;KR;Factura acreedor;1900016464;08.11.2022;NT00;Contado; 1210;08.11.2022;VED;-869,9200;0,0000;0,0000;0,0000;0,0000;-869,9200;0,0000;-7595,40;A19;K-Operaciones Nacionalización;Z003;Aduanal;;00-097710;-775,47;USD;-869,92
1000;10000198;INTERSHIPPING TERMINAL;226776;226776;KR;Factura acreedor;1900016609;21.11.2022;NT00;Contado; 1190;21.11.2022;VED;-1,272,7800;0,0000;0,0000;0,0000;0,0000;-1272,7800;0,0000;-12466,20;A19;K-Operaciones Nacionalización;Z003;Aduanal;;00-105288;-777,11;USD;-1272,78
1000;10000198;INTERSHIPPING TERMINAL;249169;249169;KR;Factura acreedor;1900018196;12.01.2024;NT00;Contado;  784;12.01.2024;VED;-313,1100;0,0000;0,0000;0,0000;0,0000;-313,1100;0,0000;-11260,52;A19;K-Operaciones Nacionalización;Z003;Aduanal;;00-124649;-311,04;USD;-313,11
1000;10000198;INTERSHIPPING TERMINAL;252447;252447;KR;Factura acreedor;1900018452;19.03.2024;NT00;Contado;  703;19.03.2024;VED;-312,6500;0,0000;0,0000;0,0000;0,0000;-312,6500;0,0000;-11354,45;A19;K-Operaciones Nacionalización;Z003;Aduanal;;00-00000184;-312,61;USD;-312,65
1000;10000198;INTERSHIPPING TERMINAL;PBL-00252781;PBL-00252781;KR;Factura acreedor;1900018496;26.03.2024;NT00;Contado;  695;26.03.2024;VED;-1,231,1200;0,0000;0,0000;0,0000;0,0000;-1231,1200;0,0000;-44690,38;A19;K-Operaciones Nacionalización;Z003;Aduanal;;00-00000518;-1229,99;USD;-1231,12
1000;10000198;INTERSHIPPING TERMINAL;253093;253093;KR;Factura acreedor;1900018545;03.04.2024;NT00;Contado;  689;03.04.2024;VED;-313,0900;0,0000;0,0000;0,0000;0,0000;-313,0900;0,0000;-11360,72;A19;K-Operaciones Nacionalización;Z003;Aduanal;;00-00000829;-313,74;USD;-313,09
1000;10000198;INTERSHIPPING TERMINAL;PBL-00257313;PBL-00257313;KR;Factura acreedor;1900019221;02.07.2024;NT00;Contado;  601;02.07.2024;VED;-316,1600;0,0000;0,0000;0,0000;0,0000;-316,1600;0,0000;-11525,49;A19;K-Operaciones Nacionalización;Z003;Aduanal;;00-00007852;-316,16;USD;-316,16
1000;10000198;INTERSHIPPING TERMINAL;PBL-00258180;PBL-00258180;KR;Factura acreedor;1900019310;18.07.2024;NT00;Contado;  584;18.07.2024;VED;-316,1900;0,0000;0,0000;0,0000;0,0000;-316,1900;0,0000;-11553,94;A19;K-Operaciones Nacionalización;Z003;Aduanal;;00-00008720;-315,92;USD;-316,19
1000;10000198;INTERSHIPPING TERMINAL;PBL-00259288;PBL-00259288;KR;Factura acreedor;1900019437;15.08.2024;NT00;Contado;  556;15.08.2024;VED;-316,1700;0,0000;0,0000;0,0000;0,0000;-316,1700;0,0000;-11576,08;A19;K-Operaciones Nacionalización;Z003;Aduanal;;00-00009828;-315,63;USD;-316,17
1000;10000198;INTERSHIPPING TERMINAL;PBL-00259559;PBL-00259559;KR;Factura acreedor;1900019475;22.08.2024;NT00;Contado;  556;22.08.2024;VED;-316,1300;0,0000;0,0000;0,0000;0,0000;-316,1300;0,0000;-11585,56;A19;K-Operaciones Nacionalización;Z003;Aduanal;;00-00010099;-316,13;USD;-316,13
1000;10000198;INTERSHIPPING TERMINAL;PBL-00260551;PBL-00260551;KR;Factura acreedor;1900019565;13.09.2024;NT00;Contado;  528;13.09.2024;VED;-316,1900;0,0000;0,0000;0,0000;0,0000;-316,1900;0,0000;-11617,18;A19;K-Operaciones Nacionalización;Z003;Aduanal;;00-00011093;-316,19;USD;-316,19
1000;10000198;INTERSHIPPING TERMINAL;PBL-00260793;PBL-00260793;KR;Factura acreedor;1900019588;19.09.2024;NT00;Contado;  522;19.09.2024;VED;-836,2000;0,0000;0,0000;0,0000;0,0000;-836,2000;0,0000;-30754,42;A19;K-Operaciones Nacionalización;Z003;Aduanal;;00-00011335;-836,19;USD;-836,20
1000;10000198;INTERSHIPPING TERMINAL;PBL-00261209;PBL-00261209;KR;Factura acreedor;1900019654;01.10.2024;NT00;Contado;  510;01.10.2024;VED;-418,1700;0,0000;0,0000;0,0000;0,0000;-418,1700;0,0000;-15439,95;A19;K-Operaciones Nacionalización;Z003;Aduanal;;00-00013602;-417,46;USD;-418,17
1000;10000198;INTERSHIPPING TERMINAL;PBL-00262502;PBL-00262502;KR;Factura acreedor;1900019751;30.10.2024;NT00;Contado;  481;30.10.2024;VED;-418,2400;0,0000;0,0000;0,0000;0,0000;-418,2400;0,0000;-17660,58;A19;K-Operaciones Nacionalización;Z003;Aduanal;;00-00016897;-414,93;USD;-418,24
1000;10000198;INTERSHIPPING TERMINAL;PBL-00263062;PBL-00263062;KR;Factura acreedor;1900019865;20.11.2024;NT00;Contado;  460;20.11.2024;VED;-316,1900;0,0000;0,0000;0,0000;0,0000;-316,1900;0,0000;-14494,60;A19;K-Operaciones Nacionalización;Z003;Aduanal;;00-00017460;-312,88;USD;-316,19
1000;10000199;IMPORT-IMPORT, C.A.;;DIF FACT 98637;SA;Documento cta.mayor;0100257613;20.09.2024;NT01;Prepagado;  521;20.09.2024;VED;-9,7900;0,0000;0,0000;0,0000;0,0000;-9,7900;0,0000;-360,31;A27;K-Repuestos;Z041;Repuestos;;DIF FACT 98637;-7,45;USD;-9,79
1000;10000199;IMPORT-IMPORT, C.A.;DF  FACT 98863;DF  FACT 98863;SA;Documento cta.mayor;0100261373;11.11.2024;NT01;Prepagado;  469;11.11.2024;VED;-168,0800;0,0000;0,0000;0,0000;0,0000;-168,0800;0,0000;-7513,76;A27;K-Repuestos;Z041;Repuestos;;DF  FACT 98863;-168,08;USD;-168,08
1000;10000206;AGENCIA MARITIMA MUNDO;PTC0144925;PTC0144925;KR;Factura acreedor;1900019567;12.09.2024;NT00;Contado;  529;12.09.2024;VED;-489,3000;0,0000;0,0000;0,0000;0,0000;-489,3000;0,0000;-17973,21;A19;K-Operaciones Nacionalización;Z003;Aduanal;;00-00243820;-489,19;USD;-489,30
1000;10000216;GOVICA MARACAY, C.A.;;;SA;Documento cta.mayor;0100261775;18.11.2024;NT30;Crédito 30 Días;  432;18.12.2024;VED;-303,5200;0,0000;0,0000;0,0000;0,0000;-303,5200;0,0000;-13812,41;A27;K-Repuestos;Z041;Repuestos;;;-303,52;USD;-303,52
1000;10000216;GOVICA MARACAY, C.A.;4900007130;;ZT;Cart.Transf.Proveed.;0700022039;14.11.2024;;;0;14.11.2024;VED;662,4800;662,4800;0,0000;0,0000;0,0000;0,0000;0,0000;29846,71;A27;K-Repuestos;Z041;Repuestos;;20241114-SF648;662,48;USD;662,48
1000;10000216;GOVICA MARACAY, C.A.;OC 4900007177;;ZT;Cart.Transf.Proveed.;0700022051;14.11.2024;;;0;14.11.2024;VED;654,1600;654,1600;0,0000;0,0000;0,0000;0,0000;0,0000;29471,87;A27;K-Repuestos;Z041;Repuestos;;20241114-SF649;654,16;USD;654,16
1000;10000216;GOVICA MARACAY, C.A.;4900007197;;ZT;Cart.Transf.Proveed.;0700022082;15.11.2024;;;0;15.11.2024;VED;242,9900;242,9900;0,0000;0,0000;0,0000;0,0000;0,0000;11057,81;A27;K-Repuestos;Z041;Repuestos;;20241115-SF652;242,99;USD;242,99
1000;10000216;GOVICA MARACAY, C.A.; 4900007198;;ZT;Cart.Transf.Proveed.;0700022082;15.11.2024;;;0;15.11.2024;VED;299,6200;299,6200;0,0000;0,0000;0,0000;0,0000;0,0000;13634,84;A27;K-Repuestos;Z041;Repuestos;;20241115-SF652;299,62;USD;299,62
1000;10000216;GOVICA MARACAY, C.A.;4900007198;;ZT;Cart.Transf.Proveed.;0700022089;15.11.2024;;;0;15.11.2024;VED;111,0900;111,0900;0,0000;0,0000;0,0000;0,0000;0,0000;5055,44;A27;K-Repuestos;Z041;Repuestos;;20241115-SF657;111,09;USD;111,09
1000;10000216;GOVICA MARACAY, C.A.;4900007197;;ZT;Cart.Transf.Proveed.;0700022089;15.11.2024;;;0;15.11.2024;VED;278,0000;278,0000;0,0000;0,0000;0,0000;0,0000;0,0000;12650,88;A27;K-Repuestos;Z041;Repuestos;;20241115-SF657;278,00;USD;278,00
1000;10000216;GOVICA MARACAY, C.A.;4900007130;;ZT;Cart.Transf.Proveed.;0700022089;15.11.2024;;;0;15.11.2024;VED;261,1700;261,1700;0,0000;0,0000;0,0000;0,0000;0,0000;11885,27;A27;K-Repuestos;Z041;Repuestos;;20241115-SF657;261,17;USD;261,17
1000;10000216;GOVICA MARACAY, C.A.;4900007194;;ZT;Cart.Transf.Proveed.;0700022093;15.11.2024;;;0;15.11.2024;VED;581,6300;581,6300;0,0000;0,0000;0,0000;0,0000;0,0000;26468,46;A27;K-Repuestos;Z041;Repuestos;;20241115-SF658;581,63;USD;581,63
1000;10000216;GOVICA MARACAY, C.A.;4900007199;;ZT;Cart.Transf.Proveed.;0700022093;15.11.2024;;;0;15.11.2024;VED;177,8200;177,8200;0,0000;0,0000;0,0000;0,0000;0,0000;8091,88;A27;K-Repuestos;Z041;Repuestos;;20241115-SF658;177,82;USD;177,82
1000;10000216;GOVICA MARACAY, C.A.;4900007200;;ZT;Cart.Transf.Proveed.;0700022093;15.11.2024;;;0;15.11.2024;VED;46,3300;46,3300;0,0000;0,0000;0,0000;0,0000;0,0000;2108,48;A27;K-Repuestos;Z041;Repuestos;;20241115-SF658;46,33;USD;46,33
1000;10000216;GOVICA MARACAY, C.A.;4900007201;;ZT;Cart.Transf.Proveed.;0700022093;15.11.2024;;;0;15.11.2024;VED;168,8600;168,8600;0,0000;0,0000;0,0000;0,0000;0,0000;7684,24;A27;K-Repuestos;Z041;Repuestos;;20241115-SF658;168,86;USD;168,86
1000;10000216;GOVICA MARACAY, C.A.;4900007203;;ZT;Cart.Transf.Proveed.;0700022093;15.11.2024;;;0;15.11.2024;VED;139,0000;139,0000;0,0000;0,0000;0,0000;0,0000;0,0000;6325,44;A27;K-Repuestos;Z041;Repuestos;;20241115-SF658;139,00;USD;139,00
1000;10000216;GOVICA MARACAY, C.A.;0000050982;0000050982;RE;Factura bruto;5100024350;18.11.2024;NT30;Crédito 30 Días;  432;18.12.2024;VED;-479,3000;0,0000;0,0000;0,0000;0,0000;-479,3000;0,0000;-21811,67;A27;K-Repuestos;Z041;Repuestos;;00-052884;-473,56;USD;-479,30
1000;10000216;GOVICA MARACAY, C.A.;0000050984;0000050984;RE;Factura bruto;5100024351;18.11.2024;NT30;Crédito 30 Días;  432;18.12.2024;VED;-218,1700;0,0000;0,0000;0,0000;0,0000;-218,1700;0,0000;-9928,33;A27;K-Repuestos;Z041;Repuestos;;00-052886;-215,56;USD;-218,17
1000;10000216;GOVICA MARACAY, C.A.;0000050983;0000050983;RE;Factura bruto;5100024360;18.11.2024;NT30;Crédito 30 Días;  432;18.12.2024;VED;-546,2800;0,0000;0,0000;0,0000;0,0000;-546,2800;0,0000;-24859,74;A27;K-Repuestos;Z041;Repuestos;;00-052885;-536,61;USD;-546,28
1000;10000216;GOVICA MARACAY, C.A.;0000050998;0000050998;RE;Factura bruto;5100024361;19.11.2024;NT30;Crédito 30 Días;  431;19.12.2024;VED;-266,0600;0,0000;0,0000;0,0000;0,0000;-266,0600;0,0000;-12182,56;A27;K-Repuestos;Z041;Repuestos;;00-052900;-262,97;USD;-266,06
1000;10000241;INTERSHIPPING, C.A.;197137;197137;KR;Factura acreedor;1900016455;08.11.2022;NT00;Contado; 1210;08.11.2022;VED;-44,1200;0,0000;0,0000;0,0000;0,0000;-44,1200;0,0000;-385,22;A19;K-Operaciones Nacionalización;Z003;Aduanal;;00-00164720;-39,33;USD;-44,12
1000;10000241;INTERSHIPPING, C.A.;197074;197074;KR;Factura acreedor;1900016459;08.11.2022;NT00;Contado; 1210;08.11.2022;VED;-43,2600;0,0000;0,0000;0,0000;0,0000;-43,2600;0,0000;-377,70;A19;K-Operaciones Nacionalización;Z003;Aduanal;;00-00164127;-38,56;USD;-43,26
1000;10000241;INTERSHIPPING, C.A.;197592;197592;KR;Factura acreedor;1900016607;21.11.2022;NT00;Contado; 1190;21.11.2022;VED;-38,8500;0,0000;0,0000;0,0000;0,0000;-38,8500;0,0000;-380,52;A19;K-Operaciones Nacionalización;Z003;Aduanal;;00-00164346;-23,52;USD;-38,85
1000;10000241;INTERSHIPPING, C.A.;209415;209415;KR;Factura acreedor;1900018185;12.01.2024;NT00;Contado;  773;12.01.2024;VED;-46,9200;0,0000;0,0000;0,0000;0,0000;-46,9200;0,0000;-1687,25;A19;K-Operaciones Nacionalización;Z003;Aduanal;;00-00170734;-46,61;USD;-46,92
1000;10000241;INTERSHIPPING, C.A.;PBL-00211799;PBL-00211799;KR;Factura acreedor;1900018493;26.03.2024;NT00;Contado;  696;26.03.2024;VED;-46,9200;0,0000;0,0000;0,0000;0,0000;-46,9200;0,0000;-1703,19;A19;K-Operaciones Nacionalización;Z003;Aduanal;;00-00000312;-46,88;USD;-46,92
1000;10000241;INTERSHIPPING, C.A.;PBL-00214671;PBL-00214671;KR;Factura acreedor;1900019222;02.07.2024;NT00;Contado;  601;02.07.2024;VED;-46,9100;0,0000;0,0000;0,0000;0,0000;-46,9100;0,0000;-1710,24;A19;K-Operaciones Nacionalización;Z003;Aduanal;;00-00006635;-46,91;USD;-46,91
1000;10000241;INTERSHIPPING, C.A.;PBL-00215193;PBL-00215193;KR;Factura acreedor;1900019311;18.07.2024;NT00;Contado;  584;18.07.2024;VED;-46,9200;0,0000;0,0000;0,0000;0,0000;-46,9200;0,0000;-1714,45;A19;K-Operaciones Nacionalización;Z003;Aduanal;;00-00007158;-46,87;USD;-46,92
1000;10000241;INTERSHIPPING, C.A.;PBL-00215858;PBL-00215858;KR;Factura acreedor;1900019435;15.08.2024;NT00;Contado;  584;15.08.2024;VED;-46,9200;0,0000;0,0000;0,0000;0,0000;-46,9200;0,0000;-1717,74;A19;K-Operaciones Nacionalización;Z003;Aduanal;;00-00010023;-46,83;USD;-46,92
1000;10000241;INTERSHIPPING, C.A.;PBL-00216094;PBL-00216094;KR;Factura acreedor;1900019474;22.08.2024;NT00;Contado;  550;22.08.2024;VED;-46,9100;0,0000;0,0000;0,0000;0,0000;-46,9100;0,0000;-1719,15;A19;K-Operaciones Nacionalización;Z003;Aduanal;;00-00010259;-46,91;USD;-46,91
1000;10000241;INTERSHIPPING, C.A.;PBL-00216764;PBL-00216764;KR;Factura acreedor;1900019566;13.09.2024;NT00;Contado;  528;13.09.2024;VED;-46,9200;0,0000;0,0000;0,0000;0,0000;-46,9200;0,0000;-1723,84;A19;K-Operaciones Nacionalización;Z003;Aduanal;;00-00010930;-46,92;USD;-46,92
1000;10000241;INTERSHIPPING, C.A.;PBL-00218543;PBL-00218543;KR;Factura acreedor;1900019850;20.11.2024;NT00;Contado;  460;20.11.2024;VED;-46,9200;0,0000;0,0000;0,0000;0,0000;-46,9200;0,0000;-2150,81;A19;K-Operaciones Nacionalización;Z003;Aduanal;;00-00014212;-46,43;USD;-46,92
1000;10000246;LOGISTICA MARITIMA LOG;284578;284578;KR;Factura acreedor;1900018172;12.01.2024;NT00;Contado;  754;12.01.2024;VED;-81,5900;0,0000;0,0000;0,0000;0,0000;-81,5900;0,0000;-2934,33;A19;K-Operaciones Nacionalización;Z003;Aduanal;;00-00358545;-81,05;USD;-81,59
1000;10000246;LOGISTICA MARITIMA LOG;284332;284332;KR;Factura acreedor;1900018173;28.01.2024;NT00;Contado;  754;28.01.2024;VED;-80,9500;0,0000;0,0000;0,0000;0,0000;-80,9500;0,0000;-2923,72;A19;K-Operaciones Nacionalización;Z003;Aduanal;;00-00358275;-80,76;USD;-80,95
1000;10000264;AGENCIAMIENTOS Y EQUIP;167739;167739;KR;Factura acreedor;1900016958;18.04.2023;NT00;Contado; 1042;18.04.2023;VED;-225,9800;0,0000;0,0000;0,0000;0,0000;-225,9800;0,0000;-5550,38;A19;K-Operaciones Nacionalización;Z003;Aduanal;;00-155623;-225,84;USD;-225,98
1000;10000264;AGENCIAMIENTOS Y EQUIP;174097;174097;KR;Factura acreedor;1900019282;11.07.2024;NT00;Contado;  592;11.07.2024;VED;-196,8800;0,0000;0,0000;0,0000;0,0000;-196,8800;0,0000;-7188,84;A19;K-Operaciones Nacionalización;Z003;Aduanal;;00-162024;-196,89;USD;-196,88
1000;10000264;AGENCIAMIENTOS Y EQUIP;175532;175532;KR;Factura acreedor;1900019628;25.09.2024;NT00;Contado;  516;25.09.2024;VED;-91,8000;0,0000;0,0000;0,0000;0,0000;-91,8000;0,0000;-3379,15;A19;K-Operaciones Nacionalización;Z003;Aduanal;;00-163464;-91,69;USD;-91,80
1000;10000264;AGENCIAMIENTOS Y EQUIP;176444;176444;KR;Factura acreedor;1900019782;07.11.2024;NT00;Contado;  473;07.11.2024;VED;-259,4900;0,0000;0,0000;0,0000;0,0000;-259,4900;0,0000;-11360,83;A19;K-Operaciones Nacionalización;Z003;Aduanal;;00-164382;-257,11;USD;-259,49
1000;10000265;BOLIVARIANA DE PUERTOS;A-PC DD 1135;A-PC DD 1135;KD;ND Acreed.Finanzas;1100000065;23.07.2024;NT00;Contado;  577;23.07.2024;VED;-178,4900;0,0000;0,0000;0,0000;0,0000;-178,4900;0,0000;-6520,60;A19;K-Operaciones Nacionalización;Z003;Aduanal;1900019357;00-3198499;-178,25;USD;-178,49
1000;10000265;BOLIVARIANA DE PUERTOS;A-PC D 261209;A-PC D 261209;KR;Factura acreedor;1900016126;28.07.2022;NT00;Contado; 1306;28.07.2022;VED;-14,1400;0,0000;0,0000;0,0000;0,0000;-14,1400;0,0000;-81,60;A19;K-Operaciones Nacionalización;Z003;Aduanal;;00-2911563;-10,22;USD;-14,14
1000;10000265;BOLIVARIANA DE PUERTOS;A-PC D 262159;A-PC D 262159;KR;Factura acreedor;1900016155;14.09.2022;NT00;Contado; 1271;14.09.2022;VED;-1,784,1100;0,0000;0,0000;0,0000;0,0000;-1784,1100;0,0000;-14280,00;A19;K-Operaciones Nacionalización;Z003;Aduanal;;00-3035026;-1778,89;USD;-1784,11
1000;10000265;BOLIVARIANA DE PUERTOS;A-PC D 262132;A-PC D 262132;KR;Factura acreedor;1900016156;14.09.2022;NT00;Contado; 1271;14.09.2022;VED;-50,9700;0,0000;0,0000;0,0000;0,0000;-50,9700;0,0000;-408,00;A19;K-Operaciones Nacionalización;Z003;Aduanal;;00-3034997;-50,82;USD;-50,97
1000;10000265;BOLIVARIANA DE PUERTOS;A-PC D 263089;A-PC D 263089;KR;Factura acreedor;1900016157;19.09.2022;NT00;Contado; 1271;19.09.2022;VED;-20,4000;0,0000;0,0000;0,0000;0,0000;-20,4000;0,0000;-164,22;A19;K-Operaciones Nacionalización;Z003;Aduanal;;00-3035980;-20,46;USD;-20,40
1000;10000265;BOLIVARIANA DE PUERTOS;A-PC D 264809;A-PC D 264809;KR;Factura acreedor;1900016181;26.09.2022;NT00;Contado; 1271;26.09.2022;VED;-1,071,2600;0,0000;0,0000;0,0000;0,0000;-1071,2600;0,0000;-8696,52;A19;K-Operaciones Nacionalización;Z003;Aduanal;;00-3037719;-1068,12;USD;-1071,26
1000;10000265;BOLIVARIANA DE PUERTOS;A-PC D 264807;A-PC D 264807;KR;Factura acreedor;1900016184;21.09.2022;NT00;Contado; 1271;21.09.2022;VED;-30,8700;0,0000;0,0000;0,0000;0,0000;-30,8700;0,0000;-248,47;A19;K-Operaciones Nacionalización;Z003;Aduanal;;00-3037717;-30,52;USD;-30,87
1000;10000265;BOLIVARIANA DE PUERTOS;A-PC D 269401;A-PC D 269401;KR;Factura acreedor;1900016293;18.10.2022;NT00;Contado; 1241;18.10.2022;VED;-10,1900;0,0000;0,0000;0,0000;0,0000;-10,1900;0,0000;-84,45;A19;K-Operaciones Nacionalización;Z003;Aduanal;;00-3043859;-10,07;USD;-10,19
1000;10000265;BOLIVARIANA DE PUERTOS;A-PC D 293875;A-PC D 293875;KR;Factura acreedor;1900016817;06.03.2023;NT00;Contado; 1090;06.03.2023;VED;-10,2000;0,0000;0,0000;0,0000;0,0000;-10,2000;0,0000;-248,07;A19;K-Operaciones Nacionalización;Z003;Aduanal;;00-3024101;-10,33;USD;-10,20
1000;10000265;BOLIVARIANA DE PUERTOS;A-PC D 306174;A-PC D 306174;KR;Factura acreedor;1900017105;22.05.2023;NT00;Contado; 1029;22.05.2023;VED;-356,9600;0,0000;0,0000;0,0000;0,0000;-356,9600;0,0000;-9246,30;A19;K-Operaciones Nacionalización;Z003;Aduanal;;00-3085042;-353,86;USD;-356,96
1000;10000265;BOLIVARIANA DE PUERTOS;A-PC D 310173;A-PC D 310173;KR;Factura acreedor;1900017199;19.06.2023;NT00;Contado;  998;19.06.2023;VED;-10,2000;0,0000;0,0000;0,0000;0,0000;-10,2000;0,0000;-277,14;A19;K-Operaciones Nacionalización;Z003;Aduanal;;00-3091097;-10,16;USD;-10,20
1000;10000265;BOLIVARIANA DE PUERTOS;A-PC D 346696;A-PC D 346696;KR;Factura acreedor;1900018022;04.01.2024;NT00;Contado;  777;04.01.2024;VED;-357,0000;0,0000;0,0000;0,0000;0,0000;-357,0000;0,0000;-12834,15;A19;K-Operaciones Nacionalización;Z003;Aduanal;;00-3141899;-356,44;USD;-357,00
1000;10000265;BOLIVARIANA DE PUERTOS;A-PC D 346695;A-PC D 346695;KR;Factura acreedor;1900018023;04.01.2024;NT00;Contado;  777;04.01.2024;VED;-10,2000;0,0000;0,0000;0,0000;0,0000;-10,2000;0,0000;-366,69;A19;K-Operaciones Nacionalización;Z003;Aduanal;;00-3141898;-10,18;USD;-10,20
1000;10000265;BOLIVARIANA DE PUERTOS;A-PC D 347373;A-PC D 347373;KR;Factura acreedor;1900018054;08.01.2024;NT00;Contado;  775;08.01.2024;VED;-10,2000;0,0000;0,0000;0,0000;0,0000;-10,2000;0,0000;-367,30;A19;K-Operaciones Nacionalización;Z003;Aduanal;;00-3143079;-10,23;USD;-10,20
1000;10000265;BOLIVARIANA DE PUERTOS;A-PC D 347394;A-PC D 347394;KR;Factura acreedor;1900018055;08.01.2024;NT00;Contado;  775;08.01.2024;VED;-357,0300;0,0000;0,0000;0,0000;0,0000;-357,0300;0,0000;-12855,57;A19;K-Operaciones Nacionalización;Z003;Aduanal;;00-3143100;-357,92;USD;-357,03
1000;10000265;BOLIVARIANA DE PUERTOS;A-PC D 362897;A-PC D 362897;KR;Factura acreedor;1900018476;21.03.2024;NT00;Contado;  720;21.03.2024;VED;-1,428,1500;0,0000;0,0000;0,0000;0,0000;-1428,1500;0,0000;-51822,12;A19;K-Operaciones Nacionalización;Z003;Aduanal;;00-3164200;-1427,59;USD;-1428,15
1000;10000265;BOLIVARIANA DE PUERTOS;A-PC D 362896;A-PC D 362896;KR;Factura acreedor;1900018477;21.03.2024;NT00;Contado;  720;21.03.2024;VED;-40,8000;0,0000;0,0000;0,0000;0,0000;-40,8000;0,0000;-1480,63;A19;K-Operaciones Nacionalización;Z003;Aduanal;;00-3164199;-40,79;USD;-40,80
1000;10000265;BOLIVARIANA DE PUERTOS;APC D 380668;A-PC D 380668;KR;Factura acreedor;1900019205;25.06.2024;NT00;Contado;  605;25.06.2024;VED;-30,6000;0,0000;0,0000;0,0000;0,0000;-30,6000;0,0000;-1112,92;A19;K-Operaciones Nacionalización;Z003;Aduanal;;00-3190432;-30,56;USD;-30,60
1000;10000265;BOLIVARIANA DE PUERTOS;APC D 380670;A-PC D 380670;KR;Factura acreedor;1900019206;25.06.2024;NT00;Contado;  605;25.06.2024;VED;-1,070,9300;0,0000;0,0000;0,0000;0,0000;-1070,9300;0,0000;-38952,27;A19;K-Operaciones Nacionalización;Z003;Aduanal;;00-3190434;-1069,86;USD;-1070,93
1000;10000265;BOLIVARIANA DE PUERTOS;APC D 380901;A-PC D 380901;KR;Factura acreedor;1900019207;26.06.2024;NT00;Contado;  605;26.06.2024;VED;-357,0400;0,0000;0,0000;0,0000;0,0000;-357,0400;0,0000;-12984,09;A19;K-Operaciones Nacionalización;Z003;Aduanal;;00-3191178;-356,62;USD;-357,04
1000;10000265;BOLIVARIANA DE PUERTOS;APC D 380897;A-PC D 380897;KR;Factura acreedor;1900019208;26.06.2024;NT00;Contado;  605;26.06.2024;VED;-10,2000;0,0000;0,0000;0,0000;0,0000;-10,2000;0,0000;-370,98;A19;K-Operaciones Nacionalización;Z003;Aduanal;;00-3191174;-10,19;USD;-10,20
1000;10000265;BOLIVARIANA DE PUERTOS;APC D 383581;A-PC D 383581;KR;Factura acreedor;1900019291;11.07.2024;NT00;Contado;  588;11.07.2024;VED;-10,2000;0,0000;0,0000;0,0000;0,0000;-10,2000;0,0000;-372,40;A19;K-Operaciones Nacionalización;Z003;Aduanal;;00-3194937;-10,20;USD;-10,20
1000;10000265;BOLIVARIANA DE PUERTOS;APC D 383584;A-PC D 383584;KR;Factura acreedor;1900019292;11.07.2024;NT00;Contado;  588;11.07.2024;VED;-356,9700;0,0000;0,0000;0,0000;0,0000;-356,9700;0,0000;-13034,07;A19;K-Operaciones Nacionalización;Z003;Aduanal;;00-3194940;-356,86;USD;-356,97
1000;10000265;BOLIVARIANA DE PUERTOS;APC D 386497;A-PC D 386497;KR;Factura acreedor;1900019357;23.07.2024;NT00;Contado;  577;23.07.2024;VED;-356,9900;0,0000;0,0000;0,0000;0,0000;-713,9800;0,0000;-13041,21;A19;K-Operaciones Nacionalización;Z003;Aduanal;1900019357;00-3198487;-356,52;USD;-356,99
1000;10000265;BOLIVARIANA DE PUERTOS;APC D 386492;A-PC D 386492;KR;Factura acreedor;1900019358;23.07.2024;NT00;Contado;  577;23.07.2024;VED;-10,2000;0,0000;0,0000;0,0000;0,0000;-10,2000;0,0000;-372,60;A19;K-Operaciones Nacionalización;Z003;Aduanal;;00-3198482;-10,18;USD;-10,20
1000;10000265;BOLIVARIANA DE PUERTOS;APC D 387711;A-PC D 387711;KR;Factura acreedor;1900019397;01.08.2024;NT00;Contado;  565;01.08.2024;VED;-10,2000;0,0000;0,0000;0,0000;0,0000;-10,2000;0,0000;-373,72;A19;K-Operaciones Nacionalización;Z003;Aduanal;;00-3451292;-10,19;USD;-10,20
1000;10000265;BOLIVARIANA DE PUERTOS;APC D 387712;A-PC D 387712;KR;Factura acreedor;1900019398;01.08.2024;NT00;Contado;  565;01.08.2024;VED;-357,0300;0,0000;0,0000;0,0000;0,0000;-357,0300;0,0000;-13080,48;A19;K-Operaciones Nacionalización;Z003;Aduanal;;00-3451293;-356,76;USD;-357,03
1000;10000265;BOLIVARIANA DE PUERTOS;APC D 390788;A-PC D 390788;KR;Factura acreedor;1900019441;15.08.2024;NT00;Contado;  553;15.08.2024;VED;-356,9700;0,0000;0,0000;0,0000;0,0000;-356,9700;0,0000;-13069,77;A19;K-Operaciones Nacionalización;Z003;Aduanal;;00-3454998;-356,35;USD;-356,97
1000;10000265;BOLIVARIANA DE PUERTOS;APC D 390787;A-PC D 390787;KR;Factura acreedor;1900019442;15.08.2024;NT00;Contado;  553;15.08.2024;VED;-10,2000;0,0000;0,0000;0,0000;0,0000;-10,2000;0,0000;-373,42;A19;K-Operaciones Nacionalización;Z003;Aduanal;;00-3454997;-10,18;USD;-10,20
1000;10000265;BOLIVARIANA DE PUERTOS;A-PC D 392633;A-PC D 392633;KR;Factura acreedor;1900019507;27.08.2024;NT00;Contado;  545;27.08.2024;VED;-20,4000;0,0000;0,0000;0,0000;0,0000;-20,4000;0,0000;-745,83;A19;K-Operaciones Nacionalización;Z003;Aduanal;;00-3457435;-20,36;USD;-20,40
1000;10000265;BOLIVARIANA DE PUERTOS;A-PC D 392635;A-PC D 392635;KR;Factura acreedor;1900019508;27.08.2024;NT00;Contado;  545;27.08.2024;VED;-713,9400;0,0000;0,0000;0,0000;0,0000;-713,9400;0,0000;-26103,84;A19;K-Operaciones Nacionalización;Z003;Aduanal;;00-3457437;-712,72;USD;-713,94
1000;10000265;BOLIVARIANA DE PUERTOS;A-PC D 394161;A-PC D 394161;KR;Factura acreedor;1900019537;05.09.2024;NT00;Contado;  536;05.09.2024;VED;-10,2000;0,0000;0,0000;0,0000;0,0000;-10,2000;0,0000;-373,72;A19;K-Operaciones Nacionalización;Z003;Aduanal;;00-3460529;-10,18;USD;-10,20
1000;10000265;BOLIVARIANA DE PUERTOS;A-PC D 394162;A-PC D 394162;KR;Factura acreedor;1900019538;05.09.2024;NT00;Contado;  536;05.09.2024;VED;-356,9600;0,0000;0,0000;0,0000;0,0000;-356,9600;0,0000;-13080,48;A19;K-Operaciones Nacionalización;Z003;Aduanal;;00-3460530;-356,45;USD;-356,96
1000;10000265;BOLIVARIANA DE PUERTOS;A-PC D 394157;A-PC D 394157;KR;Factura acreedor;1900019539;05.09.2024;NT00;Contado;  536;05.09.2024;VED;-713,9300;0,0000;0,0000;0,0000;0,0000;-713,9300;0,0000;-26160,96;A19;K-Operaciones Nacionalización;Z003;Aduanal;;00-3460524;-712,92;USD;-713,93
1000;10000265;BOLIVARIANA DE PUERTOS;A-PC D 394155;A-PC D 394155;KR;Factura acreedor;1900019540;05.09.2024;NT00;Contado;  536;05.09.2024;VED;-20,4000;0,0000;0,0000;0,0000;0,0000;-20,4000;0,0000;-747,45;A19;K-Operaciones Nacionalización;Z003;Aduanal;;00-3460522;-20,36;USD;-20,40
1000;10000265;BOLIVARIANA DE PUERTOS;A-PC D 395519;A-PC D 395519;KR;Factura acreedor;1900019563;12.09.2024;NT00;Contado;  529;12.09.2024;VED;-713,9600;0,0000;0,0000;0,0000;0,0000;-713,9600;0,0000;-26225,22;A19;K-Operaciones Nacionalización;Z003;Aduanal;;00-3461976;-713,79;USD;-713,96
1000;10000265;BOLIVARIANA DE PUERTOS;A-PC D 395518;A-PC D 395518;KR;Factura acreedor;1900019564;12.09.2024;NT00;Contado;  529;12.09.2024;VED;-20,4000;0,0000;0,0000;0,0000;0,0000;-20,4000;0,0000;-749,29;A19;K-Operaciones Nacionalización;Z003;Aduanal;;00-3461975;-20,39;USD;-20,40
1000;10000265;BOLIVARIANA DE PUERTOS;A-PC D 396893;A-PC D 396893;KR;Factura acreedor;1900019624;24.09.2024;NT00;Contado;  517;24.09.2024;VED;-10,2000;0,0000;0,0000;0,0000;0,0000;-10,2000;0,0000;-375,46;A19;K-Operaciones Nacionalización;Z003;Aduanal;;00-3464377;-10,19;USD;-10,20
1000;10000265;BOLIVARIANA DE PUERTOS;A-PC D 396895;A-PC D 396895;KR;Factura acreedor;1900019625;24.09.2024;NT00;Contado;  517;24.09.2024;VED;-356,9700;0,0000;0,0000;0,0000;0,0000;-356,9700;0,0000;-13141,17;A19;K-Operaciones Nacionalización;Z003;Aduanal;;00-3464379;-356,61;USD;-356,97
1000;10000265;BOLIVARIANA DE PUERTOS;A-PC J 089243;A-PC J 089243;KR;Factura acreedor;1900019700;22.10.2024;NT00;Contado;  489;22.10.2024;VED;-10,2000;0,0000;0,0000;0,0000;0,0000;-10,2000;0,0000;-399,63;A19;K-Operaciones Nacionalización;Z003;Aduanal;;00-3468686;-10,13;USD;-10,20
1000;10000265;BOLIVARIANA DE PUERTOS;A-PC D 403818;A-PC D 403818;KR;Factura acreedor;1900019729;25.10.2024;NT00;Contado;  486;25.10.2024;VED;-10,2000;0,0000;0,0000;0,0000;0,0000;-10,2000;0,0000;-416,97;A19;K-Operaciones Nacionalización;Z003;Aduanal;;00-2977649;-9,98;USD;-10,20
1000;10000265;BOLIVARIANA DE PUERTOS;A-PC D 403820;A-PC D 403820;KR;Factura acreedor;1900019730;25.10.2024;NT00;Contado;  486;25.10.2024;VED;-357,0000;0,0000;0,0000;0,0000;0,0000;-357,0000;0,0000;-14594,16;A19;K-Operaciones Nacionalización;Z003;Aduanal;;00-2977651;-349,67;USD;-357,00
1000;10000265;BOLIVARIANA DE PUERTOS;A-PC D 405582;A-PC D 405582;KR;Factura acreedor;1900019790;07.11.2024;NT00;Contado;  473;07.11.2024;VED;-20,4000;0,0000;0,0000;0,0000;0,0000;-20,4000;0,0000;-893,11;A19;K-Operaciones Nacionalización;Z003;Aduanal;;00-3479528;-19,98;USD;-20,40
1000;10000265;BOLIVARIANA DE PUERTOS;A-PC D 405584;A-PC D 405584;KR;Factura acreedor;1900019791;07.11.2024;NT00;Contado;  473;07.11.2024;VED;-713,9600;0,0000;0,0000;0,0000;0,0000;-713,9600;0,0000;-31258,92;A19;K-Operaciones Nacionalización;Z003;Aduanal;;00-3479530;-699,26;USD;-713,96
1000;10000265;BOLIVARIANA DE PUERTOS;A-PC D 407117;A-PC D 407117;KR;Factura acreedor;1900019814;13.11.2024;NT00;Contado;  467;13.11.2024;VED;-10,2000;0,0000;0,0000;0,0000;0,0000;-10,2000;0,0000;-458,28;A19;K-Operaciones Nacionalización;Z003;Aduanal;;00-3481192;-10,17;USD;-10,20
1000;10000265;BOLIVARIANA DE PUERTOS;A-PC D 407119;A-PC D 407119;KR;Factura acreedor;1900019815;13.11.2024;NT00;Contado;  467;13.11.2024;VED;-357,0100;0,0000;0,0000;0,0000;0,0000;-357,0100;0,0000;-16040,01;A19;K-Operaciones Nacionalización;Z003;Aduanal;;00-3481194;-356,02;USD;-357,01
1000;10000265;BOLIVARIANA DE PUERTOS;A-PC D 406521;A-PC D 406521;KR;Factura acreedor;1900019817;12.11.2024;NT00;Contado;  468;12.11.2024;VED;-713,9300;0,0000;0,0000;0,0000;0,0000;-713,9300;0,0000;-31951,50;A19;K-Operaciones Nacionalización;Z003;Aduanal;;00-3480565;-709,19;USD;-713,93
1000;10000265;BOLIVARIANA DE PUERTOS;A-PC D 406519;A-PC D 406519;KR;Factura acreedor;1900019818;12.11.2024;NT00;Contado;  468;12.11.2024;VED;-20,4000;0,0000;0,0000;0,0000;0,0000;-20,4000;0,0000;-912,90;A19;K-Operaciones Nacionalización;Z003;Aduanal;;00-3480563;-20,26;USD;-20,40
1000;10000265;BOLIVARIANA DE PUERTOS;A-PC D 407124;A-PC D 407124;KR;Factura acreedor;1900019820;13.11.2024;NT00;Contado;  467;13.11.2024;VED;-357,0100;0,0000;0,0000;0,0000;0,0000;-357,0100;0,0000;-16040,01;A19;K-Operaciones Nacionalización;Z003;Aduanal;;00-3481199;-356,02;USD;-357,01
1000;10000265;BOLIVARIANA DE PUERTOS;A-PC D 407122;A-PC D 407122;KR;Factura acreedor;1900019821;13.11.2024;NT00;Contado;  467;13.11.2024;VED;-10,2000;0,0000;0,0000;0,0000;0,0000;-10,2000;0,0000;-458,28;A19;K-Operaciones Nacionalización;Z003;Aduanal;;00-3481197;-10,17;USD;-10,20
1000;10000265;BOLIVARIANA DE PUERTOS;A-PC D 406502;A-PC D 406502;KR;Factura acreedor;1900019823;12.11.2024;NT00;Contado;  468;12.11.2024;VED;-20,4000;0,0000;0,0000;0,0000;0,0000;-20,4000;0,0000;-912,90;A19;K-Operaciones Nacionalización;Z003;Aduanal;;00-3480534;-20,26;USD;-20,40
1000;10000265;BOLIVARIANA DE PUERTOS;A-PC D 406503;A-PC D 406503;KR;Factura acreedor;1900019824;12.11.2024;NT00;Contado;  468;12.11.2024;VED;-713,9300;0,0000;0,0000;0,0000;0,0000;-713,9300;0,0000;-31951,50;A19;K-Operaciones Nacionalización;Z003;Aduanal;;00-3480535;-709,19;USD;-713,93
1000;10000265;BOLIVARIANA DE PUERTOS;A-PC D 406501;A-PC D 406501;KR;Factura acreedor;1900019826;12.11.2024;NT00;Contado;  468;12.11.2024;VED;-713,9300;0,0000;0,0000;0,0000;0,0000;-713,9300;0,0000;-31951,50;A19;K-Operaciones Nacionalización;Z003;Aduanal;;00-3480533;-709,19;USD;-713,93
1000;10000265;BOLIVARIANA DE PUERTOS;A-PC D 406499;A-PC D 406499;KR;Factura acreedor;1900019827;12.11.2024;NT00;Contado;  468;12.11.2024;VED;-20,4000;0,0000;0,0000;0,0000;0,0000;-20,4000;0,0000;-912,90;A19;K-Operaciones Nacionalización;Z003;Aduanal;;00-3480531;-20,26;USD;-20,40
1000;10000285;MEDITERRANEAN SHIPPING;095211;095211;KR;Factura acreedor;1900016814;10.03.2023;NT00;Contado; 1455;10.03.2023;VED;-71,4100;0,0000;0,0000;0,0000;0,0000;-71,4100;0,0000;-1723,59;A19;K-Operaciones Nacionalización;Z003;Aduanal;;00-75561;-71,81;USD;-71,41
1000;10000285;MEDITERRANEAN SHIPPING;095212;095212;KR;Factura acreedor;1900016815;10.03.2023;NT00;Contado; 1455;10.03.2023;VED;-20,4000;0,0000;0,0000;0,0000;0,0000;-20,4000;0,0000;-492,45;A19;K-Operaciones Nacionalización;Z003;Aduanal;;00-75562;-20,53;USD;-20,40
1000;10000285;MEDITERRANEAN SHIPPING;138564;138564;KR;Factura acreedor;1900019324;19.07.2024;NT00;Contado;  602;19.07.2024;VED;-71,4000;0,0000;0,0000;0,0000;0,0000;-71,4000;0,0000;-2611,09;A19;K-Operaciones Nacionalización;Z003;Aduanal;;01-19415;-71,33;USD;-71,40
1000;10000285;MEDITERRANEAN SHIPPING;142124;142124;KR;Factura acreedor;1900019522;04.09.2024;NT00;Contado;  537;04.09.2024;VED;-336,6100;0,0000;0,0000;0,0000;0,0000;-336,6100;0,0000;-12333,03;A19;K-Operaciones Nacionalización;Z003;Aduanal;;01-22975;-336,61;USD;-336,61
1000;10000285;MEDITERRANEAN SHIPPING;144564;144564;KR;Factura acreedor;1900019698;22.10.2024;NT00;Contado;  489;22.10.2024;VED;-71,4000;0,0000;0,0000;0,0000;0,0000;-71,4000;0,0000;-2797,45;A19;K-Operaciones Nacionalización;Z003;Aduanal;;01-25415;-71,40;USD;-71,40
1000;10000288;AGENTES ADUANALES LUGO;3296;3296;AB;Documento contable;0100140324;16.04.2020;NT00;Contado;  677;16.04.2020;VES;4,0000;0,0000;0,0000;0,0000;0,0000;4,0000;0,0000;16,15;A19;K-Operaciones Nacionalización;Z003;Aduanal;;;1615255,13;USD;4,00
1000;10000288;AGENTES ADUANALES LUGO;3295;3295;AB;Documento contable;0100140333;16.04.2020;;;0;16.04.2020;VES;-2,8100;-2,8100;0,0000;0,0000;0,0000;0,0000;0,0000;-11,35;A19;K-Operaciones Nacionalización;Z003;Aduanal;;;-1135353,17;USD;-2,81
1000;10000288;AGENTES ADUANALES LUGO;3297;3297;AB;Documento contable;0100140521;16.04.2020;;;0;16.04.2020;VES;8,4400;8,4400;0,0000;0,0000;0,0000;0,0000;0,0000;34,11;A19;K-Operaciones Nacionalización;Z003;Aduanal;;;3411477,66;USD;8,44
1000;10000288;AGENTES ADUANALES LUGO;3293;3293;AB;Documento contable;0100140713;16.04.2020;;;0;16.04.2020;VES;-1,0200;-1,0200;0,0000;0,0000;0,0000;0,0000;0,0000;-4,11;A19;K-Operaciones Nacionalización;Z003;Aduanal;;;-410690,61;USD;-1,02
1000;10000288;AGENTES ADUANALES LUGO;3305;3305;AB;Documento contable;0100141913;04.05.2020;;;0;04.05.2020;VES;3,8400;3,8400;0,0000;0,0000;0,0000;0,0000;0,0000;15,53;A19;K-Operaciones Nacionalización;Z003;Aduanal;;;1553216,08;USD;3,84
1000;10000288;AGENTES ADUANALES LUGO;3309;3309;AB;Documento contable;0100141917;12.05.2020;NT00;Contado;  677;12.05.2020;VES;24,9200;0,0000;0,0000;0,0000;0,0000;24,9200;0,0000;100,71;A19;K-Operaciones Nacionalización;Z003;Aduanal;;;10071482,71;USD;24,92
1000;10000288;AGENTES ADUANALES LUGO;3304;3304;AB;Documento contable;0100141931;04.05.2020;;;0;04.05.2020;VES;7,3900;7,3900;0,0000;0,0000;0,0000;0,0000;0,0000;29,87;A19;K-Operaciones Nacionalización;Z003;Aduanal;;;2987306,86;USD;7,39
1000;10000288;AGENTES ADUANALES LUGO;3303;3303;AB;Documento contable;0100142154;04.05.2020;NT00;Contado;  677;04.05.2020;VES;-4,0100;0,0000;0,0000;0,0000;0,0000;-4,0100;0,0000;-16,19;A19;K-Operaciones Nacionalización;Z003;Aduanal;;;-1618621,05;USD;-4,01
1000;10000288;AGENTES ADUANALES LUGO;3307;3307;AB;Documento contable;0100142161;04.05.2020;NT00;Contado;  677;04.05.2020;VES;0,6900;0,0000;0,0000;0,0000;0,0000;0,6900;0,0000;2,79;A19;K-Operaciones Nacionalización;Z003;Aduanal;;;278800,02;USD;0,69
1000;10000288;AGENTES ADUANALES LUGO;3334;3334;AB;Documento contable;0100146758;20.08.2020;;;0;20.08.2020;VES;15,7000;15,7000;0,0000;0,0000;0,0000;0,0000;0,0000;63,45;A19;K-Operaciones Nacionalización;Z003;Aduanal;;;6344854,23;USD;15,70
1000;10000288;AGENTES ADUANALES LUGO;3340;3340;AB;Documento contable;0100148116;11.09.2020;NT00;Contado;  677;11.09.2020;VES;-32,1900;0,0000;0,0000;0,0000;0,0000;-32,1900;0,0000;-130,09;A19;K-Operaciones Nacionalización;Z003;Aduanal;;;-13008998,59;USD;-32,19
1000;10000288;AGENTES ADUANALES LUGO;3339;3339;AB;Documento contable;0100148193;11.09.2020;NT00;Contado;  677;11.09.2020;VES;61,3100;0,0000;0,0000;0,0000;0,0000;61,3100;0,0000;247,80;A19;K-Operaciones Nacionalización;Z003;Aduanal;;;24779646,64;USD;61,31
1000;10000288;AGENTES ADUANALES LUGO;3343;3343;AB;Documento contable;0100148273;18.09.2020;NT00;Contado;  677;18.09.2020;VES;10,1700;0,0000;0,0000;0,0000;0,0000;10,1700;0,0000;41,10;A19;K-Operaciones Nacionalización;Z003;Aduanal;;;4109660,44;USD;10,17
1000;10000288;AGENTES ADUANALES LUGO;3306;3306;AB;Documento contable;0100148541;01.09.2020;NT00;Contado;  677;01.09.2020;VES;-5,7900;0,0000;0,0000;0,0000;0,0000;-5,7900;0,0000;-23,41;A19;K-Operaciones Nacionalización;Z003;Aduanal;;;-2341008,26;USD;-5,79
1000;10000288;AGENTES ADUANALES LUGO;3333;3333;AB;Documento contable;0100148567;01.09.2020;NT00;Contado;  677;01.09.2020;VES;30,7600;0,0000;0,0000;0,0000;0,0000;30,7600;0,0000;124,31;A19;K-Operaciones Nacionalización;Z003;Aduanal;;;12430836,78;USD;30,76
1000;10000288;AGENTES ADUANALES LUGO;3348;3348;AB;Documento contable;0100149133;05.10.2020;;;0;05.10.2020;VES;35,9600;35,9600;0,0000;0,0000;0,0000;0,0000;0,0000;145,36;A19;K-Operaciones Nacionalización;Z003;Aduanal;;;14535743,47;USD;35,96
1000;10000288;AGENTES ADUANALES LUGO;3347;3347;AB;Documento contable;0100149134;01.10.2020;;;0;01.10.2020;VES;5,1400;5,1400;0,0000;0,0000;0,0000;0,0000;0,0000;20,79;A19;K-Operaciones Nacionalización;Z003;Aduanal;;;2078588,67;USD;5,14
1000;10000288;AGENTES ADUANALES LUGO;3329;3329;AB;Documento contable;0100149135;01.10.2020;;;0;01.10.2020;VES;-17,3800;-17,3800;0,0000;0,0000;0,0000;0,0000;0,0000;-70,23;A19;K-Operaciones Nacionalización;Z003;Aduanal;;;-7022713,37;USD;-17,38
1000;10000288;AGENTES ADUANALES LUGO;3358;3358;AB;Documento contable;0100150427;05.11.2020;;;0;05.11.2020;VES;19,6300;19,6300;0,0000;0,0000;0,0000;0,0000;0,0000;79,33;A19;K-Operaciones Nacionalización;Z003;Aduanal;;;7933470,67;USD;19,63
1000;10000288;AGENTES ADUANALES LUGO;3352;3352;AB;Documento contable;0100150429;03.11.2020;;;0;03.11.2020;VES;-74,8700;-74,8700;0,0000;0,0000;0,0000;0,0000;0,0000;-302,61;A19;K-Operaciones Nacionalización;Z003;Aduanal;;;-30261381,52;USD;-74,87
1000;10000288;AGENTES ADUANALES LUGO;3357;3357;AB;Documento contable;0100150442;05.11.2020;NT00;Contado;  677;05.11.2020;VES;18,3500;0,0000;0,0000;0,0000;0,0000;18,3500;0,0000;74,16;A19;K-Operaciones Nacionalización;Z003;Aduanal;;;7416353,14;USD;18,35
1000;10000288;AGENTES ADUANALES LUGO;3364;3364;AB;Documento contable;0100151134;06.11.2020;;;0;06.11.2020;VES;33,5900;33,5900;0,0000;0,0000;0,0000;0,0000;0,0000;135,77;A19;K-Operaciones Nacionalización;Z003;Aduanal;;;13576969,39;USD;33,59
1000;10000288;AGENTES ADUANALES LUGO;3308;3308;AB;Documento contable;0100152403;01.12.2020;;;0;01.12.2020;VES;-0,9300;-0,9300;0,0000;0,0000;0,0000;0,0000;0,0000;-3,74;A19;K-Operaciones Nacionalización;Z003;Aduanal;;;-374378,05;USD;-0,93
1000;10000288;AGENTES ADUANALES LUGO;3366;3366;AB;Documento contable;0100155052;01.02.2021;;;0;01.02.2021;VES;-51,5200;-51,5200;0,0000;0,0000;0,0000;0,0000;0,0000;-208,22;A19;K-Operaciones Nacionalización;Z003;Aduanal;;;-236393566,59;USD;-51,52
1000;10000288;AGENTES ADUANALES LUGO;3376;3376;AB;Documento contable;0100156794;18.02.2021;NT00;Contado;  677;18.02.2021;VES;-204,0600;0,0000;0,0000;0,0000;0,0000;-204,0600;0,0000;-824,77;A19;K-Operaciones Nacionalización;Z003;Aduanal;;;-82477070,97;USD;-204,06
1000;10000288;AGENTES ADUANALES LUGO;3385;3385;AB;Documento contable;0100158474;10.03.2021;;;0;10.03.2021;VES;408,1400;408,1400;0,0000;0,0000;0,0000;0,0000;0,0000;1649,64;A19;K-Operaciones Nacionalización;Z003;Aduanal;;;164963928,02;USD;408,14
1000;10000288;AGENTES ADUANALES LUGO;3388;3388;AB;Documento contable;0100158493;25.03.2021;;;0;25.03.2021;VES;833,3800;833,3800;0,0000;0,0000;0,0000;0,0000;0,0000;3368,36;A19;K-Operaciones Nacionalización;Z003;Aduanal;;;336836404,89;USD;833,38
1000;10000288;AGENTES ADUANALES LUGO;3384;3384;AB;Documento contable;0100158606;10.03.2021;NT00;Contado;  677;10.03.2021;VES;178,3600;0,0000;0,0000;0,0000;0,0000;178,3600;0,0000;720,92;A19;K-Operaciones Nacionalización;Z003;Aduanal;;;72091953,66;USD;178,36
1000;10000288;AGENTES ADUANALES LUGO;3390;3390;AB;Documento contable;0100160595;16.04.2021;;;0;16.04.2021;VES;212,4900;212,4900;0,0000;0,0000;0,0000;0,0000;0,0000;858,86;A19;K-Operaciones Nacionalización;Z003;Aduanal;;;85886151,88;USD;212,49
1000;10000288;AGENTES ADUANALES LUGO;3394;3394;AB;Documento contable;0100160600;23.04.2021;;;0;23.04.2021;VES;-120,8000;-120,8000;0,0000;0,0000;0,0000;0,0000;0,0000;-488,27;A19;K-Operaciones Nacionalización;Z003;Aduanal;;;-48827248,01;USD;-120,80
1000;10000288;AGENTES ADUANALES LUGO;3342;3342;AB;Documento contable;0100161546;01.05.2021;;;0;01.05.2021;VES;-82,8300;-82,8300;0,0000;0,0000;0,0000;0,0000;0,0000;-334,77;A19;K-Operaciones Nacionalización;Z003;Aduanal;;;-33477497,56;USD;-82,83
1000;10000288;AGENTES ADUANALES LUGO;AGENTES ADUANALES;30062021;SA;Documento cta.mayor;0100165254;25.06.2021;;;0;25.06.2021;VES;3,773,1600;3773,1600;0,0000;0,0000;0,0000;0,0000;0,0000;15250,46;A19;K-Operaciones Nacionalización;Z003;Aduanal;;AGENTES ADUANALES LUGOMAR;1525045977,79;USD;3773,16
1000;10000288;AGENTES ADUANALES LUGO;700015802.803.812;;SA;Documento cta.mayor;0100172311;13.08.2021;NT00;Contado;  677;13.08.2021;VES;-13,0200;0,0000;0,0000;0,0000;0,0000;-13,0200;0,0000;-52,63;A19;K-Operaciones Nacionalización;Z003;Aduanal;;;-5263388,00;USD;-13,02
1000;10000288;AGENTES ADUANALES LUGO;A-PC-D 198637;A-PC-D 198637;AB;Documento contable;0100175363;09.07.2021;NT00;Contado;  677;09.07.2021;VES;-8,1900;0,0000;0,0000;0,0000;0,0000;-8,1900;0,0000;-33,11;A19;K-Operaciones Nacionalización;Z003;Aduanal;;A-PC-D 198637;-3311247,32;USD;-8,19
1000;10000288;AGENTES ADUANALES LUGO;A-PC-D 198638;A-PC-D 198638;AB;Documento contable;0100175364;09.07.2021;NT00;Contado;  677;09.07.2021;VES;-286,7400;0,0000;0,0000;0,0000;0,0000;-286,7400;0,0000;-1158,94;A19;K-Operaciones Nacionalización;Z003;Aduanal;;A-PC-D 198638;-115893656,13;USD;-286,74
1000;10000288;AGENTES ADUANALES LUGO;I020418;I020418;AB;Documento contable;0100175366;28.06.2021;NT00;Contado;  677;28.06.2021;VES;-57,8900;0,0000;0,0000;0,0000;0,0000;-57,8900;0,0000;-233,98;A19;K-Operaciones Nacionalización;Z003;Aduanal;;I020418;-23398089,30;USD;-57,89
1000;10000288;AGENTES ADUANALES LUGO;PBL-000977;PBL-000977;AB;Documento contable;0100175368;12.07.2021;NT00;Contado;  677;12.07.2021;VES;-155,4400;0,0000;0,0000;0,0000;0,0000;-155,4400;0,0000;-628,27;A19;K-Operaciones Nacionalización;Z003;Aduanal;;PBL-000977;-62827142,15;USD;-155,44
1000;10000288;AGENTES ADUANALES LUGO;A-09981;A-09981;AB;Documento contable;0100175372;21.07.2021;NT00;Contado;  677;21.07.2021;VES;-322,3600;0,0000;0,0000;0,0000;0,0000;-322,3600;0,0000;-1302,93;A19;K-Operaciones Nacionalización;Z003;Aduanal;;A-09981;-130292982,97;USD;-322,36
1000;10000288;AGENTES ADUANALES LUGO;A-PC-D 200635;A-PC-D 200635;AB;Documento contable;0100175385;28.07.2021;NT00;Contado;  677;28.07.2021;VES;-8,6900;0,0000;0,0000;0,0000;0,0000;-8,6900;0,0000;-35,12;A19;K-Operaciones Nacionalización;Z003;Aduanal;;A-PC-D 200635;-3512262,62;USD;-8,69
1000;10000288;AGENTES ADUANALES LUGO;A-PC-D 200677;A-PC-D 200677;AB;Documento contable;0100175386;28.07.2021;NT00;Contado;  677;28.07.2021;VES;-304,1400;0,0000;0,0000;0,0000;0,0000;-304,1400;0,0000;-1229,29;A19;K-Operaciones Nacionalización;Z003;Aduanal;;A-PC-D 200677;-122929191,86;USD;-304,14
1000;10000288;AGENTES ADUANALES LUGO;I020417;I020417;AB;Documento contable;0100175388;28.06.2021;NT00;Contado;  677;28.06.2021;VES;-57,8900;0,0000;0,0000;0,0000;0,0000;-57,8900;0,0000;-233,98;A19;K-Operaciones Nacionalización;Z003;Aduanal;;I020417;-23398089,30;USD;-57,89
1000;10000288;AGENTES ADUANALES LUGO;H PBL-001453;H PBL-001453;AB;Documento contable;0100175390;28.07.2021;NT00;Contado;  677;28.07.2021;VES;-173,5000;0,0000;0,0000;0,0000;0,0000;-173,5000;0,0000;-701,27;A19;K-Operaciones Nacionalización;Z003;Aduanal;;H PBL-001453;-70126766,63;USD;-173,50
1000;10000288;AGENTES ADUANALES LUGO;A-10034;A-10034;AB;Documento contable;0100175394;09.08.2021;NT00;Contado;  677;09.08.2021;VES;-448,2200;0,0000;0,0000;0,0000;0,0000;-448,2200;0,0000;-1811,64;A19;K-Operaciones Nacionalización;Z003;Aduanal;;A-10034;-181164131,68;USD;-448,22
1000;10000288;AGENTES ADUANALES LUGO;APCJ079229;APCJ079229;AB;Documento contable;0100175396;06.05.2021;NT00;Contado;  677;06.05.2021;VES;-316,8300;0,0000;0,0000;0,0000;0,0000;-316,8300;0,0000;-1280,56;A19;K-Operaciones Nacionalización;Z003;Aduanal;;APCJ079229;-128055914,26;USD;-316,83
1000;10000288;AGENTES ADUANALES LUGO;APCJ079230;APCJ079230;AB;Documento contable;0100175397;06.05.2021;NT00;Contado;  677;06.05.2021;VES;-7,2300;0,0000;0,0000;0,0000;0,0000;-7,2300;0,0000;-29,24;A19;K-Operaciones Nacionalización;Z003;Aduanal;;APCJ079230;-2923651,01;USD;-7,23
1000;10000288;AGENTES ADUANALES LUGO;A000055;A000055;AB;Documento contable;0100175405;18.05.2021;NT00;Contado;  677;18.05.2021;VES;-191,7300;0,0000;0,0000;0,0000;0,0000;-191,7300;0,0000;-774,96;A19;K-Operaciones Nacionalización;Z003;Aduanal;;A000055;-77495704,86;USD;-191,73
1000;10000288;AGENTES ADUANALES LUGO;EXP 20102821;EXP 20102821;AB;Documento contable;0100175407;23.09.2021;NT00;Contado;  677;23.09.2021;VES;-1,951,8300;0,0000;0,0000;0,0000;0,0000;-1951,8300;0,0000;-7888,96;A19;K-Operaciones Nacionalización;Z003;Aduanal;;EXPEDIENTE 20102821;-788895594,46;USD;-1951,83
1000;10000288;AGENTES ADUANALES LUGO;EXP 20102825;EXP 20102825;AB;Documento contable;0100175427;23.09.2021;NT00;Contado;  677;23.09.2021;VES;-921,5000;0,0000;0,0000;0,0000;0,0000;-921,5000;0,0000;-3724,54;A19;K-Operaciones Nacionalización;Z003;Aduanal;;EXPEDIENTE  20102825;-372453970,83;USD;-921,50
1000;10000288;AGENTES ADUANALES LUGO;I023226;I023226;AB;Documento contable;0100175434;23.09.2021;NT00;Contado;  677;23.09.2021;VES;-77,0900;0,0000;0,0000;0,0000;0,0000;-77,0900;0,0000;-311,57;A19;K-Operaciones Nacionalización;Z003;Aduanal;;I023226;-31157425,84;USD;-77,09
1000;10000288;AGENTES ADUANALES LUGO;A-09858;A-09858;AB;Documento contable;0100175441;23.09.2021;NT00;Contado;  677;23.09.2021;VES;-10,2800;0,0000;0,0000;0,0000;0,0000;-10,2800;0,0000;-41,55;A19;K-Operaciones Nacionalización;Z003;Aduanal;;A-09858;-4155209,15;USD;-10,28
1000;10000288;AGENTES ADUANALES LUGO;9251209855;9251209855;SA;Documento cta.mayor;0100178457;10.11.2021;;;0;10.11.2021;USD;3,714,9800;3714,9800;0,0000;0,0000;0,0000;0,0000;0,0000;16532,03;A19;K-Operaciones Nacionalización;Z003;Aduanal;;LUGOMAR;3714,98;USD;3714,98
1000;10000288;AGENTES ADUANALES LUGO;I024896;;AB;Documento contable;0100178575;16.11.2021;NT00;Contado;  677;16.11.2021;VED;-72,2500;0,0000;0,0000;0,0000;0,0000;-72,2500;0,0000;-324,27;A19;K-Operaciones Nacionalización;Z003;Aduanal;;TRASLADO FACT CRUCE ANTIC;-72,25;USD;-72,25
1000;10000288;AGENTES ADUANALES LUGO;A-000534;;AB;Documento contable;0100178577;16.11.2021;NT00;Contado;  677;16.11.2021;VED;-224,2200;0,0000;0,0000;0,0000;0,0000;-224,2200;0,0000;-1006,37;A19;K-Operaciones Nacionalización;Z003;Aduanal;;TRASLADO FACT CRUCE ANTIC;-224,22;USD;-224,22
1000;10000288;AGENTES ADUANALES LUGO;EXPEDIENT 20102824;EXP 20102824;SA;Documento cta.mayor;0100181924;30.08.2021;NT00;Contado;  677;30.08.2021;VED;-434,6300;0,0000;0,0000;0,0000;0,0000;-434,6300;0,0000;-1756,70;A19;K-Operaciones Nacionalización;Z003;Aduanal;;EXPEDIENTE  20102824;-382,75;USD;-434,63
1000;10000288;AGENTES ADUANALES LUGO;EXPEDIENT 20102824;EXP 20102824;SA;Documento cta.mayor;0100181925;30.08.2021;NT00;Contado;  677;30.08.2021;VED;-4,514,6200;0,0000;0,0000;0,0000;0,0000;-4514,6200;0,0000;-18247,33;A19;K-Operaciones Nacionalización;Z003;Aduanal;;EXPEDIENTE  20102824;-3975,71;USD;-4514,62
1000;10000288;AGENTES ADUANALES LUGO;EXPEDIENT 20102824;EXP 20102824;SA;Documento cta.mayor;0100181927;26.08.2021;NT00;Contado;  677;26.08.2021;VED;-104,3100;0,0000;0,0000;0,0000;0,0000;-104,3100;0,0000;-421,61;A19;K-Operaciones Nacionalización;Z003;Aduanal;;EXPEDIENTE  20102824;-91,86;USD;-104,31
1000;10000288;AGENTES ADUANALES LUGO;EXPEDIENT 20102813;EXP 20102813;SA;Documento cta.mayor;0100181928;19.07.2021;NT00;Contado;  677;19.07.2021;VED;-52,6200;0,0000;0,0000;0,0000;0,0000;-52,6200;0,0000;-212,70;A19;K-Operaciones Nacionalización;Z003;Aduanal;;EXPEDIENTE  20102813;-46,34;USD;-52,62
1000;10000288;AGENTES ADUANALES LUGO;EXPEDIENT 20102813;EXP 20102813;SA;Documento cta.mayor;0100181929;07.07.2021;NT00;Contado;  677;07.07.2021;VED;-960,4400;0,0000;0,0000;0,0000;0,0000;-960,4400;0,0000;-3881,95;A19;K-Operaciones Nacionalización;Z003;Aduanal;;EXPEDIENTE  20102813;-845,80;USD;-960,44
1000;10000288;AGENTES ADUANALES LUGO;EXPEDIENT 20102813;EXP 20102813;SA;Documento cta.mayor;0100181930;07.07.2021;NT00;Contado;  677;07.07.2021;VED;-219,2600;0,0000;0,0000;0,0000;0,0000;-219,2600;0,0000;-886,23;A19;K-Operaciones Nacionalización;Z003;Aduanal;;EXPEDIENTE  20102813;-193,09;USD;-219,26
1000;10000288;AGENTES ADUANALES LUGO;EXPEDIENT 20102815;EXP 20102815;SA;Documento cta.mayor;0100181932;21.07.2021;NT00;Contado;  677;21.07.2021;VED;-94,5600;0,0000;0,0000;0,0000;0,0000;-94,5600;0,0000;-382,19;A19;K-Operaciones Nacionalización;Z003;Aduanal;;EXPEDIENTE  20102815;-83,27;USD;-94,56
1000;10000288;AGENTES ADUANALES LUGO;EXPEDIENT 20102815;EXP 20102815;SA;Documento cta.mayor;0100181933;23.07.2021;NT00;Contado;  677;23.07.2021;VED;-394,0000;0,0000;0,0000;0,0000;0,0000;-394,0000;0,0000;-1592,48;A19;K-Operaciones Nacionalización;Z003;Aduanal;;EXPEDIENTE  20102815;-346,97;USD;-394,00
1000;10000288;AGENTES ADUANALES LUGO;EXPEDIENT 20102815;EXP 20102815;SA;Documento cta.mayor;0100181934;23.07.2021;NT00;Contado;  677;23.07.2021;VED;-394,0000;0,0000;0,0000;0,0000;0,0000;-394,0000;0,0000;-1592,48;A19;K-Operaciones Nacionalización;Z003;Aduanal;;EXPEDIENTE  20102815;-346,97;USD;-394,00
1000;10000288;AGENTES ADUANALES LUGO;EXPEDIENT 20102825;EXP 20102825;SA;Documento cta.mayor;0100181944;26.08.2021;NT00;Contado;  677;26.08.2021;VED;-100,3700;0,0000;0,0000;0,0000;0,0000;-100,3700;0,0000;-405,69;A19;K-Operaciones Nacionalización;Z003;Aduanal;;EXPEDIENTE  20102825;-88,39;USD;-100,37
1000;10000288;AGENTES ADUANALES LUGO;EXPEDIENT 20102825;EXP 20102825;SA;Documento cta.mayor;0100181945;01.09.2021;NT00;Contado;  677;01.09.2021;VED;-1,374,7600;0,0000;0,0000;0,0000;0,0000;-1374,7600;0,0000;-5556,56;A19;K-Operaciones Nacionalización;Z003;Aduanal;;EXPEDIENTE  20102825;-1210,66;USD;-1374,76
1000;10000288;AGENTES ADUANALES LUGO;EXPEDIENT 20102825;EXP 20102825;SA;Documento cta.mayor;0100181946;01.09.2021;NT00;Contado;  677;01.09.2021;VED;-418,2200;0,0000;0,0000;0,0000;0,0000;-418,2200;0,0000;-1690,38;A19;K-Operaciones Nacionalización;Z003;Aduanal;;EXPEDIENTE  20102825;-368,30;USD;-418,22
1000;10000288;AGENTES ADUANALES LUGO;EXPEDIENT 20102821;EX 20102821;SA;Documento cta.mayor;0100181947;18.08.2021;NT00;Contado;  677;18.08.2021;VED;-20,5800;0,0000;0,0000;0,0000;0,0000;-20,5800;0,0000;-83,18;A19;K-Operaciones Nacionalización;Z003;Aduanal;;EXPEDIENTE  20102821;-18,12;USD;-20,58
1000;10000288;AGENTES ADUANALES LUGO;EXPEDIENT 20102821;EX 20102821;SA;Documento cta.mayor;0100181948;20.08.2021;NT00;Contado;  677;20.08.2021;VED;-85,7500;0,0000;0,0000;0,0000;0,0000;-85,7500;0,0000;-346,59;A19;K-Operaciones Nacionalización;Z003;Aduanal;;EXPEDIENTE  20102821;-75,51;USD;-85,75
1000;10000288;AGENTES ADUANALES LUGO;EXPEDIENT 20102821;EX 20102821;SA;Documento cta.mayor;0100181949;20.08.2021;NT00;Contado;  677;20.08.2021;VED;-85,7500;0,0000;0,0000;0,0000;0,0000;-85,7500;0,0000;-346,59;A19;K-Operaciones Nacionalización;Z003;Aduanal;;EXPEDIENTE  20102821;-75,51;USD;-85,75
1000;10000288;AGENTES ADUANALES LUGO;EXPEDIENT 20102822;EX 20102822;SA;Documento cta.mayor;0100181950;18.08.2021;NT00;Contado;  677;18.08.2021;VED;-77,2700;0,0000;0,0000;0,0000;0,0000;-77,2700;0,0000;-312,33;A19;K-Operaciones Nacionalización;Z003;Aduanal;;EXPEDIENTE  20102822;-68,05;USD;-77,27
1000;10000288;AGENTES ADUANALES LUGO;EXPEDIENT 20102822;EX 20102822;SA;Documento cta.mayor;0100181952;24.08.2021;NT00;Contado;  677;24.08.2021;VED;-321,9800;0,0000;0,0000;0,0000;0,0000;-321,9800;0,0000;-1301,39;A19;K-Operaciones Nacionalización;Z003;Aduanal;;EXPEDIENTE  20102822;-283,55;USD;-321,98
1000;10000288;AGENTES ADUANALES LUGO;EXPEDIENT 20102822;EX 20102822;SA;Documento cta.mayor;0100181953;24.08.2021;NT00;Contado;  677;24.08.2021;VED;-321,9800;0,0000;0,0000;0,0000;0,0000;-321,9800;0,0000;-1301,39;A19;K-Operaciones Nacionalización;Z003;Aduanal;;EXPEDIENTE  20102822;-283,55;USD;-321,98
1000;10000288;AGENTES ADUANALES LUGO;EXPEDIENT 20102796;EX 20102796;SA;Documento cta.mayor;0100181955;17.02.2021;NT00;Contado;  677;17.02.2021;VED;-42,3900;0,0000;0,0000;0,0000;0,0000;-42,3900;0,0000;-171,33;A19;K-Operaciones Nacionalización;Z003;Aduanal;;EXPEDIENTE  20102796;-37,33;USD;-42,39
1000;10000288;AGENTES ADUANALES LUGO;EXPEDIENT 20102796;EX 20102796;SA;Documento cta.mayor;0100181956;23.02.2021;NT00;Contado;  677;23.02.2021;VED;-807,6900;0,0000;0,0000;0,0000;0,0000;-807,6900;0,0000;-3264,56;A19;K-Operaciones Nacionalización;Z003;Aduanal;;EXPEDIENTE  20102796;-711,28;USD;-807,69
1000;10000288;AGENTES ADUANALES LUGO;EXPEDIENT 20102796;EX 20102796;SA;Documento cta.mayor;0100181957;23.02.2021;NT00;Contado;  677;23.02.2021;VED;-10,7600;0,0000;0,0000;0,0000;0,0000;-10,7600;0,0000;-43,48;A19;K-Operaciones Nacionalización;Z003;Aduanal;;EXPEDIENTE  20102796;-9,47;USD;-10,76
1000;10000288;AGENTES ADUANALES LUGO;EXPEDIENT 20102797;EX 20102797;SA;Documento cta.mayor;0100181960;03.03.2021;NT00;Contado;  677;03.03.2021;VED;-28,2900;0,0000;0,0000;0,0000;0,0000;-28,2900;0,0000;-114,33;A19;K-Operaciones Nacionalización;Z003;Aduanal;;EXPEDIENTE  20102797;-24,91;USD;-28,29
1000;10000288;AGENTES ADUANALES LUGO;EXPEDIENT 20102832;EXP 20102832;SA;Documento cta.mayor;0100181997;08.11.2021;NT00;Contado;  677;08.11.2021;VED;-70,2200;0,0000;0,0000;0,0000;0,0000;-70,2200;0,0000;-312,11;A19;K-Operaciones Nacionalización;Z003;Aduanal;;EXPEDIENTE  20102832;-68,00;USD;-70,22
1000;10000288;AGENTES ADUANALES LUGO;EXPEDIENT 20102832;EXP 20102832;SA;Documento cta.mayor;0100181998;10.11.2021;NT00;Contado;  677;10.11.2021;VED;-292,2300;0,0000;0,0000;0,0000;0,0000;-292,2300;0,0000;-1300,45;A19;K-Operaciones Nacionalización;Z003;Aduanal;;EXPEDIENTE  20102832;-283,34;USD;-292,23
1000;10000288;AGENTES ADUANALES LUGO;EXPEDIENT 20102832;EXP 20102832;SA;Documento cta.mayor;0100181999;10.11.2021;NT00;Contado;  677;10.11.2021;VED;-292,2300;0,0000;0,0000;0,0000;0,0000;-292,2300;0,0000;-1300,45;A19;K-Operaciones Nacionalización;Z003;Aduanal;;EXPEDIENTE  20102832;-283,34;USD;-292,23
1000;10000288;AGENTES ADUANALES LUGO;EXPEDIENT 20102827;EXP 20102827;SA;Documento cta.mayor;0100182000;07.10.2021;NT00;Contado;  677;07.10.2021;VED;-39,9300;0,0000;0,0000;0,0000;0,0000;-39,9300;0,0000;-166,33;A19;K-Operaciones Nacionalización;Z003;Aduanal;;EXPEDIENTE  20102827;-36,24;USD;-39,93
1000;10000288;AGENTES ADUANALES LUGO;EXPEDIENT 20102827;EXP 20102827;SA;Documento cta.mayor;0100182001;11.10.2021;NT00;Contado;  677;11.10.2021;VED;-166,4400;0,0000;0,0000;0,0000;0,0000;-166,4400;0,0000;-693,06;A19;K-Operaciones Nacionalización;Z003;Aduanal;;EXPEDIENTE  20102827;-151,00;USD;-166,44
1000;10000288;AGENTES ADUANALES LUGO;EXPEDIENT 20102827;EXP 20102827;SA;Documento cta.mayor;0100182002;11.10.2021;NT00;Contado;  677;11.10.2021;VED;-166,4400;0,0000;0,0000;0,0000;0,0000;-166,4400;0,0000;-693,06;A19;K-Operaciones Nacionalización;Z003;Aduanal;;EXPEDIENTE  20102827;-151,00;USD;-166,44
1000;10000288;AGENTES ADUANALES LUGO;EXPEDIENT 20102764;EXP 20102764;SA;Documento cta.mayor;0100182221;31.08.2020;NT00;Contado;  677;31.08.2020;VED;-6,3900;0,0000;0,0000;0,0000;0,0000;-6,3900;0,0000;-25,82;A19;K-Operaciones Nacionalización;Z003;Aduanal;;EXPEDIENTE  20102764;-5,63;USD;-6,39
1000;10000288;AGENTES ADUANALES LUGO;;;AB;Documento contable;0100182745;27.01.2022;NT00;Contado;  677;27.01.2022;VED;-55,6100;0,0000;0,0000;0,0000;0,0000;-55,6100;0,0000;-254,88;A19;K-Operaciones Nacionalización;Z003;Aduanal;;COMPENSACION;-55,61;USD;-55,61
1000;10000288;AGENTES ADUANALES LUGO;;;AB;Documento contable;0100182762;27.01.2022;NT00;Contado;  677;27.01.2022;VED;-54,8800;0,0000;0,0000;0,0000;0,0000;-54,8800;0,0000;-251,54;A19;K-Operaciones Nacionalización;Z003;Aduanal;;COMPENSACION;-54,88;USD;-54,88
1000;10000288;AGENTES ADUANALES LUGO;;;AB;Documento contable;0100182768;27.01.2022;NT00;Contado;  677;27.01.2022;VED;-3,741,3300;0,0000;0,0000;0,0000;0,0000;-3741,3300;0,0000;-17149,13;A19;K-Operaciones Nacionalización;Z003;Aduanal;;COMPENSACION;-3741,34;USD;-3741,33
1000;10000288;AGENTES ADUANALES LUGO;;;AB;Documento contable;0100182776;27.01.2022;NT00;Contado;  677;27.01.2022;VED;-98,9200;0,0000;0,0000;0,0000;0,0000;-98,9200;0,0000;-453,44;A19;K-Operaciones Nacionalización;Z003;Aduanal;;COMPENSACION;-98,92;USD;-98,92
1000;10000288;AGENTES ADUANALES LUGO;164918439;REINTEGRO;SA;Documento cta.mayor;0100189938;23.02.2022;NT00;Contado;  677;23.02.2022;USD;-689,0000;0,0000;0,0000;0,0000;0,0000;-689,0000;0,0000;-2992,12;A19;K-Operaciones Nacionalización;Z003;Aduanal;;REINTEGRO;-689,00;USD;-689,00
1000;10000288;AGENTES ADUANALES LUGO;;;SA;Documento cta.mayor;0100193730;12.09.2022;;;0;12.09.2022;VED;134,0400;134,0400;0,0000;0,0000;0,0000;0,0000;0,0000;1070,07;A19;K-Operaciones Nacionalización;Z003;Aduanal;;;134,04;USD;134,04
1000;10000288;AGENTES ADUANALES LUGO;OC 43-0334;;SA;Documento cta.mayor;0100193771;14.09.2022;;;0;14.09.2022;VED;96,2200;96,2200;0,0000;0,0000;0,0000;0,0000;0,0000;770,18;A19;K-Operaciones Nacionalización;Z003;Aduanal;;;96,22;USD;96,22
1000;10000288;AGENTES ADUANALES LUGO;OC 43-0328;;SA;Documento cta.mayor;0100193780;14.09.2022;;;0;14.09.2022;VED;125,0100;125,0100;0,0000;0,0000;0,0000;0,0000;0,0000;1000,59;A19;K-Operaciones Nacionalización;Z003;Aduanal;;;125,01;USD;125,01
1000;10000288;AGENTES ADUANALES LUGO;OC 43-0337;;SA;Documento cta.mayor;0100193781;14.09.2022;;;0;14.09.2022;VED;118,6000;118,6000;0,0000;0,0000;0,0000;0,0000;0,0000;949,31;A19;K-Operaciones Nacionalización;Z003;Aduanal;;;118,60;USD;118,60
1000;10000288;AGENTES ADUANALES LUGO;EXP 20102866;EXP 20102866;AB;Documento contable;0100195233;25.08.2022;NT00;Contado;  677;25.08.2022;VED;-60,4800;0,0000;0,0000;0,0000;0,0000;-60,4800;0,0000;-424,28;A19;K-Operaciones Nacionalización;Z003;Aduanal;;EXP 20102866;-51,84;USD;-60,48
1000;10000288;AGENTES ADUANALES LUGO;EXP 20102859;EXP 20102859;AB;Documento contable;0100195886;25.08.2022;;;0;25.08.2022;VED;3,081,0600;3081,0600;0,0000;0,0000;0,0000;0,0000;0,0000;21612,73;A19;K-Operaciones Nacionalización;Z003;Aduanal;;EXP 20102859;2614,34;USD;3081,06
1000;10000288;AGENTES ADUANALES LUGO;EXP 20102854;EXP 20102854;SA;Documento cta.mayor;0100196249;17.05.2022;NT00;Contado;  677;17.05.2022;VED;-360,2800;0,0000;0,0000;0,0000;0,0000;-360,2800;0,0000;-1723,88;A19;K-Operaciones Nacionalización;Z003;Aduanal;;EXP 20102854;-205,74;USD;-360,28
1000;10000288;AGENTES ADUANALES LUGO;EXP 20102846;;SA;Documento cta.mayor;0100196270;29.03.2022;NT00;Contado;  677;29.03.2022;VED;-476,0200;0,0000;0,0000;0,0000;0,0000;-476,0200;0,0000;-2079,88;A19;K-Operaciones Nacionalización;Z003;Aduanal;;;-248,43;USD;-476,02
1000;10000288;AGENTES ADUANALES LUGO;EXP20102850;EXP20102850;SA;Documento cta.mayor;0100197507;06.05.2022;;;0;06.05.2022;VED;1,148,3400;1148,3400;0,0000;0,0000;0,0000;0,0000;0,0000;5237,00;A19;K-Operaciones Nacionalización;Z003;Aduanal;;OC 43/339 EXP20102850;593,15;USD;1148,34
1000;10000288;AGENTES ADUANALES LUGO;EXP20102845;EXP20102845;SA;Documento cta.mayor;0100197511;18.03.2022;NT00;Contado;  677;18.03.2022;VED;-266,7800;0,0000;0,0000;0,0000;0,0000;-266,7800;0,0000;-1145,82;A19;K-Operaciones Nacionalización;Z003;Aduanal;;OC 43/330 EXP20102845;-129,78;USD;-266,78
1000;10000288;AGENTES ADUANALES LUGO;EXP20102857;EXP20102857;SA;Documento cta.mayor;0100197515;10.06.2022;NT00;Contado;  677;10.06.2022;VED;-67,5100;0,0000;0,0000;0,0000;0,0000;-67,5100;0,0000;-354,68;A19;K-Operaciones Nacionalización;Z003;Aduanal;;OC 43-351 EXP20102857;-40,17;USD;-67,51
1000;10000288;AGENTES ADUANALES LUGO;EXP 20102867;EXP20102867;AB;Documento contable;0100197517;27.07.2022;NT00;Contado;  677;27.07.2022;VED;-95,4200;0,0000;0,0000;0,0000;0,0000;-95,4200;0,0000;-548,23;A19;K-Operaciones Nacionalización;Z003;Aduanal;;OC 43/374 EXP 20102867;-62,09;USD;-95,42
1000;10000288;AGENTES ADUANALES LUGO;EXP 20102840;EXP 20102840;SA;Documento cta.mayor;0100198090;22.02.2022;NT00;Contado;  677;22.02.2022;VED;-442,0100;0,0000;0,0000;0,0000;0,0000;-442,0100;0,0000;-1948,29;A19;K-Operaciones Nacionalización;Z003;Aduanal;;EXPEDIENTE 20102840;-198,92;USD;-442,01
1000;10000288;AGENTES ADUANALES LUGO;EXP 20102861;EXP 20102861;SA;Documento cta.mayor;0100198100;30.06.2022;NT00;Contado;  677;30.06.2022;VED;-2,167,6500;0,0000;0,0000;0,0000;0,0000;-2167,6500;0,0000;-11997,09;A19;K-Operaciones Nacionalización;Z003;Aduanal;;EXPEDIENTE 20102861;-1224,88;USD;-2167,65
1000;10000288;AGENTES ADUANALES LUGO;EXP 20102865;EXP 20102865;SA;Documento cta.mayor;0100198144;20.07.2022;;;0;20.07.2022;VED;199,3500;199,3500;0,0000;0,0000;0,0000;0,0000;0,0000;1136,54;A19;K-Operaciones Nacionalización;Z003;Aduanal;;EXPEDIENTE 20102865;116,04;USD;199,35
1000;10000288;AGENTES ADUANALES LUGO;EXP 20102835;EXP 20102835;SA;Documento cta.mayor;0100198146;23.12.2021;;;0;23.12.2021;VED;201,1200;201,1200;0,0000;0,0000;0,0000;0,0000;0,0000;921,71;A19;K-Operaciones Nacionalización;Z003;Aduanal;;EXPEDIENTE 20102835;94,10;USD;201,12
1000;10000288;AGENTES ADUANALES LUGO;EXP 20102844;EXP 20102844;SA;Documento cta.mayor;0100198159;10.03.2022;;;0;10.03.2022;VED;675,5900;675,5900;0,0000;0,0000;0,0000;0,0000;0,0000;2923,76;A19;K-Operaciones Nacionalización;Z003;Aduanal;;EXPEDIENTE 20102844;298,51;USD;675,59
1000;10000288;AGENTES ADUANALES LUGO;EXP 20102853;EXP 20102853;SA;Documento cta.mayor;0100198329;06.06.2022;;;0;06.06.2022;VED;85,9700;85,9700;0,0000;0,0000;0,0000;0,0000;0,0000;442,84;A19;K-Operaciones Nacionalización;Z003;Aduanal;;EXPEDIENTE 20102853;42,54;USD;85,97
1000;10000288;AGENTES ADUANALES LUGO;EXP 20102858;EXP 20102858;SA;Documento cta.mayor;0100200612;07.06.2022;NT00;Contado;  677;07.06.2022;VED;-285,1800;0,0000;0,0000;0,0000;0,0000;-285,1800;0,0000;-1469,78;A19;K-Operaciones Nacionalización;Z003;Aduanal;;EXP 20102858;-91,86;USD;-285,18
1000;10000288;AGENTES ADUANALES LUGO;EXP 20102852;EXP 20102852;SA;Documento cta.mayor;0100200613;24.05.2022;;;0;24.05.2022;VED;795,7700;795,7700;0,0000;0,0000;0,0000;0,0000;0,0000;3928,56;A19;K-Operaciones Nacionalización;Z003;Aduanal;;EXP 20102852;245,53;USD;795,77
1000;10000288;AGENTES ADUANALES LUGO;EXP 20102879;EXP 20102879;SA;Documento cta.mayor;0100203281;15.09.2022;NT00;Contado;  677;15.09.2022;VED;-694,5600;0,0000;0,0000;0,0000;0,0000;-694,5600;0,0000;-5576,86;A19;K-Operaciones Nacionalización;Z003;Aduanal;;EXP 20102879;-228,89;USD;-694,56
1000;10000288;AGENTES ADUANALES LUGO;EXP 20102879;EXP 20102879;SA;Documento cta.mayor;0100203284;15.09.2022;NT00;Contado;  677;15.09.2022;VED;-9,640,2000;0,0000;0,0000;0,0000;0,0000;-9640,2000;0,0000;-77405,03;A19;K-Operaciones Nacionalización;Z003;Aduanal;;EXP 20102879;-3176,87;USD;-9640,20
1000;10000288;AGENTES ADUANALES LUGO;EXP 20102879;EXP 20102879;SA;Documento cta.mayor;0100203285;16.09.2022;NT00;Contado;  677;16.09.2022;VED;-166,7300;0,0000;0,0000;0,0000;0,0000;-166,7300;0,0000;-1338,45;A19;K-Operaciones Nacionalización;Z003;Aduanal;;EXP 20102879;-54,93;USD;-166,73
1000;10000288;AGENTES ADUANALES LUGO;EXP 20102881;EXP 20102881;SA;Documento cta.mayor;0100203868;20.09.2022;NT00;Contado;  677;20.09.2022;VED;-935,3700;0,0000;0,0000;0,0000;0,0000;-935,3700;0,0000;-7508,70;A19;K-Operaciones Nacionalización;Z003;Aduanal;;EXP 20102881;-308,19;USD;-935,37
1000;10000288;AGENTES ADUANALES LUGO;EXP 20102881;EXP 20102881;SA;Documento cta.mayor;0100203869;20.09.2022;NT00;Contado;  677;20.09.2022;VED;-935,3700;0,0000;0,0000;0,0000;0,0000;-935,3700;0,0000;-7508,70;A19;K-Operaciones Nacionalización;Z003;Aduanal;;EXP 20102881;-308,19;USD;-935,37
1000;10000288;AGENTES ADUANALES LUGO;EXP 20102881;EXP 20102881;SA;Documento cta.mayor;0100203871;20.09.2022;NT00;Contado;  677;20.09.2022;VED;-224,4900;0,0000;0,0000;0,0000;0,0000;-224,4900;0,0000;-1802,09;A19;K-Operaciones Nacionalización;Z003;Aduanal;;EXP 20102881;-73,97;USD;-224,49
1000;10000288;AGENTES ADUANALES LUGO;EXP 20102880;EXP 20102880;SA;Documento cta.mayor;0100203877;15.09.2022;NT00;Contado;  677;15.09.2022;VED;-541,6000;0,0000;0,0000;0,0000;0,0000;-541,6000;0,0000;-4348,76;A19;K-Operaciones Nacionalización;Z003;Aduanal;;EXP 20102880;-178,49;USD;-541,60
1000;10000288;AGENTES ADUANALES LUGO;EXP 20102880;EXP 20102880;SA;Documento cta.mayor;0100203878;15.09.2022;NT00;Contado;  677;15.09.2022;VED;-541,6000;0,0000;0,0000;0,0000;0,0000;-541,6000;0,0000;-4348,76;A19;K-Operaciones Nacionalización;Z003;Aduanal;;EXP 20102880;-178,49;USD;-541,60
1000;10000288;AGENTES ADUANALES LUGO;EXP 20102880;EXP 20102880;SA;Documento cta.mayor;0100203879;15.09.2022;NT00;Contado;  677;15.09.2022;VED;-129,9800;0,0000;0,0000;0,0000;0,0000;-129,9800;0,0000;-1043,70;A19;K-Operaciones Nacionalización;Z003;Aduanal;;EXP 20102880;-42,84;USD;-129,98
1000;10000288;AGENTES ADUANALES LUGO;EXP 20102887;EXP 20102887;SA;Documento cta.mayor;0100204102;29.09.2022;NT00;Contado;  677;29.09.2022;VED;-134,6500;0,0000;0,0000;0,0000;0,0000;-134,6500;0,0000;-1097,04;A19;K-Operaciones Nacionalización;Z003;Aduanal;;EXP 20102887;-45,03;USD;-134,65
1000;10000288;AGENTES ADUANALES LUGO;EXP 20102887;EXP 20102887;SA;Documento cta.mayor;0100204103;29.09.2022;NT00;Contado;  677;29.09.2022;VED;-561,0300;0,0000;0,0000;0,0000;0,0000;-561,0300;0,0000;-4571,02;A19;K-Operaciones Nacionalización;Z003;Aduanal;;EXP 20102887;-187,62;USD;-561,03
1000;10000288;AGENTES ADUANALES LUGO;EXP 20102887;EXP 20102887;SA;Documento cta.mayor;0100204104;29.09.2022;NT00;Contado;  677;29.09.2022;VED;-561,0300;0,0000;0,0000;0,0000;0,0000;-561,0300;0,0000;-4571,02;A19;K-Operaciones Nacionalización;Z003;Aduanal;;EXP 20102887;-187,62;USD;-561,03
1000;10000288;AGENTES ADUANALES LUGO;EXP 20102876;EXP 20102876;SA;Documento cta.mayor;0100204111;02.09.2022;NT00;Contado;  677;02.09.2022;VED;-25,1000;0,0000;0,0000;0,0000;0,0000;-25,1000;0,0000;-198,45;A19;K-Operaciones Nacionalización;Z003;Aduanal;;EXP 20102876;-8,15;USD;-25,10
1000;10000288;AGENTES ADUANALES LUGO;EXP 20102890;EXP 20102890;SA;Documento cta.mayor;0100204128;07.10.2022;NT00;Contado;  677;07.10.2022;VED;-30,4200;0,0000;0,0000;0,0000;0,0000;-30,4200;0,0000;-249,76;A19;K-Operaciones Nacionalización;Z003;Aduanal;;EXP 20102890;-10,25;USD;-30,42
1000;10000288;AGENTES ADUANALES LUGO;EXP 20102925;EXP 20102925;AB;Documento contable;0100213697;22.03.2023;;;0;22.03.2023;VED;428,8500;428,8500;0,0000;0,0000;0,0000;0,0000;0,0000;10395,91;A19;K-Operaciones Nacionalización;Z003;Aduanal;;EXP 20102925;368,56;USD;428,85
1000;10000288;AGENTES ADUANALES LUGO;EXP 20230072;EXP 20230072;SA;Documento cta.mayor;0100214388;30.06.2023;;;0;30.06.2023;VED;-47,2600;-47,2600;0,0000;0,0000;0,0000;0,0000;0,0000;-1316,37;A19;K-Operaciones Nacionalización;Z003;Aduanal;;EXP 20230072;-46,26;USD;-47,26
1000;10000288;AGENTES ADUANALES LUGO;EXP 20230072;EXP 20230072;SA;Documento cta.mayor;0100214417;30.06.2023;;;0;30.06.2023;VED;47,2600;47,2600;0,0000;0,0000;0,0000;0,0000;0,0000;1316,37;A19;K-Operaciones Nacionalización;Z003;Aduanal;;EXP 20230072;46,26;USD;47,26
1000;10000288;AGENTES ADUANALES LUGO;EXP 20235752;EXP 20235752;SA;Documento cta.mayor;0100218062;07.06.2023;NT00;Contado;  677;07.06.2023;VED;-113,0200;0,0000;0,0000;0,0000;0,0000;-113,0200;0,0000;-3010,04;A19;K-Operaciones Nacionalización;Z003;Aduanal;;EXP 20235752;-94,04;USD;-113,02
1000;10000288;AGENTES ADUANALES LUGO;REINTEGRO;REINTEGRO;SA;Documento cta.mayor;0100226195;18.08.2023;NT00;Contado;  677;18.08.2023;VED;-1,548,1400;0,0000;0,0000;0,0000;0,0000;-1548,1400;0,0000;-49158,71;A19;K-Operaciones Nacionalización;Z003;Aduanal;;REINTGRO VECONINTER;-1389,37;USD;-1548,14
1000;10000288;AGENTES ADUANALES LUGO;ExP 20103021;EXP 20103021;SA;Documento cta.mayor;0100234213;10.01.2024;NT00;Contado;  677;10.01.2024;VED;-843,1800;0,0000;0,0000;0,0000;0,0000;-843,1800;0,0000;-30284,44;A19;K-Operaciones Nacionalización;Z003;Aduanal;;EXP 20103021;-835,86;USD;-843,18
1000;10000288;AGENTES ADUANALES LUGO;ExP 20103021;EXP 20103021;SA;Documento cta.mayor;0100234215;10.01.2024;NT00;Contado;  677;10.01.2024;VED;-138,4800;0,0000;0,0000;0,0000;0,0000;-138,4800;0,0000;-4973,71;A19;K-Operaciones Nacionalización;Z003;Aduanal;;EXP 20103021;-137,28;USD;-138,48
1000;10000288;AGENTES ADUANALES LUGO;ExP 20103021;EXP 20103021;SA;Documento cta.mayor;0100234245;10.01.2024;NT00;Contado;  677;10.01.2024;VED;-33,2300;0,0000;0,0000;0,0000;0,0000;-33,2300;0,0000;-1193,69;A19;K-Operaciones Nacionalización;Z003;Aduanal;;EXP 20103021;-32,95;USD;-33,23
1000;10000288;AGENTES ADUANALES LUGO;EXP.20102922;EXP.20102922;AB;Documento contable;0100236011;14.03.2023;NT00;Contado;  677;14.03.2023;VED;-440,4700;0,0000;0,0000;0,0000;0,0000;-440,4700;0,0000;-10623,31;A19;K-Operaciones Nacionalización;Z003;Aduanal;;;-293,46;USD;-440,47
1000;10000288;AGENTES ADUANALES LUGO;EXP.20103010;EXP.20103010;AB;Documento contable;0100236208;24.12.2023;;;0;24.12.2023;VED;599,5100;599,5100;0,0000;0,0000;0,0000;0,0000;0,0000;21454,76;A19;K-Operaciones Nacionalización;Z003;Aduanal;;;592,66;USD;599,51
1000;10000288;AGENTES ADUANALES LUGO;EXP.20102975;EXP.20102975;AB;Documento contable;0100236277;03.09.2023;NT00;Contado;  677;03.09.2023;VED;-67,7900;0,0000;0,0000;0,0000;0,0000;-67,7900;0,0000;-2209,98;A19;K-Operaciones Nacionalización;Z003;Aduanal;;;-60,99;USD;-67,79
1000;10000288;AGENTES ADUANALES LUGO;EXP.20102979;EXP.20102979;AB;Documento contable;0100236281;05.09.2023;NT00;Contado;  677;05.09.2023;VED;-553,3000;0,0000;0,0000;0,0000;0,0000;-553,3000;0,0000;-18143,96;A19;K-Operaciones Nacionalización;Z003;Aduanal;;;-500,71;USD;-553,30
1000;10000288;AGENTES ADUANALES LUGO;EXP.20102953;EXP.20102953;AB;Documento contable;0100236311;27.06.2023;NT00;Contado;  677;27.06.2023;VED;-82,9300;0,0000;0,0000;0,0000;0,0000;-82,9300;0,0000;-2290,20;A19;K-Operaciones Nacionalización;Z003;Aduanal;;;-63,20;USD;-82,93
1000;10000288;AGENTES ADUANALES LUGO;EXP.20102958;EXP.20102958;AB;Documento contable;0100236387;27.06.2023;;;0;27.06.2023;VED;81,0100;81,0100;0,0000;0,0000;0,0000;0,0000;0,0000;2237,17;A19;K-Operaciones Nacionalización;Z003;Aduanal;;;61,69;USD;81,01
1000;10000288;AGENTES ADUANALES LUGO;EXP.20102955;EXP.20102955;AB;Documento contable;0100236396;27.06.2023;NT00;Contado;  677;27.06.2023;VED;-116,4200;0,0000;0,0000;0,0000;0,0000;-116,4200;0,0000;-3215,27;A19;K-Operaciones Nacionalización;Z003;Aduanal;;;-88,66;USD;-116,42
1000;10000288;AGENTES ADUANALES LUGO;EXP.20102960;EXP.20102960;AB;Documento contable;0100236442;17.07.2023;;;0;17.07.2023;VED;73,7000;73,7000;0,0000;0,0000;0,0000;0,0000;0,0000;2108,44;A19;K-Operaciones Nacionalización;Z003;Aduanal;;;58,14;USD;73,70
1000;10000288;AGENTES ADUANALES LUGO;EXP.20102947;EXP.20102947;AB;Documento contable;0100236498;13.06.2023;;;0;13.06.2023;VED;235,4400;235,4400;0,0000;0,0000;0,0000;0,0000;0,0000;6361,69;A19;K-Operaciones Nacionalización;Z003;Aduanal;;;175,37;USD;235,44
1000;10000288;AGENTES ADUANALES LUGO;EXP.20102944;EXP.20102944;AB;Documento contable;0100236517;04.06.2023;NT00;Contado;  677;04.06.2023;VED;-436,3200;0,0000;0,0000;0,0000;0,0000;-436,3200;0,0000;-11548,11;A19;K-Operaciones Nacionalización;Z003;Aduanal;;;-318,34;USD;-436,32
1000;10000288;AGENTES ADUANALES LUGO;RECLASIFICACION;RECLASIFICACION;SA;Documento cta.mayor;0100236549;26.01.2024;;;0;26.01.2024;VED;19,522,0900;19522,0900;0,0000;0,0000;0,0000;0,0000;0,0000;705110,43;A19;K-Operaciones Nacionalización;Z003;Aduanal;;RECLASIFICACION;19437,38;USD;19522,09
1000;10000288;AGENTES ADUANALES LUGO;EXP 20103020;EXP 20103020;SA;Documento cta.mayor;0100236634;10.01.2023;NT00;Contado;  677;10.01.2023;VED;-31,259,7300;0,0000;0,0000;0,0000;0,0000;-31259,7300;0,0000;-581862,39;A19;K-Operaciones Nacionalización;Z003;Aduanal;;EXP 20103020;-16104,51;USD;-31259,73
1000;10000288;AGENTES ADUANALES LUGO;EXP 20103020;EXP 20103020;SA;Documento cta.mayor;0100236635;10.01.2024;NT00;Contado;  677;10.01.2024;VED;-218,9800;0,0000;0,0000;0,0000;0,0000;-218,9800;0,0000;-7865,29;A19;K-Operaciones Nacionalización;Z003;Aduanal;;EXP 20103020;-217,69;USD;-218,98
1000;10000288;AGENTES ADUANALES LUGO;ExP 20102980;EXP 20102980;AB;Documento contable;0100236859;11.09.2023;NT00;Contado;  677;11.09.2023;VED;-503,9200;0,0000;0,0000;0,0000;0,0000;-503,9200;0,0000;-16738,08;A19;K-Operaciones Nacionalización;Z003;Aduanal;;;-461,28;USD;-503,92
1000;10000288;AGENTES ADUANALES LUGO;EXP 20102918;;AB;Documento contable;0100236875;07.02.2023;NT00;Contado;  677;07.02.2023;VED;-196,0900;0,0000;0,0000;0,0000;0,0000;-196,0900;0,0000;-4539,18;A19;K-Operaciones Nacionalización;Z003;Aduanal;;;-125,09;USD;-196,09
1000;10000288;AGENTES ADUANALES LUGO;ExP 20102936;EXP 20102936;AB;Documento contable;0100237025;09.02.2023;;;0;09.02.2023;VED;2,245,0000;2245,0000;0,0000;0,0000;0,0000;0,0000;0,0000;53452,42;A19;K-Operaciones Nacionalización;Z003;Aduanal;;;1471,64;USD;2245,00
1000;10000288;AGENTES ADUANALES LUGO;ExP 20102937;EXP 20102937;AB;Documento contable;0100237027;10.05.2023;;;0;10.05.2023;VED;-7,6400;-7,6400;0,0000;0,0000;0,0000;0,0000;0,0000;-191,93;A19;K-Operaciones Nacionalización;Z003;Aduanal;;;-5,28;USD;-7,64
1000;10000288;AGENTES ADUANALES LUGO;ExP 20102939;EXP 20102939;AB;Documento contable;0100237037;16.05.2023;;;0;16.05.2023;VED;-1,650,7100;-1650,7100;0,0000;0,0000;0,0000;0,0000;0,0000;-42075,03;A19;K-Operaciones Nacionalización;Z003;Aduanal;;;-1158,40;USD;-1650,71
1000;10000288;AGENTES ADUANALES LUGO;ExP 20102942;EXP 20102942;AB;Documento contable;0100237189;21.05.2023;;;0;21.05.2023;VED;-377,4900;-377,4900;0,0000;0,0000;0,0000;0,0000;0,0000;-9778,20;A19;K-Operaciones Nacionalización;Z003;Aduanal;;;-269,21;USD;-377,49
1000;10000288;AGENTES ADUANALES LUGO;ExP 20102950;EXP 20102950;AB;Documento contable;0100237190;20.06.2023;;;0;20.06.2023;VED;-2,773,9500;-2773,9500;0,0000;0,0000;0,0000;0,0000;0,0000;-75667,94;A19;K-Operaciones Nacionalización;Z003;Aduanal;;;-2083,27;USD;-2773,95
1000;10000288;AGENTES ADUANALES LUGO;ExP 20102956;EXP 20102956;AB;Documento contable;0100237193;27.06.2023;;;0;27.06.2023;VED;202,5700;202,5700;0,0000;0,0000;0,0000;0,0000;0,0000;5594,33;A19;K-Operaciones Nacionalización;Z003;Aduanal;;;154,02;USD;202,57
1000;10000288;AGENTES ADUANALES LUGO;ExP 20102965;EXP 20102965;AB;Documento contable;0100237197;25.07.2023;;;0;25.07.2023;VED;-402,6900;-402,6900;0,0000;0,0000;0,0000;0,0000;0,0000;-11713,10;A19;K-Operaciones Nacionalización;Z003;Aduanal;;;-322,48;USD;-402,69
1000;10000288;AGENTES ADUANALES LUGO;ExP 20102969;EXP 20102969;AB;Documento contable;0100237253;02.09.2023;;;0;02.09.2023;VED;-1,361,6500;-1361,6500;0,0000;0,0000;0,0000;0,0000;0,0000;-44387,52;A19;K-Operaciones Nacionalización;Z003;Aduanal;;;-1220,93;USD;-1361,65
1000;10000288;AGENTES ADUANALES LUGO;ExP 20102972;EXP 20102972;AB;Documento contable;0100237255;23.08.2023;;;0;23.08.2023;VED;1,667,0000;1667,0000;0,0000;0,0000;0,0000;0,0000;0,0000;53357,03;A19;K-Operaciones Nacionalización;Z003;Aduanal;;;1467,65;USD;1667,00
1000;10000288;AGENTES ADUANALES LUGO;ExP 20103016;EXP 20103016;AB;Documento contable;0100237257;05.01.2024;;;0;05.01.2024;VED;177,8200;177,8200;0,0000;0,0000;0,0000;0,0000;0,0000;6407,81;A19;K-Operaciones Nacionalización;Z003;Aduanal;;;176,25;USD;177,82
1000;10000288;AGENTES ADUANALES LUGO;EXP. 20102933;EXP 20102933;AB;Documento contable;0100237454;26.04.2023;;;0;26.04.2023;VED;15,0500;15,0500;0,0000;0,0000;0,0000;0,0000;0,0000;370,94;A19;K-Operaciones Nacionalización;Z003;Aduanal;;;10,22;USD;15,05
1000;10000288;AGENTES ADUANALES LUGO;EXP. 20102964;EXP. 20102964;AB;Documento contable;0100237764;08.08.2023;NT00;Contado;  677;08.08.2023;VED;-104,3500;0,0000;0,0000;0,0000;0,0000;-104,3500;0,0000;-3231,67;A19;K-Operaciones Nacionalización;Z003;Aduanal;;;-88,94;USD;-104,35
1000;10000288;AGENTES ADUANALES LUGO;EXP. 20102869;EXP.20102869;AB;Documento contable;0100238102;02.08.2022;;;0;02.08.2022;VED;285,0200;285,0200;0,0000;0,0000;0,0000;0,0000;0,0000;1646,51;A19;K-Operaciones Nacionalización;Z003;Aduanal;;;45,38;USD;285,02
1000;10000288;AGENTES ADUANALES LUGO;EXP. 20102981;EX 20102981;AB;Documento contable;0100238103;03.10.2023;;;0;03.10.2023;VED;-676,8100;-676,8100;0,0000;0,0000;0,0000;0,0000;0,0000;-23328,29;A19;K-Operaciones Nacionalización;Z003;Aduanal;;;-642,90;USD;-676,81
1000;10000288;AGENTES ADUANALES LUGO;EXP. 20103001;EX 20103001;AB;Documento contable;0100238106;06.11.2023;;;0;06.11.2023;VED;182,7300;182,7300;0,0000;0,0000;0,0000;0,0000;0,0000;6427,11;A19;K-Operaciones Nacionalización;Z003;Aduanal;;;177,12;USD;182,73
1000;10000288;AGENTES ADUANALES LUGO;EXP. 20102985;EXP 20102985;AB;Documento contable;0100238112;19.10.2023;;;0;19.10.2023;VED;-260,5000;-260,5000;0,0000;0,0000;0,0000;0,0000;0,0000;-9080,93;A19;K-Operaciones Nacionalización;Z003;Aduanal;;EXP 20102985;-250,26;USD;-260,50
1000;10000288;AGENTES ADUANALES LUGO;EXP. 20102995;EXP. 20102995;AB;Documento contable;0100238117;19.10.2023;;;0;19.10.2023;VED;-150,7800;-150,7800;0,0000;0,0000;0,0000;0,0000;0,0000;-5256,22;A19;K-Operaciones Nacionalización;Z003;Aduanal;;;-144,86;USD;-150,78
1000;10000288;AGENTES ADUANALES LUGO;EXP. 20102991;EXP 20102991;AB;Documento contable;0100238138;23.10.2023;;;0;23.10.2023;VED;-123,4000;-123,4000;0,0000;0,0000;0,0000;0,0000;0,0000;-4316,27;A19;K-Operaciones Nacionalización;Z003;Aduanal;;;-118,95;USD;-123,40
1000;10000288;AGENTES ADUANALES LUGO;EXP. 20103034;EXP.20103034;AB;Documento contable;0100238557;18.02.2024;;;0;18.02.2024;VED;-21,4500;-21,4500;0,0000;0,0000;0,0000;0,0000;0,0000;-777,91;A19;K-Operaciones Nacionalización;Z003;Aduanal;;;-21,50;USD;-21,45
1000;10000288;AGENTES ADUANALES LUGO;EXP. 20103033;EXP.20103033;AB;Documento contable;0100238559;20.02.2024;;;0;20.02.2024;VED;21,8500;21,8500;0,0000;0,0000;0,0000;0,0000;0,0000;791,74;A19;K-Operaciones Nacionalización;Z003;Aduanal;;;21,88;USD;21,85
1000;10000288;AGENTES ADUANALES LUGO;EXP. 20102924;EXP.20102924;AB;Documento contable;0100240109;03.04.2023;;;0;03.04.2023;VED;783,0000;783,0000;0,0000;0,0000;0,0000;0,0000;0,0000;19203,50;A19;K-Operaciones Nacionalización;Z003;Aduanal;;;527,75;USD;783,00
1000;10000288;AGENTES ADUANALES LUGO;EXP 20102951;EXP 20102951;AB;Documento contable;0100240147;27.06.2023;;;0;27.06.2023;VED;-472,0100;-472,0100;0,0000;0,0000;0,0000;0,0000;0,0000;-13035,40;A19;K-Operaciones Nacionalización;Z003;Aduanal;;;-477,87;USD;-472,01
1000;10000288;AGENTES ADUANALES LUGO;EXP 20103000;EXP 20103000;AB;Documento contable;0100240157;21.11.2023;;;0;21.11.2023;VED;422,9900;422,9900;0,0000;0,0000;0,0000;0,0000;0,0000;14995,63;A19;K-Operaciones Nacionalización;Z003;Aduanal;;;412,11;USD;422,99
1000;10000288;AGENTES ADUANALES LUGO;EXP 20102894;EXP. 20102894;AB;Documento contable;0100240187;29.10.2022;;;0;29.10.2022;VED;-2,454,4500;-2454,4500;0,0000;0,0000;0,0000;0,0000;0,0000;-20925,13;A19;K-Operaciones Nacionalización;Z003;Aduanal;;;-575,06;USD;-2454,45
1000;10000288;AGENTES ADUANALES LUGO;EXP 20102896;EXP.20102896;AB;Documento contable;0100240203;14.11.2022;;;0;14.11.2022;VED;-343,2100;-343,2100;0,0000;0,0000;0,0000;0,0000;0,0000;-3189,43;A19;K-Operaciones Nacionalización;Z003;Aduanal;;;-87,65;USD;-343,21
1000;10000288;AGENTES ADUANALES LUGO;EXPEDIENT 20103005;EXP.20103005;AB;Documento contable;0100240786;30.11.2023;;;0;30.11.2023;VED;55,7300;55,7300;0,0000;0,0000;0,0000;0,0000;0,0000;1978,21;A19;K-Operaciones Nacionalización;Z003;Aduanal;;;55,69;USD;55,73
1000;10000288;AGENTES ADUANALES LUGO;EXP  20102895;EXP. 20102895;AB;Documento contable;0100241653;29.10.2022;;;0;29.10.2022;VED;-858,8700;-858,8700;0,0000;0,0000;0,0000;0,0000;0,0000;-7322,19;A19;K-Operaciones Nacionalización;Z003;Aduanal;;;-200,19;USD;-858,87
1000;10000288;AGENTES ADUANALES LUGO;EXP  20102888;EXP.20102888;AB;Documento contable;0100241664;03.10.2022;;;0;03.10.2022;VED;-207,6300;-207,6300;0,0000;0,0000;0,0000;0,0000;0,0000;-1703,35;A19;K-Operaciones Nacionalización;Z003;Aduanal;;;-46,57;USD;-207,63
1000;10000288;AGENTES ADUANALES LUGO;EXP  20102889;EXP.20102889;AB;Documento contable;0100241702;03.10.2022;;;0;03.10.2022;VED;592,9300;592,9300;0,0000;0,0000;0,0000;0,0000;0,0000;4864,16;A19;K-Operaciones Nacionalización;Z003;Aduanal;;;132,99;USD;592,93
1000;10000288;AGENTES ADUANALES LUGO;EXP 20102868;EXP. 20102868;AB;Documento contable;0100241944;02.08.2022;;;0;02.08.2022;VED;-18,3700;-18,3700;0,0000;0,0000;0,0000;0,0000;0,0000;-106,12;A19;K-Operaciones Nacionalización;Z003;Aduanal;;;-2,90;USD;-18,37
1000;10000288;AGENTES ADUANALES LUGO;EXP 20102870;EXP 20102870;AB;Documento contable;0100241954;02.08.2022;;;0;02.08.2022;VED;312,4700;312,4700;0,0000;0,0000;0,0000;0,0000;0,0000;1805,09;A19;K-Operaciones Nacionalización;Z003;Aduanal;;;49,34;USD;312,47
1000;10000288;AGENTES ADUANALES LUGO;EXP 20102872;EXP 20102872;AB;Documento contable;0100241968;18.08.2022;;;0;18.08.2022;VED;-330,0400;-330,0400;0,0000;0,0000;0,0000;0,0000;0,0000;-1972,31;A19;K-Operaciones Nacionalización;Z003;Aduanal;;;-53,91;USD;-330,04
1000;10000288;AGENTES ADUANALES LUGO;EXP 20103035;EXP 20103035;AB;Documento contable;0100243069;20.02.2024;;;0;20.02.2024;VED;70,7000;70,7000;0,0000;0,0000;0,0000;0,0000;0,0000;2562,02;A19;K-Operaciones Nacionalización;Z003;Aduanal;;;70,08;USD;70,70
1000;10000288;AGENTES ADUANALES LUGO;EXP 20102952;EXP 20102952;AB;Documento contable;0100243442;04.07.2023;;;0;04.07.2023;VED;-1,105,8700;-1105,8700;0,0000;0,0000;0,0000;0,0000;0,0000;-30982,14;A19;K-Operaciones Nacionalización;Z003;Aduanal;;;-1135,79;USD;-1105,87
1000;10000288;AGENTES ADUANALES LUGO;EXP 20103043;EXP.20103043;AB;Documento contable;0100243583;29.02.2024;;;0;29.02.2024;VED;-8,5400;-8,5400;0,0000;0,0000;0,0000;0,0000;0,0000;-308,50;A19;K-Operaciones Nacionalización;Z003;Aduanal;;EXP.20103043;-8,45;USD;-8,54
1000;10000288;AGENTES ADUANALES LUGO;EXP 20103011;EXP 20103011;AB;Documento contable;0100243624;24.12.2023;;;0;24.12.2023;VED;-19,5500;-19,5500;0,0000;0,0000;0,0000;0,0000;0,0000;-699,56;A19;K-Operaciones Nacionalización;Z003;Aduanal;;;-19,64;USD;-19,55
1000;10000288;AGENTES ADUANALES LUGO;EXP 20102997;EXP 20102997;AB;Documento contable;0100243640;06.11.2023;;;0;06.11.2023;VED;971,0400;971,0400;0,0000;0,0000;0,0000;0,0000;0,0000;34153,96;A19;K-Operaciones Nacionalización;Z003;Aduanal;;;965,03;USD;971,04
1000;10000288;AGENTES ADUANALES LUGO;EXP 20103052;EXP.20103052;AB;Documento contable;0100243703;22.04.2024;;;0;22.04.2024;VED;54,5400;54,5400;0,0000;0,0000;0,0000;0,0000;0,0000;1982,10;A19;K-Operaciones Nacionalización;Z003;Aduanal;;;54,29;USD;54,54
1000;10000288;AGENTES ADUANALES LUGO;EXP 20103055;EXP 20103055;AB;Documento contable;0100243709;17.04.2024;;;0;17.04.2024;VED;1,066,2700;1066,2700;0,0000;0,0000;0,0000;0,0000;0,0000;38702,79;A19;K-Operaciones Nacionalización;Z003;Aduanal;;;1060,02;USD;1066,27
1000;10000288;AGENTES ADUANALES LUGO;EXP 20103027;EXP 20103027;AB;Documento contable;0100243786;21.01.2024;;;0;21.01.2024;VED;-30,9900;-30,9900;0,0000;0,0000;0,0000;0,0000;0,0000;-1119,96;A19;K-Operaciones Nacionalización;Z003;Aduanal;;;-30,67;USD;-30,99
1000;10000288;AGENTES ADUANALES LUGO;EXP 20103017;EXP 20103017;AB;Documento contable;0100243790;10.01.2024;;;0;10.01.2024;VED;-1,5200;-1,5200;0,0000;0,0000;0,0000;0,0000;0,0000;-54,70;A19;K-Operaciones Nacionalización;Z003;Aduanal;;;-1,50;USD;-1,52
1000;10000288;AGENTES ADUANALES LUGO;EXP. 3050;EXP 20103050;AB;Documento contable;0100243814;20.03.2024;;;0;20.03.2024;VED;870,5700;870,5700;0,0000;0,0000;0,0000;0,0000;0,0000;31571,33;A19;K-Operaciones Nacionalización;Z003;Aduanal;;;864,70;USD;870,57
1000;10000288;AGENTES ADUANALES LUGO;EXP 20103044;EXP.3044;AB;Documento contable;0100243930;11.03.2024;;;0;11.03.2024;VED;17,6100;17,6100;0,0000;0,0000;0,0000;0,0000;0,0000;637,14;A19;K-Operaciones Nacionalización;Z003;Aduanal;;;17,44;USD;17,61
1000;10000288;AGENTES ADUANALES LUGO;EXP 20103039;EXP 20103039;SA;Documento cta.mayor;0100244209;27.03.2024;NT00;Contado;  633;27.03.2024;VED;-163,0000;0,0000;0,0000;0,0000;0,0000;-163,0000;0,0000;-5922,31;A19;K-Operaciones Nacionalización;Z003;Aduanal;;EXP 20103039;-162,09;USD;-163,00
1000;10000288;AGENTES ADUANALES LUGO;EXP 20103039;EXP 20103039;SA;Documento cta.mayor;0100244210;22.03.2024;NT00;Contado;  633;22.03.2024;VED;-12,441,7800;0,0000;0,0000;0,0000;0,0000;-12441,7800;0,0000;-451906,72;A19;K-Operaciones Nacionalización;Z003;Aduanal;;EXP 20103039;-12368,40;USD;-12441,78
1000;10000288;AGENTES ADUANALES LUGO;EXP 20103039;EXP 20103039;SA;Documento cta.mayor;0100244211;22.03.2024;NT00;Contado;  633;22.03.2024;VED;-679,3800;0,0000;0,0000;0,0000;0,0000;-679,3800;0,0000;-24676,29;A19;K-Operaciones Nacionalización;Z003;Aduanal;;EXP 20103039;-675,37;USD;-679,38
1000;10000288;AGENTES ADUANALES LUGO;EXP 20103032;EXP 20103032;AB;Documento contable;0100244252;15.02.2024;;;0;15.02.2024;VED;-84,2000;-84,2000;0,0000;0,0000;0,0000;0,0000;0,0000;-3053,32;A19;K-Operaciones Nacionalización;Z003;Aduanal;;;-84,20;USD;-84,20
1000;10000288;AGENTES ADUANALES LUGO;EXP 20103046;EX 20103046;AB;Documento contable;0100244284;22.03.2024;;;0;22.03.2024;VED;79,8400;79,8400;0,0000;0,0000;0,0000;0,0000;0,0000;2900,08;A19;K-Operaciones Nacionalización;Z003;Aduanal;;;79,37;USD;79,84
1000;10000288;AGENTES ADUANALES LUGO;EXP 20103040;EXP.20203040;AB;Documento contable;0100244292;15.02.2024;;;0;15.02.2024;VED;-214,3600;-214,3600;0,0000;0,0000;0,0000;0,0000;0,0000;-7772,80;A19;K-Operaciones Nacionalización;Z003;Aduanal;;;-212,74;USD;-214,36
1000;10000288;AGENTES ADUANALES LUGO;EXP 20103058;EXP. 20203058;AB;Documento contable;0100244348;26.04.2024;;;0;26.04.2024;VED;133,9700;133,9700;0,0000;0,0000;0,0000;0,0000;0,0000;4880,84;A19;K-Operaciones Nacionalización;Z003;Aduanal;;;133,60;USD;133,97
1000;10000288;AGENTES ADUANALES LUGO;EXP 20103047;EXP 20103047;AB;Documento contable;0100244352;26.03.2024;;;0;26.03.2024;VED;-21,7600;-21,7600;0,0000;0,0000;0,0000;0,0000;0,0000;-789,89;A19;K-Operaciones Nacionalización;Z003;Aduanal;;;-21,62;USD;-21,76
1000;10000288;AGENTES ADUANALES LUGO;EXP 20103045;EX 20103045;AB;Documento contable;0100244371;26.03.2024;;;0;26.03.2024;VED;94,7400;94,7400;0,0000;0,0000;0,0000;0,0000;0,0000;3439,19;A19;K-Operaciones Nacionalización;Z003;Aduanal;;;94,14;USD;94,74
1000;10000288;AGENTES ADUANALES LUGO;EXPEDIENT 20103041;EXP 20103041;AB;Documento contable;0100244386;20.03.2024;;;0;20.03.2024;VED;-13,2600;-13,2600;0,0000;0,0000;0,0000;0,0000;0,0000;-480,77;A19;K-Operaciones Nacionalización;Z003;Aduanal;;;-13,16;USD;-13,26
1000;10000288;AGENTES ADUANALES LUGO;EXP 20103037;EXP 20103037;AB;Documento contable;0100244400;19.02.2024;;;0;19.02.2024;VED;-22,8500;-22,8500;0,0000;0,0000;0,0000;0,0000;0,0000;-830,09;A19;K-Operaciones Nacionalización;Z003;Aduanal;;;-22,72;USD;-22,85
1000;10000288;AGENTES ADUANALES LUGO;EXP 20103053;EXP. 20103053;AB;Documento contable;0100245352;30.04.2024;;;0;30.04.2024;VED;-1,602,4900;-1602,4900;0,0000;0,0000;0,0000;0,0000;0,0000;-58372,48;A19;K-Operaciones Nacionalización;Z003;Aduanal;;;-1595,53;USD;-1602,49
1000;10000288;AGENTES ADUANALES LUGO;EXP 20103048;EXP.20103048;AB;Documento contable;0100245354;05.05.2024;;;0;05.05.2024;VED;-2,981,0300;-2981,0300;0,0000;0,0000;0,0000;0,0000;0,0000;-108837,15;A19;K-Operaciones Nacionalización;Z003;Aduanal;;;-2986,87;USD;-2981,03
1000;10000288;AGENTES ADUANALES LUGO;ANTICIPO;EXP. 20103060;AB;Documento contable;0100246182;08.05.2024;;;0;08.05.2024;VED;48,2200;48,2200;0,0000;0,0000;0,0000;0,0000;0,0000;1762,91;A19;K-Operaciones Nacionalización;Z003;Aduanal;;EXP. 20103060;48,46;USD;48,22
1000;10000288;AGENTES ADUANALES LUGO;EXP 20102879;EXP.20102879;AB;Documento contable;0100246268;11.09.2022;;;0;11.09.2022;VED;-32,1800;-32,1800;0,0000;0,0000;0,0000;0,0000;0,0000;-257,55;A19;K-Operaciones Nacionalización;Z003;Aduanal;;;-7,08;USD;-32,18
1000;10000288;AGENTES ADUANALES LUGO;EXP 20102882;EXP. 20102882;AB;Documento contable;0100246325;20.09.2022;;;0;20.09.2022;VED;-197,5900;-197,5900;0,0000;0,0000;0,0000;0,0000;0,0000;-1586,16;A19;K-Operaciones Nacionalización;Z003;Aduanal;;EXP. 20102882;-43,61;USD;-197,59
1000;10000288;AGENTES ADUANALES LUGO;EXP 20102884;EXP. 20102884;AB;Documento contable;0100246332;20.09.2022;;;0;20.09.2022;VED;4,198,3500;4198,3500;0,0000;0,0000;0,0000;0,0000;0,0000;33702,25;A19;K-Operaciones Nacionalización;Z003;Aduanal;;;926,59;USD;4198,35
1000;10000288;AGENTES ADUANALES LUGO;EXP 20102883;EXP.20102883;AB;Documento contable;0100246338;20.09.2022;;;0;20.09.2022;VED;-145,8100;-145,8100;0,0000;0,0000;0,0000;0,0000;0,0000;-1170,47;A19;K-Operaciones Nacionalización;Z003;Aduanal;;;-32,18;USD;-145,81
1000;10000288;AGENTES ADUANALES LUGO;EXP 20102877;EXP.20102877;AB;Documento contable;0100246339;02.09.2022;;;0;02.09.2022;VED;-330,6200;-330,6200;0,0000;0,0000;0,0000;0,0000;0,0000;-2614,50;A19;K-Operaciones Nacionalización;Z003;Aduanal;;;-71,88;USD;-330,62
1000;10000288;AGENTES ADUANALES LUGO;EXP 20103057;EXP. 20103057;AB;Documento contable;0100246823;06.05.2024;;;0;06.05.2024;VED;-30,8300;-30,8300;0,0000;0,0000;0,0000;0,0000;0,0000;-1127,79;A19;K-Operaciones Nacionalización;Z003;Aduanal;;;-31,00;USD;-30,83
1000;10000288;AGENTES ADUANALES LUGO;EXPEDIENT 20103063;EXP 20103063;AB;Documento contable;0100246932;15.05.2024;;;0;15.05.2024;VED;367,2800;367,2800;0,0000;0,0000;0,0000;0,0000;0,0000;13440,52;A19;K-Operaciones Nacionalización;Z003;Aduanal;;;369,16;USD;367,28
1000;10000288;AGENTES ADUANALES LUGO;EXP. 20102874;EXP.20102874;AB;Documento contable;0100246990;31.08.2022;;;0;31.08.2022;VED;302,4200;302,4200;0,0000;0,0000;0,0000;0,0000;0,0000;2375,58;A19;K-Operaciones Nacionalización;Z003;Aduanal;;;65,25;USD;302,42
1000;10000288;AGENTES ADUANALES LUGO;ANTICIPO;EXP.20203064;AB;Documento contable;0100247828;25.05.2024;;;0;25.05.2024;VED;14,4300;14,4300;0,0000;0,0000;0,0000;0,0000;0,0000;527,02;A19;K-Operaciones Nacionalización;Z003;Aduanal;;;14,43;USD;14,43
1000;10000288;AGENTES ADUANALES LUGO;EXP 20102935;EXP 20102935;AB;Documento contable;0100248291;09.05.2023;;;0;09.05.2023;VED;-954,5800;-954,5800;0,0000;0,0000;0,0000;0,0000;0,0000;-23902,08;A19;K-Operaciones Nacionalización;Z003;Aduanal;;;-954,57;USD;-954,58
1000;10000288;AGENTES ADUANALES LUGO;ANTICIPO;EXP.2938;AB;Documento contable;0100248293;14.06.2023;;;0;14.06.2023;VED;167,4600;167,4600;0,0000;0,0000;0,0000;0,0000;0,0000;4524,46;A19;K-Operaciones Nacionalización;Z003;Aduanal;;EXP.2936/2930/2932/2931;123,91;USD;167,46
1000;10000288;AGENTES ADUANALES LUGO;ExP 20103020;EXP 20103020;SA;Documento cta.mayor;0100248330;10.01.2024;NT00;Contado;  592;10.01.2024;VED;-52,5600;0,0000;0,0000;0,0000;0,0000;-52,5600;0,0000;-1887,67;A19;K-Operaciones Nacionalización;Z003;Aduanal;;EXP 20103020;-51,70;USD;-52,56
1000;10000288;AGENTES ADUANALES LUGO;ExP 20103042;EXP 20103042;AB;Documento contable;0100248334;20.03.2024;;;0;20.03.2024;VED;-852,8200;-852,8200;0,0000;0,0000;0,0000;0,0000;0,0000;-30927,76;A19;K-Operaciones Nacionalización;Z003;Aduanal;;;-847,02;USD;-852,82
1000;10000288;AGENTES ADUANALES LUGO;ANTICIPO;EXP.20203019;AB;Documento contable;0100248565;04.01.2024;;;0;04.01.2024;VED;3,707,2600;3707,2600;0,0000;0,0000;0,0000;0,0000;0,0000;133274,63;A19;K-Operaciones Nacionalización;Z003;Aduanal;;;3719,14;USD;3707,26
1000;10000288;AGENTES ADUANALES LUGO;ExP 20103004;EXP 20103004;AB;Documento contable;0100248713;21.11.2023;;;0;21.11.2023;VED;-116,2600;-116,2600;0,0000;0,0000;0,0000;0,0000;0,0000;-4121,68;A19;K-Operaciones Nacionalización;Z003;Aduanal;;;-112,88;USD;-116,26
1000;10000288;AGENTES ADUANALES LUGO;EXP 20103076;EXP 20103076;SA;Documento cta.mayor;0100251174;26.07.2024;NT00;Contado;  577;26.07.2024;VED;-16,442,5400;0,0000;0,0000;0,0000;0,0000;-16442,5400;0,0000;-601463,33;A19;K-Operaciones Nacionalización;Z003;Aduanal;;EXP 20103076 TESORO;-16404,65;USD;-16442,54
1000;10000288;AGENTES ADUANALES LUGO;EXP 20103076;EXP 20103076;SA;Documento cta.mayor;0100251175;26.07.2024;NT00;Contado;  577;26.07.2024;VED;-385,9800;0,0000;0,0000;0,0000;0,0000;-385,9800;0,0000;-14118,86;A19;K-Operaciones Nacionalización;Z003;Aduanal;;EXP 20103076 SENIAT;-385,09;USD;-385,98
1000;10000288;AGENTES ADUANALES LUGO;ANTICIPO;;AB;Documento contable;0100251402;18.06.2024;;;0;18.06.2024;VED;767,2800;767,2800;0,0000;0,0000;0,0000;0,0000;0,0000;27942,61;A19;K-Operaciones Nacionalización;Z003;Aduanal;;;761,78;USD;767,28
1000;10000288;AGENTES ADUANALES LUGO;EXP 20103022;EXP. 20103022;AB;Documento contable;0100251616;10.01.2024;;;0;10.01.2024;VED;-182,0800;-182,0800;0,0000;0,0000;0,0000;0,0000;0,0000;-6539,71;A19;K-Operaciones Nacionalización;Z003;Aduanal;;;-178,36;USD;-182,08
1000;10000288;AGENTES ADUANALES LUGO;EXP 20103077;EXP 20103077;SA;Documento cta.mayor;0100254629;09.09.2024;NT00;Contado;  677;09.09.2024;VED;-249,4900;0,0000;0,0000;0,0000;0,0000;-249,4900;0,0000;-9155,19;A19;K-Operaciones Nacionalización;Z003;Aduanal;;EXP 20103077 SENIAT;-249,18;USD;-249,49
1000;10000288;AGENTES ADUANALES LUGO;EXP 20103088;EXP.20103088;SA;Documento cta.mayor;0100257597;29.08.2024;NT00;Contado;  543;29.08.2024;VED;-2,851,4100;0,0000;0,0000;0,0000;0,0000;-2851,4100;0,0000;-104338,58;A19;K-Operaciones Nacionalización;Z003;Aduanal;;OC - 43-586 EXP 20103088;-2780,18;USD;-2851,41
1000;10000288;AGENTES ADUANALES LUGO;EXP 20103088;EXP.20103088;SA;Documento cta.mayor;0100257598;29.08.2024;NT00;Contado;  543;29.08.2024;VED;-66,6700;0,0000;0,0000;0,0000;0,0000;-66,6700;0,0000;-2439,72;A19;K-Operaciones Nacionalización;Z003;Aduanal;;OC - 43-586 EXP 20103088;-65,01;USD;-66,67
1000;10000288;AGENTES ADUANALES LUGO;ExP 20103070;EXP 20103070;SA;Documento cta.mayor;0100258353;28.06.2024;NT00;Contado;  605;28.06.2024;VED;-245,0200;0,0000;0,0000;0,0000;0,0000;-245,0200;0,0000;-8920,67;A19;K-Operaciones Nacionalización;Z003;Aduanal;;EXP 20103070;-227,68;USD;-245,02
1000;10000288;AGENTES ADUANALES LUGO;ExP 20103074;EXP 20103074;SA;Documento cta.mayor;0100258368;16.07.2024;NT00;Contado;  587;16.07.2024;VED;-325,0300;0,0000;0,0000;0,0000;0,0000;-325,0300;0,0000;-11863,58;A19;K-Operaciones Nacionalización;Z003;Aduanal;;EXP 20103074;-302,79;USD;-325,03
1000;10000288;AGENTES ADUANALES LUGO;ExP 20103070;EXP 20103070;SA;Documento cta.mayor;0100258590;28.06.2024;NT00;Contado;  605;28.06.2024;VED;-58,8000;0,0000;0,0000;0,0000;0,0000;-58,8000;0,0000;-2140,96;A19;K-Operaciones Nacionalización;Z003;Aduanal;;EXP 20103070;-54,25;USD;-58,80
1000;10000288;AGENTES ADUANALES LUGO;ExP 20103072;EXP 20103072;SA;Documento cta.mayor;0100258643;28.06.2024;NT00;Contado;  605;28.06.2024;VED;-96,4200;0,0000;0,0000;0,0000;0,0000;-96,4200;0,0000;-3510,36;A19;K-Operaciones Nacionalización;Z003;Aduanal;;EXP 20103072;-85,87;USD;-96,42
1000;10000288;AGENTES ADUANALES LUGO;ExP 20103072;EXP 20103072;SA;Documento cta.mayor;0100258647;28.06.2024;NT00;Contado;  605;28.06.2024;VED;-401,7300;0,0000;0,0000;0,0000;0,0000;-401,7300;0,0000;-14626,52;A19;K-Operaciones Nacionalización;Z003;Aduanal;;EXP 20103072;-357,79;USD;-401,73
1000;10000288;AGENTES ADUANALES LUGO;ExP 20103077;EXP 20103077;SA;Documento cta.mayor;0100258669;09.09.2024;NT00;Contado;  532;09.09.2024;VED;-59,8800;0,0000;0,0000;0,0000;0,0000;-59,8800;0,0000;-2197,25;A19;K-Operaciones Nacionalización;Z003;Aduanal;;EXP 20103077;-56,08;USD;-59,88
1000;10000288;AGENTES ADUANALES LUGO;ExP 20103083;EXP 20103083;SA;Documento cta.mayor;0100258830;20.08.2024;NT00;Contado;  552;20.08.2024;VED;-144,6700;0,0000;0,0000;0,0000;0,0000;-144,6700;0,0000;-5307,07;A19;K-Operaciones Nacionalización;Z003;Aduanal;;EXP 20103083;-129,31;USD;-144,67
1000;10000288;AGENTES ADUANALES LUGO;ExP 20103083;EXP 20103083;SA;Documento cta.mayor;0100258848;20.08.2024;NT00;Contado;  552;20.08.2024;VED;-34,7200;0,0000;0,0000;0,0000;0,0000;-34,7200;0,0000;-1273,70;A19;K-Operaciones Nacionalización;Z003;Aduanal;;EXP 20103083;-31,03;USD;-34,72
1000;10000288;AGENTES ADUANALES LUGO;ExP 20103078;EXP 20103078;SA;Documento cta.mayor;0100258849;12.08.2024;NT00;Contado;  560;12.08.2024;VED;-52,0900;0,0000;0,0000;0,0000;0,0000;-52,0900;0,0000;-1909,77;A19;K-Operaciones Nacionalización;Z003;Aduanal;;EXP 20103078;-46,53;USD;-52,09
1000;10000288;AGENTES ADUANALES LUGO;ExP 20103078;EXP 20103078;SA;Documento cta.mayor;0100258851;12.08.2024;NT00;Contado;  560;12.08.2024;VED;-217,0200;0,0000;0,0000;0,0000;0,0000;-217,0200;0,0000;-7957,37;A19;K-Operaciones Nacionalización;Z003;Aduanal;;EXP 20103078;-193,88;USD;-217,02
1000;10000288;AGENTES ADUANALES LUGO;ExP 20103089;EXP 20103089;SA;Documento cta.mayor;0100259078;10.09.2024;NT00;Contado;  531;10.09.2024;VED;-307,7100;0,0000;0,0000;0,0000;0,0000;-307,7100;0,0000;-11288,44;A19;K-Operaciones Nacionalización;Z003;Aduanal;;EXP 20103089;-270,47;USD;-307,71
1000;10000288;AGENTES ADUANALES LUGO;ExP 20103089;EXP 20103089;SA;Documento cta.mayor;0100259131;11.09.2024;NT00;Contado;  531;11.09.2024;VED;-73,8100;0,0000;0,0000;0,0000;0,0000;-73,8100;0,0000;-2709,22;A19;K-Operaciones Nacionalización;Z003;Aduanal;;EXP 20103089;-64,91;USD;-73,81
1000;10000288;AGENTES ADUANALES LUGO;ANTICIPO;;ZT;Cart.Transf.Proveed.;0700015666;14.07.2021;;;0;14.07.2021;VES;3,830,7900;3830,7900;0,0000;0,0000;0,0000;0,0000;0,0000;15483,41;A19;K-Operaciones Nacionalización;Z003;Aduanal;;20210714-SFT05;1548341357,16;USD;3830,79
1000;10000288;AGENTES ADUANALES LUGO;ANTICIPO;;ZT;Cart.Transf.Proveed.;0700015802;13.08.2021;;;0;13.08.2021;VES;709,0600;709,0600;0,0000;0,0000;0,0000;0,0000;0,0000;2865,88;A19;K-Operaciones Nacionalización;Z003;Aduanal;;20210813-SFT03;286588135,45;USD;709,06
1000;10000288;AGENTES ADUANALES LUGO;ANTICIPO;;ZT;Cart.Transf.Proveed.;0700015812;13.08.2021;;;0;13.08.2021;VES;20,4600;20,4600;0,0000;0,0000;0,0000;0,0000;0,0000;82,71;A19;K-Operaciones Nacionalización;Z003;Aduanal;;20210813-SFT15;8270941,86;USD;20,46
1000;10000288;AGENTES ADUANALES LUGO;ANTICIPO;;ZT;Cart.Transf.Proveed.;0700015828;19.08.2021;;;0;19.08.2021;VES;2,359,8400;2359,8400;0,0000;0,0000;0,0000;0,0000;0,0000;9538,06;A19;K-Operaciones Nacionalización;Z003;Aduanal;;20210819-SFT04;953806320,50;USD;2359,84
1000;10000288;AGENTES ADUANALES LUGO;ANTICIPO;;ZT;Cart.Transf.Proveed.;0700015852;23.08.2021;;;0;23.08.2021;VES;4,418,9900;4418,9900;0,0000;0,0000;0,0000;0,0000;0,0000;17860,82;A19;K-Operaciones Nacionalización;Z003;Aduanal;;20210823-SFT08;1786082163,06;USD;4418,99
1000;10000288;AGENTES ADUANALES LUGO;ANTICIPO;;ZT;Cart.Transf.Proveed.;0700015888;03.09.2021;;;0;03.09.2021;VES;2,498,9200;2498,9200;0,0000;0,0000;0,0000;0,0000;0,0000;10100,20;A19;K-Operaciones Nacionalización;Z003;Aduanal;;20210903-SFT03;1010019985,00;USD;2498,92
1000;10000288;AGENTES ADUANALES LUGO;ANTICIPO;;ZT;Cart.Transf.Proveed.;0700016015;07.10.2021;;;0;07.10.2021;VED;1,192,6500;1192,6500;0,0000;0,0000;0,0000;0,0000;0,0000;4968,00;A19;K-Operaciones Nacionalización;Z003;Aduanal;;20211007-SFT01;1192,65;USD;1192,65
1000;10000288;AGENTES ADUANALES LUGO;ANTICIPO;;ZT;Cart.Transf.Proveed.;0700016041;11.10.2021;;;0;11.10.2021;VED;2,002,3200;2002,3200;0,0000;0,0000;0,0000;0,0000;0,0000;8337,84;A19;K-Operaciones Nacionalización;Z003;Aduanal;;20211011-SFT11;2002,32;USD;2002,32
1000;10000288;AGENTES ADUANALES LUGO;ANTICIPO;;ZT;Cart.Transf.Proveed.;0700016153;05.11.2021;;;0;05.11.2021;VED;2,145,1000;2145,1000;0,0000;0,0000;0,0000;0,0000;0,0000;9488,64;A19;K-Operaciones Nacionalización;Z003;Aduanal;;20211105-SFT07;2145,10;USD;2145,10
1000;10000288;AGENTES ADUANALES LUGO;ANTICIPO;;ZT;Cart.Transf.Proveed.;0700017343;27.07.2022;;;0;27.07.2022;VED;3,719,6900;3719,6900;0,0000;0,0000;0,0000;0,0000;0,0000;21371,86;A19;K-Operaciones Nacionalización;Z003;Aduanal;;20220727-DO338;3719,69;USD;3719,69
1000;10000288;AGENTES ADUANALES LUGO;ANTICIPO;;ZT;Cart.Transf.Proveed.;0700017563;08.09.2022;;;0;08.09.2022;VED;15,676,4300;15676,4300;0,0000;0,0000;0,0000;0,0000;0,0000;125221,78;A19;K-Operaciones Nacionalización;Z003;Aduanal;;20220908-DO379;15676,43;USD;15676,43
1000;10000288;AGENTES ADUANALES LUGO;ANTICIPO;;ZT;Cart.Transf.Proveed.;0700017709;28.09.2022;;;0;28.09.2022;VED;2,005,6900;2005,6900;0,0000;0,0000;0,0000;0,0000;0,0000;16330,14;A19;K-Operaciones Nacionalización;Z003;Aduanal;;20220928-DO394;2005,69;USD;2005,69
1000;10000288;AGENTES ADUANALES LUGO;ANTICIPO;;ZT;Cart.Transf.Proveed.;0700017745;06.10.2022;;;0;06.10.2022;VED;9,731,7400;9731,7400;0,0000;0,0000;0,0000;0,0000;0,0000;79884,97;A19;K-Operaciones Nacionalización;Z003;Aduanal;;20221006-D0417;9731,74;USD;9731,74
1000;10000288;AGENTES ADUANALES LUGO;ANTICIPO;;ZT;Cart.Transf.Proveed.;0700018391;12.01.2023;;;0;12.01.2023;VED;2,771,3700;2771,3700;0,0000;0,0000;0,0000;0,0000;0,0000;52803,20;A19;K-Operaciones Nacionalización;Z003;Aduanal;;20230112-SFT02;2771,37;USD;2771,37
1000;10000288;AGENTES ADUANALES LUGO;ANTICIPO;;ZT;Cart.Transf.Proveed.;0700020417;15.03.2024;;;0;15.03.2024;VED;8,564,0000;8564,0000;0,0000;0,0000;0,0000;0,0000;0,0000;310667,66;A19;K-Operaciones Nacionalización;Z003;Aduanal;;20240315-SFT02;8564,00;USD;8564,00
1000;10000288;AGENTES ADUANALES LUGO;ANTICIPO;;ZT;Cart.Transf.Proveed.;0700020456;22.03.2024;;;0;22.03.2024;VED;12,000,0000;12000,0000;0,0000;0,0000;0,0000;0,0000;0,0000;435860,40;A19;K-Operaciones Nacionalización;Z003;Aduanal;;20240322-SFT04;12000,00;USD;12000,00
1000;10000288;AGENTES ADUANALES LUGO;O/C 43-0532;;ZT;Cart.Transf.Proveed.;0700020479;26.03.2024;;;0;26.03.2024;VED;4,746,0000;4746,0000;0,0000;0,0000;0,0000;0,0000;0,0000;172282,65;A19;K-Operaciones Nacionalización;Z003;Aduanal;;20240326-SFT02;4746,00;USD;4746,00
1000;10000288;AGENTES ADUANALES LUGO;O/C 43-0531;;ZT;Cart.Transf.Proveed.;0700020479;26.03.2024;;;0;26.03.2024;VED;695,0000;695,0000;0,0000;0,0000;0,0000;0,0000;0,0000;25228,92;A19;K-Operaciones Nacionalización;Z003;Aduanal;;20240326-SFT02;695,00;USD;695,00
1000;10000288;AGENTES ADUANALES LUGO;ANTICIPO;;ZT;Cart.Transf.Proveed.;0700020584;17.04.2024;;;0;17.04.2024;VED;2,000,0000;2000,0000;0,0000;0,0000;0,0000;0,0000;0,0000;72594,80;A19;K-Operaciones Nacionalización;Z003;Aduanal;;20240417-SFT44;2000,00;USD;2000,00
1000;10000288;AGENTES ADUANALES LUGO;EXP 20103061;;ZT;Cart.Transf.Proveed.;0700020613;13.05.2024;;;0;13.05.2024;VED;1,600,0000;1600,0000;0,0000;0,0000;0,0000;0,0000;0,0000;58538,40;A19;K-Operaciones Nacionalización;Z003;Aduanal;;20240513-SFT64;1600,00;USD;1600,00
1000;10000288;AGENTES ADUANALES LUGO;EXP.20103072;;ZT;Cart.Transf.Proveed.;0700020919;28.06.2024;;;0;28.06.2024;VED;11,194,0000;11194,0000;0,0000;0,0000;0,0000;0,0000;0,0000;407556,75;A19;K-Operaciones Nacionalización;Z003;Aduanal;;20240628-SF188;11194,00;USD;11194,00
1000;10000288;AGENTES ADUANALES LUGO;20103070;;ZT;Cart.Transf.Proveed.;0700020920;28.06.2024;;;0;28.06.2024;VED;8,953,0000;8953,0000;0,0000;0,0000;0,0000;0,0000;0,0000;325965,30;A19;K-Operaciones Nacionalización;Z003;Aduanal;;20240628-SF189;8953,00;USD;8953,00
1000;10000288;AGENTES ADUANALES LUGO;EXP 20103074;;ZT;Cart.Transf.Proveed.;0700020989;12.07.2024;;;0;12.07.2024;VED;1,500,0000;1500,0000;0,0000;0,0000;0,0000;0,0000;0,0000;54795,45;A19;K-Operaciones Nacionalización;Z003;Aduanal;;20240712-SF236;1500,00;USD;1500,00
1000;10000288;AGENTES ADUANALES LUGO;EXP.20103074;;ZT;Cart.Transf.Proveed.;0700021053;16.07.2024;;;0;16.07.2024;VED;14,390,0000;14390,0000;0,0000;0,0000;0,0000;0,0000;0,0000;525240,76;A19;K-Operaciones Nacionalización;Z003;Aduanal;;20240716-SF259;14390,00;USD;14390,00
1000;10000288;AGENTES ADUANALES LUGO;EXP.20103076;;ZT;Cart.Transf.Proveed.;0700021149;26.07.2024;;;0;26.07.2024;VED;19,583,0000;19583,0000;0,0000;0,0000;0,0000;0,0000;0,0000;716340,27;A19;K-Operaciones Nacionalización;Z003;Aduanal;;20240726-SF287;19583,00;USD;19583,00
1000;10000288;AGENTES ADUANALES LUGO;EXP 20103078;;ZT;Cart.Transf.Proveed.;0700021312;12.08.2024;;;0;12.08.2024;VED;18,824,0000;18824,0000;0,0000;0,0000;0,0000;0,0000;0,0000;690197,02;A19;K-Operaciones Nacionalización;Z003;Aduanal;;20240812-SF337;18824,00;USD;18824,00
1000;10000288;AGENTES ADUANALES LUGO;EXP.20103083;;ZT;Cart.Transf.Proveed.;0700021315;14.08.2024;;;0;14.08.2024;VED;8,835,0000;8835,0000;0,0000;0,0000;0,0000;0,0000;0,0000;323856,64;A19;K-Operaciones Nacionalización;Z003;Aduanal;;20240814-SF340;8835,00;USD;8835,00
1000;10000288;AGENTES ADUANALES LUGO;EXP.20103088;;ZT;Cart.Transf.Proveed.;0700021409;27.08.2024;;;0;27.08.2024;VED;8,981,0000;8981,0000;0,0000;0,0000;0,0000;0,0000;0,0000;328375,00;A19;K-Operaciones Nacionalización;Z003;Aduanal;;20240827-SF393;8981,00;USD;8981,00
1000;10000288;AGENTES ADUANALES LUGO;EXP 20103077;;ZT;Cart.Transf.Proveed.;0700021476;06.09.2024;;;0;06.09.2024;VED;7,877,6600;7877,6600;0,0000;0,0000;0,0000;0,0000;0,0000;288988,81;A19;K-Operaciones Nacionalización;Z003;Aduanal;;20240906-SF428;7877,66;USD;7877,66
1000;10000288;AGENTES ADUANALES LUGO;20103089;;ZT;Cart.Transf.Proveed.;0700021500;10.09.2024;;;0;10.09.2024;VED;6,707,1100;6707,1100;0,0000;0,0000;0,0000;0,0000;0,0000;246053,01;A19;K-Operaciones Nacionalización;Z003;Aduanal;;20240910-SF440;6707,11;USD;6707,11
1000;10000288;AGENTES ADUANALES LUGO;EXP 20103084;;ZT;Cart.Transf.Proveed.;0700021512;12.09.2024;;;0;12.09.2024;VED;7,735,8700;7735,8700;0,0000;0,0000;0,0000;0,0000;0,0000;284156,30;A19;K-Operaciones Nacionalización;Z003;Aduanal;;20240912-SF451;7735,87;USD;7735,87
1000;10000288;AGENTES ADUANALES LUGO;O/C 43-0603;;ZT;Cart.Transf.Proveed.;0700021610;20.09.2024;;;0;20.09.2024;VED;3,000,0000;3000,0000;0,0000;0,0000;0,0000;0,0000;0,0000;110403,90;A19;K-Operaciones Nacionalización;Z003;Aduanal;;20240920-SF486;3000,00;USD;3000,00
1000;10000288;AGENTES ADUANALES LUGO;O/C 43-0603;;ZT;Cart.Transf.Proveed.;0700021641;20.09.2024;;;0;20.09.2024;VED;1,000,0000;1000,0000;0,0000;0,0000;0,0000;0,0000;0,0000;36801,30;A19;K-Operaciones Nacionalización;Z003;Aduanal;;20240920-SF495;1000,00;USD;1000,00
1000;10000288;AGENTES ADUANALES LUGO;EXP 3098;;ZT;Cart.Transf.Proveed.;0700021787;09.10.2024;;;0;09.10.2024;VED;4,084,1000;4084,1000;0,0000;0,0000;0,0000;0,0000;0,0000;151413,92;A19;K-Operaciones Nacionalización;Z003;Aduanal;;20241009-SF551;4084,10;USD;4084,10
1000;10000288;AGENTES ADUANALES LUGO;EXP 20103093;;ZT;Cart.Transf.Proveed.;0700021895;21.10.2024;;;0;21.10.2024;VED;5,244,0000;5244,0000;0,0000;0,0000;0,0000;0,0000;0,0000;205406,96;A19;K-Operaciones Nacionalización;Z003;Aduanal;;20241021-SF578;5244,00;USD;5244,00
1000;10000288;AGENTES ADUANALES LUGO;EXP 20103081;;ZT;Cart.Transf.Proveed.;0700021896;21.10.2024;;;0;21.10.2024;VED;6,240,0000;6240,0000;0,0000;0,0000;0,0000;0,0000;0,0000;244420,18;A19;K-Operaciones Nacionalización;Z003;Aduanal;;20241021-SF579;6240,00;USD;6240,00
1000;10000288;AGENTES ADUANALES LUGO;EXP 20103082;;ZT;Cart.Transf.Proveed.;0700021897;21.10.2024;;;0;21.10.2024;VED;6,240,0000;6240,0000;0,0000;0,0000;0,0000;0,0000;0,0000;244420,18;A19;K-Operaciones Nacionalización;Z003;Aduanal;;20241021-SF580;6240,00;USD;6240,00
1000;10000288;AGENTES ADUANALES LUGO;EXP 20103097;;ZT;Cart.Transf.Proveed.;0700021898;21.10.2024;;;0;21.10.2024;VED;3,120,0000;3120,0000;0,0000;0,0000;0,0000;0,0000;0,0000;122210,09;A19;K-Operaciones Nacionalización;Z003;Aduanal;;20241021-SF581;3120,00;USD;3120,00
1000;10000288;AGENTES ADUANALES LUGO;EXP.20103097;;ZT;Cart.Transf.Proveed.;0700022002;07.11.2024;;;0;07.11.2024;VED;11,480,0000;11480,0000;0,0000;0,0000;0,0000;0,0000;0,0000;502619,66;A19;K-Operaciones Nacionalización;Z003;Aduanal;;20241107-SF627;11480,00;USD;11480,00
1000;10000288;AGENTES ADUANALES LUGO;EXP 20103100;;ZT;Cart.Transf.Proveed.;0700022003;07.11.2024;;;0;07.11.2024;VED;7,277,0000;7277,0000;0,0000;0,0000;0,0000;0,0000;0,0000;318603,07;A19;K-Operaciones Nacionalización;Z003;Aduanal;;20241107-SF628;7277,00;USD;7277,00
1000;10000288;AGENTES ADUANALES LUGO;EXP.20103082;;ZT;Cart.Transf.Proveed.;0700022032;14.11.2024;;;0;14.11.2024;VED;11,098,0400;11098,0400;0,0000;0,0000;0,0000;0,0000;0,0000;500000,00;A19;K-Operaciones Nacionalización;Z003;Aduanal;;20241114-SF643;11098,04;USD;11098,04
1000;10000288;AGENTES ADUANALES LUGO;EXP.20103082;;ZT;Cart.Transf.Proveed.;0700022033;14.11.2024;;;0;14.11.2024;VED;661,9600;661,9600;0,0000;0,0000;0,0000;0,0000;0,0000;29823,28;A19;K-Operaciones Nacionalización;Z003;Aduanal;;20241114-SF644;661,96;USD;661,96
1000;10000288;AGENTES ADUANALES LUGO;EXP.20103093;;ZT;Cart.Transf.Proveed.;0700022034;14.11.2024;;;0;14.11.2024;VED;8,820,0000;8820,0000;0,0000;0,0000;0,0000;0,0000;0,0000;397367,46;A19;K-Operaciones Nacionalización;Z003;Aduanal;;20241114-SF645;8820,00;USD;8820,00
1000;10000288;AGENTES ADUANALES LUGO;EXP.20103095;;ZT;Cart.Transf.Proveed.;0700022035;14.11.2024;;;0;14.11.2024;VED;7,920,0000;7920,0000;0,0000;0,0000;0,0000;0,0000;0,0000;356819,76;A19;K-Operaciones Nacionalización;Z003;Aduanal;;20241114-SF646;7920,00;USD;7920,00
1000;10000288;AGENTES ADUANALES LUGO;EXP 20103081;;ZT;Cart.Transf.Proveed.;0700022132;21.11.2024;;;0;21.11.2024;VED;20,443,8000;20443,8000;0,0000;0,0000;0,0000;0,0000;0,0000;941616,90;A19;K-Operaciones Nacionalización;Z003;Aduanal;;20241121-SF667;20443,80;USD;20443,80
1000;10000288;AGENTES ADUANALES LUGO;ANTICIPO;ANTICIPO;KZ;Pago acreedor;1500008360;27.01.2023;;;0;27.01.2023;VED;736,4100;736,4100;0,0000;0,0000;0,0000;0,0000;0,0000;16000,00;A19;K-Operaciones Nacionalización;Z003;Aduanal;;ANTICIPO;728,89;USD;736,41
1000;10000288;AGENTES ADUANALES LUGO;ANTICIPO;ANTICIPO;KZ;Pago acreedor;1500008361;27.01.2023;;;0;27.01.2023;VED;1,437,9900;1437,9900;0,0000;0,0000;0,0000;0,0000;0,0000;31243,41;A19;K-Operaciones Nacionalización;Z003;Aduanal;;ANTICIPO;1423,31;USD;1437,99
1000;10000288;AGENTES ADUANALES LUGO;3404;3404;KR;Factura acreedor;1900013904;06.07.2021;NT00;Contado;  677;06.07.2021;VES;-2,031,2800;0,0000;0,0000;0,0000;0,0000;-2031,2800;0,0000;-8210,09;A19;K-Operaciones Nacionalización;Z003;Aduanal;;00-003583;-821009318,55;USD;-2031,28
1000;10000288;AGENTES ADUANALES LUGO;3405;3405;KR;Factura acreedor;1900013937;19.07.2021;NT00;Contado;  677;19.07.2021;VES;-864,3200;0,0000;0,0000;0,0000;0,0000;-864,3200;0,0000;-3493,44;A19;K-Operaciones Nacionalización;Z003;Aduanal;;00-003584;-349343890,35;USD;-864,32
1000;10000288;AGENTES ADUANALES LUGO;3411;3411;KR;Factura acreedor;1900014248;18.08.2021;NT00;Contado;  677;18.08.2021;VES;-1,118,8600;0,0000;0,0000;0,0000;0,0000;-1118,8600;0,0000;-4522,23;A19;K-Operaciones Nacionalización;Z003;Aduanal;;00-003591;-452223110,28;USD;-1118,86
1000;10000288;AGENTES ADUANALES LUGO;3414;3414;KR;Factura acreedor;1900014565;15.09.2021;NT00;Contado;  677;15.09.2021;VES;-1,018,0200;0,0000;0,0000;0,0000;0,0000;-1018,0200;0,0000;-4114,65;A19;K-Operaciones Nacionalización;Z003;Aduanal;;00-003594;-411464652,83;USD;-1018,02
1000;10000288;AGENTES ADUANALES LUGO;3417;3417;KR;Factura acreedor;1900014827;05.10.2021;NT00;Contado;  677;05.10.2021;VED;-1,341,6200;0,0000;0,0000;0,0000;0,0000;-1341,6200;0,0000;-5601,94;A19;K-Operaciones Nacionalización;Z003;Aduanal;;00-003597;-1345,28;USD;-1341,62
1000;10000288;AGENTES ADUANALES LUGO;3416;3416;KR;Factura acreedor;1900014842;05.10.2021;NT00;Contado;  677;05.10.2021;VED;-1,524,9400;0,0000;0,0000;0,0000;0,0000;-1524,9400;0,0000;-6367,38;A19;K-Operaciones Nacionalización;Z003;Aduanal;;00-003596;-1529,44;USD;-1524,94
1000;10000288;AGENTES ADUANALES LUGO;3419;3419;KR;Factura acreedor;1900014940;04.11.2021;NT00;Contado;  677;04.11.2021;VED;-940,1700;0,0000;0,0000;0,0000;0,0000;-940,1700;0,0000;-4173,22;A19;K-Operaciones Nacionalización;Z003;Aduanal;;00-003601;-943,44;USD;-940,17
1000;10000288;AGENTES ADUANALES LUGO;3425;3425;KR;Factura acreedor;1900015149;17.12.2021;NT00;Contado;  677;17.12.2021;VED;-1,298,7900;0,0000;0,0000;0,0000;0,0000;-1298,7900;0,0000;-5991,46;A19;K-Operaciones Nacionalización;Z003;Aduanal;;00-003612;-1308,58;USD;-1298,79
1000;10000288;AGENTES ADUANALES LUGO;3400;3400;KR;Factura acreedor;1900015185;01.06.2021;NT00;Contado;  677;01.06.2021;VED;-2,031,2800;0,0000;0,0000;0,0000;0,0000;-2031,2800;0,0000;-8210,10;A19;K-Operaciones Nacionalización;Z003;Aduanal;;00-003578;-1772,63;USD;-2031,28
1000;10000288;AGENTES ADUANALES LUGO;3482;3482;KR;Factura acreedor;1900016513;24.11.2022;NT00;Contado;  677;24.11.2022;VED;-1,704,0400;0,0000;0,0000;0,0000;0,0000;-1704,0400;0,0000;-17440,17;A19;K-Operaciones Nacionalización;Z003;Aduanal;;00-003695;-1592,05;USD;-1704,04
1000;10000288;AGENTES ADUANALES LUGO;3483;3483;KR;Factura acreedor;1900016514;24.11.2022;NT00;Contado;  677;24.11.2022;VED;-2,062,3300;0,0000;0,0000;0,0000;0,0000;-2062,3300;0,0000;-21107,08;A19;K-Operaciones Nacionalización;Z003;Aduanal;;00-0003696;-1926,80;USD;-2062,33
1000;10000288;AGENTES ADUANALES LUGO;3489;3489;KR;Factura acreedor;1900016556;12.12.2022;NT00;Contado;  677;12.12.2022;VED;-1,264,4100;0,0000;0,0000;0,0000;0,0000;-1264,4100;0,0000;-17191,64;A19;K-Operaciones Nacionalización;Z003;Aduanal;;00-003704;-1264,41;USD;-1264,41
1000;10000288;AGENTES ADUANALES LUGO;3485;3485;KR;Factura acreedor;1900016558;02.12.2022;NT00;Contado;  677;02.12.2022;VED;-1,327,7600;0,0000;0,0000;0,0000;0,0000;-1327,7600;0,0000;-14943,70;A19;K-Operaciones Nacionalización;Z003;Aduanal;;00-003698;-1099,08;USD;-1327,76
1000;10000288;AGENTES ADUANALES LUGO;3487;3487;KR;Factura acreedor;1900016560;12.12.2022;NT00;Contado;  677;12.12.2022;VED;-1,669,3600;0,0000;0,0000;0,0000;0,0000;-1669,3600;0,0000;-22697,57;A19;K-Operaciones Nacionalización;Z003;Aduanal;;00-003702;-1669,35;USD;-1669,36
1000;10000288;AGENTES ADUANALES LUGO;3520;3520;KR;Factura acreedor;1900016914;13.04.2023;NT00;Contado;  677;13.04.2023;VED;-1,108,9600;0,0000;0,0000;0,0000;0,0000;-1108,9600;0,0000;-27155,98;A19;K-Operaciones Nacionalización;Z003;Aduanal;;00-003755;-1108,95;USD;-1108,96
1000;10000288;AGENTES ADUANALES LUGO;3523;3523;KR;Factura acreedor;1900016963;21.04.2023;NT00;Contado;  677;21.04.2023;VED;-704,2100;0,0000;0,0000;0,0000;0,0000;-704,2100;0,0000;-17307,11;A19;K-Operaciones Nacionalización;Z003;Aduanal;;00-003758;-702,16;USD;-704,21
1000;10000288;AGENTES ADUANALES LUGO;3622;3622;KR;Factura acreedor;1900018120;24.01.2024;NT00;Contado;  677;24.01.2024;VED;-738,2600;0,0000;0,0000;0,0000;0,0000;-738,2600;0,0000;-26671,85;A19;K-Operaciones Nacionalización;Z003;Aduanal;;00-003938;-738,44;USD;-738,26
1000;10000288;AGENTES ADUANALES LUGO;3621;3621;KR;Factura acreedor;1900018168;24.01.2024;NT00;Contado;  677;24.01.2024;VED;-739,0500;0,0000;0,0000;0,0000;0,0000;-739,0500;0,0000;-26700,19;A19;K-Operaciones Nacionalización;Z003;Aduanal;;00-003937;-737,53;USD;-739,05
1000;10000288;AGENTES ADUANALES LUGO;3644;3644;KR;Factura acreedor;1900018602;10.04.2024;NT00;Contado;  677;10.04.2024;VED;-2,706,9400;0,0000;0,0000;0,0000;0,0000;-2706,9400;0,0000;-98059,16;A19;K-Operaciones Nacionalización;Z003;Aduanal;;00-003962;-2709,69;USD;-2706,94
1000;10000288;AGENTES ADUANALES LUGO;3672;3672;KR;Factura acreedor;1900019305;18.07.2024;NT00;Contado;  585;18.07.2024;VED;-1,753,4900;0,0000;0,0000;0,0000;0,0000;-1753,4900;0,0000;-64073,69;A19;K-Operaciones Nacionalización;Z003;Aduanal;;00-003992;-1753,49;USD;-1753,49
1000;10000288;AGENTES ADUANALES LUGO;3671;3671;KR;Factura acreedor;1900019306;18.07.2024;NT00;Contado;  585;18.07.2024;VED;-713,0200;0,0000;0,0000;0,0000;0,0000;-713,0200;0,0000;-26054,36;A19;K-Operaciones Nacionalización;Z003;Aduanal;;00-003991;-713,02;USD;-713,02
1000;10000288;AGENTES ADUANALES LUGO;3673;3673;KR;Factura acreedor;1900019343;23.07.2024;NT00;Contado;  578;23.07.2024;VED;-838,2600;0,0000;0,0000;0,0000;0,0000;-838,2600;0,0000;-30622,99;A19;K-Operaciones Nacionalización;Z003;Aduanal;;00-003993;-838,26;USD;-838,26
1000;10000288;AGENTES ADUANALES LUGO;3676;3676;KR;Factura acreedor;1900019449;20.08.2024;NT00;Contado;  552;20.08.2024;VED;-605,5900;0,0000;0,0000;0,0000;0,0000;-605,5900;0,0000;-22215,84;A19;K-Operaciones Nacionalización;Z003;Aduanal;;00-003998;-605,59;USD;-605,59
1000;10000288;AGENTES ADUANALES LUGO;3678;3678;KR;Factura acreedor;1900019450;20.08.2024;NT00;Contado;  552;20.08.2024;VED;-792,3500;0,0000;0,0000;0,0000;0,0000;-792,3500;0,0000;-29067,33;A19;K-Operaciones Nacionalización;Z003;Aduanal;;00-004000;-792,35;USD;-792,35
1000;10000288;AGENTES ADUANALES LUGO;3679;3679;KR;Factura acreedor;1900019499;27.08.2024;NT00;Contado;  545;27.08.2024;VED;-665,0500;0,0000;0,0000;0,0000;0,0000;-665,0500;0,0000;-24316,58;A19;K-Operaciones Nacionalización;Z003;Aduanal;;00-004002;-664,59;USD;-665,05
1000;10000288;AGENTES ADUANALES LUGO;3682;3682;KR;Factura acreedor;1900019549;11.09.2024;NT00;Contado;  530;11.09.2024;VED;-1,163,5500;0,0000;0,0000;0,0000;0,0000;-1163,5500;0,0000;-42709,39;A19;K-Operaciones Nacionalización;Z003;Aduanal;;00-004011;-1163,54;USD;-1163,55
1000;10000288;AGENTES ADUANALES LUGO;3684;3684;KR;Factura acreedor;1900019613;23.09.2024;NT00;Contado;  518;23.09.2024;VED;-631,3100;0,0000;0,0000;0,0000;0,0000;-631,3100;0,0000;-23246,78;A19;K-Operaciones Nacionalización;Z003;Aduanal;;00-004025;-631,52;USD;-631,31
1000;10000288;AGENTES ADUANALES LUGO;3683;3683;KR;Factura acreedor;1900019614;23.09.2024;NT00;Contado;  518;23.09.2024;VED;-1,163,6600;0,0000;0,0000;0,0000;0,0000;-1163,6600;0,0000;-42849,57;A19;K-Operaciones Nacionalización;Z003;Aduanal;;00-004024;-1164,06;USD;-1163,66
1000;10000288;AGENTES ADUANALES LUGO;3689;3689;KR;Factura acreedor;1900019651;02.10.2024;NT00;Contado;  509;02.10.2024;VED;-1,014,4900;0,0000;0,0000;0,0000;0,0000;-1014,4900;0,0000;-37453,57;A19;K-Operaciones Nacionalización;Z003;Aduanal;;00-004030;-1012,77;USD;-1014,49
1000;10000288;AGENTES ADUANALES LUGO;3691;3691;KR;Factura acreedor;1900019660;08.10.2024;NT00;Contado;  503;08.10.2024;VED;-531,1400;0,0000;0,0000;0,0000;0,0000;-531,1400;0,0000;-19673,28;A19;K-Operaciones Nacionalización;Z003;Aduanal;;00-004032;-531,14;USD;-531,14
1000;10000288;AGENTES ADUANALES LUGO;EXP 20103088;EXP.20103088;KR;Factura acreedor;1900019665;29.08.2024;NT00;Contado;  543;29.08.2024;VED;-277,8100;0,0000;0,0000;0,0000;0,0000;-277,8100;0,0000;-10165,49;A19;K-Operaciones Nacionalización;Z003;Aduanal;;OC - 43-586 EXP 20103088;-270,87;USD;-277,81
1000;10000288;AGENTES ADUANALES LUGO;3695;3695;KR;Factura acreedor;1900019756;06.11.2024;NT00;Contado;  474;06.11.2024;VED;-983,1800;0,0000;0,0000;0,0000;0,0000;-983,1800;0,0000;-42726,76;A19;K-Operaciones Nacionalización;Z003;Aduanal;;00-004036;-983,18;USD;-983,18
1000;10000288;AGENTES ADUANALES LUGO;3696;3696;KR;Factura acreedor;1900019757;06.11.2024;NT00;Contado;  474;06.11.2024;VED;-571,0700;0,0000;0,0000;0,0000;0,0000;-571,0700;0,0000;-24817,48;A19;K-Operaciones Nacionalización;Z003;Aduanal;;00-004037;-571,08;USD;-571,07
1000;10000288;AGENTES ADUANALES LUGO;3699;3699;KR;Factura acreedor;1900019845;19.11.2024;NT00;Contado;  461;19.11.2024;VED;-975,0000;0,0000;0,0000;0,0000;0,0000;-975,0000;0,0000;-44644,51;A19;K-Operaciones Nacionalización;Z003;Aduanal;;00-004040;-973,89;USD;-975,00
1000;10000288;AGENTES ADUANALES LUGO;RECIBO31122021;RECIBO31122021;RE;Factura bruto;5100015123;01.06.2021;NT00;Contado;  677;01.06.2021;VED;-2,051,8000;0,0000;0,0000;0,0000;0,0000;-2051,8000;0,0000;-8293,02;A19;K-Operaciones Nacionalización;Z003;Aduanal;;RECIBO31122021;-1806,88;USD;-2051,80
1000;10000296;CORPORACION 18, S.A.;111864;111864;KR;Factura acreedor;1900019240;02.07.2024;NT00;Contado;  595;02.07.2024;VED;-1,285,2000;0,0000;0,0000;0,0000;0,0000;-1285,2000;0,0000;-46852,09;A19;K-Operaciones Nacionalización;Z003;Aduanal;;00-112528;-1283,19;USD;-1285,20
1000;10000296;CORPORACION 18, S.A.;112754;112754;KR;Factura acreedor;1900019380;01.08.2024;NT00;Contado;  571;01.08.2024;VED;-428,4000;0,0000;0,0000;0,0000;0,0000;-428,4000;0,0000;-15695,21;A19;K-Operaciones Nacionalización;Z003;Aduanal;;00-113418;-428,18;USD;-428,40
1000;10000296;CORPORACION 18, S.A.;113809;113809;KR;Factura acreedor;1900019527;03.09.2024;NT00;Contado;  538;03.09.2024;VED;-856,8000;0,0000;0,0000;0,0000;0,0000;-856,8000;0,0000;-31391,95;A19;K-Operaciones Nacionalización;Z003;Aduanal;;00-114475;-855,73;USD;-856,80
1000;10000296;CORPORACION 18, S.A.;115978;115978;KR;Factura acreedor;1900019809;12.11.2024;NT00;Contado;  468;12.11.2024;VED;-856,8000;0,0000;0,0000;0,0000;0,0000;-856,8000;0,0000;-38345,58;A19;K-Operaciones Nacionalización;Z003;Aduanal;;00-116648;-853,48;USD;-856,80
1000;10000332;SISTEMAS DE PREVENCION;001633;001633;RE;Factura bruto;5100023658;19.09.2024;NT15;Crédito 15 Días;  507;04.10.2024;VED;-388,3700;0,0000;0,0000;0,0000;0,0000;-388,3700;0,0000;-14283,82;A28;K-Seguridad Industrial;Z056;Ser. Y Mantenimiento;;00-001133;-388,14;USD;-388,37
1000;10000332;SISTEMAS DE PREVENCION;001634;001634;RE;Factura bruto;5100024223;04.11.2024;NT15;Crédito 15 Días;  461;19.11.2024;VED;-283,5000;0,0000;0,0000;0,0000;0,0000;-283,5000;0,0000;-12108,28;A28;K-Seguridad Industrial;Z056;Ser. Y Mantenimiento;;00-001134;-274,03;USD;-283,50
1000;10000346;ADUANERA LEON, C.A.;03324939380;;SA;Documento cta.mayor;0100190865;27.06.2022;NT00;Contado; 1337;27.06.2022;VED;-675,4300;0,0000;0,0000;0,0000;0,0000;-675,4300;0,0000;-3720,07;A19;K-Operaciones Nacionalización;Z003;Aduanal;;;-671,87;USD;-675,43
1000;10000346;ADUANERA LEON, C.A.;03331774718;REINTEGRO;SA;Documento cta.mayor;0100193299;18.07.2022;NT00;Contado; 1316;18.07.2022;VED;-159,4400;0,0000;0,0000;0,0000;0,0000;-159,4400;0,0000;-908,66;A19;K-Operaciones Nacionalización;Z003;Aduanal;;REINTEGRO;-115,67;USD;-159,44
1000;10000346;ADUANERA LEON, C.A.;03354511997;REINTEGRO;SA;Documento cta.mayor;0100199656;05.10.2022;NT00;Contado; 1237;05.10.2022;VED;-109,4600;0,0000;0,0000;0,0000;0,0000;-109,4600;0,0000;-896,71;A19;K-Operaciones Nacionalización;Z003;Aduanal;;REINTEGRO;-81,86;USD;-109,46
1000;10000346;ADUANERA LEON, C.A.;EXP 20230009;;AB;Documento contable;0100202087;24.01.2023;NT00;Contado; 1126;24.01.2023;VED;-48,5400;0,0000;0,0000;0,0000;0,0000;-48,5400;0,0000;-1006,46;A19;K-Operaciones Nacionalización;Z003;Aduanal;;;-46,32;USD;-48,54
1000;10000346;ADUANERA LEON, C.A.;EXP 20220008;;SA;Documento cta.mayor;0100203597;28.01.2002;;;0;28.01.2002;VED;810,1200;810,1200;0,0000;0,0000;0,0000;0,0000;0,0000;3274,35;A19;K-Operaciones Nacionalización;Z003;Aduanal;;;134,36;USD;810,12
1000;10000346;ADUANERA LEON, C.A.;EXP 20230036;EXP 20230036;SA;Documento cta.mayor;0100214647;12.04.2023;;;0;12.04.2023;VED;330,6300;330,6300;0,0000;0,0000;0,0000;0,0000;0,0000;8091,67;A19;K-Operaciones Nacionalización;Z003;Aduanal;;EXPEDIENTE 20230036;280,19;USD;330,63
1000;10000346;ADUANERA LEON, C.A.;EXP 20102952;EXP 20102952;SA;Documento cta.mayor;0100215733;06.07.2023;NT00;Contado;  963;06.07.2023;VED;-71,7600;0,0000;0,0000;0,0000;0,0000;-71,7600;0,0000;-2021,13;A19;K-Operaciones Nacionalización;Z003;Aduanal;;EXPEDIENTE 20102952;-68,49;USD;-71,76
1000;10000346;ADUANERA LEON, C.A.;EXP. 20240044;EXP. 20240044;AB;Documento contable;0100244227;10.05.2024;;;0;10.05.2024;VED;52,6000;52,6000;0,0000;0,0000;0,0000;0,0000;0,0000;1924,41;A19;K-Operaciones Nacionalización;Z003;Aduanal;;;52,67;USD;52,60
1000;10000346;ADUANERA LEON, C.A.;EXP 20240042;EXP.20240042;AB;Documento contable;0100244424;18.04.2024;;;0;18.04.2024;VED;331,6100;331,6100;0,0000;0,0000;0,0000;0,0000;0,0000;12046,05;A19;K-Operaciones Nacionalización;Z003;Aduanal;;;329,72;USD;331,61
1000;10000346;ADUANERA LEON, C.A.;ANTICIPO;EXP.20240005;AB;Documento contable;0100245672;15.01.2024;;;0;15.01.2024;VED;48,0500;48,0500;0,0000;0,0000;0,0000;0,0000;0,0000;1731,66;A19;K-Operaciones Nacionalización;Z003;Aduanal;;;47,94;USD;48,05
1000;10000346;ADUANERA LEON, C.A.;COMPENSACION;EXP.20240009;AB;Documento contable;0100245705;19.01.2024;;;0;19.01.2024;VED;-101,9700;-101,9700;0,0000;0,0000;0,0000;0,0000;0,0000;-3685,15;A19;K-Operaciones Nacionalización;Z003;Aduanal;;;-101,16;USD;-101,97
1000;10000346;ADUANERA LEON, C.A.;EXP 20220070;EXP.20220070;AB;Documento contable;0100246752;23.06.2022;;;0;23.06.2022;VED;691,7500;691,7500;0,0000;0,0000;0,0000;0,0000;0,0000;3783,92;A19;K-Operaciones Nacionalización;Z003;Aduanal;;;104,00;USD;691,75
1000;10000346;ADUANERA LEON, C.A.;EXP 20220131;EXP.20220131;AB;Documento contable;0100246759;04.10.2022;;;0;04.10.2022;VED;115,1500;115,1500;0,0000;0,0000;0,0000;0,0000;0,0000;940,92;A19;K-Operaciones Nacionalización;Z003;Aduanal;;;25,86;USD;115,15
1000;10000346;ADUANERA LEON, C.A.;EXP. 20220105;EXP.20220105;AB;Documento contable;0100247656;31.08.2022;;;0;31.08.2022;VED;597,2000;597,2000;0,0000;0,0000;0,0000;0,0000;0,0000;4691,20;A19;K-Operaciones Nacionalización;Z003;Aduanal;;;128,64;USD;597,20
1000;10000346;ADUANERA LEON, C.A.;REINTEGRO;REINTEGRO;AB;Documento contable;0100248351;11.07.2024;NT00;Contado;  592;11.07.2024;VED;-1,550,1900;0,0000;0,0000;0,0000;0,0000;-1550,1900;0,0000;-56602,66;A19;K-Operaciones Nacionalización;Z003;Aduanal;;;-1550,19;USD;-1550,19
1000;10000346;ADUANERA LEON, C.A.; EXP 20240085;EXP 20240085;SA;Documento cta.mayor;0100248354;10.07.2024;NT00;Contado;  606;10.07.2024;VED;-12,8700;0,0000;0,0000;0,0000;0,0000;-12,8700;0,0000;-469,99;A19;K-Operaciones Nacionalización;Z003;Aduanal;;EXP 20240085;-12,87;USD;-12,87
1000;10000346;ADUANERA LEON, C.A.; EXP 20240085;EXP 20240085;SA;Documento cta.mayor;0100248706;10.07.2024;NT00;Contado;  683;10.07.2024;VED;-1,993,4100;0,0000;0,0000;0,0000;0,0000;-1993,4100;0,0000;-72770,76;A19;K-Operaciones Nacionalización;Z003;Aduanal;;EXP 20240085 TESORO;-1992,39;USD;-1993,41
1000;10000346;ADUANERA LEON, C.A.; EXP 20240085;EXP 20240085;SA;Documento cta.mayor;0100248708;10.07.2024;NT00;Contado;  683;10.07.2024;VED;-53,6400;0,0000;0,0000;0,0000;0,0000;-53,6400;0,0000;-1958,31;A19;K-Operaciones Nacionalización;Z003;Aduanal;;EXP 20240085 SENIAT;-53,62;USD;-53,64
1000;10000346;ADUANERA LEON, C.A.;REINTEGRO;REINTEGRO;SA;Documento cta.mayor;0100248801;16.07.2024;NT00;Contado;  587;16.07.2024;VED;-211,4800;0,0000;0,0000;0,0000;0,0000;-211,4800;0,0000;-7719,00;A19;K-Operaciones Nacionalización;Z003;Aduanal;;REINTEGROADUNAERA LEON;-211,48;USD;-211,48
1000;10000346;ADUANERA LEON, C.A.;EXP. 20240071;EXP.20240071;AB;Documento contable;0100249685;26.06.2024;;;0;26.06.2024;VED;212,2800;212,2800;0,0000;0,0000;0,0000;0,0000;0,0000;7719,60;A19;K-Operaciones Nacionalización;Z003;Aduanal;;;211,15;USD;212,28
1000;10000346;ADUANERA LEON, C.A.;REINTEGRO;REINTEGRO;SA;Documento cta.mayor;0100250089;17.05.2024;;;0;17.05.2024;VED;-381,4300;-381,4300;0,0000;0,0000;0,0000;0,0000;0,0000;-13970,46;A19;K-Operaciones Nacionalización;Z003;Aduanal;;REINTEGRO ADUANERA;-381,43;USD;-381,43
1000;10000346;ADUANERA LEON, C.A.; EXP 20240126;EXP 20240126;SA;Documento cta.mayor;0100254492;06.09.2024;NT00;Contado;  683;06.09.2024;VED;-419,9100;0,0000;0,0000;0,0000;0,0000;-419,9100;0,0000;-15404,18;A19;K-Operaciones Nacionalización;Z003;Aduanal;;EXP 20240126 TESORO;-419,36;USD;-419,91
1000;10000346;ADUANERA LEON, C.A.;EXP 20240126;EXP 20240126;SA;Documento cta.mayor;0100254493;06.09.2024;NT00;Contado;  683;06.09.2024;VED;-11,0600;0,0000;0,0000;0,0000;0,0000;-11,0600;0,0000;-405,80;A19;K-Operaciones Nacionalización;Z003;Aduanal;;EXP 20240126 SENIAT;-11,05;USD;-11,06
1000;10000346;ADUANERA LEON, C.A.;EXP 20240141;EXP 20240141;SA;Documento cta.mayor;0100255956;23.09.2024;NT00;Contado;  683;23.09.2024;VED;-562,8100;0,0000;0,0000;0,0000;0,0000;-562,8100;0,0000;-20724,43;A19;K-Operaciones Nacionalización;Z003;Aduanal;;EXP 20240141 TESORO;-562,39;USD;-562,81
1000;10000346;ADUANERA LEON, C.A.; EXP 20240141;EXP 20240141;SA;Documento cta.mayor;0100255958;23.09.2024;NT00;Contado;  683;23.09.2024;VED;-13,2100;0,0000;0,0000;0,0000;0,0000;-13,2100;0,0000;-486,49;A19;K-Operaciones Nacionalización;Z003;Aduanal;;EXP 20240141 SENIAT;-13,20;USD;-13,21
1000;10000346;ADUANERA LEON, C.A.;REINTEGRO;REINTEGRO;SA;Documento cta.mayor;0100257395;03.10.2024;;;0;03.10.2024;VED;-474,6100;-474,6100;0,0000;0,0000;0,0000;0,0000;0,0000;-17551,56;A19;K-Operaciones Nacionalización;Z003;Aduanal;;REINTEGRO;-474,61;USD;-474,61
1000;10000346;ADUANERA LEON, C.A.;REINTEGRO;REINTEGRO;SA;Documento cta.mayor;0100260848;11.11.2024;;;0;11.11.2024;VED;-745,7300;-745,7300;0,0000;0,0000;0,0000;0,0000;0,0000;-33336,57;A19;K-Operaciones Nacionalización;Z003;Aduanal;;REINTEGRO;-741,99;USD;-745,73
1000;10000346;ADUANERA LEON, C.A.;ANTICIPO;;ZT;Cart.Transf.Proveed.;0700017283;13.07.2022;;;0;13.07.2022;VED;4,437,2800;4437,2800;0,0000;0,0000;0,0000;0,0000;0,0000;24934,87;A19;K-Operaciones Nacionalización;Z003;Aduanal;;20220713-DO259;4437,28;USD;4437,28
1000;10000346;ADUANERA LEON, C.A.;OC 43-587;;ZT;Cart.Transf.Proveed.;0700020967;09.07.2024;;;0;09.07.2024;VED;4,727,0000;4727,0000;0,0000;0,0000;0,0000;0,0000;0,0000;172482,56;A19;K-Operaciones Nacionalización;Z003;Aduanal;;20240709-SF220;4727,00;USD;4727,00
1000;10000346;ADUANERA LEON, C.A.;OC 43-0596;;ZT;Cart.Transf.Proveed.;0700021475;06.09.2024;;;0;06.09.2024;VED;1,704,2700;1704,2700;0,0000;0,0000;0,0000;0,0000;0,0000;62520,46;A19;K-Operaciones Nacionalización;Z003;Aduanal;;20240906-SF427;1704,27;USD;1704,27
1000;10000346;ADUANERA LEON, C.A.;OC 43-0600;;ZT;Cart.Transf.Proveed.;0700021546;18.09.2024;;;0;18.09.2024;VED;1,428,4000;1428,4000;0,0000;0,0000;0,0000;0,0000;0,0000;52522,55;A19;K-Operaciones Nacionalización;Z003;Aduanal;;20240918-SF468;1428,40;USD;1428,40
1000;10000346;ADUANERA LEON, C.A.;EXP.20240164;;ZT;Cart.Transf.Proveed.;0700021973;31.10.2024;;;0;31.10.2024;VED;7,608,0900;7608,0900;0,0000;0,0000;0,0000;0,0000;0,0000;323817,11;A19;K-Operaciones Nacionalización;Z003;Aduanal;;20241031-SF609;7608,09;USD;7608,09
1000;10000346;ADUANERA LEON, C.A.;20240167;;ZT;Cart.Transf.Proveed.;0700021983;01.11.2024;;;0;01.11.2024;VED;2,524,4200;2524,4200;0,0000;0,0000;0,0000;0,0000;0,0000;107818,23;A19;K-Operaciones Nacionalización;Z003;Aduanal;;20241101-SF615;2524,42;USD;2524,42
1000;10000346;ADUANERA LEON, C.A.;3313;3313;KR;Factura acreedor;1900016956;21.04.2023;;;0;21.04.2023;VED;-763,6800;-763,6800;0,0000;0,0000;0,0000;0,0000;0,0000;-18768,75;A19;K-Operaciones Nacionalización;Z003;Aduanal;;00-3323;-763,68;USD;-763,68
1000;10000346;ADUANERA LEON, C.A.;3535;3535;KR;Factura acreedor;1900019280;11.07.2024;NT00;Contado;  592;11.07.2024;VED;-764,1300;0,0000;0,0000;0,0000;0,0000;-764,1300;0,0000;-27900,94;A19;K-Operaciones Nacionalización;Z003;Aduanal;;00-3545;-764,12;USD;-764,13
1000;10000346;ADUANERA LEON, C.A.;3584;3584;KR;Factura acreedor;1900019571;12.09.2024;NT00;Contado;  529;12.09.2024;VED;-618,5300;0,0000;0,0000;0,0000;0,0000;-618,5300;0,0000;-22719,99;A19;K-Operaciones Nacionalización;Z003;Aduanal;;00-3594;-618,39;USD;-618,53
1000;10000346;ADUANERA LEON, C.A.;3593;3593;KR;Factura acreedor;1900019626;25.09.2024;NT00;Contado;  516;25.09.2024;VED;-618,6900;0,0000;0,0000;0,0000;0,0000;-618,6900;0,0000;-22774,34;A19;K-Operaciones Nacionalización;Z003;Aduanal;;00-3603;-618,02;USD;-618,69
1000;10000346;ADUANERA LEON, C.A.;3619;3619;KR;Factura acreedor;1900019753;05.11.2024;NT00;Contado;  475;05.11.2024;VED;-762,9000;0,0000;0,0000;0,0000;0,0000;-762,9000;0,0000;-32695,41;A19;K-Operaciones Nacionalización;Z003;Aduanal;;00-3629;-752,36;USD;-762,90
1000;10000346;ADUANERA LEON, C.A.;3621;3621;KR;Factura acreedor;1900019781;08.11.2024;NT00;Contado;  472;08.11.2024;VED;-760,6700;0,0000;0,0000;0,0000;0,0000;-760,6700;0,0000;-33610,92;A19;K-Operaciones Nacionalización;Z003;Aduanal;;00-3631;-760,67;USD;-760,67
1000;10000377;ALMACENADORA PUERTO CA;104068;104068;KR;Factura acreedor;1900016175;26.09.2022;NT00;Contado; 1271;26.09.2022;VED;-509,5000;0,0000;0,0000;0,0000;0,0000;-509,5000;0,0000;-4136,10;A19;K-Operaciones Nacionalización;Z003;Aduanal;;00-031585;-510,52;USD;-509,50
1000;10000377;ALMACENADORA PUERTO CA;104097;104097;KR;Factura acreedor;1900016267;05.10.2022;NT00;Contado; 1241;05.10.2022;VED;-306,2900;0,0000;0,0000;0,0000;0,0000;-306,2900;0,0000;-2509,20;A19;K-Operaciones Nacionalización;Z003;Aduanal;;00-031619;-303,52;USD;-306,29
1000;10000377;ALMACENADORA PUERTO CA;104104;104104;KR;Factura acreedor;1900016312;14.10.2022;NT00;Contado; 1241;14.10.2022;VED;-98,7100;0,0000;0,0000;0,0000;0,0000;-98,7100;0,0000;-816,00;A19;K-Operaciones Nacionalización;Z003;Aduanal;;00-031628;-97,03;USD;-98,71
1000;10000377;ALMACENADORA PUERTO CA;104121;104121;KR;Factura acreedor;1900016326;25.10.2022;NT00;Contado; 1241;25.10.2022;VED;-102,0300;0,0000;0,0000;0,0000;0,0000;-102,0300;0,0000;-857,82;A19;K-Operaciones Nacionalización;Z003;Aduanal;;00-031646;-101,51;USD;-102,03
1000;10000377;ALMACENADORA PUERTO CA;104307;104307;KR;Factura acreedor;1900016973;26.04.2023;NT00;Contado; 1059;26.04.2023;VED;-100,5800;0,0000;0,0000;0,0000;0,0000;-100,5800;0,0000;-2479,62;A19;K-Operaciones Nacionalización;Z003;Aduanal;;00-031851;-100,67;USD;-100,58
1000;10000377;ALMACENADORA PUERTO CA;104735;104735;KR;Factura acreedor;1900018031;14.12.2023;NT00;Contado;  784;14.12.2023;VED;-101,9800;0,0000;0,0000;0,0000;0,0000;-101,9800;0,0000;-3633,24;A19;K-Operaciones Nacionalización;Z003;Aduanal;;00-032329;-100,90;USD;-101,98
1000;10000377;ALMACENADORA PUERTO CA;104736;104736;KR;Factura acreedor;1900018032;14.12.2023;NT00;Contado;  784;14.12.2023;VED;-29,3500;0,0000;0,0000;0,0000;0,0000;-29,3500;0,0000;-1045,76;A19;K-Operaciones Nacionalización;Z003;Aduanal;;00-032330;-29,05;USD;-29,35
1000;10000377;ALMACENADORA PUERTO CA;104827;104827;KR;Factura acreedor;1900018234;25.01.2024;NT00;Contado;  760;25.01.2024;VED;-101,5500;0,0000;0,0000;0,0000;0,0000;-101,5500;0,0000;-3667,92;A19;K-Operaciones Nacionalización;Z003;Aduanal;;00-032428;-101,22;USD;-101,55
1000;10000377;ALMACENADORA PUERTO CA;104834;104834;KR;Factura acreedor;1900018235;25.01.2024;NT00;Contado;  760;25.01.2024;VED;-101,5500;0,0000;0,0000;0,0000;0,0000;-101,5500;0,0000;-3667,92;A19;K-Operaciones Nacionalización;Z003;Aduanal;;00-032435;-101,22;USD;-101,55
1000;10000377;ALMACENADORA PUERTO CA;104854;104854;KR;Factura acreedor;1900018311;09.02.2024;NT00;Contado;  745;09.02.2024;VED;-101,9100;0,0000;0,0000;0,0000;0,0000;-101,9100;0,0000;-3698,52;A19;K-Operaciones Nacionalización;Z003;Aduanal;;00-032455;-102,08;USD;-101,91
1000;10000377;ALMACENADORA PUERTO CA;104967;104967;KR;Factura acreedor;1900018513;29.03.2024;NT00;Contado;  692;29.03.2024;VED;-527,0900;0,0000;0,0000;0,0000;0,0000;-527,0900;0,0000;-19151,31;A19;K-Operaciones Nacionalización;Z003;Aduanal;;00-032582;-528,14;USD;-527,09
1000;10000377;ALMACENADORA PUERTO CA;105219;105219;KR;Factura acreedor;1900019326;18.07.2024;NT00;Contado;  581;18.07.2024;VED;-131,8900;0,0000;0,0000;0,0000;0,0000;-131,8900;0,0000;-4819,49;A19;K-Operaciones Nacionalización;Z003;Aduanal;;00-032851;-131,66;USD;-131,89
1000;10000377;ALMACENADORA PUERTO CA;105218;105218;KR;Factura acreedor;1900019327;18.07.2024;NT00;Contado;  581;18.07.2024;VED;-131,8900;0,0000;0,0000;0,0000;0,0000;-131,8900;0,0000;-4819,49;A19;K-Operaciones Nacionalización;Z003;Aduanal;;00-032850;-131,66;USD;-131,89
1000;10000377;ALMACENADORA PUERTO CA;105234;105234;KR;Factura acreedor;1900019381;30.07.2024;NT00;Contado;  567;30.07.2024;VED;-131,6500;0,0000;0,0000;0,0000;0,0000;-131,6500;0,0000;-4819,49;A19;K-Operaciones Nacionalización;Z003;Aduanal;;00-032869;-131,48;USD;-131,65
1000;10000377;ALMACENADORA PUERTO CA;105196;105196;KR;Factura acreedor;1900019396;03.07.2024;NT00;Contado;  565;03.07.2024;VED;-394,9600;0,0000;0,0000;0,0000;0,0000;-394,9600;0,0000;-14403,06;A19;K-Operaciones Nacionalización;Z003;Aduanal;;00-032827;-392,84;USD;-394,96
1000;10000377;ALMACENADORA PUERTO CA;105362;105362;KR;Factura acreedor;1900019443;16.08.2024;NT00;Contado;  553;16.08.2024;VED;-131,9100;0,0000;0,0000;0,0000;0,0000;-131,9100;0,0000;-4838,09;A19;K-Operaciones Nacionalización;Z003;Aduanal;;00-033015;-131,91;USD;-131,91
1000;10000377;ALMACENADORA PUERTO CA;105375;105375;KR;Factura acreedor;1900019444;16.08.2024;NT00;Contado;  553;16.08.2024;VED;-131,9100;0,0000;0,0000;0,0000;0,0000;-131,9100;0,0000;-4838,09;A19;K-Operaciones Nacionalización;Z003;Aduanal;;00-033033;-131,91;USD;-131,91
1000;10000377;ALMACENADORA PUERTO CA;105412;105412;KR;Factura acreedor;1900019517;29.08.2024;NT00;Contado;  543;29.08.2024;VED;-51,0000;0,0000;0,0000;0,0000;0,0000;-51,0000;0,0000;-1866,09;A19;K-Operaciones Nacionalización;Z003;Aduanal;;00-033072;-50,95;USD;-51,00
1000;10000377;ALMACENADORA PUERTO CA;105413;105413;KR;Factura acreedor;1900019518;30.08.2024;NT00;Contado;  542;30.08.2024;VED;-131,8700;0,0000;0,0000;0,0000;0,0000;-131,8700;0,0000;-4830,03;A19;K-Operaciones Nacionalización;Z003;Aduanal;;00-033073;-131,88;USD;-131,87
1000;10000377;ALMACENADORA PUERTO CA;105430;105430;KR;Factura acreedor;1900019547;09.09.2024;NT00;Contado;  532;09.09.2024;VED;-263,6900;0,0000;0,0000;0,0000;0,0000;-263,6900;0,0000;-9676,19;A19;K-Operaciones Nacionalización;Z003;Aduanal;;00-033090;-263,76;USD;-263,69
1000;10000377;ALMACENADORA PUERTO CA;105449;105449;KR;Factura acreedor;1900019608;20.09.2024;NT00;Contado;  521;20.09.2024;VED;-131,8900;0,0000;0,0000;0,0000;0,0000;-131,8900;0,0000;-4853,78;A19;K-Operaciones Nacionalización;Z003;Aduanal;;00-033111;-131,85;USD;-131,89
1000;10000377;ALMACENADORA PUERTO CA;105544;105544;KR;Factura acreedor;1900019722;28.10.2024;NT00;Contado;  483;28.10.2024;VED;-131,8900;0,0000;0,0000;0,0000;0,0000;-131,8900;0,0000;-5413,01;A19;K-Operaciones Nacionalización;Z003;Aduanal;;00-033213;-129,70;USD;-131,89
1000;10000377;ALMACENADORA PUERTO CA;105542;105542;KR;Factura acreedor;1900019723;28.10.2024;NT00;Contado;  483;28.10.2024;VED;-263,7700;0,0000;0,0000;0,0000;0,0000;-263,7700;0,0000;-10826,03;A19;K-Operaciones Nacionalización;Z003;Aduanal;;00-033211;-259,39;USD;-263,77
1000;10000377;ALMACENADORA PUERTO CA;105543;105543;KR;Factura acreedor;1900019724;28.10.2024;NT00;Contado;  483;28.10.2024;VED;-263,7700;0,0000;0,0000;0,0000;0,0000;-263,7700;0,0000;-10826,03;A19;K-Operaciones Nacionalización;Z003;Aduanal;;00-033212;-259,39;USD;-263,77
1000;10000377;ALMACENADORA PUERTO CA;105553;105553;KR;Factura acreedor;1900019749;31.10.2024;NT00;Contado;  480;31.10.2024;VED;-130,8700;0,0000;0,0000;0,0000;0,0000;-130,8700;0,0000;-5569,97;A19;K-Operaciones Nacionalización;Z003;Aduanal;;00-033223;-130,86;USD;-130,87
1000;10000377;ALMACENADORA PUERTO CA;105563;105563;KR;Factura acreedor;1900019797;12.11.2024;NT00;Contado;  468;12.11.2024;VED;-263,4700;0,0000;0,0000;0,0000;0,0000;-263,4700;0,0000;-11791,51;A19;K-Operaciones Nacionalización;Z003;Aduanal;;00-033233;-263,46;USD;-263,47
1000;10000377;ALMACENADORA PUERTO CA;0182;0182;ZZ;Anulación Doc.FI;9900037316;13.12.2023;NT00;Contado;  784;13.12.2023;VED;313,5800;0,0000;0,0000;0,0000;0,0000;313,5800;0,0000;11154,75;A19;K-Operaciones Nacionalización;Z003;Aduanal;;00-00182;309,80;USD;313,58
1000;10000380;EL RETOÑO, C.A.;;;AB;Documento contable;0100249432;17.07.2024;;;0;17.07.2024;VED;193,2500;193,2500;0,0000;0,0000;0,0000;0,0000;0,0000;7054,88;A3;K-Alimentacion;Z006;Alimentos;;;190,87;USD;193,25
1000;10000390;CMA CGM DE VENEZUELA,;I040354;I040354;KR;Factura acreedor;1900016105;29.08.2022;NT00;Contado; 1274;29.08.2022;VED;-81,6000;0,0000;0,0000;0,0000;0,0000;-81,6000;0,0000;-640,61;A19;K-Operaciones Nacionalización;Z003;Aduanal;;0;-81,56;USD;-81,60
1000;10000390;CMA CGM DE VENEZUELA,;I040676;I040676;KR;Factura acreedor;1900016113;01.09.2022;NT00;Contado; 1271;01.09.2022;VED;-81,6000;0,0000;0,0000;0,0000;0,0000;-81,6000;0,0000;-644,00;A19;K-Operaciones Nacionalización;Z003;Aduanal;;0;-81,06;USD;-81,60
1000;10000390;CMA CGM DE VENEZUELA,;I041589;I041589;KR;Factura acreedor;1900016136;14.09.2022;NT00;Contado; 1260;14.09.2022;VED;-81,6000;0,0000;0,0000;0,0000;0,0000;-81,6000;0,0000;-653,12;A19;K-Operaciones Nacionalización;Z003;Aduanal;;0;-81,60;USD;-81,60
1000;10000390;CMA CGM DE VENEZUELA,;I065869;I065869;KR;Factura acreedor;1900018392;04.03.2024;NT00;Contado;  721;04.03.2024;VED;-78,4000;0,0000;0,0000;0,0000;0,0000;-78,4000;0,0000;-2828,69;A19;K-Operaciones Nacionalización;Z003;Aduanal;;0;-78,16;USD;-78,40
1000;10000390;CMA CGM DE VENEZUELA,;I070120;I070120;KR;Factura acreedor;1900019582;28.05.2024;NT00;Contado;  636;28.05.2024;USD;-78,9700;0,0000;0,0000;0,0000;0,0000;-78,9700;0,0000;-2883,17;A19;K-Operaciones Nacionalización;Z003;Aduanal;;0;-78,40;USD;-78,97
1000;10000390;CMA CGM DE VENEZUELA,;I071109;I071109;KR;Factura acreedor;1900019701;17.06.2024;NT00;Contado;  616;17.06.2024;VED;-109,9600;0,0000;0,0000;0,0000;0,0000;-109,9600;0,0000;-4005,97;A19;K-Operaciones Nacionalización;Z003;Aduanal;;I071109;-101,52;USD;-109,96
1000;10000390;CMA CGM DE VENEZUELA,;IO72372;I072372;KR;Factura acreedor;1900019702;11.07.2024;NT00;Contado;  616;11.07.2024;VED;-79,9800;0,0000;0,0000;0,0000;0,0000;-79,9800;0,0000;-2920,46;A19;K-Operaciones Nacionalización;Z003;Aduanal;;I072372;-74,01;USD;-79,98
1000;10000390;CMA CGM DE VENEZUELA,;FACTI074040;I074040;KR;Factura acreedor;1900019716;07.08.2024;NT00;Contado;  616;07.08.2024;VED;-80,0000;0,0000;0,0000;0,0000;0,0000;-80,0000;0,0000;-2933,19;A19;K-Operaciones Nacionalización;Z003;Aduanal;;I074040;-71,47;USD;-80,00
1000;10000390;CMA CGM DE VENEZUELA,;I074266;I074266;KR;Factura acreedor;1900019718;31.07.2024;NT00;Contado;  616;31.07.2024;VED;-80,1200;0,0000;0,0000;0,0000;0,0000;-80,1200;0,0000;-2933,30;A19;K-Operaciones Nacionalización;Z003;Aduanal;;I074266;-71,47;USD;-80,12
1000;10000390;CMA CGM DE VENEZUELA,;I075996;I075996;KR;Factura acreedor;1900019721;04.09.2024;NT00;Contado;  537;04.09.2024;VED;-80,0000;0,0000;0,0000;0,0000;0,0000;-80,0000;0,0000;-2931,16;A19;K-Operaciones Nacionalización;Z003;Aduanal;;I075996;-70,23;USD;-80,00
1000;10000420;CORPORACIÓN ELÉCTRICA;;;AB;Documento contable;0100261549;19.11.2024;;;0;19.11.2024;VED;2,168,2000;2168,2000;0,0000;0,0000;0,0000;0,0000;0,0000;99280,73;A42;K-Servicios Públicos;Z044;Serv. Públicos;;;2181,66;USD;2168,20
1000;10000427;METALMECANICA J.E.M.,C;OC 5400022201;;ZT;Cart.Transf.Proveed.;0700022052;14.11.2024;;;0;14.11.2024;VED;313,6000;313,6000;0,0000;0,0000;0,0000;0,0000;0,0000;14128,62;A36;K-Servicios Contratados;Z050;Transporte;;20241114-SF649;313,60;USD;313,60
1000;10000443;CORRUGADOS INDUSTRIALE;;;SA;Documento cta.mayor;0100255434;23.07.2024;NT15;Crédito 15 Días;  565;07.08.2024;VED;-63,7700;0,0000;0,0000;0,0000;0,0000;-63,7700;0,0000;-2329,61;A16;K-Material de Empaque;Z055;Material De Empaque;;;-63,77;USD;-63,77
1000;10000443;CORRUGADOS INDUSTRIALE;;;SA;Documento cta.mayor;0100255440;16.04.2024;NT15;Crédito 15 Días;  663;01.05.2024;VED;-1,214,2700;0,0000;0,0000;0,0000;0,0000;-1214,2700;0,0000;-44064,34;A16;K-Material de Empaque;Z055;Material De Empaque;;;-1214,26;USD;-1214,27
1000;10000443;CORRUGADOS INDUSTRIALE;;;SA;Documento cta.mayor;0100258748;24.10.2024;NT15;Crédito 15 Días;  472;08.11.2024;VED;-485,8100;0,0000;0,0000;0,0000;0,0000;-485,8100;0,0000;-19170,79;A16;K-Material de Empaque;Z055;Material De Empaque;;;-421,95;USD;-485,81
1000;10000443;CORRUGADOS INDUSTRIALE;;;SA;Documento cta.mayor;0100261380;14.11.2024;NT15;Crédito 15 Días;  451;29.11.2024;VED;-1,347,2000;0,0000;0,0000;0,0000;0,0000;-1347,2000;0,0000;-60695,22;A16;K-Material de Empaque;Z055;Material De Empaque;;;-1347,20;USD;-1347,20
1000;10000443;CORRUGADOS INDUSTRIALE;624;624;KG;Abono acreedor;1700010942;06.11.2024;NT15;Crédito 15 Días;  461;21.11.2024;USD;17,5200;0,0000;0,0000;0,0000;0,0000;17,5200;0,0000;761,55;A16;K-Material de Empaque;Z055;Material De Empaque;5100024235;00-0021673;17,53;USD;17,52
1000;10000443;CORRUGADOS INDUSTRIALE;16946;16946;RE;Factura bruto;5100022782;10.06.2024;NT15;Crédito 15 Días;  608;25.06.2024;VED;-3,725,1600;0,0000;0,0000;0,0000;0,0000;-3725,1600;0,0000;-135889,13;A16;K-Material de Empaque;Z055;Material De Empaque;;00-0021034;-3728,13;USD;-3725,16
1000;10000443;CORRUGADOS INDUSTRIALE;17156;17156;RE;Factura bruto;5100023295;09.08.2024;NT15;Crédito 15 Días;  548;24.08.2024;VED;-565,4500;0,0000;0,0000;0,0000;0,0000;-565,4500;0,0000;-20742,09;A16;K-Material de Empaque;Z055;Material De Empaque;;00-0021247;-565,85;USD;-565,45
1000;10000443;CORRUGADOS INDUSTRIALE;17512;17512;RE;Factura bruto;5100024183;04.11.2024;NT15;Crédito 15 Días;  461;19.11.2024;VED;-3,751,6800;0,0000;0,0000;0,0000;0,0000;-3751,6800;0,0000;-160234,66;A16;K-Material de Empaque;Z055;Material De Empaque;;00-0021662;-3626,35;USD;-3751,68
1000;10000443;CORRUGADOS INDUSTRIALE;17514;17514;RE;Factura bruto;5100024235;04.11.2024;NT15;Crédito 15 Días;  461;19.11.2024;VED;-1,099,1000;0,0000;0,0000;0,0000;0,0000;-2198,2000;0,0000;-46942,69;A16;K-Material de Empaque;Z055;Material De Empaque;5100024235;00-0021664;-1062,38;USD;-1099,10
1000;10000449;INTEGRALES LEON, C.A.;00007074;00007074;RE;Factura bruto;5100023286;05.08.2024;NT30;Crédito 30 Días;  537;04.09.2024;VED;-1,385,7900;0,0000;0,0000;0,0000;0,0000;-1385,7900;0,0000;-50796,90;A31;K-Suministros;Z008;Alq. Maq. Y Equipos;;00-00007120;-1386,73;USD;-1385,79
1000;10000449;INTEGRALES LEON, C.A.;00007075;00007075;RE;Factura bruto;5100023289;05.08.2024;NT30;Crédito 30 Días;  537;04.09.2024;VED;-831,6500;0,0000;0,0000;0,0000;0,0000;-831,6500;0,0000;-30484,48;A31;K-Suministros;Z008;Alq. Maq. Y Equipos;;00-00007121;-832,22;USD;-831,65
1000;10000449;INTEGRALES LEON, C.A.;00007072;00007072;RE;Factura bruto;5100023290;05.08.2024;NT30;Crédito 30 Días;  537;04.09.2024;VED;-1,385,7900;0,0000;0,0000;0,0000;0,0000;-1385,7900;0,0000;-50796,90;A31;K-Suministros;Z008;Alq. Maq. Y Equipos;;00-00007118;-1386,73;USD;-1385,79
1000;10000449;INTEGRALES LEON, C.A.;00007071;00007071;RE;Factura bruto;5100023453;24.07.2024;NT30;Crédito 30 Días;  549;23.08.2024;VED;-415,9800;0,0000;0,0000;0,0000;0,0000;-415,9800;0,0000;-15196,48;A31;K-Suministros;Z008;Alq. Maq. Y Equipos;;00-00007117;-415,34;USD;-415,98
1000;10000449;INTEGRALES LEON, C.A.;00007095;00007095;RE;Factura bruto;5100023826;03.10.2024;NT30;Crédito 30 Días;  478;02.11.2024;VED;-1,386,0000;0,0000;0,0000;0,0000;0,0000;-1386,0000;0,0000;-51255,95;A31;K-Suministros;Z008;Alq. Maq. Y Equipos;;00-00007141;-1383,96;USD;-1386,00
1000;10000449;INTEGRALES LEON, C.A.;00007097;00007097;RE;Factura bruto;5100023827;03.10.2024;NT30;Crédito 30 Días;  478;02.11.2024;VED;-1,386,0000;0,0000;0,0000;0,0000;0,0000;-1386,0000;0,0000;-51255,95;A31;K-Suministros;Z008;Alq. Maq. Y Equipos;;00-00007143;-1383,96;USD;-1386,00
1000;10000450;GLOBAL SHIPPING AGENTE;H PBL-012919;H PBL-012919;KR;Factura acreedor;1900016197;14.09.2022;NT00;Contado; 1271;14.09.2022;VED;-892,0500;0,0000;0,0000;0,0000;0,0000;-892,0500;0,0000;-7140,00;A19;K-Operaciones Nacionalización;Z003;Aduanal;;00-0131858;-872,47;USD;-892,05
1000;10000450;GLOBAL SHIPPING AGENTE;H PBL-013257;H PBL-013257;KR;Factura acreedor;1900016299;26.09.2022;NT00;Contado; 1241;26.09.2022;VED;-535,6300;0,0000;0,0000;0,0000;0,0000;-535,6300;0,0000;-4348,26;A19;K-Operaciones Nacionalización;Z003;Aduanal;;00-0132202;-518,08;USD;-535,63
1000;10000450;GLOBAL SHIPPING AGENTE;PBL-021924;PBL-021924;KR;Factura acreedor;1900017384;18.07.2023;NT00;Contado;  952;18.07.2023;VED;-547,4600;0,0000;0,0000;0,0000;0,0000;-547,4600;0,0000;-15695,50;A19;K-Operaciones Nacionalización;Z003;Aduanal;;00-0145055;-539,60;USD;-547,46
1000;10000450;GLOBAL SHIPPING AGENTE;H PLB-027274;H PLB-027274;KR;Factura acreedor;1900018024;04.01.2024;NT00;Contado;  777;04.01.2024;VED;-178,5000;0,0000;0,0000;0,0000;0,0000;-178,5000;0,0000;-6417,07;A19;K-Operaciones Nacionalización;Z003;Aduanal;;00-0151454;-178,22;USD;-178,50
1000;10000450;GLOBAL SHIPPING AGENTE;H PLB-027473;H PLB-027473;KR;Factura acreedor;1900018056;08.01.2024;NT00;Contado;  776;08.01.2024;VED;-178,5200;0,0000;0,0000;0,0000;0,0000;-178,5200;0,0000;-6427,78;A19;K-Operaciones Nacionalización;Z003;Aduanal;;00-0151654;-178,97;USD;-178,52
1000;10000450;GLOBAL SHIPPING AGENTE;H PBL-020288;H PBL-020288;KR;Factura acreedor;1900018451;20.03.2024;NT00;Contado;  703;20.03.2024;VED;-357,0500;0,0000;0,0000;0,0000;0,0000;-357,0500;0,0000;-12948,39;A19;K-Operaciones Nacionalización;Z003;Aduanal;;00-0155458;-356,49;USD;-357,05
1000;10000450;GLOBAL SHIPPING AGENTE;H PBL-030278;H PBL-030278;KR;Factura acreedor;1900018931;21.03.2024;NT00;Contado;  635;21.03.2024;VED;-714,0800;0,0000;0,0000;0,0000;0,0000;-714,0800;0,0000;-25911,06;A19;K-Operaciones Nacionalización;Z003;Aduanal;;00-0155481;-709,22;USD;-714,08
1000;10000450;GLOBAL SHIPPING AGENTE;H PBL-033210;H PBL-033210;KR;Factura acreedor;1900019168;25.06.2024;NT00;Contado;  607;25.06.2024;VED;-535,4600;0,0000;0,0000;0,0000;0,0000;-535,4600;0,0000;-19476,13;A19;K-Operaciones Nacionalización;Z003;Aduanal;;00-0158479;-535,57;USD;-535,46
1000;10000450;GLOBAL SHIPPING AGENTE;H PBL-033236;H PBL-033236;KR;Factura acreedor;1900019209;25.06.2024;NT00;Contado;  607;25.06.2024;VED;-178,4900;0,0000;0,0000;0,0000;0,0000;-178,4900;0,0000;-6492,04;A19;K-Operaciones Nacionalización;Z003;Aduanal;;00-0158507;-178,31;USD;-178,49
1000;10000450;GLOBAL SHIPPING AGENTE;H PBL-033632;H PBL-033632;KR;Factura acreedor;1900019297;11.07.2024;NT00;Contado;  587;11.07.2024;VED;-178,4800;0,0000;0,0000;0,0000;0,0000;-178,4800;0,0000;-6517,03;A19;K-Operaciones Nacionalización;Z003;Aduanal;;00-0158909;-178,54;USD;-178,48
1000;10000450;GLOBAL SHIPPING AGENTE;H PBL-034364;H PBL-034364;KR;Factura acreedor;1900019395;01.08.2024;NT00;Contado;  565;01.08.2024;VED;-178,5200;0,0000;0,0000;0,0000;0,0000;-178,5200;0,0000;-6540,24;A19;K-Operaciones Nacionalización;Z003;Aduanal;;00-0159654;-178,38;USD;-178,52
1000;10000450;GLOBAL SHIPPING AGENTE;H PBL-034837;H PBL-034837;KR;Factura acreedor;1900019440;15.08.2024;NT00;Contado;  553;15.08.2024;VED;-178,4800;0,0000;0,0000;0,0000;0,0000;-178,4800;0,0000;-6534,88;A19;K-Operaciones Nacionalización;Z003;Aduanal;;00-0160138;-178,18;USD;-178,48
1000;10000450;GLOBAL SHIPPING AGENTE;H PBL-035201;H PBL-035201;KR;Factura acreedor;1900019509;27.08.2024;NT00;Contado;  545;27.08.2024;VED;-356,9700;0,0000;0,0000;0,0000;0,0000;-356,9700;0,0000;-13051,92;A19;K-Operaciones Nacionalización;Z003;Aduanal;;00-0160513;-356,36;USD;-356,97
1000;10000450;GLOBAL SHIPPING AGENTE;H PBL-035529;H PBL-035529;KR;Factura acreedor;1900019535;05.09.2024;NT00;Contado;  536;05.09.2024;VED;-356,9600;0,0000;0,0000;0,0000;0,0000;-356,9600;0,0000;-13080,48;A19;K-Operaciones Nacionalización;Z003;Aduanal;;00-0160850;-356,45;USD;-356,96
1000;10000450;GLOBAL SHIPPING AGENTE;H PBL-035535;H PBL-035535;KR;Factura acreedor;1900019536;05.09.2024;NT00;Contado;  536;05.09.2024;VED;-178,4800;0,0000;0,0000;0,0000;0,0000;-178,4800;0,0000;-6540,24;A19;K-Operaciones Nacionalización;Z003;Aduanal;;00-0160856;-178,23;USD;-178,48
1000;10000450;GLOBAL SHIPPING AGENTE;H PBL-035774;H PBL-035774;KR;Factura acreedor;1900019562;12.09.2024;NT00;Contado;  529;12.09.2024;VED;-356,9800;0,0000;0,0000;0,0000;0,0000;-356,9800;0,0000;-13112,61;A19;K-Operaciones Nacionalización;Z003;Aduanal;;00-0161107;-356,89;USD;-356,98
1000;10000450;GLOBAL SHIPPING AGENTE;PBL-035918;PBL-035918;KR;Factura acreedor;1900019617;24.09.2024;NT00;Contado;  517;24.09.2024;VED;-178,4900;0,0000;0,0000;0,0000;0,0000;-178,4900;0,0000;-6570,58;A19;K-Operaciones Nacionalización;Z003;Aduanal;;00-0161252;-178,30;USD;-178,49
1000;10000450;GLOBAL SHIPPING AGENTE;H PBL-037295;H PBL-037295;KR;Factura acreedor;1900019728;25.10.2024;NT00;Contado;  486;25.10.2024;VED;-178,5000;0,0000;0,0000;0,0000;0,0000;-178,5000;0,0000;-7297,08;A19;K-Operaciones Nacionalización;Z003;Aduanal;;00-0162661;-174,84;USD;-178,50
1000;10000450;GLOBAL SHIPPING AGENTE;H PBL-037660;H PBL-037660;KR;Factura acreedor;1900019788;07.11.2024;NT00;Contado;  473;07.11.2024;VED;-356,9800;0,0000;0,0000;0,0000;0,0000;-356,9800;0,0000;-15629,46;A19;K-Operaciones Nacionalización;Z003;Aduanal;;00-0163026;-349,62;USD;-356,98
1000;10000450;GLOBAL SHIPPING AGENTE;H PBL-038076;H PBL-038076;KR;Factura acreedor;1900019813;13.11.2024;NT00;Contado;  467;13.11.2024;VED;-178,5000;0,0000;0,0000;0,0000;0,0000;-178,5000;0,0000;-8020,00;A19;K-Operaciones Nacionalización;Z003;Aduanal;;00-0163448;-178,02;USD;-178,50
1000;10000450;GLOBAL SHIPPING AGENTE;H PBL-037930;H PBL-037930;KR;Factura acreedor;1900019816;12.11.2024;NT00;Contado;  468;12.11.2024;VED;-356,9600;0,0000;0,0000;0,0000;0,0000;-356,9600;0,0000;-15975,75;A19;K-Operaciones Nacionalización;Z003;Aduanal;;00-0163299;-354,60;USD;-356,96
1000;10000450;GLOBAL SHIPPING AGENTE;H PBL-038075;H PBL-038075;KR;Factura acreedor;1900019819;13.11.2024;NT00;Contado;  467;13.11.2024;VED;-178,5000;0,0000;0,0000;0,0000;0,0000;-178,5000;0,0000;-8020,00;A19;K-Operaciones Nacionalización;Z003;Aduanal;;00-0163447;-178,02;USD;-178,50
1000;10000450;GLOBAL SHIPPING AGENTE;H PBL-037929;H PBL-037929;KR;Factura acreedor;1900019822;12.11.2024;NT00;Contado;  468;12.11.2024;VED;-356,9600;0,0000;0,0000;0,0000;0,0000;-356,9600;0,0000;-15975,75;A19;K-Operaciones Nacionalización;Z003;Aduanal;;00-0163298;-354,60;USD;-356,96
1000;10000450;GLOBAL SHIPPING AGENTE;H PBL-037928;H PBL-037928;KR;Factura acreedor;1900019825;12.11.2024;NT00;Contado;  468;12.11.2024;VED;-356,9600;0,0000;0,0000;0,0000;0,0000;-356,9600;0,0000;-15975,75;A19;K-Operaciones Nacionalización;Z003;Aduanal;;00-0163297;-354,60;USD;-356,96
1000;10000452;EDDY MARGARITA DUQUE;;;AB;Documento contable;0100261912;22.11.2024;NT00;Contado;  458;22.11.2024;VED;-743,6400;0,0000;0,0000;0,0000;0,0000;-743,6400;0,0000;-34450,83;A4;K-Almacenaje;Z007;Almacenadora;;;-743,64;USD;-743,64
1000;10000452;EDDY MARGARITA DUQUE;000203;000203;RE;Factura bruto;5100022636;22.05.2024;NT00;Contado;  642;22.05.2024;VED;-970,3800;0,0000;0,0000;0,0000;0,0000;-970,3800;0,0000;-35476,00;A4;K-Almacenaje;Z007;Almacenadora;;00-000203;-971,36;USD;-970,38
1000;10000452;EDDY MARGARITA DUQUE;000207;000207;RE;Factura bruto;5100022729;22.05.2024;NT00;Contado;  642;22.05.2024;VED;-970,3800;0,0000;0,0000;0,0000;0,0000;-970,3800;0,0000;-35476,00;A4;K-Almacenaje;Z007;Almacenadora;;00-000207;-972,26;USD;-970,38
1000;10000452;EDDY MARGARITA DUQUE;000209;000209;RE;Factura bruto;5100023765;29.09.2024;NT00;Contado;  512;29.09.2024;VED;-970,7300;0,0000;0,0000;0,0000;0,0000;-970,7300;0,0000;-35786,40;A4;K-Almacenaje;Z007;Almacenadora;;00-000209;-967,69;USD;-970,73
1000;10000452;EDDY MARGARITA DUQUE;000210;000210;RE;Factura bruto;5100023766;27.09.2024;NT00;Contado;  514;27.09.2024;VED;-970,7300;0,0000;0,0000;0,0000;0,0000;-970,7300;0,0000;-35786,40;A4;K-Almacenaje;Z007;Almacenadora;;00-000210;-967,69;USD;-970,73
1000;10000452;EDDY MARGARITA DUQUE;000211;000211;RE;Factura bruto;5100023767;27.09.2024;NT00;Contado;  514;27.09.2024;VED;-970,7300;0,0000;0,0000;0,0000;0,0000;-970,7300;0,0000;-35786,40;A4;K-Almacenaje;Z007;Almacenadora;;00-000211;-967,69;USD;-970,73
1000;10000459;ADVANTIS CONSULTORIA G;0000898;0000898;KR;Factura acreedor;1900019867;21.01.2025;NT15;Crédito 15 Días;  383;05.02.2025;VED;-7,577,8900;0,0000;0,0000;0,0000;0,0000;-7577,8900;0,0000;-416671,74;A7;K-Honorarios Profesionales;Z025;Financiero;;00-00099;-8994,08;USD;-7577,89
1000;10000480;MARAMBIO, RIVILLO, PER;;;AB;Documento contable;0100256942;04.10.2024;NT00;Contado;  507;04.10.2024;VED;-84,8400;0,0000;0,0000;0,0000;0,0000;-84,8400;0,0000;-3137,89;A7;K-Honorarios Profesionales;Z025;Financiero;;;-84,84;USD;-84,84
1000;10000480;MARAMBIO, RIVILLO, PER;;;AB;Documento contable;0100259409;28.10.2024;NT00;Contado;  483;28.10.2024;VED;-35,4100;0,0000;0,0000;0,0000;0,0000;-35,4100;0,0000;-1453,31;A7;K-Honorarios Profesionales;Z025;Financiero;;;-35,41;USD;-35,41
1000;10000499;SERVICIOS ESPECIALES;056138;056138;KR;Factura acreedor;1900019574;11.09.2024;NT00;Contado;  530;11.09.2024;VED;-84,6100;0,0000;0,0000;0,0000;0,0000;-84,6100;0,0000;-3105,88;A19;K-Operaciones Nacionalización;Z003;Aduanal;;00-00065638;-84,54;USD;-84,61
1000;10000499;SERVICIOS ESPECIALES;056056;056056;KR;Factura acreedor;1900019578;04.09.2024;NT00;Contado;  537;04.09.2024;VED;-165,8000;0,0000;0,0000;0,0000;0,0000;-165,8000;0,0000;-6074,74;A19;K-Operaciones Nacionalización;Z003;Aduanal;;00-00065556;-165,34;USD;-165,80
1000;10000499;SERVICIOS ESPECIALES;056783;056783;KR;Factura acreedor;1900019754;01.11.2024;NT00;Contado;  479;01.11.2024;VED;-538,1500;0,0000;0,0000;0,0000;0,0000;-538,1500;0,0000;-22984,46;A19;K-Operaciones Nacionalización;Z003;Aduanal;;00-00066283;-528,90;USD;-538,15
1000;10000499;SERVICIOS ESPECIALES;056791;056791;KR;Factura acreedor;1900019755;01.11.2024;NT00;Contado;  479;01.11.2024;VED;-349,7400;0,0000;0,0000;0,0000;0,0000;-349,7400;0,0000;-14937,27;A19;K-Operaciones Nacionalización;Z003;Aduanal;;00-00066291;-343,73;USD;-349,74
1000;10000503;DIESEL ELECTRIC 3000,;4900007126;;ZT;Cart.Transf.Proveed.;0700022090;15.11.2024;;;0;15.11.2024;VED;494,2200;494,2200;0,0000;0,0000;0,0000;0,0000;0,0000;22490,46;A31;K-Suministros;Z046;Suministros;;20241115-SF657;494,22;USD;494,22
1000;10000526;SERVICIOS SOLANO, C.A.;3561;3561;RE;Factura bruto;5100023994;04.10.2024;NT00;Contado;  507;04.10.2024;VED;-4,900,0000;0,0000;0,0000;0,0000;0,0000;-4900,0000;0,0000;-181228,94;A36;K-Servicios Contratados;Z008;Alq. Maq. Y Equipos;;00-02561;-4433,16;USD;-4900,00
1000;10000526;SERVICIOS SOLANO, C.A.;3570;3570;RE;Factura bruto;5100024179;05.11.2024;NT00;Contado;  475;05.11.2024;VED;-4,900,0000;0,0000;0,0000;0,0000;0,0000;-4900,0000;0,0000;-209998,80;A36;K-Servicios Contratados;Z008;Alq. Maq. Y Equipos;;00-02570;-4796,44;USD;-4900,00
1000;10000692;CONSTRUCCIONES Y SERVI;009108;009108;RE;Factura bruto;5100022887;04.06.2024;NT15;Crédito 15 Días;  614;19.06.2024;VED;-1,783,3200;0,0000;0,0000;0,0000;0,0000;-1783,3200;0,0000;-65152,50;A36;K-Servicios Contratados;Z056;Ser. Y Mantenimiento;;00-006158;-1791,26;USD;-1783,32
1000;10000692;CONSTRUCCIONES Y SERVI;009142;009142;RE;Factura bruto;5100023547;04.09.2024;NT15;Crédito 15 Días;  522;19.09.2024;VED;-250,9800;0,0000;0,0000;0,0000;0,0000;-250,9800;0,0000;-9195,82;A36;K-Servicios Contratados;Z056;Ser. Y Mantenimiento;;00-006192;-250,66;USD;-250,98
1000;10000692;CONSTRUCCIONES Y SERVI;009173;009173;RE;Factura bruto;5100024343;18.11.2024;NT15;Crédito 15 Días;  447;03.12.2024;VED;-459,5400;0,0000;0,0000;0,0000;0,0000;-459,5400;0,0000;-20912,39;A36;K-Servicios Contratados;Z056;Ser. Y Mantenimiento;;00-006223;-454,04;USD;-459,54
1000;10000701;INVERSIONES VENPACK, C;;;SA;Documento cta.mayor;0100260726;11.11.2024;NT15;Crédito 15 Días;  454;26.11.2024;VED;-2,114,9300;0,0000;0,0000;0,0000;0,0000;-2114,9300;0,0000;-94544,77;A16;K-Material de Empaque;Z055;Material De Empaque;;;-2114,93;USD;-2114,93
1000;10000701;INVERSIONES VENPACK, C;;;SA;Documento cta.mayor;0100260726;11.11.2024;NT15;Crédito 15 Días;  454;26.11.2024;VED;-542,2500;0,0000;0,0000;0,0000;0,0000;-542,2500;0,0000;-24240,47;A16;K-Material de Empaque;Z055;Material De Empaque;;;-542,25;USD;-542,25
1000;10000701;INVERSIONES VENPACK, C;;;SA;Documento cta.mayor;0100260726;11.11.2024;NT15;Crédito 15 Días;  454;26.11.2024;VED;-2,097,4900;0,0000;0,0000;0,0000;0,0000;-2097,4900;0,0000;-93765,14;A16;K-Material de Empaque;Z055;Material De Empaque;;;-2097,49;USD;-2097,49
1000;10000701;INVERSIONES VENPACK, C;;;SA;Documento cta.mayor;0100260726;11.11.2024;NT15;Crédito 15 Días;  454;26.11.2024;VED;-1,284,6900;0,0000;0,0000;0,0000;0,0000;-1284,6900;0,0000;-57430,14;A16;K-Material de Empaque;Z055;Material De Empaque;;;-1284,69;USD;-1284,69
1000;10000701;INVERSIONES VENPACK, C;0000009057;0000009057;RE;Factura bruto;5100023007;28.06.2024;NT15;Crédito 15 Días;  590;13.07.2024;VED;-29,8600;0,0000;0,0000;0,0000;0,0000;-29,8600;0,0000;-1087,26;A16;K-Material de Empaque;Z055;Material De Empaque;;00-0022091;-29,78;USD;-29,86
1000;10000701;INVERSIONES VENPACK, C;0000009389;0000009389;RE;Factura bruto;5100023419;22.08.2024;NT15;Crédito 15 Días;  535;06.09.2024;VED;-2,182,1500;0,0000;0,0000;0,0000;0,0000;-2182,1500;0,0000;-79972,48;A16;K-Material de Empaque;Z055;Material De Empaque;;00-0022463;-2185,71;USD;-2182,15
1000;10000726;TRANSPORTE LEON 521, C;0001059;0001059;KR;Factura acreedor;1900016511;24.11.2022;NT00;Contado; 1216;24.11.2022;VED;-877,6100;0,0000;0,0000;0,0000;0,0000;-877,6100;0,0000;-8981,95;A19;K-Operaciones Nacionalización;Z003;Aduanal;;00-001222;-819,93;USD;-877,61
1000;10000726;TRANSPORTE LEON 521, C;0001058;0001058;KR;Factura acreedor;1900016512;24.11.2022;NT00;Contado; 1187;24.11.2022;VED;-736,9100;0,0000;0,0000;0,0000;0,0000;-736,9100;0,0000;-7541,96;A19;K-Operaciones Nacionalización;Z003;Aduanal;;00-001220;-688,48;USD;-736,91
1000;10000726;TRANSPORTE LEON 521, C;0001044;0001044;KR;Factura acreedor;1900016521;19.10.2022;NT00;Contado; 1223;19.10.2022;VED;-1,164,1700;0,0000;0,0000;0,0000;0,0000;-1164,1700;0,0000;-9754,32;A19;K-Operaciones Nacionalización;Z003;Aduanal;;00-001205;-866,69;USD;-1164,17
1000;10000726;TRANSPORTE LEON 521, C;0001053;0001053;KR;Factura acreedor;1900016523;26.10.2022;NT00;Contado; 1223;26.10.2022;VED;-582,0300;0,0000;0,0000;0,0000;0,0000;-582,0300;0,0000;-4894,62;A19;K-Operaciones Nacionalización;Z003;Aduanal;;00-001213;-434,89;USD;-582,03
1000;10000726;TRANSPORTE LEON 521, C;0001050;0001050;KR;Factura acreedor;1900016525;26.10.2022;NT00;Contado; 1210;26.10.2022;VED;-1,746,0800;0,0000;0,0000;0,0000;0,0000;-1746,0800;0,0000;-14683,86;A19;K-Operaciones Nacionalización;Z003;Aduanal;;00-001210;-1304,68;USD;-1746,08
1000;10000726;TRANSPORTE LEON 521, C;001078;001078;KR;Factura acreedor;1900016855;09.02.2023;NT00;Contado; 1110;09.02.2023;VED;-471,2800;0,0000;0,0000;0,0000;0,0000;-471,2800;0,0000;-11220,96;A19;K-Operaciones Nacionalización;Z003;Aduanal;;00-001247;-461,59;USD;-471,28
1000;10000726;TRANSPORTE LEON 521, C;0001088;0001088;KR;Factura acreedor;1900016915;13.04.2023;NT00;Contado; 1059;13.04.2023;VED;-887,2200;0,0000;0,0000;0,0000;0,0000;-887,2200;0,0000;-21726,12;A19;K-Operaciones Nacionalización;Z003;Aduanal;;00-001260;-887,22;USD;-887,22
1000;10000726;TRANSPORTE LEON 521, C;0001091;0001091;KR;Factura acreedor;1900016968;21.04.2023;NT00;Contado; 1059;21.04.2023;VED;-386,3200;0,0000;0,0000;0,0000;0,0000;-386,3200;0,0000;-9494,36;A19;K-Operaciones Nacionalización;Z003;Aduanal;;00-001263;-385,19;USD;-386,32
1000;10000726;TRANSPORTE LEON 521, C;0001096;0001096;KR;Factura acreedor;1900017118;16.05.2023;NT00;Contado; 1029;16.05.2023;VED;-1,703,5900;0,0000;0,0000;0,0000;0,0000;-1703,5900;0,0000;-43423,02;A19;K-Operaciones Nacionalización;Z003;Aduanal;;00-001270;-1652,86;USD;-1703,59
1000;10000726;TRANSPORTE LEON 521, C;0001191;0001191;KR;Factura acreedor;1900018132;24.01.2024;NT00;Contado;  761;24.01.2024;VED;-578,9700;0,0000;0,0000;0,0000;0,0000;-578,9700;0,0000;-20917,08;A19;K-Operaciones Nacionalización;Z003;Aduanal;;00-001382;-579,12;USD;-578,97
1000;10000726;TRANSPORTE LEON 521, C;0001190;0001190;KR;Factura acreedor;1900018133;24.01.2024;NT00;Contado;  761;24.01.2024;VED;-579,3000;0,0000;0,0000;0,0000;0,0000;-579,3000;0,0000;-20928,72;A19;K-Operaciones Nacionalización;Z003;Aduanal;;00-001381;-579,44;USD;-579,30
1000;10000726;TRANSPORTE LEON 521, C;0001207;0001207;KR;Factura acreedor;1900018593;10.04.2024;NT00;Contado;  683;10.04.2024;VED;-2,799,3800;0,0000;0,0000;0,0000;0,0000;-2799,3800;0,0000;-101407,68;A19;K-Operaciones Nacionalización;Z003;Aduanal;;00-001400;-2802,22;USD;-2799,38
1000;10000726;TRANSPORTE LEON 521, C;0001235;0001235;KR;Factura acreedor;1900019303;18.07.2024;NT00;Contado;  595;18.07.2024;VED;-2,089,7700;0,0000;0,0000;0,0000;0,0000;-2089,7700;0,0000;-76361,66;A19;K-Operaciones Nacionalización;Z003;Aduanal;;00-001431;-2089,77;USD;-2089,77
1000;10000726;TRANSPORTE LEON 521, C;0001234;0001234;KR;Factura acreedor;1900019304;18.07.2024;NT00;Contado;  585;18.07.2024;VED;-696,5900;0,0000;0,0000;0,0000;0,0000;-696,5900;0,0000;-25453,89;A19;K-Operaciones Nacionalización;Z003;Aduanal;;00-001430;-696,59;USD;-696,59
1000;10000726;TRANSPORTE LEON 521, C;0001236;0001236;KR;Factura acreedor;1900019342;23.07.2024;NT00;Contado;  578;23.07.2024;VED;-698,5600;0,0000;0,0000;0,0000;0,0000;-698,5600;0,0000;-25519,54;A19;K-Operaciones Nacionalización;Z003;Aduanal;;00-001432;-698,57;USD;-698,56
1000;10000726;TRANSPORTE LEON 521, C;0001239;0001239;KR;Factura acreedor;1900019451;20.08.2024;NT00;Contado;  552;20.08.2024;VED;-484,0100;0,0000;0,0000;0,0000;0,0000;-484,0100;0,0000;-17755,85;A19;K-Operaciones Nacionalización;Z003;Aduanal;;00-001435;-484,01;USD;-484,01
1000;10000726;TRANSPORTE LEON 521, C;0001241;0001241;KR;Factura acreedor;1900019453;20.08.2024;NT00;Contado;  552;20.08.2024;VED;-697,7400;0,0000;0,0000;0,0000;0,0000;-697,7400;0,0000;-25596,36;A19;K-Operaciones Nacionalización;Z003;Aduanal;;00-001437;-697,74;USD;-697,74
1000;10000726;TRANSPORTE LEON 521, C;0001242;0001242;KR;Factura acreedor;1900019490;27.08.2024;NT00;Contado;  545;27.08.2024;VED;-700,6900;0,0000;0,0000;0,0000;0,0000;-700,6900;0,0000;-25619,41;A19;K-Operaciones Nacionalización;Z003;Aduanal;;00-001438;-700,69;USD;-700,69
1000;10000726;TRANSPORTE LEON 521, C;0001244;0001244;KR;Factura acreedor;1900019550;11.09.2024;NT00;Contado;  530;11.09.2024;VED;-968,3800;0,0000;0,0000;0,0000;0,0000;-968,3800;0,0000;-35545,65;A19;K-Operaciones Nacionalización;Z003;Aduanal;;00-001441;-968,38;USD;-968,38
1000;10000726;TRANSPORTE LEON 521, C;0001246;0001246;KR;Factura acreedor;1900019615;23.09.2024;NT00;Contado;  518;23.09.2024;VED;-696,6700;0,0000;0,0000;0,0000;0,0000;-696,6700;0,0000;-25653,63;A19;K-Operaciones Nacionalización;Z003;Aduanal;;00-001448;-696,91;USD;-696,67
1000;10000726;TRANSPORTE LEON 521, C;0001245;0001245;KR;Factura acreedor;1900019616;23.09.2024;NT00;Contado;  518;23.09.2024;VED;-966,3600;0,0000;0,0000;0,0000;0,0000;-966,3600;0,0000;-35584,45;A19;K-Operaciones Nacionalización;Z003;Aduanal;;00-001446;-966,69;USD;-966,36
1000;10000726;TRANSPORTE LEON 521, C;0001251;0001251;KR;Factura acreedor;1900019650;02.10.2024;NT00;Contado;  509;02.10.2024;VED;-1,391,3600;0,0000;0,0000;0,0000;0,0000;-1391,3600;0,0000;-51367,32;A19;K-Operaciones Nacionalización;Z003;Aduanal;;00-001453;-1389,01;USD;-1391,36
1000;10000726;TRANSPORTE LEON 521, C;0001253;0001253;KR;Factura acreedor;1900019661;08.10.2024;NT00;Contado;  503;08.10.2024;VED;-694,8200;0,0000;0,0000;0,0000;0,0000;-694,8200;0,0000;-25736,04;A19;K-Operaciones Nacionalización;Z003;Aduanal;;00-001456;-694,82;USD;-694,82
1000;10000726;TRANSPORTE LEON 521, C;0001257;0001257;KR;Factura acreedor;1900019758;06.11.2024;NT00;Contado;  474;06.11.2024;VED;-829,7400;0,0000;0,0000;0,0000;0,0000;-829,7400;0,0000;-36058,29;A19;K-Operaciones Nacionalización;Z003;Aduanal;;00-001461;-829,74;USD;-829,74
1000;10000726;TRANSPORTE LEON 521, C;0001258;0001258;KR;Factura acreedor;1900019759;06.11.2024;NT00;Contado;  474;06.11.2024;VED;-678,5900;0,0000;0,0000;0,0000;0,0000;-678,5900;0,0000;-29489,94;A19;K-Operaciones Nacionalización;Z003;Aduanal;;00-001463;-678,59;USD;-678,59
1000;10000726;TRANSPORTE LEON 521, C;0001261;0001261;KR;Factura acreedor;1900019846;19.11.2024;NT00;Contado;  461;19.11.2024;VED;-1,363,5700;0,0000;0,0000;0,0000;0,0000;-1363,5700;0,0000;-62436,96;A19;K-Operaciones Nacionalización;Z003;Aduanal;;00-001467;-1362,04;USD;-1363,57
1000;10000752;SERVICIOS CONSTRUCCION;OC 5500010635;;ZT;Cart.Transf.Proveed.;0700022067;14.11.2024;;;0;14.11.2024;VED;107,1000;107,1000;0,0000;0,0000;0,0000;0,0000;0,0000;4825,18;A31;K-Suministros;Z046;Suministros;;20241114-SF650;107,10;USD;107,10
1000;10000752;SERVICIOS CONSTRUCCION;698;698;RE;Factura bruto;5100023817;01.10.2024;NT00;Contado;  510;01.10.2024;VED;-646,8900;0,0000;0,0000;0,0000;0,0000;-646,8900;0,0000;-23884,84;A31;K-Suministros;Z046;Suministros;;00-000698;-644,91;USD;-646,89
1000;10000752;SERVICIOS CONSTRUCCION;699;699;RE;Factura bruto;5100023825;01.10.2024;NT00;Contado;  510;01.10.2024;VED;-132,2700;0,0000;0,0000;0,0000;0,0000;-132,2700;0,0000;-4883,76;A31;K-Suministros;Z046;Suministros;;00-000699;-131,87;USD;-132,27
1000;10000752;SERVICIOS CONSTRUCCION;700;700;RE;Factura bruto;5100023899;01.10.2024;NT00;Contado;  510;01.10.2024;VED;-140,3500;0,0000;0,0000;0,0000;0,0000;-140,3500;0,0000;-5182,05;A31;K-Suministros;Z046;Suministros;;00-000700;-138,08;USD;-140,35
1000;10000752;SERVICIOS CONSTRUCCION;708;708;RE;Factura bruto;5100024168;01.11.2024;NT00;Contado;  479;01.11.2024;VED;-187,2000;0,0000;0,0000;0,0000;0,0000;-187,2000;0,0000;-7995,26;A31;K-Suministros;Z046;Suministros;;00-000708;-182,62;USD;-187,20
1000;10000775;CARGA MARITIMA 2013, C;B 000020287;B 000020287;KR;Factura acreedor;1900019551;11.09.2024;NT00;Contado;  530;11.09.2024;VED;-102,8200;0,0000;0,0000;0,0000;0,0000;-102,8200;0,0000;-3774,00;A19;K-Operaciones Nacionalización;Z003;Aduanal;;00-00040738;-102,75;USD;-102,82
1000;10000775;CARGA MARITIMA 2013, C;B 000021065;B 000021065;KR;Factura acreedor;1900019847;20.11.2024;NT00;Contado;  460;20.11.2024;VED;-101,2400;0,0000;0,0000;0,0000;0,0000;-101,2400;0,0000;-4641,00;A19;K-Operaciones Nacionalización;Z003;Aduanal;;00-00041516;-101,24;USD;-101,24
1000;10000844;TOPFLIGT DE VENEZUELA,;;;SA;Documento cta.mayor;0100256246;24.09.2024;NT10;Crédito 10 Días;  507;04.10.2024;VED;-11,0100;0,0000;0,0000;0,0000;0,0000;-11,0100;0,0000;-405,45;A15;K-Materia Prima Nacional;Z053;Materia Prima;;;-9,52;USD;-11,01
1000;10000844;TOPFLIGT DE VENEZUELA,;;;SA;Documento cta.mayor;0100258753;23.10.2024;;;0;23.10.2024;VED;96,7800;96,7800;0,0000;0,0000;0,0000;0,0000;0,0000;3805,62;A15;K-Materia Prima Nacional;Z053;Materia Prima;;;204,42;USD;96,78
1000;10000894;BONIFACIO GODOY G;002195;002195;KR;Factura acreedor;1900019690;18.10.2024;NT00;Contado;  493;18.10.2024;VED;-514,7500;0,0000;0,0000;0,0000;0,0000;-514,7500;0,0000;-20144,46;A33;K-Transporte de Personal;Z050;Transporte;;00-002195;-514,14;USD;-514,75
1000;10000894;BONIFACIO GODOY G;002197;002197;KR;Factura acreedor;1900019742;25.10.2024;NT00;Contado;  486;25.10.2024;VED;-623,9000;0,0000;0,0000;0,0000;0,0000;-623,9000;0,0000;-25505,10;A33;K-Transporte de Personal;Z050;Transporte;;00-002197;-599,25;USD;-623,90
1000;10000894;BONIFACIO GODOY G;002196;002196;KR;Factura acreedor;1900019743;18.10.2024;NT00;Contado;  493;18.10.2024;VED;-723,5100;0,0000;0,0000;0,0000;0,0000;-723,5100;0,0000;-28314,25;A33;K-Transporte de Personal;Z050;Transporte;;00-002196;-665,26;USD;-723,51
1000;10000894;BONIFACIO GODOY G;002199;002199;KR;Factura acreedor;1900019767;01.11.2024;NT00;Contado;  479;01.11.2024;VED;-560,9300;0,0000;0,0000;0,0000;0,0000;-560,9300;0,0000;-23957,58;A33;K-Transporte de Personal;Z050;Transporte;;00-002199;-551,29;USD;-560,93
1000;10000894;BONIFACIO GODOY G;002198;002198;KR;Factura acreedor;1900019768;01.11.2024;NT00;Contado;  479;01.11.2024;VED;-487,3000;0,0000;0,0000;0,0000;0,0000;-487,3000;0,0000;-20812,62;A33;K-Transporte de Personal;Z050;Transporte;;00-002198;-478,92;USD;-487,30
1000;10000894;BONIFACIO GODOY G;002200;002200;KR;Factura acreedor;1900019802;08.11.2024;NT00;Contado;  472;08.11.2024;VED;-425,5700;0,0000;0,0000;0,0000;0,0000;-425,5700;0,0000;-18804,30;A33;K-Transporte de Personal;Z050;Transporte;;00-002200;-418,54;USD;-425,57
1000;10000894;BONIFACIO GODOY G;002201;002201;KR;Factura acreedor;1900019864;15.11.2024;NT00;Contado;  465;15.11.2024;VED;-484,3100;0,0000;0,0000;0,0000;0,0000;-484,3100;0,0000;-22039,50;A33;K-Transporte de Personal;Z050;Transporte;;00-002201;-475,74;USD;-484,31
1000;10000943;BITAGAS, C.A.;;;SA;Documento cta.mayor;0100260147;29.10.2024;;;0;29.10.2024;VED;134,9300;134,9300;0,0000;0,0000;0,0000;0,0000;0,0000;5631,27;A31;K-Suministros;Z046;Suministros;;;167,60;USD;134,93
1000;10000944;COOPERATIVA LAS 3 B DE;000454;000454;KR;Factura acreedor;1900019663;03.10.2024;NT00;Contado;  508;03.10.2024;VED;-3,467,6400;0,0000;0,0000;0,0000;0,0000;-3467,6400;0,0000;-128237,39;A36;K-Servicios Contratados;Z056;Ser. Y Mantenimiento;;00-000454;-3458,96;USD;-3467,64
1000;10000944;COOPERATIVA LAS 3 B DE;000455;000455;KR;Factura acreedor;1900019664;03.10.2024;NT00;Contado;  508;03.10.2024;VED;-4,122,3700;0,0000;0,0000;0,0000;0,0000;-4122,3700;0,0000;-152450,05;A36;K-Servicios Contratados;Z056;Ser. Y Mantenimiento;;00-000455;-4112,05;USD;-4122,37
1000;10000944;COOPERATIVA LAS 3 B DE;000453;000453;RE;Factura bruto;5100023397;21.08.2024;NT15;Crédito 15 Días;  536;05.09.2024;VED;-1,939,8400;0,0000;0,0000;0,0000;0,0000;-1939,8400;0,0000;-71159,20;A36;K-Servicios Contratados;Z056;Ser. Y Mantenimiento;;00-000453;-1939,12;USD;-1939,84
1000;10000944;COOPERATIVA LAS 3 B DE;000456;000456;RE;Factura bruto;5100024336;06.11.2024;NT15;Crédito 15 Días;  459;21.11.2024;VED;-970,0500;0,0000;0,0000;0,0000;0,0000;-970,0500;0,0000;-42156,20;A36;K-Servicios Contratados;Z056;Ser. Y Mantenimiento;;00-000456;-920,66;USD;-970,05
1000;10000944;COOPERATIVA LAS 3 B DE;000457;000457;RE;Factura bruto;5100024341;06.11.2024;NT15;Crédito 15 Días;  459;21.11.2024;VED;-970,0500;0,0000;0,0000;0,0000;0,0000;-970,0500;0,0000;-42156,20;A36;K-Servicios Contratados;Z056;Ser. Y Mantenimiento;;00-000457;-919,62;USD;-970,05
1000;10000945;DISYUROCA, C.A.;4900007181;;ZT;Cart.Transf.Proveed.;0700022091;15.11.2024;;;0;15.11.2024;VED;947,2500;947,2500;0,0000;0,0000;0,0000;0,0000;0,0000;43106,71;A27;K-Repuestos;Z046;Suministros;;20241115-SF657;947,25;USD;947,25
1000;10000965;CORRBAND, C.A.;;;SA;Documento cta.mayor;0100254729;04.09.2024;;;0;04.09.2024;VED;64,8800;64,8800;0,0000;0,0000;0,0000;0,0000;0,0000;2377,03;A27;K-Repuestos;Z041;Repuestos;;;65,00;USD;64,88
1000;10000965;CORRBAND, C.A.;4900006532;;ZT;Cart.Transf.Proveed.;0700021931;24.10.2024;;;0;24.10.2024;VED;85,0000;85,0000;0,0000;0,0000;0,0000;0,0000;0,0000;3354,24;A27;K-Repuestos;Z041;Repuestos;;20241024-SF596;85,00;USD;85,00
1000;10000965;CORRBAND, C.A.;4900007169;;ZT;Cart.Transf.Proveed.;0700022010;08.11.2024;;;0;08.11.2024;VED;130,0000;130,0000;0,0000;0,0000;0,0000;0,0000;0,0000;5744,19;A27;K-Repuestos;Z041;Repuestos;;20241108-SF632;130,00;USD;130,00
1000;10000965;CORRBAND, C.A.;4900007024;;ZT;Cart.Transf.Proveed.;0700022042;14.11.2024;;;0;14.11.2024;VED;78,0000;78,0000;0,0000;0,0000;0,0000;0,0000;0,0000;3514,13;A27;K-Repuestos;Z041;Repuestos;;20241114-SF648;78,00;USD;78,00
1000;10000976;DISTRIBUIDORA KEROGAS,;;;SA;Documento cta.mayor;0100258598;22.10.2024;;;0;22.10.2024;VED;218,9800;218,9800;0,0000;0,0000;0,0000;0,0000;0,0000;8579,77;A31;K-Suministros;Z046;Suministros;;;314,25;USD;218,98
1000;10000991;MANTENIMIENTO TRADING,;OC 5500011144;;ZT;Cart.Transf.Proveed.;0700022068;14.11.2024;;;0;14.11.2024;VED;805,8000;805,8000;0,0000;0,0000;0,0000;0,0000;0,0000;36303,71;;GP SIN DEFINIR;Z056;Ser. Y Mantenimiento;;20241114-SF650;805,80;USD;805,80
1000;10001173;BEARINGS VALENCIA C.A.;132286;132286;RE;Factura bruto;5100023905;09.10.2024;NT30;Crédito 30 Días;  472;08.11.2024;VED;-52,3000;0,0000;0,0000;0,0000;0,0000;-52,3000;0,0000;-1939,08;A31;K-Suministros;Z041;Repuestos;;00-00092558;-51,51;USD;-52,30
1000;10001173;BEARINGS VALENCIA C.A.;132287;132287;RE;Factura bruto;5100023906;09.10.2024;NT30;Crédito 30 Días;  472;08.11.2024;VED;-584,0900;0,0000;0,0000;0,0000;0,0000;-584,0900;0,0000;-21654,61;A31;K-Suministros;Z041;Repuestos;;00-00092559;-575,16;USD;-584,09
1000;10001173;BEARINGS VALENCIA C.A.;132390;132390;RE;Factura bruto;5100024067;22.10.2024;NT30;Crédito 30 Días;  459;21.11.2024;VED;-76,8900;0,0000;0,0000;0,0000;0,0000;-76,8900;0,0000;-3012,81;A31;K-Suministros;Z041;Repuestos;;00-00092665;-73,70;USD;-76,89
1000;10001173;BEARINGS VALENCIA C.A.;132451;132451;RE;Factura bruto;5100024113;29.10.2024;NT30;Crédito 30 Días;  452;28.11.2024;VED;-45,5900;0,0000;0,0000;0,0000;0,0000;-45,5900;0,0000;-1902,83;A31;K-Suministros;Z041;Repuestos;;00-00092726;-45,59;USD;-45,59
1000;10001297;SOLAR AIRPORT SERVICES;060333;060333;KR;Factura acreedor;1900019281;10.07.2024;NT00;Contado;  592;10.07.2024;VED;-138,4300;0,0000;0,0000;0,0000;0,0000;-138,4300;0,0000;-5053,50;A25;K-Proveedor Nacional;Z003;Aduanal;;00-091300;-138,41;USD;-138,43
1000;10001304;BEARINGS U.S.A MARACAY;;;SA;Documento cta.mayor;0100260370;31.10.2024;;;0;31.10.2024;VED;85,6000;85,6000;0,0000;0,0000;0,0000;0,0000;0,0000;3643,52;A31;K-Suministros;Z046;Suministros;;;115,25;USD;85,60
1000;10001359;TRANSPORTE J.H LOS ANG;0000029662;0000029662;RE;Factura bruto;5100021632;16.01.2024;NT15;Crédito 15 Días;  754;31.01.2024;VED;-6,361,1000;0,0000;0,0000;0,0000;0,0000;-6361,1000;0,0000;-228836,85;A33;K-Transporte de Personal;Z050;Transporte;;00-031324;-6330,92;USD;-6361,10
1000;10001359;TRANSPORTE J.H LOS ANG;0000029663;0000029663;RE;Factura bruto;5100021660;16.01.2024;NT15;Crédito 15 Días;  754;31.01.2024;VED;-5,702,9000;0,0000;0,0000;0,0000;0,0000;-5702,9000;0,0000;-205158,49;A33;K-Transporte de Personal;Z050;Transporte;;00-031325;-5680,13;USD;-5702,90
1000;10001359;TRANSPORTE J.H LOS ANG;0000029725;0000029725;RE;Factura bruto;5100021806;06.02.2024;NT15;Crédito 15 Días;  733;21.02.2024;VED;-1,285,1300;0,0000;0,0000;0,0000;0,0000;-1285,1300;0,0000;-46590,36;A33;K-Transporte de Personal;Z050;Transporte;;00-031388;-1283,65;USD;-1285,13
1000;10001359;TRANSPORTE J.H LOS ANG;0000029730;0000029730;RE;Factura bruto;5100021808;06.02.2024;NT15;Crédito 15 Días;  733;21.02.2024;VED;-2,467,4500;0,0000;0,0000;0,0000;0,0000;-2467,4500;0,0000;-89453,40;A33;K-Transporte de Personal;Z050;Transporte;;00-031393;-2464,61;USD;-2467,45
1000;10001359;TRANSPORTE J.H LOS ANG;0000029747;0000029747;RE;Factura bruto;5100021852;14.02.2024;NT15;Crédito 15 Días;  725;29.02.2024;VED;-1,309,5500;0,0000;0,0000;0,0000;0,0000;-1309,5500;0,0000;-47561,04;A33;K-Transporte de Personal;Z050;Transporte;;00-031410;-1312,66;USD;-1309,55
1000;10001359;TRANSPORTE J.H LOS ANG;0000029771;0000029771;RE;Factura bruto;5100021936;19.02.2024;NT15;Crédito 15 Días;  720;05.03.2024;VED;-2,313,4100;0,0000;0,0000;0,0000;0,0000;-2313,4100;0,0000;-84059,65;A33;K-Transporte de Personal;Z050;Transporte;;00-031434;-2323,85;USD;-2313,41
1000;10001359;TRANSPORTE J.H LOS ANG;0000029769;0000029769;RE;Factura bruto;5100021937;19.02.2024;NT15;Crédito 15 Días;  720;05.03.2024;VED;-106,7100;0,0000;0,0000;0,0000;0,0000;-106,7100;0,0000;-3877,48;A33;K-Transporte de Personal;Z050;Transporte;;00-031432;-107,20;USD;-106,71
1000;10001359;TRANSPORTE J.H LOS ANG;0000029768;0000029768;RE;Factura bruto;5100021938;19.02.2024;NT15;Crédito 15 Días;  720;05.03.2024;VED;-895,6600;0,0000;0,0000;0,0000;0,0000;-895,6600;0,0000;-32544,49;A33;K-Transporte de Personal;Z050;Transporte;;00-031431;-899,70;USD;-895,66
1000;10001359;TRANSPORTE J.H LOS ANG;0000029772;0000029772;RE;Factura bruto;5100021939;19.02.2024;NT15;Crédito 15 Días;  720;05.03.2024;VED;-2,848,2500;0,0000;0,0000;0,0000;0,0000;-2848,2500;0,0000;-103493,42;A33;K-Transporte de Personal;Z050;Transporte;;00-031435;-2861,10;USD;-2848,25
1000;10001359;TRANSPORTE J.H LOS ANG;0000029793;0000029793;RE;Factura bruto;5100022182;26.02.2024;NT15;Crédito 15 Días;  713;12.03.2024;VED;-397,5900;0,0000;0,0000;0,0000;0,0000;-397,5900;0,0000;-14341,06;A33;K-Transporte de Personal;Z050;Transporte;;00-031456;-395,87;USD;-397,59
1000;10001467;CORPORACION DELCOP, C.;45000036160;45000036160;RE;Factura bruto;5100024297;04.11.2024;NT15;Crédito 15 Días;  461;19.11.2024;VED;-372,4200;0,0000;0,0000;0,0000;0,0000;-372,4200;0,0000;-15906,03;A31;K-Suministros;Z046;Suministros;;00-00416391;-349,53;USD;-372,42
1000;10001467;CORPORACION DELCOP, C.;45000036158;45000036158;RE;Factura bruto;5100024298;04.11.2024;NT15;Crédito 15 Días;  461;19.11.2024;VED;-373,3100;0,0000;0,0000;0,0000;0,0000;-373,3100;0,0000;-15944,06;A31;K-Suministros;Z046;Suministros;;00-00416389;-350,36;USD;-373,31
1000;10001469;TELEFONICA VENEZOLANA,;LL00168624;LL00168624;KR;Factura acreedor;1900019577;12.01.2023;NT00;Contado; 1138;12.01.2023;USD;-4,379,9700;0,0000;0,0000;0,0000;0,0000;-4379,9700;0,0000;-83452,03;A38;K-Telecomunicaciones;Z048;Telecomunicaciones;;0;-2271,36;USD;-4379,97
1000;10001495;TRANSPORTES AEREOS POR;60563;60563;KR;Factura acreedor;1900016971;14.04.2023;NT00;Contado; 1046;14.04.2023;VED;-59,5500;0,0000;0,0000;0,0000;0,0000;-59,5500;0,0000;-1461,38;A19;K-Operaciones Nacionalización;Z050;Transporte;;00-0033083;-59,46;USD;-59,55
1000;10001495;TRANSPORTES AEREOS POR;64709;64709;KR;Factura acreedor;1900019627;23.09.2024;NT00;Contado;  518;23.09.2024;VED;-28,0700;0,0000;0,0000;0,0000;0,0000;-28,0700;0,0000;-1033,52;A19;K-Operaciones Nacionalización;Z050;Transporte;;00-0037237;-28,04;USD;-28,07
1000;10001514;OPERADORA PASEO, C.A.;;;SA;Documento cta.mayor;0100260743;08.10.2024;;;0;08.10.2024;VED;12,6100;12,6100;0,0000;0,0000;0,0000;0,0000;0,0000;466,99;A37;K-Gastos de Viaje;Z028;Hoteles;;;10,43;USD;12,61
1000;10001671;MILES SALUD Y SERVICIO;00007635;00007635;RE;Factura bruto;5100021737;30.01.2024;;;0;30.01.2024;VED;-224,2000;-224,2000;0,0000;0,0000;0,0000;0,0000;0,0000;-8103,09;A36;K-Servicios Contratados;Z043;Salud;;00-00006009;-223,61;USD;-224,20
1000;10001671;MILES SALUD Y SERVICIO;00007637;00007637;RE;Factura bruto;5100021738;30.01.2024;;;0;30.01.2024;VED;-183,4400;-183,4400;0,0000;0,0000;0,0000;0,0000;0,0000;-6630,02;A36;K-Servicios Contratados;Z043;Salud;;00-00006011;-182,96;USD;-183,44
1000;10001671;MILES SALUD Y SERVICIO;00007653;00007653;RE;Factura bruto;5100021929;28.02.2024;NT00;Contado;  726;28.02.2024;VED;-153,6000;0,0000;0,0000;0,0000;0,0000;-153,6000;0,0000;-5544,34;A36;K-Servicios Contratados;Z043;Salud;;00-00006027;-153,45;USD;-153,60
1000;10001671;MILES SALUD Y SERVICIO;00007674;00007674;RE;Factura bruto;5100022200;08.04.2024;NT00;Contado;  686;08.04.2024;VED;-469,9600;0,0000;0,0000;0,0000;0,0000;-469,9600;0,0000;-17025,39;A36;K-Servicios Contratados;Z043;Salud;;00-00006048;-470,56;USD;-469,96
1000;10001671;MILES SALUD Y SERVICIO;00007681;00007681;RE;Factura bruto;5100022376;22.04.2024;NT00;Contado;  672;22.04.2024;VED;-203,1400;0,0000;0,0000;0,0000;0,0000;-203,1400;0,0000;-7382,42;A36;K-Servicios Contratados;Z043;Salud;;00-00006055;-203,09;USD;-203,14
1000;10001671;MILES SALUD Y SERVICIO;00007690;00007690;RE;Factura bruto;5100022574;09.05.2024;NT00;Contado;  655;09.05.2024;VED;-469,1200;0,0000;0,0000;0,0000;0,0000;-469,1200;0,0000;-17161,60;A36;K-Servicios Contratados;Z043;Salud;;00-00006064;-468,77;USD;-469,12
1000;10001671;MILES SALUD Y SERVICIO;00007709;00007709;RE;Factura bruto;5100022779;10.06.2024;NT00;Contado;  623;10.06.2024;VED;-470,0000;0,0000;0,0000;0,0000;0,0000;-470,0000;0,0000;-17144,94;A36;K-Servicios Contratados;Z043;Salud;;00-00006083;-470,37;USD;-470,00
1000;10001671;MILES SALUD Y SERVICIO;00007725;00007725;RE;Factura bruto;5100023050;09.07.2024;NT00;Contado;  594;09.07.2024;VED;-468,9200;0,0000;0,0000;0,0000;0,0000;-468,9200;0,0000;-17110,41;A36;K-Servicios Contratados;Z043;Salud;;00-00006099;-468,40;USD;-468,92
1000;10001671;MILES SALUD Y SERVICIO;00007735;00007735;RE;Factura bruto;5100023275;07.08.2024;NT00;Contado;  565;07.08.2024;VED;-469,0900;0,0000;0,0000;0,0000;0,0000;-469,0900;0,0000;-17198,76;A36;K-Servicios Contratados;Z043;Salud;;00-00006109;-469,51;USD;-469,09
1000;10001671;MILES SALUD Y SERVICIO;00007762;00007762;RE;Factura bruto;5100023913;08.10.2024;NT00;Contado;  503;08.10.2024;VED;-468,4600;0,0000;0,0000;0,0000;0,0000;-468,4600;0,0000;-17351,57;A36;K-Servicios Contratados;Z043;Salud;;00-00006136;-460,86;USD;-468,46
1000;10001671;MILES SALUD Y SERVICIO;00007779;00007779;RE;Factura bruto;5100024221;06.11.2024;NT00;Contado;  474;06.11.2024;VED;-462,7100;0,0000;0,0000;0,0000;0,0000;-462,7100;0,0000;-20108,46;A36;K-Servicios Contratados;Z043;Salud;;00-00006153;-455,09;USD;-462,71
1000;10001671;MILES SALUD Y SERVICIO;00007752;00007752;RE;Factura bruto;5100024311;16.09.2024;NT00;Contado;  525;16.09.2024;VED;-468,4900;0,0000;0,0000;0,0000;0,0000;-468,4900;0,0000;-17212,78;A36;K-Servicios Contratados;Z043;Salud;;00-00006126;-378,24;USD;-468,49
1000;10001693;INVERSIONES SAMMY91, C;4900006728;;ZT;Cart.Transf.Proveed.;0700022043;14.11.2024;;;0;14.11.2024;VED;83,2000;83,2000;0,0000;0,0000;0,0000;0,0000;0,0000;3748,41;A31;K-Suministros;Z046;Suministros;;20241114-SF648;83,20;USD;83,20
1000;10001739;FIRE PUMP SERVICE, C.A;OC 5500011108;;ZT;Cart.Transf.Proveed.;0700022075;14.11.2024;;;0;14.11.2024;VED;4,004,5000;4004,5000;0,0000;0,0000;0,0000;0,0000;0,0000;180414,54;A36;K-Servicios Contratados;Z056;Ser. Y Mantenimiento;;20241114-SF651;4004,50;USD;4004,50
1000;10001765;PAPELERIA ROTOSPEED, C;00031082;00031082;RE;Factura bruto;5100021883;19.02.2024;;;0;19.02.2024;VED;-1,284,9900;-1284,9900;0,0000;0,0000;0,0000;0,0000;0,0000;-46691,31;A26;K-Publicidad;Z019;Distribuidores;;00-00011482;-1288,64;USD;-1284,99
1000;10001765;PAPELERIA ROTOSPEED, C;00031092;00031092;RE;Factura bruto;5100021989;04.03.2024;;;0;04.03.2024;VED;-1,516,7800;-1516,7800;0,0000;0,0000;0,0000;0,0000;0,0000;-54725,65;A26;K-Publicidad;Z019;Distribuidores;;00-00011492;-1510,23;USD;-1516,78
1000;10001765;PAPELERIA ROTOSPEED, C;00031113;00031113;RE;Factura bruto;5100022194;18.03.2024;;;0;18.03.2024;VED;-596,7200;-596,7200;0,0000;0,0000;0,0000;0,0000;0,0000;-21670,92;A26;K-Publicidad;Z019;Distribuidores;;00-00011513;-598,96;USD;-596,72
1000;10001765;PAPELERIA ROTOSPEED, C;00031139;00031139;RE;Factura bruto;5100022195;05.04.2024;;;0;05.04.2024;VED;-816,8900;-816,8900;0,0000;0,0000;0,0000;0,0000;0,0000;-29580,00;A26;K-Publicidad;Z019;Distribuidores;;00-00011539;-817,56;USD;-816,89
1000;10001765;PAPELERIA ROTOSPEED, C;00031171;00031171;RE;Factura bruto;5100023352;22.04.2024;;;0;22.04.2024;VED;-1,591,1100;-1591,1100;0,0000;0,0000;0,0000;0,0000;0,0000;-57824,20;A26;K-Publicidad;Z019;Distribuidores;;00-00011571;-1576,59;USD;-1591,11
1000;10001765;PAPELERIA ROTOSPEED, C;00031295;00031295;RE;Factura bruto;5100023882;09.07.2024;;;0;09.07.2024;VED;-3,259,0100;-3259,0100;0,0000;0,0000;0,0000;0,0000;0,0000;-118917,26;A26;K-Publicidad;Z019;Distribuidores;;00-00011695;-3168,63;USD;-3259,01
1000;10001800;INSTALACIONES Y SUMINI;;;SA;Documento cta.mayor;0100256248;23.09.2024;NT00;Contado;  518;23.09.2024;VED;-16,1900;0,0000;0,0000;0,0000;0,0000;-16,1900;0,0000;-596,29;A27;K-Repuestos;Z041;Repuestos;;;-16,64;USD;-16,19
1000;10001868;TRANSPORTE MARITIMO MA;JC20009481152023;JC20009481152023;KR;Factura acreedor;1900017340;11.05.2023;NT00;Contado; 1019;11.05.2023;VED;-180,0100;0,0000;0,0000;0,0000;0,0000;-180,0100;0,0000;-4532,40;A19;K-Operaciones Nacionalización;Z003;Aduanal;;L152023;-156,34;USD;-180,01
1000;10001868;TRANSPORTE MARITIMO MA;JC20009481052023;JC20009481052023;KR;Factura acreedor;1900017345;10.05.2023;NT00;Contado; 1019;10.05.2023;VED;-719,9000;0,0000;0,0000;0,0000;0,0000;-719,9000;0,0000;-18086,40;A19;K-Operaciones Nacionalización;Z003;Aduanal;;L052023;-623,87;USD;-719,90
1000;10001876;INVERSIONES BARUNU  IN;;;SA;Documento cta.mayor;0100258384;17.10.2024;NT10;Crédito 10 Días;  484;27.10.2024;VED;-45,1300;0,0000;0,0000;0,0000;0,0000;-45,1300;0,0000;-1760,72;A15;K-Materia Prima Nacional;Z053;Materia Prima;;;-31,85;USD;-45,13
1000;10001951;DISTRIBUIDORA FERIA ES;;;SA;Documento cta.mayor;0100259259;25.10.2024;;;0;25.10.2024;VED;143,9900;143,9900;0,0000;0,0000;0,0000;0,0000;0,0000;5886,36;A40;K-Papelería y Consumibles;Z046;Suministros;;;233,92;USD;143,99
1000;10001951;DISTRIBUIDORA FERIA ES;;;SA;Documento cta.mayor;0100259260;25.10.2024;;;0;25.10.2024;VED;109,9400;109,9400;0,0000;0,0000;0,0000;0,0000;0,0000;4494,40;A40;K-Papelería y Consumibles;Z046;Suministros;;;178,61;USD;109,94
1000;10001951;DISTRIBUIDORA FERIA ES;00000738;00000738;RE;Factura bruto;5100023974;21.10.2024;;;0;21.10.2024;VED;-208,0000;-208,0000;0,0000;0,0000;0,0000;0,0000;0,0000;-8147,36;A40;K-Papelería y Consumibles;Z046;Suministros;;0;-207,19;USD;-208,00
1000;10001951;DISTRIBUIDORA FERIA ES;00000718;00000718;RE;Factura bruto;5100023975;14.10.2024;;;0;14.10.2024;VED;-85,5400;-85,5400;0,0000;0,0000;0,0000;0,0000;0,0000;-3326,09;A40;K-Papelería y Consumibles;Z046;Suministros;;0;-84,58;USD;-85,54
1000;10001954;HISPANA DE SEGUROS, S.;EXPEDIENT 20102881;EX 20102881;SA;Documento cta.mayor;0100203866;08.09.2022;NT00;Contado; 1264;08.09.2022;VED;-275,0700;0,0000;0,0000;0,0000;0,0000;-275,0700;0,0000;-2197,25;A29;K-Seguros y Fianzas;Z003;Aduanal;;EXPEDIENTE  20102881;-90,19;USD;-275,07
1000;10001954;HISPANA DE SEGUROS, S.;EXPEDIENT 20102880;EX 20102880;SA;Documento cta.mayor;0100203880;02.09.2022;NT00;Contado; 1264;02.09.2022;VED;-110,0300;0,0000;0,0000;0,0000;0,0000;-110,0300;0,0000;-870,10;A29;K-Seguros y Fianzas;Z003;Aduanal;;EXPEDIENTE  20102880;-35,71;USD;-110,03
1000;10001954;HISPANA DE SEGUROS, S.;EXPEDIENT 20102887;EX 20102887;SA;Documento cta.mayor;0100204108;21.09.2022;NT00;Contado; 1251;21.09.2022;VED;-165,0100;0,0000;0,0000;0,0000;0,0000;-165,0100;0,0000;-1328,25;A29;K-Seguros y Fianzas;Z003;Aduanal;;EXPEDIENTE  20102887;-54,52;USD;-165,01
1000;10001954;HISPANA DE SEGUROS, S.;EXPEDIENT 20103039;EX 20103039;SA;Documento cta.mayor;0100244212;15.03.2024;NT00;Contado;  633;15.03.2024;VED;-220,0200;0,0000;0,0000;0,0000;0,0000;-220,0200;0,0000;-7981,60;A29;K-Seguros y Fianzas;Z003;Aduanal;;EXPEDIENTE  20103039;-218,45;USD;-220,02
1000;10001954;HISPANA DE SEGUROS, S.;EXPEDIENT 20103021;EX 20103021;SA;Documento cta.mayor;0100246218;04.01.2024;NT00;Contado;  612;04.01.2024;VED;-55,0000;0,0000;0,0000;0,0000;0,0000;-55,0000;0,0000;-1977,25;A29;K-Seguros y Fianzas;Z003;Aduanal;;EXPEDIENTE  20103021;-54,35;USD;-55,00
1000;10001954;HISPANA DE SEGUROS, S.;EXP.3067;EXP.3067;SA;Documento cta.mayor;0100254858;31.05.2024;NT00;Contado;  633;31.05.2024;VED;-54,9900;0,0000;0,0000;0,0000;0,0000;-54,9900;0,0000;-2009,15;A29;K-Seguros y Fianzas;Z003;Aduanal;;EXP.3067;-54,63;USD;-54,99
1000;10001954;HISPANA DE SEGUROS, S.;ExP 20103070;EXP 20103070;SA;Documento cta.mayor;0100258355;20.06.2024;NT00;Contado;  613;20.06.2024;VED;-45,0000;0,0000;0,0000;0,0000;0,0000;-45,0000;0,0000;-1637,10;A29;K-Seguros y Fianzas;Z003;Aduanal;;EXP 20103070;-41,78;USD;-45,00
1000;10001954;HISPANA DE SEGUROS, S.;ExP 20103074;EXP 20103074;SA;Documento cta.mayor;0100258591;10.07.2024;NT00;Contado;  593;10.07.2024;VED;-55,0100;0,0000;0,0000;0,0000;0,0000;-55,0100;0,0000;-2008,05;A29;K-Seguros y Fianzas;Z003;Aduanal;;EXP 20103074;-51,25;USD;-55,01
1000;10001954;HISPANA DE SEGUROS, S.;EXPED 20103083;EXP 20103083;SA;Documento cta.mayor;0100258845;13.08.2024;NT00;Contado;  559;13.08.2024;VED;-55,0000;0,0000;0,0000;0,0000;0,0000;-55,0000;0,0000;-2014,65;A29;K-Seguros y Fianzas;Z003;Aduanal;;EXP 20103083;-49,09;USD;-55,00
1000;10001954;HISPANA DE SEGUROS, S.;EXPED 20103078;EXP 20103078;SA;Documento cta.mayor;0100258850;12.08.2024;NT00;Contado;  560;12.08.2024;VED;-55,0100;0,0000;0,0000;0,0000;0,0000;-55,0100;0,0000;-2016,85;A29;K-Seguros y Fianzas;Z003;Aduanal;;EXP 20103078;-49,14;USD;-55,01
1000;10001954;HISPANA DE SEGUROS, S.;EXPED 20103089;EXP 20103089;SA;Documento cta.mayor;0100259168;04.09.2024;NT00;Contado;  537;04.09.2024;VED;-55,0000;0,0000;0,0000;0,0000;0,0000;-55,0000;0,0000;-2015,20;A29;K-Seguros y Fianzas;Z003;Aduanal;;EXP 20103089;-47,72;USD;-55,00
1000;10002047;INVERSIONES SUPPLYMIN;OC 4900007192;;ZT;Cart.Transf.Proveed.;0700022076;14.11.2024;;;0;14.11.2024;VED;89,4400;89,4400;0,0000;0,0000;0,0000;0,0000;0,0000;4029,54;A31;K-Suministros;Z046;Suministros;;20241114-SF651;89,44;USD;89,44
1000;10002048;QUALITY MANUFACTURAS P;;;SA;Documento cta.mayor;0100261409;12.11.2024;;;0;12.11.2024;VED;52,6700;52,6700;0,0000;0,0000;0,0000;0,0000;0,0000;2357,13;A15;K-Materia Prima Nacional;Z046;Suministros;;;51,80;USD;52,67
1000;10002048;QUALITY MANUFACTURAS P;4900007100;;ZT;Cart.Transf.Proveed.;0700022124;20.11.2024;;;0;20.11.2024;VED;2,387,1700;2387,1700;0,0000;0,0000;0,0000;0,0000;0,0000;109430,26;A15;K-Materia Prima Nacional;Z046;Suministros;;20241120-SF666;2387,17;USD;2387,17
1000;10002117;GERENCIEMOS EL RIESCO;13114;13114;RE;Factura bruto;5100023505;28.06.2024;;;0;28.06.2024;VED;-163,2400;-163,2400;0,0000;0,0000;0,0000;0,0000;0,0000;-5943,27;A36;K-Servicios Contratados;Z043;Salud;;00-13418;-162,01;USD;-163,24
1000;10002117;GERENCIEMOS EL RIESCO;13360;13360;RE;Factura bruto;5100023572;11.09.2024;;;0;11.09.2024;VED;-284,0800;-284,0800;0,0000;0,0000;0,0000;0,0000;0,0000;-10427,67;A36;K-Servicios Contratados;Z043;Salud;;00-13666;-283,81;USD;-284,08
1000;10002117;GERENCIEMOS EL RIESCO;13359;13359;RE;Factura bruto;5100023573;11.09.2024;;;0;11.09.2024;VED;-236,7400;-236,7400;0,0000;0,0000;0,0000;0,0000;0,0000;-8689,73;A36;K-Servicios Contratados;Z043;Salud;;00-13665;-236,51;USD;-236,74
1000;10002117;GERENCIEMOS EL RIESCO;13372;13372;RE;Factura bruto;5100023595;12.09.2024;;;0;12.09.2024;VED;-507,6000;-507,6000;0,0000;0,0000;0,0000;0,0000;0,0000;-18645,36;A36;K-Servicios Contratados;Z043;Salud;;00-13678;-507,48;USD;-507,60
1000;10002117;GERENCIEMOS EL RIESCO;13371;13371;RE;Factura bruto;5100023597;12.09.2024;;;0;12.09.2024;VED;-37,9500;-37,9500;0,0000;0,0000;0,0000;0,0000;0,0000;-1394,05;A36;K-Servicios Contratados;Z043;Salud;;00-13677;-37,94;USD;-37,95
1000;10002117;GERENCIEMOS EL RIESCO;13373;13373;RE;Factura bruto;5100023598;12.09.2024;;;0;12.09.2024;VED;-575,9100;-575,9100;0,0000;0,0000;0,0000;0,0000;0,0000;-21154,64;A36;K-Servicios Contratados;Z043;Salud;;00-13679;-575,78;USD;-575,91
1000;10002117;GERENCIEMOS EL RIESCO;13374;13374;RE;Factura bruto;5100023599;12.09.2024;;;0;12.09.2024;VED;-281,7900;-281,7900;0,0000;0,0000;0,0000;0,0000;0,0000;-10350,78;A36;K-Servicios Contratados;Z043;Salud;;00-13680;-281,72;USD;-281,79
1000;10002117;GERENCIEMOS EL RIESCO;13475;13475;RE;Factura bruto;5100024098;28.10.2024;;;0;28.10.2024;VED;-29,9600;-29,9600;0,0000;0,0000;0,0000;0,0000;0,0000;-1229,62;A36;K-Servicios Contratados;Z043;Salud;;00-13782;-29,46;USD;-29,96
1000;10002117;GERENCIEMOS EL RIESCO;13530;13530;RE;Factura bruto;5100024309;07.11.2024;;;0;07.11.2024;VED;-14,8800;-14,8800;0,0000;0,0000;0,0000;0,0000;0,0000;-651,42;A36;K-Servicios Contratados;Z043;Salud;;00-13837;-14,32;USD;-14,88
1000;10002117;GERENCIEMOS EL RIESCO;13535;13535;RE;Factura bruto;5100024310;14.11.2024;;;0;14.11.2024;VED;-162,1200;-162,1200;0,0000;0,0000;0,0000;0,0000;0,0000;-7303,96;A36;K-Servicios Contratados;Z043;Salud;;00-13842;-160,50;USD;-162,12
1000;10002138;PRODUCTOS INDOTEL C.A.;;;SA;Documento cta.mayor;0100242072;28.02.2024;NT00;Contado;  726;28.02.2024;VED;-128,6500;0,0000;0,0000;0,0000;0,0000;-128,6500;0,0000;-4643,75;A36;K-Servicios Contratados;Z046;Suministros;;;-128,65;USD;-128,65
1000;10002138;PRODUCTOS INDOTEL C.A.;5500010003;;ZT;Cart.Transf.Proveed.;0700022023;08.11.2024;;;0;08.11.2024;VED;3,914,7300;3914,7300;0,0000;0,0000;0,0000;0,0000;0,0000;172976,65;A36;K-Servicios Contratados;Z046;Suministros;;20241108-SF636;3914,73;USD;3914,73
1000;10002160;FARMACIA LOCATEL C.A.;3200021784;3200021784;RE;Factura bruto;5100022879;10.06.2024;;;0;10.06.2024;VED;-148,5100;-148,5100;0,0000;0,0000;0,0000;0,0000;0,0000;-5417,28;A26;K-Publicidad;Z040;Publicidad;;00-022929;-148,94;USD;-148,51
1000;10002160;FARMACIA LOCATEL C.A.;3200020561;3200020561;RE;Factura bruto;5100022882;10.08.2023;;;0;10.08.2023;VED;-495,0400;-495,0400;0,0000;0,0000;0,0000;0,0000;0,0000;-15463,80;A26;K-Publicidad;Z040;Publicidad;;00-021458;-425,16;USD;-495,04
1000;10002186;HIDROPROYECTOS 2.000 C;5500011189;;ZT;Cart.Transf.Proveed.;0700022094;15.11.2024;;;0;15.11.2024;VED;4,059,4900;4059,4900;0,0000;0,0000;0,0000;0,0000;0,0000;184735,32;A31;K-Suministros;Z041;Repuestos;;20241115-SF658;4059,49;USD;4059,49
1000;10002198;CONSTRUCCIONES MIS TRE;ANTIICIPO;;SA;Documento cta.mayor;0100232536;31.01.2024;;;0;31.01.2024;VED;848,4300;848,4300;0,0000;0,0000;0,0000;0,0000;0,0000;30715,76;A31;K-Suministros;Z046;Suministros;;OC. 55-9485/9497/9498;1009,42;USD;848,43
1000;10002198;CONSTRUCCIONES MIS TRE;5500011146;;ZT;Cart.Transf.Proveed.;0700022044;14.11.2024;;;0;14.11.2024;VED;176,4000;176,4000;0,0000;0,0000;0,0000;0,0000;0,0000;7947,35;A31;K-Suministros;Z046;Suministros;;20241114-SF648;176,40;USD;176,40
1000;10002198;CONSTRUCCIONES MIS TRE;000168;000168;KR;Factura acreedor;1900017844;02.11.2023;NT00;Contado;  844;02.11.2023;VED;-2,041,8500;0,0000;0,0000;0,0000;0,0000;-2041,8500;0,0000;-71778,10;A31;K-Suministros;Z046;Suministros;;OC 55-9184;-2041,85;USD;-2041,85
1000;10002252;SOLUCIONES INTEGRALES;;;SA;Documento cta.mayor;0100257915;09.10.2024;;;0;09.10.2024;VED;90,3800;90,3800;0,0000;0,0000;0,0000;0,0000;0,0000;3350,77;A16;K-Material de Empaque;Z055;Material De Empaque;;;90,38;USD;90,38
1000;10002252;SOLUCIONES INTEGRALES;;;SA;Documento cta.mayor;0100260688;08.11.2024;;;0;08.11.2024;VED;116,5500;116,5500;0,0000;0,0000;0,0000;0,0000;0,0000;5149,90;A16;K-Material de Empaque;Z055;Material De Empaque;;;120,58;USD;116,55
1000;10002252;SOLUCIONES INTEGRALES;001948;001948;RE;Factura bruto;5100023968;16.10.2024;;;0;16.10.2024;VED;-272,0900;-272,0900;0,0000;0,0000;0,0000;0,0000;0,0000;-10589,09;A16;K-Material de Empaque;Z055;Material De Empaque;;00-002357;-269,29;USD;-272,09
1000;10002255;CATARATAS DISTRIBUIDOR;010343;010343;RE;Factura bruto;5100024176;31.10.2024;;;0;31.10.2024;VED;-374,2700;-374,2700;0,0000;0,0000;0,0000;0,0000;0,0000;-15929,70;A3;K-Alimentacion;Z005;Agua;;00-011393;-363,84;USD;-374,27
1000;10002288;GRAFICAS CROMO C.A.;;;SA;Documento cta.mayor;0100256654;09.08.2024;NT00;Contado;  563;09.08.2024;VED;-73,6300;0,0000;0,0000;0,0000;0,0000;-73,6300;0,0000;-2700,87;A40;K-Papelería y Consumibles;Z040;Publicidad;;;-60,11;USD;-73,63
1000;10002288;GRAFICAS CROMO C.A.;;;AB;Documento contable;0100258137;15.10.2024;NT00;Contado;  496;15.10.2024;VED;-294,4000;0,0000;0,0000;0,0000;0,0000;-294,4000;0,0000;-11448,62;A40;K-Papelería y Consumibles;Z040;Publicidad;;;-86,69;USD;-294,40
1000;10002288;GRAFICAS CROMO C.A.;;;SA;Documento cta.mayor;0100260443;03.10.2024;;;0;03.10.2024;VED;38,1300;38,1300;0,0000;0,0000;0,0000;0,0000;0,0000;1410,26;A40;K-Papelería y Consumibles;Z040;Publicidad;;;54,01;USD;38,13
1000;10002288;GRAFICAS CROMO C.A.;4900007145;;ZT;Cart.Transf.Proveed.;0700021912;23.10.2024;;;0;23.10.2024;VED;2,250,5000;2250,5000;0,0000;0,0000;0,0000;0,0000;0,0000;88496,41;A40;K-Papelería y Consumibles;Z040;Publicidad;;20241023-SF591;2250,50;USD;2250,50
1000;10002292;TRANSPORTE JEHOVA NICI;015757;015757;KR;Factura acreedor;1900019612;23.09.2024;NT00;Contado;  518;23.09.2024;VED;-123,3700;0,0000;0,0000;0,0000;0,0000;-123,3700;0,0000;-4542,99;A37;K-Gastos de Viaje;Z059;Viajes Y Traslados;;00-015757;-123,41;USD;-123,37
1000;10002292;TRANSPORTE JEHOVA NICI;015807;015807;KR;Factura acreedor;1900019637;30.09.2024;NT00;Contado;  511;30.09.2024;VED;-130,3400;0,0000;0,0000;0,0000;0,0000;-130,3400;0,0000;-4810,58;A37;K-Gastos de Viaje;Z059;Viajes Y Traslados;;00-015807;-130,34;USD;-130,34
1000;10002292;TRANSPORTE JEHOVA NICI;015866;015866;KR;Factura acreedor;1900019666;07.10.2024;NT00;Contado;  504;07.10.2024;VED;-85,9300;0,0000;0,0000;0,0000;0,0000;-85,9300;0,0000;-3182,43;A37;K-Gastos de Viaje;Z059;Viajes Y Traslados;;00-015866;-84,80;USD;-85,93
1000;10002292;TRANSPORTE JEHOVA NICI;015904;015904;KR;Factura acreedor;1900019683;14.10.2024;NT00;Contado;  497;14.10.2024;VED;-96,6000;0,0000;0,0000;0,0000;0,0000;-96,6000;0,0000;-3756,28;A37;K-Gastos de Viaje;Z059;Viajes Y Traslados;;00-015904;-95,98;USD;-96,60
1000;10002292;TRANSPORTE JEHOVA NICI;015973;015973;KR;Factura acreedor;1900019692;21.10.2024;NT00;Contado;  490;21.10.2024;VED;-123,3500;0,0000;0,0000;0,0000;0,0000;-123,3500;0,0000;-4831,72;A37;K-Gastos de Viaje;Z059;Viajes Y Traslados;;00-015973;-123,32;USD;-123,35
1000;10002292;TRANSPORTE JEHOVA NICI;016058;016058;KR;Factura acreedor;1900019733;29.10.2024;NT00;Contado;  482;29.10.2024;VED;-1,173,2000;0,0000;0,0000;0,0000;0,0000;-1173,2000;0,0000;-48964,83;A37;K-Gastos de Viaje;Z059;Viajes Y Traslados;;00-016058;-1159,60;USD;-1173,20
1000;10002292;TRANSPORTE JEHOVA NICI;016061;016061;KR;Factura acreedor;1900019734;29.10.2024;NT00;Contado;  482;29.10.2024;VED;-2,460,8600;0,0000;0,0000;0,0000;0,0000;-2460,8600;0,0000;-102706,71;A37;K-Gastos de Viaje;Z059;Viajes Y Traslados;;00-016061;-2432,33;USD;-2460,86
1000;10002292;TRANSPORTE JEHOVA NICI;016030;016030;KR;Factura acreedor;1900019737;28.10.2024;NT00;Contado;  483;28.10.2024;VED;-171,6800;0,0000;0,0000;0,0000;0,0000;-171,6800;0,0000;-7046,16;A37;K-Gastos de Viaje;Z059;Viajes Y Traslados;;00-016030;-165,55;USD;-171,68
1000;10002292;TRANSPORTE JEHOVA NICI;016096;016096;KR;Factura acreedor;1900019773;04.11.2024;NT00;Contado;  476;04.11.2024;VED;-274,3400;0,0000;0,0000;0,0000;0,0000;-274,3400;0,0000;-11717,04;A37;K-Gastos de Viaje;Z059;Viajes Y Traslados;;00-016096;-269,62;USD;-274,34
1000;10002292;TRANSPORTE JEHOVA NICI;016156;016156;KR;Factura acreedor;1900019803;11.11.2024;NT00;Contado;  469;11.11.2024;VED;-206,0100;0,0000;0,0000;0,0000;0,0000;-206,0100;0,0000;-9209,45;A37;K-Gastos de Viaje;Z059;Viajes Y Traslados;;00-016156;-204,98;USD;-206,01
1000;10002292;TRANSPORTE JEHOVA NICI;016204;016204;KR;Factura acreedor;1900019863;18.11.2024;NT00;Contado;  462;18.11.2024;VED;-248,0500;0,0000;0,0000;0,0000;0,0000;-248,0500;0,0000;-11288,16;A37;K-Gastos de Viaje;Z059;Viajes Y Traslados;;00-016204;-243,67;USD;-248,05
1000;10002299;SERVICIO DE AMBULANCIA;001910;001910;RE;Factura bruto;5100023277;07.08.2024;;;0;07.08.2024;VED;-244,9400;-244,9400;0,0000;0,0000;0,0000;0,0000;0,0000;-8980,60;A31;K-Suministros;Z046;Suministros;;00-002010;-245,17;USD;-244,94
1000;10002299;SERVICIO DE AMBULANCIA;001916;001916;RE;Factura bruto;5100023607;13.09.2024;;;0;13.09.2024;VED;-244,6300;-244,6300;0,0000;0,0000;0,0000;0,0000;0,0000;-8987,92;A31;K-Suministros;Z046;Suministros;;00-002016;-244,63;USD;-244,63
1000;10002299;SERVICIO DE AMBULANCIA;001917;001917;RE;Factura bruto;5100024219;14.10.2024;;;0;14.10.2024;VED;-233,0000;-233,0000;0,0000;0,0000;0,0000;0,0000;0,0000;-9060,39;A31;K-Suministros;Z046;Suministros;;00-002017;-205,06;USD;-233,00
1000;10002299;SERVICIO DE AMBULANCIA;001922;001922;RE;Factura bruto;5100024220;06.11.2024;;;0;06.11.2024;VED;-483,2300;-483,2300;0,0000;0,0000;0,0000;0,0000;0,0000;-20999,88;A31;K-Suministros;Z046;Suministros;;00-002022;-475,26;USD;-483,23
1000;10002306;SERVICIOS PROFESIONALE;;;SA;Documento cta.mayor;0100261753;20.11.2024;NT00;Contado;  460;20.11.2024;VED;-1,227,0300;0,0000;0,0000;0,0000;0,0000;-1227,0300;0,0000;-56248,18;A36;K-Servicios Contratados;Z056;Ser. Y Mantenimiento;;;-1227,03;USD;-1227,03
1000;10002352;PRIMAZOL C.A;;;SA;Documento cta.mayor;0100236854;15.03.2024;NT00;Contado;  710;15.03.2024;VED;-8,0700;0,0000;0,0000;0,0000;0,0000;-8,0700;0,0000;-292,82;A25;K-Proveedor Nacional;Z040;Publicidad;;;-8,07;USD;-8,07
1000;10002379;MEDICA ICABARU C.A;;;SA;Documento cta.mayor;0100256249;27.09.2024;NT00;Contado;  514;27.09.2024;VED;-52,7700;0,0000;0,0000;0,0000;0,0000;-52,7700;0,0000;-1945,34;A31;K-Suministros;Z046;Suministros;;;-50,21;USD;-52,77
1000;10002383;CORPORACION DE SALUD A;;;ZT;Cart.Transf.Proveed.;0700022095;15.11.2024;;;0;15.11.2024;VED;127,7100;127,7100;0,0000;0,0000;0,0000;0,0000;0,0000;5811,84;A42;K-Servicios Públicos;Z043;Salud;;20241115-SF658;127,71;USD;127,71
1000;10002419;AYALA & ASOCIADOS, S.C;ND 1176;ND 1176;SA;Documento cta.mayor;0100242286;11.03.2024;NT00;Contado;  714;11.03.2024;USD;-202,3200;0,0000;0,0000;0,0000;0,0000;-202,3200;0,0000;-7322,02;A7;K-Honorarios Profesionales;Z025;Financiero;;ND 1176;-200,00;USD;-202,32
1000;10002419;AYALA & ASOCIADOS, S.C;ND 1137;ND 1137;SA;Documento cta.mayor;0100242287;18.01.2024;NT00;Contado;  767;18.01.2024;USD;-405,9200;0,0000;0,0000;0,0000;0,0000;-405,9200;0,0000;-14644,04;A7;K-Honorarios Profesionales;Z025;Financiero;;ND 1137;-400,00;USD;-405,92
1000;10002419;AYALA & ASOCIADOS, S.C;ND 1225;ND 1225;SA;Documento cta.mayor;0100242288;08.04.2024;NT00;Contado;  686;08.04.2024;USD;-768,0300;0,0000;0,0000;0,0000;0,0000;-768,0300;0,0000;-27823,68;A7;K-Honorarios Profesionales;Z025;Financiero;;ND 1225;-760,00;USD;-768,03
1000;10002419;AYALA & ASOCIADOS, S.C;;;SA;Documento cta.mayor;0100242555;30.04.2024;;;0;30.04.2024;VED;1,372,6000;1372,6000;0,0000;0,0000;0,0000;0,0000;0,0000;49998,60;A7;K-Honorarios Profesionales;Z025;Financiero;;;1372,60;USD;1372,60
1000;10002419;AYALA & ASOCIADOS, S.C;ND 1262;ND 1262;SA;Documento cta.mayor;0100242631;07.05.2024;NT00;Contado;  657;07.05.2024;USD;-490,0000;0,0000;0,0000;0,0000;0,0000;-490,0000;0,0000;-17922,39;A7;K-Honorarios Profesionales;Z025;Financiero;;ND 1262;-490,00;USD;-490,00
1000;10002419;AYALA & ASOCIADOS, S.C;;;SA;Documento cta.mayor;0100244254;29.05.2024;NT00;Contado;  635;29.05.2024;VED;-3,330,0000;0,0000;0,0000;0,0000;0,0000;-3330,0000;0,0000;-121579,41;A7;K-Honorarios Profesionales;Z025;Financiero;;;-3340,00;USD;-3330,00
1000;10002419;AYALA & ASOCIADOS, S.C;ND 1287;ND 1287;SA;Documento cta.mayor;0100244690;04.06.2024;NT00;Contado;  629;04.06.2024;USD;-255,0000;0,0000;0,0000;0,0000;0,0000;-255,0000;0,0000;-9316,27;A7;K-Honorarios Profesionales;Z025;Financiero;;ND 1287;-255,00;USD;-255,00
1000;10002419;AYALA & ASOCIADOS, S.C;ND 1333;ND 1333;SA;Documento cta.mayor;0100248945;01.07.2024;NT00;Contado;  602;01.07.2024;USD;-716,0000;0,0000;0,0000;0,0000;0,0000;-716,0000;0,0000;-26095,48;A7;K-Honorarios Profesionales;Z025;Financiero;;ND 1333;-716,00;USD;-716,00
1000;10002419;AYALA & ASOCIADOS, S.C;ND 1361;ND 1361;SA;Documento cta.mayor;0100250012;22.07.2024;NT00;Contado;  581;22.07.2024;USD;-1,109,1800;0,0000;0,0000;0,0000;0,0000;-1109,1800;0,0000;-40603,47;A7;K-Honorarios Profesionales;Z025;Financiero;;ND 1361;-1110,00;USD;-1109,18
1000;10002419;AYALA & ASOCIADOS, S.C;ND 1372;ND 1372;SA;Documento cta.mayor;0100250013;22.07.2024;NT00;Contado;  581;22.07.2024;USD;-1,750,0000;0,0000;0,0000;0,0000;0,0000;-1750,0000;0,0000;-64061,55;A7;K-Honorarios Profesionales;Z025;Financiero;;ND 1372;-1750,00;USD;-1750,00
1000;10002419;AYALA & ASOCIADOS, S.C;ANTICIPO;;ZT;Cart.Transf.Proveed.;0700018393;12.01.2023;;;0;12.01.2023;VED;1,0500;1,0500;0,0000;0,0000;0,0000;0,0000;0,0000;20,00;A7;K-Honorarios Profesionales;Z025;Financiero;;20230112-SFT03;1,05;USD;1,05
1000;10002419;AYALA & ASOCIADOS, S.C;ANTICIPO;;ZT;Cart.Transf.Proveed.;0700020409;12.03.2024;;;0;12.03.2024;VED;430,9300;430,9300;0,0000;0,0000;0,0000;0,0000;0,0000;15600,00;A7;K-Honorarios Profesionales;Z025;Financiero;;20240312-SFT04;430,93;USD;430,93
1000;10002419;AYALA & ASOCIADOS, S.C;ANTICIPO;;ZT;Cart.Transf.Proveed.;0700020551;16.04.2024;;;0;16.04.2024;VED;25,3500;25,3500;0,0000;0,0000;0,0000;0,0000;0,0000;920,00;A7;K-Honorarios Profesionales;Z025;Financiero;;20240416-SFT38;25,35;USD;25,35
1000;10002419;AYALA & ASOCIADOS, S.C;TASAS;;ZT;Cart.Transf.Proveed.;0700020687;23.05.2024;;;0;23.05.2024;VED;216,8500;216,8500;0,0000;0,0000;0,0000;0,0000;0,0000;7925,00;A7;K-Honorarios Profesionales;Z025;Financiero;;20240523-SFT86;216,85;USD;216,85
1000;10002419;AYALA & ASOCIADOS, S.C;ANTICIPO;;ZT;Cart.Transf.Proveed.;0700020778;13.06.2024;;;0;13.06.2024;VED;491,0900;491,0900;0,0000;0,0000;0,0000;0,0000;0,0000;17900,00;A7;K-Honorarios Profesionales;Z025;Financiero;;20240613-SF133;491,09;USD;491,09
1000;10002419;AYALA & ASOCIADOS, S.C;ANTICIPO;;ZT;Cart.Transf.Proveed.;0700020955;08.07.2024;;;0;08.07.2024;VED;1,074,9800;1074,9800;0,0000;0,0000;0,0000;0,0000;0,0000;39250,00;A7;K-Honorarios Profesionales;Z025;Financiero;;20240708-SF213;1074,98;USD;1074,98
1000;10002419;AYALA & ASOCIADOS, S.C;ND-834;ND-0834;KD;ND Acreed.Finanzas;1100000044;12.04.2023;;;0;12.04.2023;USD;-386,3200;-386,3200;0,0000;0,0000;0,0000;0,0000;0,0000;-9454,56;A7;K-Honorarios Profesionales;Z025;Financiero;;NOTA DEBITO;-365,00;USD;-386,32
1000;10002419;AYALA & ASOCIADOS, S.C;ND-0778;ND-0778;KD;ND Acreed.Finanzas;1100000045;03.03.2023;;;0;03.03.2023;USD;-308,4100;-308,4100;0,0000;0,0000;0,0000;0,0000;0,0000;-7511,84;A7;K-Honorarios Profesionales;Z025;Financiero;;NOTA DEBITO;-290,00;USD;-308,41
1000;10002419;AYALA & ASOCIADOS, S.C;ANTICIPO;ANTICIPO;KZ;Pago acreedor;1500010481;08.12.2023;;;0;08.12.2023;VED;1,297,6900;1297,6900;0,0000;0,0000;0,0000;0,0000;0,0000;46200,00;A7;K-Honorarios Profesionales;Z025;Financiero;;ANTICIPO;1297,69;USD;1297,69
1000;10002419;AYALA & ASOCIADOS, S.C;ANTICIPO;ANTICIPO;KZ;Pago acreedor;1500010482;08.12.2023;;;0;08.12.2023;VED;246,7600;246,7600;0,0000;0,0000;0,0000;0,0000;0,0000;8785,00;A7;K-Honorarios Profesionales;Z025;Financiero;;ANTICIPO;246,76;USD;246,76
1000;10002419;AYALA & ASOCIADOS, S.C;001166;001166;KR;Factura acreedor;1900019136;05.06.2024;NT00;Contado;  628;05.06.2024;VED;-693,2000;0,0000;0,0000;0,0000;0,0000;-693,2000;0,0000;-25330,10;A7;K-Honorarios Profesionales;Z025;Financiero;;00-001166;-696,29;USD;-693,20
1000;10002419;AYALA & ASOCIADOS, S.C;001167;001167;KR;Factura acreedor;1900019137;05.06.2024;NT00;Contado;  628;05.06.2024;VED;-391,6100;0,0000;0,0000;0,0000;0,0000;-391,6100;0,0000;-14309,64;A7;K-Honorarios Profesionales;Z025;Financiero;;00-001167;-393,35;USD;-391,61
1000;10002419;AYALA & ASOCIADOS, S.C;001168;001168;KR;Factura acreedor;1900019138;05.06.2024;NT00;Contado;  628;05.06.2024;VED;-991,5900;0,0000;0,0000;0,0000;0,0000;-991,5900;0,0000;-36233,64;A7;K-Honorarios Profesionales;Z025;Financiero;;00-001168;-996,01;USD;-991,59
1000;10002419;AYALA & ASOCIADOS, S.C;001164;001164;KR;Factura acreedor;1900019139;05.06.2024;NT00;Contado;  628;05.06.2024;VED;-1,315,3100;0,0000;0,0000;0,0000;0,0000;-1315,3100;0,0000;-48062,44;A7;K-Honorarios Profesionales;Z025;Financiero;;00-001164;-1321,16;USD;-1315,31
1000;10002419;AYALA & ASOCIADOS, S.C;001165;001165;KR;Factura acreedor;1900019140;05.06.2024;NT00;Contado;  628;05.06.2024;VED;-489,2000;0,0000;0,0000;0,0000;0,0000;-489,2000;0,0000;-17875,94;A7;K-Honorarios Profesionales;Z025;Financiero;;00-001165;-491,38;USD;-489,20
1000;10002419;AYALA & ASOCIADOS, S.C;001169;001169;KR;Factura acreedor;1900019141;05.06.2024;NT00;Contado;  628;05.06.2024;VED;-448,6100;0,0000;0,0000;0,0000;0,0000;-448,6100;0,0000;-16392,42;A7;K-Honorarios Profesionales;Z025;Financiero;;00-001169;-450,61;USD;-448,61
1000;10002419;AYALA & ASOCIADOS, S.C;001170;001170;KR;Factura acreedor;1900019142;05.06.2024;NT00;Contado;  628;05.06.2024;VED;-876,1000;0,0000;0,0000;0,0000;0,0000;-876,1000;0,0000;-32013,27;A7;K-Honorarios Profesionales;Z025;Financiero;;00-001170;-879,99;USD;-876,10
1000;10002433;CORPORACION SLJ C.A.;5500010922;;ZT;Cart.Transf.Proveed.;0700021716;02.10.2024;;;0;02.10.2024;VED;4,096,3000;4096,3000;0,0000;0,0000;0,0000;0,0000;0,0000;151230,25;A36;K-Servicios Contratados;Z056;Ser. Y Mantenimiento;;20241002-SF527;4096,30;USD;4096,30
1000;10002433;CORPORACION SLJ C.A.;0027215;0027215;RE;Factura bruto;5100024260;14.11.2024;NT15;Crédito 15 Días;  451;29.11.2024;VED;-148,7000;0,0000;0,0000;0,0000;0,0000;-148,7000;0,0000;-6699,37;A36;K-Servicios Contratados;Z056;Ser. Y Mantenimiento;;00-00028426;-148,70;USD;-148,70
1000;10002433;CORPORACION SLJ C.A.;0027213;0027213;RE;Factura bruto;5100024262;14.11.2024;NT15;Crédito 15 Días;  451;29.11.2024;VED;-2,878,2300;0,0000;0,0000;0,0000;0,0000;-2878,2300;0,0000;-129672,75;A36;K-Servicios Contratados;Z056;Ser. Y Mantenimiento;;00-00028424;-2878,23;USD;-2878,23
1000;10002433;CORPORACION SLJ C.A.;0027214;0027214;RE;Factura bruto;5100024263;14.11.2024;NT15;Crédito 15 Días;  451;29.11.2024;VED;-461,1500;0,0000;0,0000;0,0000;0,0000;-461,1500;0,0000;-20775,97;A36;K-Servicios Contratados;Z056;Ser. Y Mantenimiento;;00-00028425;-461,14;USD;-461,15
1000;10002445;SOLUCIONES INDUSTRIALE;000623;000623;RE;Factura bruto;5100022969;01.07.2024;;;0;01.07.2024;VED;-406,0500;-406,0500;0,0000;0,0000;0,0000;0,0000;0,0000;-14799,11;A16;K-Material de Empaque;Z055;Material De Empaque;;00-000623;-405,58;USD;-406,05
1000;10002456;TECNOMETALICA, C.A.;000217;000217;RE;Factura bruto;5100021542;15.12.2023;;;0;15.12.2023;VED;-1,410,7900;-1410,7900;0,0000;0,0000;0,0000;0,0000;0,0000;-50281,06;A31;K-Suministros;Z055;Material De Empaque;;00-000317;-1404,99;USD;-1410,79
1000;10002459;IS TRADE VENEZUELA, C.;;;SA;Documento cta.mayor;0100258715;23.10.2024;NT00;Contado;  488;23.10.2024;VED;-11,9000;0,0000;0,0000;0,0000;0,0000;-11,9000;0,0000;-467,85;A31;K-Suministros;Z046;Suministros;;;-11,90;USD;-11,90
1000;10002468;DISTRIBUIDORA SANTISIM;002185;002185;RE;Factura bruto;5100024338;05.11.2024;NT00;Contado;  475;05.11.2024;VED;-415,2800;0,0000;0,0000;0,0000;0,0000;-415,2800;0,0000;-17797,64;A3;K-Alimentacion;Z006;Alimentos;;00-0013185;-388,68;USD;-415,28
1000;10002497;PUNTOGRAFICO 2012, C.A;4900007144;;ZT;Cart.Transf.Proveed.;0700021914;23.10.2024;;;0;23.10.2024;VED;3,400,0000;3400,0000;0,0000;0,0000;0,0000;0,0000;0,0000;133698,20;A16;K-Material de Empaque;Z040;Publicidad;;20241023-SF591;3400,00;USD;3400,00
1000;10002497;PUNTOGRAFICO 2012, C.A;4900007144;;ZT;Cart.Transf.Proveed.;0700022125;20.11.2024;;;0;20.11.2024;VED;3,264,0000;3264,0000;0,0000;0,0000;0,0000;0,0000;0,0000;149625,02;A16;K-Material de Empaque;Z040;Publicidad;;20241120-SF666;3264,00;USD;3264,00
1000;10002497;PUNTOGRAFICO 2012, C.A;2162;2162;RE;Factura bruto;5100024353;19.11.2024;NT00;Contado;  461;19.11.2024;VED;-3,649,1400;0,0000;0,0000;0,0000;0,0000;-3649,1400;0,0000;-167091,96;A16;K-Material de Empaque;Z040;Publicidad;;00-003681;-3606,77;USD;-3649,14
1000;10002505;AVILA BELT COMPANY, C.;4900007193;;ZT;Cart.Transf.Proveed.;0700022012;08.11.2024;;;0;08.11.2024;VED;220,4800;220,4800;0,0000;0,0000;0,0000;0,0000;0,0000;9742,15;A31;K-Suministros;Z041;Repuestos;;20241108-SF632;220,48;USD;220,48
1000;10002507;SUMINISTROS INDUSTRIAL;;;SA;Documento cta.mayor;0100259235;29.10.2024;NT07;Crédito 07 Días;  475;05.11.2024;VED;-38,9600;0,0000;0,0000;0,0000;0,0000;-38,9600;0,0000;-1625,93;A31;K-Suministros;Z046;Suministros;;;-41,65;USD;-38,96
1000;10002512;COSCO LOGISTICS, C.A;A 040882;A 040882;KR;Factura acreedor;1900016159;19.09.2022;NT00;Contado; 1271;19.09.2022;VED;-1,407,4600;0,0000;0,0000;0,0000;0,0000;-1407,4600;0,0000;-11331,18;A19;K-Operaciones Nacionalización;Z003;Aduanal;;00-0043432;-1407,67;USD;-1407,46
1000;10002517; DISTRIBUIDORA S3, C.A;700014129;700014129;AB;Documento contable;0100147953;01.09.2020;;;0;01.09.2020;VES;0,9300;0,9300;0,0000;0,0000;0,0000;0,0000;0,0000;3,74;A26;K-Publicidad;Z040;Publicidad;;;374122,38;USD;0,93
1000;10002527;DROGUERIA NENA, C.A;ANTICIPO;;ZT;Cart.Transf.Proveed.;0700015264;07.04.2021;;;0;07.04.2021;VES;45,4600;45,4600;0,0000;0,0000;0,0000;0,0000;0,0000;183,76;A31;K-Suministros;Z046;Suministros;;20210407-SFT06;18376258,97;USD;45,46
1000;10002542;FIPG. SERVICES, C.A;0000000312;0000000312;RE;Factura bruto;5100021243;20.11.2023;NT00;Contado;  826;20.11.2023;VED;-574,7200;0,0000;0,0000;0,0000;0,0000;-574,7200;0,0000;-20389,87;A13;K-Mantenimiento;Z056;Ser. Y Mantenimiento;;00-000403;-576,12;USD;-574,72
1000;10002548;CIRO ANTONIO GARCIA MO;005878;005878;RE;Factura bruto;5100024337;05.11.2024;NT00;Contado;  475;05.11.2024;VED;-857,0400;0,0000;0,0000;0,0000;0,0000;-857,0400;0,0000;-36729,95;A36;K-Servicios Contratados;Z043;Salud;;00-005888;-802,15;USD;-857,04
1000;10002575;CORROSION & POLLUTION;2467;2467;RE;Factura bruto;5100021835;20.02.2024;NT00;Contado;  734;20.02.2024;VED;-427,1000;0,0000;0,0000;0,0000;0,0000;-427,1000;0,0000;-15477,20;A13;K-Mantenimiento;Z056;Ser. Y Mantenimiento;;00-001467;-427,17;USD;-427,10
1000;10002575;CORROSION & POLLUTION;2468;2468;RE;Factura bruto;5100021836;20.02.2024;NT00;Contado;  734;20.02.2024;VED;-284,7400;0,0000;0,0000;0,0000;0,0000;-284,7400;0,0000;-10318,12;A13;K-Mantenimiento;Z056;Ser. Y Mantenimiento;;00-001468;-284,79;USD;-284,74
1000;10002591;SERVICIO TECNICO CHIRI;003973;003973;RE;Factura bruto;5100018831;04.05.2023;NT00;Contado;  677;04.05.2023;VED;-479,4800;0,0000;0,0000;0,0000;0,0000;-479,4800;0,0000;-11925,82;A27;K-Repuestos;Z041;Repuestos;;00-002973;-475,94;USD;-479,48
1000;10002591;SERVICIO TECNICO CHIRI;004004;004004;RE;Factura bruto;5100020007;23.08.2023;NT00;Contado;  677;23.08.2023;VED;-305,9200;0,0000;0,0000;0,0000;0,0000;-305,9200;0,0000;-9792,00;A27;K-Repuestos;Z041;Repuestos;;00-003004;-304,30;USD;-305,92
1000;10002591;SERVICIO TECNICO CHIRI;004003;004003;RE;Factura bruto;5100020008;23.08.2023;NT00;Contado;  677;23.08.2023;VED;-183,5500;0,0000;0,0000;0,0000;0,0000;-183,5500;0,0000;-5875,20;A27;K-Repuestos;Z041;Repuestos;;00-003003;-182,58;USD;-183,55
1000;10002596;INDUQUIM, C.A;ND-8;ND-8;KD;ND Acreed.Finanzas;1100000055;21.11.2023;NT00;Contado;  825;21.11.2023;VED;-336,6800;0,0000;0,0000;0,0000;0,0000;-336,6800;0,0000;-11935,83;A31;K-Suministros;Z046;Suministros;;00-000233;-336,20;USD;-336,68
1000;10002599;TOT SOLUTIONS 3000 C.A;00004006;00004006;RE;Factura bruto;5100022844;18.06.2024;NT00;Contado;  615;18.06.2024;VED;-138,1400;0,0000;0,0000;0,0000;0,0000;-138,1400;0,0000;-5030,82;A31;K-Suministros;Z046;Suministros;;00-00004142;-138,30;USD;-138,14
1000;10002608;INVERSIONES ROYBLA, C.;00214;00214;RE;Factura bruto;5100023501;02.09.2024;NT00;Contado;  539;02.09.2024;VED;-426,4100;0,0000;0,0000;0,0000;0,0000;-426,4100;0,0000;-15626,10;A13;K-Mantenimiento;Z056;Ser. Y Mantenimiento;;00-000214;-425,96;USD;-426,41
1000;10002608;INVERSIONES ROYBLA, C.;00218;00218;RE;Factura bruto;5100023830;30.09.2024;NT00;Contado;  511;30.09.2024;VED;-403,9400;0,0000;0,0000;0,0000;0,0000;-403,9400;0,0000;-14908,68;A13;K-Mantenimiento;Z056;Ser. Y Mantenimiento;;00-000218;-402,51;USD;-403,94
1000;10002611;LILLY & ASSOCIATES INT;'0000000550;'0000000550;KZ;Pago acreedor;1500008143;09.12.2022;;;0;09.12.2022;USD;20,000,0000;20000,0000;0,0000;0,0000;0,0000;0,0000;0,0000;271932,00;A19;K-Operaciones Nacionalización;Z003;Aduanal;;PAGO FLETE OC 43-0345;20000,00;USD;20000,00
1000;10002611;LILLY & ASSOCIATES INT;144209549;144209549;KZ;Pago acreedor;1500008144;08.12.2022;;;0;08.12.2022;USD;16,150,0000;16150,0000;0,0000;0,0000;0,0000;0,0000;0,0000;204483,23;A19;K-Operaciones Nacionalización;Z003;Aduanal;;ANTICIPO OC 43-0345 FLETE;16150,00;USD;16150,00
1000;10002611;LILLY & ASSOCIATES INT;PC35134;PC35134;KR;Factura acreedor;1900016242;22.09.2022;NT00;Contado; 1241;22.09.2022;VED;-297,0800;0,0000;0,0000;0,0000;0,0000;-297,0800;0,0000;-2405,16;A19;K-Operaciones Nacionalización;Z003;Aduanal;;00-000106384;-292,96;USD;-297,08
1000;10002611;LILLY & ASSOCIATES INT;PC54390;PC54390;KR;Factura acreedor;1900019673;15.10.2024;NT00;Contado;  496;15.10.2024;VED;-102,0100;0,0000;0,0000;0,0000;0,0000;-102,0100;0,0000;-3966,78;A19;K-Operaciones Nacionalización;Z003;Aduanal;;00-00138390;-101,93;USD;-102,01
1000;10002631;SERVICE & IMPORT RG, C;ANTICIPO;;ZT;Cart.Transf.Proveed.;0700015704;22.07.2021;;;0;22.07.2021;VES;187,2800;187,2800;0,0000;0,0000;0,0000;0,0000;0,0000;756,95;A31;K-Suministros;Z046;Suministros;;20210722-SFT01;75695307,59;USD;187,28
1000;10002656;INVERSIONES YAR-YUR C.;16660;16660;RE;Factura bruto;5100020600;25.09.2023;;;0;25.09.2023;VED;-356,0600;-356,0600;0,0000;0,0000;0,0000;0,0000;0,0000;-12102,88;A31;K-Suministros;Z046;Suministros;;00-014358;-347,58;USD;-356,06
1000;10002656;INVERSIONES YAR-YUR C.;16659;16659;RE;Factura bruto;5100020601;25.09.2023;;;0;25.09.2023;VED;-3,631,0700;-3631,0700;0,0000;0,0000;0,0000;0,0000;0,0000;-123424,48;A31;K-Suministros;Z046;Suministros;;00-014357;-3544,65;USD;-3631,07
1000;10002656;INVERSIONES YAR-YUR C.;16725;16725;RE;Factura bruto;5100020787;24.10.2023;;;0;24.10.2023;VED;-3,869,4300;-3869,4300;0,0000;0,0000;0,0000;0,0000;0,0000;-135337,15;A31;K-Suministros;Z046;Suministros;;00-00014425;-3863,71;USD;-3869,43
1000;10002656;INVERSIONES YAR-YUR C.;16726;16726;RE;Factura bruto;5100020788;24.10.2023;;;0;24.10.2023;VED;-3,194,6400;-3194,6400;0,0000;0,0000;0,0000;0,0000;0,0000;-111735,72;A31;K-Suministros;Z046;Suministros;;00-00014426;-3189,92;USD;-3194,64
1000;10002656;INVERSIONES YAR-YUR C.;16711;16711;RE;Factura bruto;5100021533;20.10.2023;NT00;Contado;  857;20.10.2023;VED;-435,7400;0,0000;0,0000;0,0000;0,0000;-435,7400;0,0000;-15189,33;A31;K-Suministros;Z046;Suministros;;00-014410;-424,44;USD;-435,74
1000;10002656;INVERSIONES YAR-YUR C.;16833;16833;RE;Factura bruto;5100021541;27.11.2023;NT00;Contado;  819;27.11.2023;VED;-374,4000;0,0000;0,0000;0,0000;0,0000;-374,4000;0,0000;-13291,99;A31;K-Suministros;Z046;Suministros;;00-014548;-371,41;USD;-374,40
1000;10002662;STONE CONSULTORES;5500010932;;ZT;Cart.Transf.Proveed.;0700022017;08.11.2024;;;0;08.11.2024;VED;326,7000;326,7000;0,0000;0,0000;0,0000;0,0000;0,0000;14435,60;A7;K-Honorarios Profesionales;Z025;Financiero;;20241108-SF634;326,70;USD;326,70
1000;10002662;STONE CONSULTORES;5500010930;;ZT;Cart.Transf.Proveed.;0700022017;08.11.2024;;;0;08.11.2024;VED;549,0100;549,0100;0,0000;0,0000;0,0000;0,0000;0,0000;24258,81;A7;K-Honorarios Profesionales;Z025;Financiero;;20241108-SF634;549,01;USD;549,01
1000;10002662;STONE CONSULTORES;6024;6024;RE;Factura bruto;5100024325;21.08.2024;;;0;21.08.2024;VED;-301,3600;-301,3600;0,0000;0,0000;0,0000;0,0000;0,0000;-11054,78;A7;K-Honorarios Profesionales;Z025;Financiero;;00-000572;-242,92;USD;-301,36
1000;10002678;BYBLOS DE VENEZUELA, C;;;AB;Documento contable;0100260722;11.11.2024;;;0;11.11.2024;VED;46,1200;46,1200;0,0000;0,0000;0,0000;0,0000;0,0000;2061,90;A25;K-Proveedor Nacional;Z028;Hoteles;;;46,12;USD;46,12
1000;10002678;BYBLOS DE VENEZUELA, C;;;AB;Documento contable;0100261577;19.11.2024;;;0;19.11.2024;VED;50,3000;50,3000;0,0000;0,0000;0,0000;0,0000;0,0000;2303,43;A25;K-Proveedor Nacional;Z028;Hoteles;;;50,30;USD;50,30
1000;10002689;TOYOCARGAS, C.A;00001621;00001621;RE;Factura bruto;5100022137;03.04.2024;NT15;Crédito 15 Días;  676;18.04.2024;VED;-1,614,7300;0,0000;0,0000;0,0000;0,0000;-1614,7300;0,0000;-58592,20;A36;K-Servicios Contratados;Z041;Repuestos;;00-0001830;-1618,10;USD;-1614,73
1000;10002689;TOYOCARGAS, C.A;00001622;00001622;RE;Factura bruto;5100022139;03.04.2024;NT15;Crédito 15 Días;  676;18.04.2024;VED;-1,899,6900;0,0000;0,0000;0,0000;0,0000;-1899,6900;0,0000;-68932,00;A36;K-Servicios Contratados;Z041;Repuestos;;00-0001832;-1903,65;USD;-1899,69
1000;10002689;TOYOCARGAS, C.A;00001620;00001620;RE;Factura bruto;5100022169;03.04.2024;NT15;Crédito 15 Días;  676;18.04.2024;VED;-1,187,3000;0,0000;0,0000;0,0000;0,0000;-1187,3000;0,0000;-43082,50;A36;K-Servicios Contratados;Z041;Repuestos;;00-0001829;-1189,23;USD;-1187,30
1000;10002689;TOYOCARGAS, C.A;00001945;00001945;RE;Factura bruto;5100024225;04.11.2024;NT15;Crédito 15 Días;  461;19.11.2024;VED;-1,234,4900;0,0000;0,0000;0,0000;0,0000;-1234,4900;0,0000;-52725,00;A36;K-Servicios Contratados;Z041;Repuestos;;00-0002192;-1193,25;USD;-1234,49
1000;10002689;TOYOCARGAS, C.A;00001944;00001944;RE;Factura bruto;5100024226;04.11.2024;NT15;Crédito 15 Días;  461;19.11.2024;VED;-1,220,6900;0,0000;0,0000;0,0000;0,0000;-1220,6900;0,0000;-52135,90;A36;K-Servicios Contratados;Z041;Repuestos;;00-0002191;-1179,92;USD;-1220,69
1000;10002689;TOYOCARGAS, C.A;00001943;00001943;RE;Factura bruto;5100024227;04.11.2024;NT15;Crédito 15 Días;  461;19.11.2024;VED;-1,205,5700;0,0000;0,0000;0,0000;0,0000;-1205,5700;0,0000;-51489,81;A36;K-Servicios Contratados;Z041;Repuestos;;00-0002190;-1165,30;USD;-1205,57
1000;10002693;OXIGENO LA CENTRAL EXT;005593;005593;RE;Factura bruto;5100024229;28.10.2024;NT15;Crédito 15 Días;  468;12.11.2024;VED;-383,2900;0,0000;0,0000;0,0000;0,0000;-383,2900;0,0000;-15731,23;A25;K-Proveedor Nacional;Z046;Suministros;;00-005593;-356,03;USD;-383,29
1000;10002699;PLASTIC GROUP-FLEX, C.;0000732;0000732;RE;Factura bruto;5100021773;14.02.2024;;;0;14.02.2024;VED;-659,4800;-659,4800;0,0000;0,0000;0,0000;0,0000;0,0000;-23951,40;A16;K-Material de Empaque;Z046;Suministros;;00-000732;-659,48;USD;-659,48
1000;10002706;COMERCIAL HILDECAR 202;A-000953;A-000953;KR;Factura acreedor;1900016176;26.09.2022;NT00;Contado; 1271;26.09.2022;VED;-1,550,4700;0,0000;0,0000;0,0000;0,0000;-1550,4700;0,0000;-12586,72;A25;K-Proveedor Nacional;Z003;Aduanal;;00-001748;-1553,57;USD;-1550,47
1000;10002706;COMERCIAL HILDECAR 202;A-000977;A-000977;KR;Factura acreedor;1900016272;05.10.2022;NT00;Contado; 1241;05.10.2022;VED;-932,0800;0,0000;0,0000;0,0000;0,0000;-932,0800;0,0000;-7635,84;A25;K-Proveedor Nacional;Z003;Aduanal;;00-001825;-923,65;USD;-932,08
1000;10002706;COMERCIAL HILDECAR 202;A-000984;A-000984;KR;Factura acreedor;1900016317;14.10.2022;NT00;Contado; 1241;14.10.2022;VED;-206,5100;0,0000;0,0000;0,0000;0,0000;-206,5100;0,0000;-1707,20;A25;K-Proveedor Nacional;Z003;Aduanal;;00-001834;-203,00;USD;-206,51
1000;10002706;COMERCIAL HILDECAR 202;A-001001;A-001001;KR;Factura acreedor;1900016327;25.10.2022;NT00;Contado; 1241;25.10.2022;VED;-213,4400;0,0000;0,0000;0,0000;0,0000;-213,4400;0,0000;-1794,50;A25;K-Proveedor Nacional;Z003;Aduanal;;00-001852;-213,39;USD;-213,44
1000;10002706;COMERCIAL HILDECAR 202;A-001156;A-001156;KR;Factura acreedor;1900016972;26.04.2023;NT00;Contado; 1059;26.04.2023;VED;-210,4300;0,0000;0,0000;0,0000;0,0000;-210,4300;0,0000;-5187,75;A25;K-Proveedor Nacional;Z003;Aduanal;;00-002094;-210,61;USD;-210,43
1000;10002719;ATENAS GRUPO CONSULTOR;OC  55-11109;;ZT;Cart.Transf.Proveed.;0700021984;01.11.2024;;;0;01.11.2024;VED;1,036,2900;1036,2900;0,0000;0,0000;0,0000;0,0000;0,0000;44260,00;A26;K-Publicidad;Z056;Ser. Y Mantenimiento;;20241101-SF616;1036,29;USD;1036,29
1000;10002719;ATENAS GRUPO CONSULTOR;OC  55-11109;;ZT;Cart.Transf.Proveed.;0700021985;01.11.2024;;;0;01.11.2024;VED;2,310,8800;2310,8800;0,0000;0,0000;0,0000;0,0000;0,0000;98697,87;A26;K-Publicidad;Z056;Ser. Y Mantenimiento;;20241101-SF617;2310,88;USD;2310,88
1000;10002719;ATENAS GRUPO CONSULTOR;OC  55-11109;;ZT;Cart.Transf.Proveed.;0700021986;01.11.2024;;;0;01.11.2024;VED;1,699,8300;1699,8300;0,0000;0,0000;0,0000;0,0000;0,0000;72600,00;A26;K-Publicidad;Z056;Ser. Y Mantenimiento;;20241101-SF618;1699,83;USD;1699,83
1000;10002719;ATENAS GRUPO CONSULTOR;OC  55-11109;;ZT;Cart.Transf.Proveed.;0700021987;01.11.2024;;;0;01.11.2024;VED;2,699,9000;2699,9000;0,0000;0,0000;0,0000;0,0000;0,0000;115313,00;A26;K-Publicidad;Z056;Ser. Y Mantenimiento;;20241101-SF619;2699,90;USD;2699,90
1000;10002719;ATENAS GRUPO CONSULTOR;00002372;00002372;RE;Factura bruto;5100021528;22.12.2023;NT00;Contado;  794;22.12.2023;VED;-2,713,8300;0,0000;0,0000;0,0000;0,0000;-2713,8300;0,0000;-97120,96;A26;K-Publicidad;Z056;Ser. Y Mantenimiento;;00-00002622;-2713,84;USD;-2713,83
1000;10002719;ATENAS GRUPO CONSULTOR;00002376;00002376;RE;Factura bruto;5100021552;27.12.2023;NT00;Contado;  789;27.12.2023;VED;-1,020,0000;0,0000;0,0000;0,0000;0,0000;-1020,0000;0,0000;-36498,36;A26;K-Publicidad;Z056;Ser. Y Mantenimiento;;00-00002626;-1020,00;USD;-1020,00
1000;10002719;ATENAS GRUPO CONSULTOR;00002373;00002373;RE;Factura bruto;5100021554;22.12.2023;NT00;Contado;  794;22.12.2023;VED;-2,713,8300;0,0000;0,0000;0,0000;0,0000;-2713,8300;0,0000;-97120,96;A26;K-Publicidad;Z056;Ser. Y Mantenimiento;;00-00002623;-2710,25;USD;-2713,83
1000;10002732;REPRESENTACIONES I.V.;4900007021;;ZT;Cart.Transf.Proveed.;0700022024;08.11.2024;;;0;08.11.2024;VED;716,0400;716,0400;0,0000;0,0000;0,0000;0,0000;0,0000;31639,02;A15;K-Materia Prima Nacional;Z053;Materia Prima;;20241108-SF636;716,04;USD;716,04
1000;10002732;REPRESENTACIONES I.V.;4900007088;;ZT;Cart.Transf.Proveed.;0700022126;20.11.2024;;;0;20.11.2024;VED;510,0000;510,0000;0,0000;0,0000;0,0000;0,0000;0,0000;23378,91;A15;K-Materia Prima Nacional;Z053;Materia Prima;;20241120-SF666;510,00;USD;510,00
1000;10002732;REPRESENTACIONES I.V.;12558;12558;RE;Factura bruto;5100024100;28.10.2024;;;0;28.10.2024;VED;-234,1300;-234,1300;0,0000;0,0000;0,0000;0,0000;0,0000;-9609,49;A15;K-Materia Prima Nacional;Z053;Materia Prima;;00-007002;-230,24;USD;-234,13
1000;10002735;SUMINPE C.A.;4900007189;;ZT;Cart.Transf.Proveed.;0700022018;08.11.2024;;;0;08.11.2024;VED;598,0000;598,0000;0,0000;0,0000;0,0000;0,0000;0,0000;26423,29;A40;K-Papelería y Consumibles;Z046;Suministros;;20241108-SF634;598,00;USD;598,00
1000;10002738;PAVEMA GRAFICA C.A.;;;SA;Documento cta.mayor;0100256345;02.09.2024;;;0;02.09.2024;VED;260,7800;260,7800;0,0000;0,0000;0,0000;0,0000;0,0000;9556,45;A31;K-Suministros;Z046;Suministros;;;261,71;USD;260,78
1000;10002748;ENVASES MUNDIAL, C.A;;;SA;Documento cta.mayor;0100256645;25.09.2024;NT00;Contado;  516;25.09.2024;VED;-378,5400;0,0000;0,0000;0,0000;0,0000;-378,5400;0,0000;-13934,22;A15;K-Materia Prima Nacional;Z046;Suministros;;;-373,54;USD;-378,54
1000;10002748;ENVASES MUNDIAL, C.A;;;SA;Documento cta.mayor;0100257892;10.10.2024;NT00;Contado;  501;10.10.2024;VED;-371,8600;0,0000;0,0000;0,0000;0,0000;-371,8600;0,0000;-13955,80;A15;K-Materia Prima Nacional;Z046;Suministros;;;-369,52;USD;-371,86
1000;10002748;ENVASES MUNDIAL, C.A;;;AB;Documento contable;0100258751;26.10.2024;;;0;26.10.2024;VED;364,2800;364,2800;0,0000;0,0000;0,0000;0,0000;0,0000;14891,84;A15;K-Materia Prima Nacional;Z046;Suministros;;;384,07;USD;364,28
1000;10002748;ENVASES MUNDIAL, C.A;8091;8091;RE;Factura bruto;5100023971;18.10.2024;NT00;Contado;  493;18.10.2024;VED;-29,4000;0,0000;0,0000;0,0000;0,0000;-29,4000;0,0000;-1150,68;A15;K-Materia Prima Nacional;Z046;Suministros;;00-010261;-29,27;USD;-29,40
1000;10002755;VENEZOLANA DE EMPAQUES;025220;025220;RE;Factura bruto;5100024238;07.11.2024;;;0;07.11.2024;VED;-243,4500;-243,4500;0,0000;0,0000;0,0000;0,0000;0,0000;-10658,69;A16;K-Material de Empaque;Z055;Material De Empaque;;00-020670;-241,22;USD;-243,45
1000;10002767;OCEAN CARIBEAN LOGISTI;A011159;A011159;KR;Factura acreedor;1900016160;19.09.2022;NT00;Contado; 1271;19.09.2022;VED;-357,4200;0,0000;0,0000;0,0000;0,0000;-357,4200;0,0000;-2877,53;A25;K-Proveedor Nacional;Z003;Aduanal;;00-063250;-357,47;USD;-357,42
1000;10002767;OCEAN CARIBEAN LOGISTI;A010616;A010616;KR;Factura acreedor;1900016161;14.09.2022;NT00;Contado; 1271;14.09.2022;VED;-893,1900;0,0000;0,0000;0,0000;0,0000;-893,1900;0,0000;-7149,06;A25;K-Proveedor Nacional;Z003;Aduanal;;00-062705;-888,13;USD;-893,19
1000;10002767;OCEAN CARIBEAN LOGISTI;A012069;A012069;KR;Factura acreedor;1900016170;26.09.2022;NT00;Contado; 1271;26.09.2022;VED;-519,9800;0,0000;0,0000;0,0000;0,0000;-519,9800;0,0000;-4221,21;A25;K-Proveedor Nacional;Z003;Aduanal;;00-064169;-521,01;USD;-519,98
1000;10002767;OCEAN CARIBEAN LOGISTI;A061930;A061930;KR;Factura acreedor;1900018021;04.01.2024;NT00;Contado;  777;04.01.2024;VED;-194,8400;0,0000;0,0000;0,0000;0,0000;-194,8400;0,0000;-7004,35;A25;K-Proveedor Nacional;Z003;Aduanal;;00-145337;-194,53;USD;-194,84
1000;10002767;OCEAN CARIBEAN LOGISTI;A062248;A062248;KR;Factura acreedor;1900018043;08.01.2024;NT00;Contado;  776;08.01.2024;VED;-195,8900;0,0000;0,0000;0,0000;0,0000;-195,8900;0,0000;-7053,36;A25;K-Proveedor Nacional;Z003;Aduanal;;00-145656;-196,26;USD;-195,89
1000;10002767;OCEAN CARIBEAN LOGISTI;A071860;A071860;KR;Factura acreedor;1900018444;21.03.2024;NT00;Contado;  704;21.03.2024;VED;-774,8400;0,0000;0,0000;0,0000;0,0000;-774,8400;0,0000;-28115,92;A25;K-Proveedor Nacional;Z003;Aduanal;;00-159191;-774,08;USD;-774,84
1000;10002767;OCEAN CARIBEAN LOGISTI;A082635;A082635;KR;Factura acreedor;1900019155;25.06.2024;NT00;Contado;  607;25.06.2024;VED;-572,2800;0,0000;0,0000;0,0000;0,0000;-572,2800;0,0000;-20815,39;A25;K-Proveedor Nacional;Z003;Aduanal;;00-174677;-572,40;USD;-572,28
1000;10002767;OCEAN CARIBEAN LOGISTI;A082729;A082729;KR;Factura acreedor;1900019167;26.06.2024;NT00;Contado;  607;26.06.2024;VED;-191,1300;0,0000;0,0000;0,0000;0,0000;-191,1300;0,0000;-6950,43;A25;K-Proveedor Nacional;Z003;Aduanal;;00-174774;-191,12;USD;-191,13
1000;10002767;OCEAN CARIBEAN LOGISTI;A084422;A084422;KR;Factura acreedor;1900019290;11.07.2024;NT00;Contado;  588;11.07.2024;VED;-193,2100;0,0000;0,0000;0,0000;0,0000;-193,2100;0,0000;-7054,89;A25;K-Proveedor Nacional;Z003;Aduanal;;00-181771;-193,16;USD;-193,21
1000;10002767;OCEAN CARIBEAN LOGISTI;A086042;A086042;KR;Factura acreedor;1900019334;23.07.2024;NT00;Contado;  580;23.07.2024;VED;-194,2700;0,0000;0,0000;0,0000;0,0000;-194,2700;0,0000;-7096,85;A25;K-Proveedor Nacional;Z003;Aduanal;;00-183440;-194,27;USD;-194,27
1000;10002767;OCEAN CARIBEAN LOGISTI;A086811;A086811;KR;Factura acreedor;1900019379;01.08.2024;NT00;Contado;  571;01.08.2024;VED;-193,2200;0,0000;0,0000;0,0000;0,0000;-193,2200;0,0000;-7078,93;A25;K-Proveedor Nacional;Z003;Aduanal;;00-184219;-193,12;USD;-193,22
1000;10002767;OCEAN CARIBEAN LOGISTI;A088723;A088723;KR;Factura acreedor;1900019436;15.08.2024;NT00;Contado;  556;15.08.2024;VED;-196,8200;0,0000;0,0000;0,0000;0,0000;-196,8200;0,0000;-7206,12;A25;K-Proveedor Nacional;Z003;Aduanal;;00-186163;-196,48;USD;-196,82
1000;10002767;OCEAN CARIBEAN LOGISTI;A089819;A089819;KR;Factura acreedor;1900019500;27.08.2024;NT00;Contado;  545;27.08.2024;VED;-398,7400;0,0000;0,0000;0,0000;0,0000;-398,7400;0,0000;-14579,26;A25;K-Proveedor Nacional;Z003;Aduanal;;00-191769;-398,47;USD;-398,74
1000;10002767;OCEAN CARIBEAN LOGISTI;A090730;A090730;KR;Factura acreedor;1900019525;05.09.2024;NT00;Contado;  536;05.09.2024;VED;-197,7800;0,0000;0,0000;0,0000;0,0000;-197,7800;0,0000;-7247,30;A25;K-Proveedor Nacional;Z003;Aduanal;;00-192698;-197,56;USD;-197,78
1000;10002767;OCEAN CARIBEAN LOGISTI;A090729;A090729;KR;Factura acreedor;1900019526;05.09.2024;NT00;Contado;  536;05.09.2024;VED;-395,5600;0,0000;0,0000;0,0000;0,0000;-395,5600;0,0000;-14494,59;A25;K-Proveedor Nacional;Z003;Aduanal;;00-192697;-395,12;USD;-395,56
1000;10002767;OCEAN CARIBEAN LOGISTI;A091556;A091556;KR;Factura acreedor;1900019557;12.09.2024;NT00;Contado;  529;12.09.2024;VED;-393,1600;0,0000;0,0000;0,0000;0,0000;-393,1600;0,0000;-14441,55;A25;K-Proveedor Nacional;Z003;Aduanal;;00-193556;-393,06;USD;-393,16
1000;10002767;OCEAN CARIBEAN LOGISTI;A092326;A092326;KR;Factura acreedor;1900019623;24.09.2024;NT00;Contado;  517;24.09.2024;VED;-198,6300;0,0000;0,0000;0,0000;0,0000;-198,6300;0,0000;-7312,14;A25;K-Proveedor Nacional;Z003;Aduanal;;00-194353;-198,43;USD;-198,63
1000;10002767;OCEAN CARIBEAN LOGISTI;A096329;A096329;KR;Factura acreedor;1900019712;25.10.2024;NT00;Contado;  486;25.10.2024;VED;-192,7600;0,0000;0,0000;0,0000;0,0000;-192,7600;0,0000;-7880,25;A25;K-Proveedor Nacional;Z003;Aduanal;;00-209242;-192,76;USD;-192,76
1000;10002767;OCEAN CARIBEAN LOGISTI;A097508;A097508;KR;Factura acreedor;1900019783;07.11.2024;NT00;Contado;  473;07.11.2024;VED;-382,9000;0,0000;0,0000;0,0000;0,0000;-382,9000;0,0000;-16764,38;A25;K-Proveedor Nacional;Z003;Aduanal;;00-210448;-379,40;USD;-382,90
1000;10002767;OCEAN CARIBEAN LOGISTI;A098051;A098051;KR;Factura acreedor;1900019804;12.11.2024;NT00;Contado;  468;12.11.2024;VED;-379,8500;0,0000;0,0000;0,0000;0,0000;-379,8500;0,0000;-17000,18;A25;K-Proveedor Nacional;Z003;Aduanal;;00-211008;-378,37;USD;-379,85
1000;10002767;OCEAN CARIBEAN LOGISTI;A098050;A098050;KR;Factura acreedor;1900019805;12.11.2024;NT00;Contado;  468;12.11.2024;VED;-379,8500;0,0000;0,0000;0,0000;0,0000;-379,8500;0,0000;-17000,18;A25;K-Proveedor Nacional;Z003;Aduanal;;00-211007;-378,37;USD;-379,85
1000;10002767;OCEAN CARIBEAN LOGISTI;A098053;A098053;KR;Factura acreedor;1900019806;12.11.2024;NT00;Contado;  468;12.11.2024;VED;-379,8500;0,0000;0,0000;0,0000;0,0000;-379,8500;0,0000;-17000,18;A25;K-Proveedor Nacional;Z003;Aduanal;;00-211009;-378,37;USD;-379,85
1000;10002767;OCEAN CARIBEAN LOGISTI;A098312;A098312;KR;Factura acreedor;1900019811;13.11.2024;NT00;Contado;  467;13.11.2024;VED;-189,5500;0,0000;0,0000;0,0000;0,0000;-189,5500;0,0000;-8516,23;A25;K-Proveedor Nacional;Z003;Aduanal;;00-211279;-189,02;USD;-189,55
1000;10002767;OCEAN CARIBEAN LOGISTI;A098314;A098314;KR;Factura acreedor;1900019812;13.11.2024;NT00;Contado;  467;13.11.2024;VED;-189,5500;0,0000;0,0000;0,0000;0,0000;-189,5500;0,0000;-8516,23;A25;K-Proveedor Nacional;Z003;Aduanal;;00-211281;-189,02;USD;-189,55
1000;10002768;PLASTICOS COSMOS, S.A.;4900007103;;ZT;Cart.Transf.Proveed.;0700022025;08.11.2024;;;0;08.11.2024;VED;224,4000;224,4000;0,0000;0,0000;0,0000;0,0000;0,0000;9915,36;A31;K-Suministros;Z046;Suministros;;20241108-SF636;224,40;USD;224,40
1000;10002811;PROMACECA, C.A;00776;00776;RE;Factura bruto;5100021569;24.11.2023;;;0;24.11.2023;VED;-1,560,0000;-1560,0000;0,0000;0,0000;0,0000;0,0000;0,0000;-55357,22;A31;K-Suministros;Z046;Suministros;;00-001118;-1537,42;USD;-1560,00
1000;10002814;ASESORAMIENTO CUSTOM V;7099;7099;RE;Factura bruto;5100024222;06.11.2024;NT00;Contado;  474;06.11.2024;VED;-2,776,6400;0,0000;0,0000;0,0000;0,0000;-2776,6400;0,0000;-120666,17;A36;K-Servicios Contratados;Z056;Ser. Y Mantenimiento;;00-007099;-2730,87;USD;-2776,64
1000;10002828;TRANSCARGO LOGISTICS C;OC 43-0600;OC 43-0600;KZ;Pago acreedor;1500012278;08.10.2024;;;0;08.10.2024;USD;2,125,0000;2125,0000;0,0000;0,0000;0,0000;0,0000;0,0000;78709,36;A19;K-Operaciones Nacionalización;Z003;Aduanal;;OC 43-0600;2125,00;USD;2125,00
1000;10002828;TRANSCARGO LOGISTICS C;OC 43-0613;OC 43-0613;KZ;Pago acreedor;1500012436;07.11.2024;;;0;07.11.2024;USD;6,245,0000;6245,0000;0,0000;0,0000;0,0000;0,0000;0,0000;273419,84;A19;K-Operaciones Nacionalización;Z003;Aduanal;;OC 43-0613;6245,00;USD;6245,00
1000;10002835;CORPORACION DAQUI, C.A;A 006242;A 006242;KR;Factura acreedor;1900016127;09.09.2022;NT00;Contado; 1263;09.09.2022;VED;-446,6000;0,0000;0,0000;0,0000;0,0000;-446,6000;0,0000;-3574,08;A19;K-Operaciones Nacionalización;Z003;Aduanal;;00-016965;-447,68;USD;-446,60
1000;10002835;CORPORACION DAQUI, C.A;A 006650;A 006650;KR;Factura acreedor;1900016294;18.10.2022;NT00;Contado; 1241;18.10.2022;VED;-446,5500;0,0000;0,0000;0,0000;0,0000;-446,5500;0,0000;-3699,17;A19;K-Operaciones Nacionalización;Z003;Aduanal;;00-017376;-441,49;USD;-446,55
1000;10002835;CORPORACION DAQUI, C.A;A 007967;A 007967;KR;Factura acreedor;1900016816;06.03.2023;NT00;Contado; 1455;06.03.2023;VED;-446,8200;0,0000;0,0000;0,0000;0,0000;-446,8200;0,0000;-10865,21;A19;K-Operaciones Nacionalización;Z003;Aduanal;;00-018718;-452,71;USD;-446,82
1000;10002838;WOOD C.A;017931;017931;RE;Factura bruto;5100023758;06.09.2024;NT01;Prepagado;  535;06.09.2024;VED;-1,176,0000;0,0000;0,0000;0,0000;0,0000;-1176,0000;0,0000;-43141,08;A31;K-Suministros;Z046;Suministros;;00-014931;-1168,85;USD;-1176,00
1000;10002838;WOOD C.A;018008;018008;RE;Factura bruto;5100023973;07.10.2024;NT01;Prepagado;  504;07.10.2024;VED;-533,1200;0,0000;0,0000;0,0000;0,0000;-533,1200;0,0000;-19744,53;A31;K-Suministros;Z046;Suministros;;00-015008;-502,12;USD;-533,12
1000;10002839;GALGOTEX 2022, C.A;;;AB;Documento contable;0100235219;28.02.2024;NT00;Contado;  726;28.02.2024;VED;-24,2000;0,0000;0,0000;0,0000;0,0000;-24,2000;0,0000;-873,47;A21;K-Otros gastos de personal;Z040;Publicidad;;;-40,16;USD;-24,20
1000;10002850;BISEVEN, C.A.;;;ZT;Cart.Transf.Proveed.;0700022045;14.11.2024;;;0;14.11.2024;VED;486,7200;486,7200;0,0000;0,0000;0,0000;0,0000;0,0000;21928,20;;GP SIN DEFINIR;Z041;Repuestos;;20241114-SF648;486,72;USD;486,72
1000;10002850;BISEVEN, C.A.;;;ZT;Cart.Transf.Proveed.;0700022045;14.11.2024;;;0;14.11.2024;VED;175,5000;175,5000;0,0000;0,0000;0,0000;0,0000;0,0000;7906,80;;GP SIN DEFINIR;Z041;Repuestos;;20241114-SF648;175,50;USD;175,50
1000;10002850;BISEVEN, C.A.;OC 4900007183;;ZT;Cart.Transf.Proveed.;0700022078;14.11.2024;;;0;14.11.2024;VED;80,0000;80,0000;0,0000;0,0000;0,0000;0,0000;0,0000;3604,24;;GP SIN DEFINIR;Z041;Repuestos;;20241114-SF651;80,00;USD;80,00
1000;10002862;CESAR ANTONIO HERNANDE;000178;000178;KR;Factura acreedor;1900019861;08.11.2024;NT00;Contado;  472;08.11.2024;VED;-88,3800;0,0000;0,0000;0,0000;0,0000;-88,3800;0,0000;-3905,06;A37;K-Gastos de Viaje;Z059;Viajes Y Traslados;;00-000178;-84,29;USD;-88,38
1000;10002862;CESAR ANTONIO HERNANDE;000179;000179;KR;Factura acreedor;1900019862;18.11.2024;NT00;Contado;  462;18.11.2024;VED;-117,7700;0,0000;0,0000;0,0000;0,0000;-117,7700;0,0000;-5359,48;A37;K-Gastos de Viaje;Z059;Viajes Y Traslados;;00-000179;-115,68;USD;-117,77
1000;10002862;CESAR ANTONIO HERNANDE;000209;000209;KR;Factura acreedor;1900019868;02.06.2025;NT00;Contado;  266;02.06.2025;VED;-64,0600;0,0000;0,0000;0,0000;0,0000;-64,0600;0,0000;-6204,93;A37;K-Gastos de Viaje;Z059;Viajes Y Traslados;;00-000209;-133,93;USD;-64,06
1000;10002877;INDUSTRIAS QUIMICAS RO;;;AB;Documento contable;0100250109;26.07.2024;NT00;Contado;  577;26.07.2024;VED;-135,7500;0,0000;0,0000;0,0000;0,0000;-135,7500;0,0000;-4965,84;A15;K-Materia Prima Nacional;Z053;Materia Prima;;;-175,33;USD;-135,75
1000;10002877;INDUSTRIAS QUIMICAS RO;028983;028983;RE;Factura bruto;5100023897;08.10.2024;;;0;08.10.2024;VED;-1,560,0000;-1560,0000;0,0000;0,0000;0,0000;0,0000;0,0000;-57781,94;A15;K-Materia Prima Nacional;Z053;Materia Prima;;00-00029331;-1539,64;USD;-1560,00
1000;10002877;INDUSTRIAS QUIMICAS RO;029101;029101;RE;Factura bruto;5100024233;07.11.2024;;;0;07.11.2024;VED;-265,2000;-265,2000;0,0000;0,0000;0,0000;0,0000;0,0000;-11611,04;A15;K-Materia Prima Nacional;Z053;Materia Prima;;00-00029466;-262,78;USD;-265,20
1000;10002879;CARBOVEN, C.A;5500011186;;ZT;Cart.Transf.Proveed.;0700022096;15.11.2024;;;0;15.11.2024;VED;573,3700;573,3700;0,0000;0,0000;0,0000;0,0000;0,0000;26092,44;A31;K-Suministros;Z046;Suministros;;20241115-SF658;573,37;USD;573,37
1000;10002899;SEINCA SALUD, C.A;000009533;000009533;RE;Factura bruto;5100023558;01.08.2024;;;0;01.08.2024;VED;-17,1000;-17,1000;0,0000;0,0000;0,0000;0,0000;0,0000;-626,49;A28;K-Seguridad Industrial;Z043;Salud;;00-009877;-17,07;USD;-17,10
1000;10002899;SEINCA SALUD, C.A;000009648;000009648;RE;Factura bruto;5100023914;01.10.2024;;;0;01.10.2024;VED;-17,1000;-17,1000;0,0000;0,0000;0,0000;0,0000;0,0000;-631,38;A28;K-Seguridad Industrial;Z043;Salud;;00-00009995;-16,77;USD;-17,10
1000;10002909;GLWEBSYSTEMS C.A;001041;001041;RE;Factura bruto;5100021978;08.03.2024;;;0;08.03.2024;VED;-275,5900;-275,5900;0,0000;0,0000;0,0000;0,0000;0,0000;-9957,92;A31;K-Suministros;Z015;Comercializadora;;00-009291;-275,08;USD;-275,59
1000;10002930;THE KOALA GROUP, C.A;015366;015366;RE;Factura bruto;5100019798;20.07.2023;;;0;20.07.2023;VED;-2,353,6500;-2353,6500;0,0000;0,0000;0,0000;0,0000;0,0000;-67970,82;A26;K-Publicidad;Z040;Publicidad;;00-009363;-2194,83;USD;-2353,65
1000;10002930;THE KOALA GROUP, C.A;015364;015364;RE;Factura bruto;5100019861;20.07.2023;;;0;20.07.2023;VED;-2,613,7500;-2613,7500;0,0000;0,0000;0,0000;0,0000;0,0000;-75482,23;A26;K-Publicidad;Z040;Publicidad;;00-009361;-2416,39;USD;-2613,75
1000;10002930;THE KOALA GROUP, C.A;015365;015365;RE;Factura bruto;5100020439;20.07.2023;;;0;20.07.2023;VED;-2,353,6500;-2353,6500;0,0000;0,0000;0,0000;0,0000;0,0000;-67970,82;A26;K-Publicidad;Z040;Publicidad;;00-009362;-1981,61;USD;-2353,65
1000;10002950;OPERADORA DE SERVICIOS;0001366;0001366;RE;Factura bruto;5100024322;06.11.2024;;;0;06.11.2024;VED;-2,382,5200;-2382,5200;0,0000;0,0000;0,0000;0,0000;0,0000;-103538,42;A36;K-Servicios Contratados;Z056;Ser. Y Mantenimiento;;00-001416;-2275,22;USD;-2382,52
1000;10002951;SETA NAVIERA, C.A;A-25698;A-25698;KR;Factura acreedor;1900019346;23.07.2024;NT00;Contado;  578;23.07.2024;VED;-34,3400;0,0000;0,0000;0,0000;0,0000;-34,3400;0,0000;-1254,35;A25;K-Proveedor Nacional;Z003;Aduanal;;00-00035802;-34,31;USD;-34,34
1000;10002951;SETA NAVIERA, C.A;A 27881;A 27881;KR;Factura acreedor;1900019593;17.09.2024;NT00;Contado;  524;17.09.2024;VED;-34,2700;0,0000;0,0000;0,0000;0,0000;-34,2700;0,0000;-1260,18;A25;K-Proveedor Nacional;Z003;Aduanal;;00-00037985;-34,27;USD;-34,27
1000;10002951;SETA NAVIERA, C.A;A 28071;A 28071;KR;Factura acreedor;1900019629;24.09.2024;NT00;Contado;  517;24.09.2024;VED;-34,1800;0,0000;0,0000;0,0000;0,0000;-34,1800;0,0000;-1258,12;A25;K-Proveedor Nacional;Z003;Aduanal;;00-00038175;-34,14;USD;-34,18
1000;10002951;SETA NAVIERA, C.A;A 24489;A 24489;KR;Factura acreedor;1900019710;24.06.2024;NT00;Contado;  613;24.06.2024;VED;-27,4700;0,0000;0,0000;0,0000;0,0000;-27,4700;0,0000;-999,36;A25;K-Proveedor Nacional;Z003;Aduanal;;00-0004593;-24,45;USD;-27,47
1000;10002951;SETA NAVIERA, C.A;29483;29483;KR;Factura acreedor;1900019720;28.10.2024;NT00;Contado;  483;28.10.2024;VED;-34,3000;0,0000;0,0000;0,0000;0,0000;-34,3000;0,0000;-1407,67;A25;K-Proveedor Nacional;Z003;Aduanal;;00-00039588;-33,72;USD;-34,30
1000;10002951;SETA NAVIERA, C.A;29606;29606;KR;Factura acreedor;1900019752;31.10.2024;NT00;Contado;  480;31.10.2024;VED;-31,5700;0,0000;0,0000;0,0000;0,0000;-31,5700;0,0000;-1343,87;A25;K-Proveedor Nacional;Z003;Aduanal;;00-00039711;-31,57;USD;-31,57
1000;10002969;GIMAR DISTRIBUCIONES C;;;SA;Documento cta.mayor;0100244265;30.05.2024;NT00;Contado;  634;30.05.2024;VED;-113,3800;0,0000;0,0000;0,0000;0,0000;-113,3800;0,0000;-4139,48;A15;K-Materia Prima Nacional;Z053;Materia Prima;;;-125,17;USD;-113,38
1000;10002969;GIMAR DISTRIBUCIONES C;;;SA;Documento cta.mayor;0100253546;08.08.2024;NT00;Contado;  564;08.08.2024;VED;-455,6800;0,0000;0,0000;0,0000;0,0000;-455,6800;0,0000;-16714,66;A15;K-Materia Prima Nacional;Z053;Materia Prima;;;-455,86;USD;-455,68
1000;10002969;GIMAR DISTRIBUCIONES C;SALDO FT 681;SALDO FT 681;SA;Documento cta.mayor;0100258425;01.10.2024;NT00;Contado;  510;01.10.2024;VED;-479,8300;0,0000;0,0000;0,0000;0,0000;-479,8300;0,0000;-17716,76;A15;K-Materia Prima Nacional;Z053;Materia Prima;;SALDOF T 681 OC 490000694;-538,75;USD;-479,83
1000;10002976;INVERSIONES YSG 23, C.;;;SA;Documento cta.mayor;0100256469;30.09.2024;;;0;30.09.2024;VED;54,8400;54,8400;0,0000;0,0000;0,0000;0,0000;0,0000;2024,07;A15;K-Materia Prima Nacional;Z053;Materia Prima;;;55,00;USD;54,84
1000;10002991;SERVITEC 2014 INVERSIO;000296;000296;RE;Factura bruto;5100023959;16.10.2024;;;0;16.10.2024;VED;-169,5800;-169,5800;0,0000;0,0000;0,0000;0,0000;0,0000;-6599,88;A13;K-Mantenimiento;Z056;Ser. Y Mantenimiento;;00-000296;-168,64;USD;-169,58
1000;10002991;SERVITEC 2014 INVERSIO;000295;000295;RE;Factura bruto;5100023978;16.10.2024;;;0;16.10.2024;VED;-67,8300;-67,8300;0,0000;0,0000;0,0000;0,0000;0,0000;-2639,95;A13;K-Mantenimiento;Z056;Ser. Y Mantenimiento;;00-000295;-67,15;USD;-67,83
1000;10002991;SERVITEC 2014 INVERSIO;000298;000298;RE;Factura bruto;5100023979;16.10.2024;;;0;16.10.2024;VED;-1,017,5100;-1017,5100;0,0000;0,0000;0,0000;0,0000;0,0000;-39599,28;A13;K-Mantenimiento;Z056;Ser. Y Mantenimiento;;00-000298;-1007,03;USD;-1017,51
1000;10002991;SERVITEC 2014 INVERSIO;000297;000297;RE;Factura bruto;5100023981;16.10.2024;;;0;16.10.2024;VED;-169,5800;-169,5800;0,0000;0,0000;0,0000;0,0000;0,0000;-6599,88;A13;K-Mantenimiento;Z056;Ser. Y Mantenimiento;;00-000297;-167,84;USD;-169,58
1000;10002991;SERVITEC 2014 INVERSIO;000299;000299;RE;Factura bruto;5100023983;16.10.2024;;;0;16.10.2024;VED;-1,017,5100;-1017,5100;0,0000;0,0000;0,0000;0,0000;0,0000;-39599,28;A13;K-Mantenimiento;Z056;Ser. Y Mantenimiento;;00-000299;-1007,03;USD;-1017,51
1000;10002993;OPTICA AVILA 3 C.A;0238;0238;KR;Factura acreedor;1900018952;27.05.2024;NT00;Contado;  637;27.05.2024;VED;-265,0000;0,0000;0,0000;0,0000;0,0000;-265,0000;0,0000;-9675,87;A36;K-Servicios Contratados;Z043;Salud;;00-000238;-264,80;USD;-265,00
1000;10002994;INVERSIONES J D 25, C.;000698;000698;RE;Factura bruto;5100022282;08.04.2024;;;0;08.04.2024;VED;-189,5200;-189,5200;0,0000;0,0000;0,0000;0,0000;0,0000;-6865,65;A13;K-Mantenimiento;Z056;Ser. Y Mantenimiento;;00-000698;-189,20;USD;-189,52
1000;10002994;INVERSIONES J D 25, C.;000700;000700;RE;Factura bruto;5100022283;08.04.2024;;;0;08.04.2024;VED;-678,2700;-678,2700;0,0000;0,0000;0,0000;0,0000;0,0000;-24571,80;A13;K-Mantenimiento;Z056;Ser. Y Mantenimiento;;00-000700;-677,12;USD;-678,27
1000;10002994;INVERSIONES J D 25, C.;000699;000699;RE;Factura bruto;5100022284;08.04.2024;;;0;08.04.2024;VED;-448,8500;-448,8500;0,0000;0,0000;0,0000;0,0000;0,0000;-16260,75;A13;K-Mantenimiento;Z056;Ser. Y Mantenimiento;;00-000699;-448,10;USD;-448,85
1000;10002994;INVERSIONES J D 25, C.;000701;000701;RE;Factura bruto;5100022285;08.04.2024;;;0;08.04.2024;VED;-49,8700;-49,8700;0,0000;0,0000;0,0000;0,0000;0,0000;-1806,75;A13;K-Mantenimiento;Z056;Ser. Y Mantenimiento;;00-000701;-49,79;USD;-49,87
1000;10002994;INVERSIONES J D 25, C.;000702;000702;RE;Factura bruto;5100022286;08.04.2024;;;0;08.04.2024;VED;-578,5200;-578,5200;0,0000;0,0000;0,0000;0,0000;0,0000;-20958,30;A13;K-Mantenimiento;Z056;Ser. Y Mantenimiento;;00-000702;-577,54;USD;-578,52
1000;10002994;INVERSIONES J D 25, C.;000705;000705;RE;Factura bruto;5100022287;08.04.2024;;;0;08.04.2024;VED;-478,7800;-478,7800;0,0000;0,0000;0,0000;0,0000;0,0000;-17344,80;A13;K-Mantenimiento;Z056;Ser. Y Mantenimiento;;00-000705;-477,96;USD;-478,78
1000;10002994;INVERSIONES J D 25, C.;000704;000704;RE;Factura bruto;5100022288;08.04.2024;;;0;08.04.2024;VED;-249,3600;-249,3600;0,0000;0,0000;0,0000;0,0000;0,0000;-9033,75;A13;K-Mantenimiento;Z056;Ser. Y Mantenimiento;;00-000704;-248,95;USD;-249,36
1000;10002994;INVERSIONES J D 25, C.;000707;000707;RE;Factura bruto;5100022289;08.04.2024;;;0;08.04.2024;VED;-428,9000;-428,9000;0,0000;0,0000;0,0000;0,0000;0,0000;-15538,05;A13;K-Mantenimiento;Z056;Ser. Y Mantenimiento;;00-000707;-428,17;USD;-428,90
1000;10002994;INVERSIONES J D 25, C.;000706;000706;RE;Factura bruto;5100022290;08.04.2024;;;0;08.04.2024;VED;-189,5200;-189,5200;0,0000;0,0000;0,0000;0,0000;0,0000;-6865,65;A13;K-Mantenimiento;Z056;Ser. Y Mantenimiento;;00-000706;-189,20;USD;-189,52
1000;10002994;INVERSIONES J D 25, C.;000709;000709;RE;Factura bruto;5100022291;08.04.2024;;;0;08.04.2024;VED;-678,2700;-678,2700;0,0000;0,0000;0,0000;0,0000;0,0000;-24571,80;A13;K-Mantenimiento;Z056;Ser. Y Mantenimiento;;00-000709;-677,12;USD;-678,27
1000;10002994;INVERSIONES J D 25, C.;000708;000708;RE;Factura bruto;5100022292;08.04.2024;;;0;08.04.2024;VED;-269,3100;-269,3100;0,0000;0,0000;0,0000;0,0000;0,0000;-9756,45;A13;K-Mantenimiento;Z056;Ser. Y Mantenimiento;;00-000708;-268,85;USD;-269,31
1000;10002994;INVERSIONES J D 25, C.;000710;000710;RE;Factura bruto;5100022293;08.04.2024;;;0;08.04.2024;VED;-149,6200;-149,6200;0,0000;0,0000;0,0000;0,0000;0,0000;-5420,25;A13;K-Mantenimiento;Z056;Ser. Y Mantenimiento;;00-000710;-149,36;USD;-149,62
1000;10002994;INVERSIONES J D 25, C.;000711;000711;RE;Factura bruto;5100022294;08.04.2024;;;0;08.04.2024;VED;-887,7300;-887,7300;0,0000;0,0000;0,0000;0,0000;0,0000;-32160,15;A13;K-Mantenimiento;Z056;Ser. Y Mantenimiento;;00-000711;-886,23;USD;-887,73
1000;10002994;INVERSIONES J D 25, C.;000731;000731;RE;Factura bruto;5100022539;09.05.2024;;;0;09.05.2024;VED;-881,0300;-881,0300;0,0000;0,0000;0,0000;0,0000;0,0000;-32230,64;A13;K-Mantenimiento;Z056;Ser. Y Mantenimiento;;00-000731;-880,94;USD;-881,03
1000;10002994;INVERSIONES J D 25, C.;000734;000734;RE;Factura bruto;5100022540;09.05.2024;;;0;09.05.2024;VED;-445,4700;-445,4700;0,0000;0,0000;0,0000;0,0000;0,0000;-16296,39;A13;K-Mantenimiento;Z056;Ser. Y Mantenimiento;;00-000734;-445,42;USD;-445,47
1000;10002994;INVERSIONES J D 25, C.;000733;000733;RE;Factura bruto;5100022541;09.05.2024;;;0;09.05.2024;VED;-475,1600;-475,1600;0,0000;0,0000;0,0000;0,0000;0,0000;-17382,81;A13;K-Mantenimiento;Z056;Ser. Y Mantenimiento;;00-000733;-475,11;USD;-475,16
1000;10002994;INVERSIONES J D 25, C.;000735;000735;RE;Factura bruto;5100022542;09.05.2024;;;0;09.05.2024;VED;-346,4700;-346,4700;0,0000;0,0000;0,0000;0,0000;0,0000;-12674,97;A13;K-Mantenimiento;Z056;Ser. Y Mantenimiento;;00-000735;-346,44;USD;-346,47
1000;10002994;INVERSIONES J D 25, C.;000728;000728;RE;Factura bruto;5100022644;09.05.2024;;;0;09.05.2024;VED;-237,5800;-237,5800;0,0000;0,0000;0,0000;0,0000;0,0000;-8691,41;A13;K-Mantenimiento;Z056;Ser. Y Mantenimiento;;00-000728;-238,04;USD;-237,58
1000;10002994;INVERSIONES J D 25, C.;000695;000695;RE;Factura bruto;5100022645;08.04.2024;;;0;08.04.2024;VED;-2,712,3900;-2712,3900;0,0000;0,0000;0,0000;0,0000;0,0000;-98262,99;A13;K-Mantenimiento;Z056;Ser. Y Mantenimiento;;00-000695;-2691,19;USD;-2712,39
1000;10002994;INVERSIONES J D 25, C.;000732;000732;RE;Factura bruto;5100022647;09.05.2024;;;0;09.05.2024;VED;-1,539,8300;-1539,8300;0,0000;0,0000;0,0000;0,0000;0,0000;-56331,19;A13;K-Mantenimiento;Z056;Ser. Y Mantenimiento;;00-000732;-1542,78;USD;-1539,83
1000;10002994;INVERSIONES J D 25, C.;000703;000703;RE;Factura bruto;5100022652;08.04.2024;;;0;08.04.2024;VED;-249,3600;-249,3600;0,0000;0,0000;0,0000;0,0000;0,0000;-9033,75;A13;K-Mantenimiento;Z056;Ser. Y Mantenimiento;;00-000703;-247,41;USD;-249,36
1000;10002995;MULTISERVICIOS MAAG 16;;;ZT;Cart.Transf.Proveed.;0700021644;23.09.2024;;;0;23.09.2024;VED;838,1600;838,1600;0,0000;0,0000;0,0000;0,0000;0,0000;30863,63;A27;K-Repuestos;Z041;Repuestos;;20240923-SF498;838,16;USD;838,16
1000;10003008;INSTRUELECT IMPORT, C.;;;ZT;Cart.Transf.Proveed.;0700021934;24.10.2024;;;0;24.10.2024;VED;759,2000;759,2000;0,0000;0,0000;0,0000;0,0000;0,0000;29959,32;A27;K-Repuestos;Z041;Repuestos;;20241024-SF596;759,20;USD;759,20
1000;10003008;INSTRUELECT IMPORT, C.;OC 4900007053;;ZT;Cart.Transf.Proveed.;0700022058;14.11.2024;;;0;14.11.2024;VED;83,2000;83,2000;0,0000;0,0000;0,0000;0,0000;0,0000;3748,41;A27;K-Repuestos;Z041;Repuestos;;20241114-SF649;83,20;USD;83,20
1000;10003011;MANTENIMIENTOS MECANIZ;0580;0580;RE;Factura bruto;5100022458;12.04.2024;;;0;12.04.2024;VED;-236,5500;-236,5500;0,0000;0,0000;0,0000;0,0000;0,0000;-8581,98;A36;K-Servicios Contratados;Z056;Ser. Y Mantenimiento;;00-000580;-235,55;USD;-236,55
1000;10003014;ETIVENCA GROUP, C.A;;;SA;Documento cta.mayor;0100250267;26.07.2024;;;0;26.07.2024;VED;25,6400;25,6400;0,0000;0,0000;0,0000;0,0000;0,0000;937,85;A31;K-Suministros;Z046;Suministros;;;14,59;USD;25,64
1000;10003014;ETIVENCA GROUP, C.A;;;ZT;Cart.Transf.Proveed.;0700022129;20.11.2024;;;0;20.11.2024;VED;1,029,0000;1029,0000;0,0000;0,0000;0,0000;0,0000;0,0000;47170,39;A31;K-Suministros;Z046;Suministros;;20241120-SF666;1029,00;USD;1029,00
1000;10003014;ETIVENCA GROUP, C.A;00000182;00000182;RE;Factura bruto;5100021455;15.12.2023;;;0;15.12.2023;VED;-100,0000;-100,0000;0,0000;0,0000;0,0000;0,0000;0,0000;-3564,00;A31;K-Suministros;Z046;Suministros;;00-000190;-100,00;USD;-100,00
1000;10003014;ETIVENCA GROUP, C.A;00000201;00000201;RE;Factura bruto;5100021741;05.02.2024;;;0;05.02.2024;VED;-300,0000;-300,0000;0,0000;0,0000;0,0000;0,0000;0,0000;-10885,77;A31;K-Suministros;Z046;Suministros;;00-000209;-300,40;USD;-300,00
1000;10003014;ETIVENCA GROUP, C.A;00000332;00000332;RE;Factura bruto;5100023934;11.10.2024;;;0;11.10.2024;VED;-1,029,0000;-1029,0000;0,0000;0,0000;0,0000;0,0000;0,0000;-38742,06;A31;K-Suministros;Z046;Suministros;;00-000342;-995,48;USD;-1029,00
1000;10003014;ETIVENCA GROUP, C.A;00000346;00000346;RE;Factura bruto;5100024184;05.11.2024;;;0;05.11.2024;VED;-735,0000;-735,0000;0,0000;0,0000;0,0000;0,0000;0,0000;-31499,82;A31;K-Suministros;Z046;Suministros;;00-000356;-712,89;USD;-735,00
1000;10003017;TRANSPORTE EZEQUIEL 20;000137;000137;KR;Factura acreedor;1900019587;16.09.2024;NT00;Contado;  525;16.09.2024;VED;-5,3400;0,0000;0,0000;0,0000;0,0000;-5,3400;0,0000;-196,26;A33;K-Transporte de Personal;Z059;Viajes Y Traslados;;00-000137;-5,34;USD;-5,34
1000;10003017;TRANSPORTE EZEQUIEL 20;000139;000139;KR;Factura acreedor;1900019611;23.09.2024;NT00;Contado;  518;23.09.2024;VED;-16,0000;0,0000;0,0000;0,0000;0,0000;-16,0000;0,0000;-589,30;A33;K-Transporte de Personal;Z059;Viajes Y Traslados;;00-000139;-16,00;USD;-16,00
1000;10003017;TRANSPORTE EZEQUIEL 20;000143;000143;KR;Factura acreedor;1900019667;07.10.2024;NT00;Contado;  504;07.10.2024;VED;-34,2400;0,0000;0,0000;0,0000;0,0000;-34,2400;0,0000;-1267,92;A33;K-Transporte de Personal;Z059;Viajes Y Traslados;;00-000143;-33,78;USD;-34,24
1000;10003017;TRANSPORTE EZEQUIEL 20;000147;000147;KR;Factura acreedor;1900019682;14.10.2024;NT00;Contado;  497;14.10.2024;VED;-23,7600;0,0000;0,0000;0,0000;0,0000;-23,7600;0,0000;-923,98;A33;K-Transporte de Personal;Z059;Viajes Y Traslados;;00-000147;-23,61;USD;-23,76
1000;10003017;TRANSPORTE EZEQUIEL 20;000149;000149;KR;Factura acreedor;1900019691;21.10.2024;NT00;Contado;  490;21.10.2024;VED;-69,3400;0,0000;0,0000;0,0000;0,0000;-69,3400;0,0000;-2715,94;A33;K-Transporte de Personal;Z059;Viajes Y Traslados;;00-000149;-69,32;USD;-69,34
1000;10003017;TRANSPORTE EZEQUIEL 20;000154;000154;KR;Factura acreedor;1900019741;28.10.2024;NT00;Contado;  483;28.10.2024;VED;-55,7700;0,0000;0,0000;0,0000;0,0000;-55,7700;0,0000;-2289,00;A33;K-Transporte de Personal;Z059;Viajes Y Traslados;;00-000154;-53,78;USD;-55,77
1000;10003017;TRANSPORTE EZEQUIEL 20;000158;000158;KR;Factura acreedor;1900019774;04.11.2024;NT00;Contado;  476;04.11.2024;VED;-5,3500;0,0000;0,0000;0,0000;0,0000;-5,3500;0,0000;-228,66;A33;K-Transporte de Personal;Z059;Viajes Y Traslados;;00-000158;-5,26;USD;-5,35
1000;10003017;TRANSPORTE EZEQUIEL 20;000164;000164;KR;Factura acreedor;1900019801;11.11.2024;NT00;Contado;  469;11.11.2024;VED;-52,8600;0,0000;0,0000;0,0000;0,0000;-52,8600;0,0000;-2363,07;A33;K-Transporte de Personal;Z059;Viajes Y Traslados;;00-000164;-52,60;USD;-52,86
1000;10003017;TRANSPORTE EZEQUIEL 20;000167;000167;KR;Factura acreedor;1900019856;11.11.2024;NT00;Contado;  469;11.11.2024;VED;-89,2300;0,0000;0,0000;0,0000;0,0000;-89,2300;0,0000;-3989,03;A33;K-Transporte de Personal;Z059;Viajes Y Traslados;;00-000167;-86,10;USD;-89,23
1000;10003020;DOBELL SERVICE C.A;19964;19964;RE;Factura bruto;5100021747;06.02.2024;;;0;06.02.2024;VED;-290,1600;-290,1600;0,0000;0,0000;0,0000;0,0000;0,0000;-10519,29;A31;K-Suministros;Z046;Suministros;;00-025910;-289,86;USD;-290,16
1000;10003020;DOBELL SERVICE C.A;20028;20028;RE;Factura bruto;5100021931;28.02.2024;;;0;28.02.2024;VED;-419,1200;-419,1200;0,0000;0,0000;0,0000;0,0000;0,0000;-15128,35;A31;K-Suministros;Z046;Suministros;;00-025975;-418,22;USD;-419,12
1000;10003023;AUTOMATION YA, C.A;4900006999;;ZT;Cart.Transf.Proveed.;0700021627;20.09.2024;;;0;20.09.2024;VED;798,7200;798,7200;0,0000;0,0000;0,0000;0,0000;0,0000;29393,93;A36;K-Servicios Contratados;Z056;Ser. Y Mantenimiento;;20240920-SF487;798,72;USD;798,72
1000;10003023;AUTOMATION YA, C.A;4900007115;;ZT;Cart.Transf.Proveed.;0700022083;15.11.2024;;;0;15.11.2024;VED;191,5100;191,5100;0,0000;0,0000;0,0000;0,0000;0,0000;8715,05;A36;K-Servicios Contratados;Z056;Ser. Y Mantenimiento;;20241115-SF652;191,51;USD;191,51
1000;10003025;ERWIN EDUARDO DAVILA C;;;AB;Documento contable;0100260048;04.11.2024;;;0;04.11.2024;VED;17,1400;17,1400;0,0000;0,0000;0,0000;0,0000;0,0000;732,16;A28;K-Seguridad Industrial;Z043;Salud;;;18,53;USD;17,14
1000;10003025;ERWIN EDUARDO DAVILA C;HONORARIOS NOV;;ZT;Cart.Transf.Proveed.;0700021997;07.11.2024;;;0;07.11.2024;VED;724,4900;724,4900;0,0000;0,0000;0,0000;0,0000;0,0000;31719,77;A28;K-Seguridad Industrial;Z043;Salud;;20241107-SF626;724,49;USD;724,49
1000;10003027;INRECAL J.M, C.A;;;ZT;Cart.Transf.Proveed.;0700021951;24.10.2024;;;0;24.10.2024;VED;1,138,5000;1138,5000;0,0000;0,0000;0,0000;0,0000;0,0000;44927,15;A31;K-Suministros;Z056;Ser. Y Mantenimiento;;20241024-SF599;1138,50;USD;1138,50
1000;10003027;INRECAL J.M, C.A;;;ZT;Cart.Transf.Proveed.;0700022097;15.11.2024;;;0;15.11.2024;VED;1,813,2300;1813,2300;0,0000;0,0000;0,0000;0,0000;0,0000;82514,57;A31;K-Suministros;Z056;Ser. Y Mantenimiento;;20241115-SF658;1813,23;USD;1813,23
1000;10003027;INRECAL J.M, C.A;;;ZT;Cart.Transf.Proveed.;0700022097;15.11.2024;;;0;15.11.2024;VED;6,909,8700;6909,8700;0,0000;0,0000;0,0000;0,0000;0,0000;314447,41;A31;K-Suministros;Z056;Ser. Y Mantenimiento;;20241115-SF658;6909,87;USD;6909,87
1000;10003027;INRECAL J.M, C.A;;;ZT;Cart.Transf.Proveed.;0700022097;15.11.2024;;;0;15.11.2024;VED;8,899,5200;8899,5200;0,0000;0,0000;0,0000;0,0000;0,0000;404990,43;A31;K-Suministros;Z056;Ser. Y Mantenimiento;;20241115-SF658;8899,52;USD;8899,52
1000;10003027;INRECAL J.M, C.A;;;ZT;Cart.Transf.Proveed.;0700022097;15.11.2024;;;0;15.11.2024;VED;5,243,6600;5243,6600;0,0000;0,0000;0,0000;0,0000;0,0000;238623,21;A31;K-Suministros;Z056;Ser. Y Mantenimiento;;20241115-SF658;5243,66;USD;5243,66
1000;10003036;SOGEBUSA, C.A;001935;001935;KR;Factura acreedor;1900018192;16.01.2024;NT00;Contado;  755;16.01.2024;VED;-357,6500;0,0000;0,0000;0,0000;0,0000;-357,6500;0,0000;-12866,28;A19;K-Operaciones Nacionalización;Z056;Ser. Y Mantenimiento;;00-009509;-355,39;USD;-357,65
1000;10003042;AGP INGENIERIA GLOBAL,;000106;000106;KD;ND Acreed.Finanzas;1100000063;02.01.2024;;;0;02.01.2024;VED;-46,4000;-46,4000;0,0000;0,0000;0,0000;0,0000;0,0000;-1668,51;A27;K-Repuestos;Z023;Esporádico;;00-001774;-45,93;USD;-46,40
1000;10003042;AGP INGENIERIA GLOBAL,;001231;001231;RE;Factura bruto;5100021676;02.01.2024;;;0;02.01.2024;VED;-262,8500;-262,8500;0,0000;0,0000;0,0000;0,0000;0,0000;-9451,81;A27;K-Repuestos;Z023;Esporádico;;00-001773;-261,08;USD;-262,85
1000;10003047;ALMEN, C.A.;;;SA;Documento cta.mayor;0100254832;02.09.2024;NT00;Contado;  539;02.09.2024;VED;-269,7700;0,0000;0,0000;0,0000;0,0000;-269,7700;0,0000;-9885,97;A31;K-Suministros;Z056;Ser. Y Mantenimiento;;;-211,39;USD;-269,77
1000;10003047;ALMEN, C.A.;4953;4953;RE;Factura bruto;5100023919;09.10.2024;NT01;Prepagado;  502;09.10.2024;VED;-1,298,4100;0,0000;0,0000;0,0000;0,0000;-1298,4100;0,0000;-48137,14;A31;K-Suministros;Z056;Ser. Y Mantenimiento;;00-4453;-1278,53;USD;-1298,41
1000;10003055;TURBOVEN MARACAY COMPA;;;AB;Documento contable;0100258645;25.10.2024;;;0;25.10.2024;VED;13,3500;13,3500;0,0000;0,0000;0,0000;0,0000;0,0000;545,62;A42;K-Servicios Públicos;Z044;Serv. Públicos;;;13,35;USD;13,35
1000;10003057;PLANSUAREZ, C.A;00001924;00001924;RE;Factura bruto;5100023748;17.09.2024;;;0;17.09.2024;VED;-198,0000;-198,0000;0,0000;0,0000;0,0000;0,0000;0,0000;-7281,47;A31;K-Suministros;Z046;Suministros;;0;-197,51;USD;-198,00
1000;10003057;PLANSUAREZ, C.A;F1;F1;RE;Factura bruto;5100024370;26.08.2025;;;0;26.08.2025;VED;-44,3400;-44,3400;0,0000;0,0000;0,0000;0,0000;0,0000;-6342,45;A31;K-Suministros;Z046;Suministros;;TXT;-51,92;USD;-44,34
1000;10003057;PLANSUAREZ, C.A;F1.;F1.;RE;Factura bruto;5100024371;26.08.2025;;;0;26.08.2025;VED;-133,0200;-133,0200;0,0000;0,0000;0,0000;0,0000;0,0000;-19027,35;A31;K-Suministros;Z046;Suministros;;TXT;-155,74;USD;-133,02
1000;10003065;FERRECELTIS C.A;4900007122;;ZT;Cart.Transf.Proveed.;0700022046;14.11.2024;;;0;14.11.2024;VED;60,0000;60,0000;0,0000;0,0000;0,0000;0,0000;0,0000;2703,18;A31;K-Suministros;Z046;Suministros;;20241114-SF648;60,00;USD;60,00
1000;10003075;PAPELERIA Y SUMINISTRO;OC 4900007190;;ZT;Cart.Transf.Proveed.;0700022080;14.11.2024;;;0;14.11.2024;VED;593,3700;593,3700;0,0000;0,0000;0,0000;0,0000;0,0000;26732,94;A40;K-Papelería y Consumibles;Z046;Suministros;;20241114-SF651;593,37;USD;593,37
1000;10003075;PAPELERIA Y SUMINISTRO;001123;001123;RE;Factura bruto;5100023214;26.07.2024;;;0;26.07.2024;VED;-215,1800;-215,1800;0,0000;0,0000;0,0000;0,0000;0,0000;-7871,27;A40;K-Papelería y Consumibles;Z046;Suministros;;00-001144;-214,68;USD;-215,18
1000;10003081;LUMINSA, C.A;;;ZT;Cart.Transf.Proveed.;0700022047;14.11.2024;;;0;14.11.2024;VED;676,0000;676,0000;0,0000;0,0000;0,0000;0,0000;0,0000;30455,83;;GP SIN DEFINIR;Z046;Suministros;;20241114-SF648;676,00;USD;676,00
1000;10003081;LUMINSA, C.A;OC 4900007174;;ZT;Cart.Transf.Proveed.;0700022059;14.11.2024;;;0;14.11.2024;VED;377,5200;377,5200;0,0000;0,0000;0,0000;0,0000;0,0000;17008,41;;GP SIN DEFINIR;Z046;Suministros;;20241114-SF649;377,52;USD;377,52
1000;10003085;OLGA GABRIELA LOPEZ CO;0002;0002;RE;Factura bruto;5100021882;05.02.2024;;;0;05.02.2024;VED;-1,254,7300;-1254,7300;0,0000;0,0000;0,0000;0,0000;0,0000;-45528,88;A26;K-Publicidad;Z040;Publicidad;;00-0002;-1256,56;USD;-1254,73
1000;10003092;LATITUD, C.A;A 004224;A 004224;KR;Factura acreedor;1900019711;22.10.2024;NT00;Contado;  489;22.10.2024;VED;-403,9100;0,0000;0,0000;0,0000;0,0000;-403,9100;0,0000;-15825,58;A19;K-Operaciones Nacionalización;Z003;Aduanal;;00-00004333;-387,12;USD;-403,91
1000;10003099;ROLINERAS Y SUMINISTRO;4900006659;;ZT;Cart.Transf.Proveed.;0700021935;24.10.2024;;;0;24.10.2024;VED;48,8800;48,8800;0,0000;0,0000;0,0000;0,0000;0,0000;1928,89;A31;K-Suministros;Z046;Suministros;;20241024-SF596;48,88;USD;48,88
1000;10003099;ROLINERAS Y SUMINISTRO;4900007209;;ZT;Cart.Transf.Proveed.;0700022048;14.11.2024;;;0;14.11.2024;VED;592,8000;592,8000;0,0000;0,0000;0,0000;0,0000;0,0000;26707,42;A31;K-Suministros;Z046;Suministros;;20241114-SF648;592,80;USD;592,80
1000;10003099;ROLINERAS Y SUMINISTRO;B-00000996;B-00000996;RE;Factura bruto;5100023770;20.09.2024;NT00;Contado;  521;20.09.2024;VED;-104,0000;0,0000;0,0000;0,0000;0,0000;-104,0000;0,0000;-3827,20;A31;K-Suministros;Z046;Suministros;;00-003313;-103,49;USD;-104,00
1000;10003100;INVERSIONES DAMOSCO, C;00002788;00002788;RE;Factura bruto;5100022120;27.03.2024;;;0;27.03.2024;VED;-377,6000;-377,6000;0,0000;0,0000;0,0000;0,0000;0,0000;-13719,60;A31;K-Suministros;Z046;Suministros;;0;-378,09;USD;-377,60
1000;10003102;CONSULTORES LEGALES CO;000052;000052;RE;Factura bruto;5100022554;05.04.2024;NT00;Contado;  689;05.04.2024;VED;-95,0000;0,0000;0,0000;0,0000;0,0000;-95,0000;0,0000;-3439,95;A7;K-Honorarios Profesionales;Z025;Financiero;;00-000052;-94,02;USD;-95,00
1000;10003102;CONSULTORES LEGALES CO;000059;000059;RE;Factura bruto;5100022896;03.06.2024;NT00;Contado;  630;03.06.2024;VED;-1,772,9900;0,0000;0,0000;0,0000;0,0000;-1772,9900;0,0000;-64779,99;A7;K-Honorarios Profesionales;Z025;Financiero;;00-000059;-1781,35;USD;-1772,99
1000;10003102;CONSULTORES LEGALES CO;000060;000060;RE;Factura bruto;5100022966;03.06.2024;NT00;Contado;  630;03.06.2024;VED;-664,8700;0,0000;0,0000;0,0000;0,0000;-664,8700;0,0000;-24292,45;A7;K-Honorarios Profesionales;Z025;Financiero;;00-000060;-665,32;USD;-664,87
1000;10003102;CONSULTORES LEGALES CO;000077;000077;RE;Factura bruto;5100023220;01.07.2024;NT00;Contado;  602;01.07.2024;VED;-886,5100;0,0000;0,0000;0,0000;0,0000;-886,5100;0,0000;-32310,02;A7;K-Honorarios Profesionales;Z025;Financiero;;00-000077;-881,24;USD;-886,51
1000;10003102;CONSULTORES LEGALES CO;000086;000086;RE;Factura bruto;5100023741;05.08.2024;NT00;Contado;  567;05.08.2024;VED;-886,5300;0,0000;0,0000;0,0000;0,0000;-886,5300;0,0000;-32496,21;A7;K-Honorarios Profesionales;Z025;Financiero;;00-000086;-881,48;USD;-886,53
1000;10003102;CONSULTORES LEGALES CO;000091;000091;RE;Factura bruto;5100023742;05.08.2024;NT00;Contado;  567;05.08.2024;VED;-94,9900;0,0000;0,0000;0,0000;0,0000;-94,9900;0,0000;-3481,75;A7;K-Honorarios Profesionales;Z025;Financiero;;00-000091;-94,44;USD;-94,99
1000;10003122;AQUILES RAFAEL BELISAR;000005;000005;RE;Factura bruto;5100022603;08.05.2024;NT00;Contado;  656;08.05.2024;VED;-6,098,7900;0,0000;0,0000;0,0000;0,0000;-6098,7900;0,0000;-222984,54;A33;K-Transporte de Personal;Z050;Transporte;;00-000005;-6091,78;USD;-6098,79
1000;10003122;AQUILES RAFAEL BELISAR;000033;000033;RE;Factura bruto;5100022814;10.06.2024;NT00;Contado;  623;10.06.2024;VED;-3,106,9200;0,0000;0,0000;0,0000;0,0000;-3106,9200;0,0000;-113336,26;A33;K-Transporte de Personal;Z050;Transporte;;00-000033;-3114,15;USD;-3106,92
1000;10003122;AQUILES RAFAEL BELISAR;000034;000034;RE;Factura bruto;5100022815;10.06.2024;NT00;Contado;  623;10.06.2024;VED;-3,878,2000;0,0000;0,0000;0,0000;0,0000;-3878,2000;0,0000;-141471,84;A33;K-Transporte de Personal;Z050;Transporte;;00-000034;-3887,24;USD;-3878,20
1000;10003129;3A PUBLICIDAD, C.A.;2495;2495;RE;Factura bruto;5100024326;08.11.2024;NT30;Crédito 30 Días;  442;08.12.2024;VED;-243,0400;0,0000;0,0000;0,0000;0,0000;-243,0400;0,0000;-10738,99;A26;K-Publicidad;Z040;Publicidad;;00-002595;-235,98;USD;-243,04
1000;10003129;3A PUBLICIDAD, C.A.;2502;2502;RE;Factura bruto;5100024328;14.11.2024;NT30;Crédito 30 Días;  436;14.12.2024;VED;-876,1200;0,0000;0,0000;0,0000;0,0000;-876,1200;0,0000;-39471,83;A26;K-Publicidad;Z040;Publicidad;;00-002602;-862,03;USD;-876,12
1000;10003135;MIO PASTA RESTAURANT,;000868;000868;RE;Factura bruto;5100024320;13.11.2024;NT00;Contado;  467;13.11.2024;VED;-151,9900;0,0000;0,0000;0,0000;0,0000;-151,9900;0,0000;-6828,95;A21;K-Otros gastos de personal;Z006;Alimentos;;00-000868;-150,06;USD;-151,99
1000;10003140;LA WAWA VENEZUELA 2021;;;SA;Documento cta.mayor;0100258752;23.10.2024;;;0;23.10.2024;VED;5,704,8000;5704,8000;0,0000;0,0000;0,0000;0,0000;0,0000;224329,81;A33;K-Transporte de Personal;Z050;Transporte;;;5598,13;USD;5704,80
1000;10003146;FERRETERIA Y MATERIALE;;;SA;Documento cta.mayor;0100261573;08.11.2024;;;0;08.11.2024;VED;408,8600;408,8600;0,0000;0,0000;0,0000;0,0000;0,0000;18065,93;A31;K-Suministros;Z046;Suministros;;;396,99;USD;408,86
1000;10003146;FERRETERIA Y MATERIALE;OC 4900007162;;ZT;Cart.Transf.Proveed.;0700022061;14.11.2024;;;0;14.11.2024;VED;28,0800;28,0800;0,0000;0,0000;0,0000;0,0000;0,0000;1265,09;A31;K-Suministros;Z046;Suministros;;20241114-SF649;28,08;USD;28,08
1000;10003146;FERRETERIA Y MATERIALE;OC 4900007165;;ZT;Cart.Transf.Proveed.;0700022061;14.11.2024;;;0;14.11.2024;VED;18,7200;18,7200;0,0000;0,0000;0,0000;0,0000;0,0000;843,39;A31;K-Suministros;Z046;Suministros;;20241114-SF649;18,72;USD;18,72
1000;10003146;FERRETERIA Y MATERIALE;00001876;00001876;RE;Factura bruto;5100023903;27.09.2024;NT00;Contado;  514;27.09.2024;VED;-52,0100;0,0000;0,0000;0,0000;0,0000;-52,0100;0,0000;-1917,24;A31;K-Suministros;Z046;Suministros;;00-00003176;-50,92;USD;-52,01
1000;10003161;MASTER SUPPLY CO, C.A;4900007166;;ZT;Cart.Transf.Proveed.;0700022049;14.11.2024;;;0;14.11.2024;VED;124,8000;124,8000;0,0000;0,0000;0,0000;0,0000;0,0000;5622,61;A31;K-Suministros;Z046;Suministros;;20241114-SF648;124,80;USD;124,80
1000;10003161;MASTER SUPPLY CO, C.A;OC 4900007166;;ZT;Cart.Transf.Proveed.;0700022062;14.11.2024;;;0;14.11.2024;VED;456,5600;456,5600;0,0000;0,0000;0,0000;0,0000;0,0000;20569,40;A31;K-Suministros;Z046;Suministros;;20241114-SF649;456,56;USD;456,56
1000;10003161;MASTER SUPPLY CO, C.A;4900007001;;ZT;Cart.Transf.Proveed.;0700022081;14.11.2024;;;0;14.11.2024;VED;817,4400;817,4400;0,0000;0,0000;0,0000;0,0000;0,0000;36828,12;A31;K-Suministros;Z046;Suministros;;20241114-SF651;817,44;USD;817,44
1000;10003184;FRANCISCO A. PLATA POR;5500011029;;ZT;Cart.Transf.Proveed.;0700021892;21.10.2024;;;0;21.10.2024;VED;132,1800;132,1800;0,0000;0,0000;0,0000;0,0000;0,0000;5177,48;A36;K-Servicios Contratados;Z056;Ser. Y Mantenimiento;;20241021-SF576;132,18;USD;132,18
1000;10003184;FRANCISCO A. PLATA POR;000007;000007;RE;Factura bruto;5100023884;20.09.2024;;;0;20.09.2024;VED;-76,9700;-76,9700;0,0000;0,0000;0,0000;0,0000;0,0000;-2832,46;A36;K-Servicios Contratados;Z056;Ser. Y Mantenimiento;;00-000007;-75,47;USD;-76,97
1000;10003189;VENEZUELAN CARGO BROKE;PCB007539;PCB007539;KR;Factura acreedor;1900019575;09.09.2024;NT00;Contado;  532;09.09.2024;VED;-294,6700;0,0000;0,0000;0,0000;0,0000;-294,6700;0,0000;-10813,05;A19;K-Operaciones Nacionalización;Z003;Aduanal;;00-016095;-294,30;USD;-294,67
1000;10003189;VENEZUELAN CARGO BROKE;PCB007729;PCB007729;KR;Factura acreedor;1900019830;15.11.2024;NT00;Contado;  465;15.11.2024;VED;-332,8200;0,0000;0,0000;0,0000;0,0000;-332,8200;0,0000;-15145,81;A19;K-Operaciones Nacionalización;Z003;Aduanal;;00-016285;-332,82;USD;-332,82
1000;10003189;VENEZUELAN CARGO BROKE;PCB007731;PCB007731;KR;Factura acreedor;1900019840;15.11.2024;NT00;Contado;  465;15.11.2024;VED;-332,8200;0,0000;0,0000;0,0000;0,0000;-332,8200;0,0000;-15145,81;A19;K-Operaciones Nacionalización;Z003;Aduanal;;00-016287;-332,82;USD;-332,82
1000;10003190;GMS INNOVATION C.A;700021589;POR FACTURAR;SA;Documento cta.mayor;0100260665;22.10.2024;;;0;22.10.2024;VED;1,762,2400;1762,2400;0,0000;0,0000;0,0000;0,0000;0,0000;69046,90;A16;K-Material de Empaque;Z046;Suministros;;SALDO ANTICIPO;2025,68;USD;1762,24
1000;10003193;INVERSIONES AT GROUP S;1714;1714;RE;Factura bruto;5100023883;02.09.2024;;;0;02.09.2024;VED;-76,4900;-76,4900;0,0000;0,0000;0,0000;0,0000;0,0000;-2802,85;A26;K-Publicidad;Z046;Suministros;;00-00914;-74,68;USD;-76,49
1000;10003196;INFORMES RUZ ESCALONA;0000788;0000788;KR;Factura acreedor;1900019622;17.09.2024;NT00;Contado;  524;17.09.2024;VED;-1,124,4500;0,0000;0,0000;0,0000;0,0000;-1124,4500;0,0000;-41351,90;A7;K-Honorarios Profesionales;Z025;Financiero;;00-00000791;-1122,15;USD;-1124,45
1000;10003197;OPERADORA MARA INN, C.;;;AB;Documento contable;0100258846;28.10.2024;;;0;28.10.2024;VED;25,9800;25,9800;0,0000;0,0000;0,0000;0,0000;0,0000;1066,35;A37;K-Gastos de Viaje;Z028;Hoteles;;;25,98;USD;25,98
1000;10003198;INDUSTRIAS DECOPLAGE,;;;SA;Documento cta.mayor;0100258083;11.10.2024;;;0;11.10.2024;VED;123,8500;123,8500;0,0000;0,0000;0,0000;0,0000;0,0000;4663,16;A31;K-Suministros;Z046;Suministros;;;256,69;USD;123,85
1000;10003198;INDUSTRIAS DECOPLAGE,;;;SA;Documento cta.mayor;0100260696;01.11.2024;;;0;01.11.2024;VED;177,4000;177,4000;0,0000;0,0000;0,0000;0,0000;0,0000;7576,80;A31;K-Suministros;Z046;Suministros;;;512,26;USD;177,40
1000;10003202;PROTECNIA FALCON, C.A.;SERIE 1 0000076;SERIE 1 0000076;KR;Factura acreedor;1900019854;22.11.2024;NT00;Contado;  458;22.11.2024;VED;-408,0200;0,0000;0,0000;0,0000;0,0000;-408,0200;0,0000;-18902,64;A42;K-Servicios Públicos;Z044;Serv. Públicos;;00-000478;-408,03;USD;-408,02
1000;10003202;PROTECNIA FALCON, C.A.;SERIE 1 0000075;SERIE 1 0000075;KR;Factura acreedor;1900019855;22.11.2024;NT00;Contado;  458;22.11.2024;VED;-408,0200;0,0000;0,0000;0,0000;0,0000;-408,0200;0,0000;-18902,64;A42;K-Servicios Públicos;Z044;Serv. Públicos;;00-000477;-408,03;USD;-408,02
1000;10003203;BUNKER DE VENEZUELA C.;;;AB;Documento contable;0100257663;10.10.2024;NT00;Contado;  501;10.10.2024;VED;-6,2300;0,0000;0,0000;0,0000;0,0000;-6,2300;0,0000;-233,63;A13;K-Mantenimiento;Z056;Ser. Y Mantenimiento;;;-7,25;USD;-6,23
1000;10003205;INGENIERIA P & V 86 C.;4900007163;;ZT;Cart.Transf.Proveed.;0700022050;14.11.2024;;;0;14.11.2024;VED;23,6900;23,6900;0,0000;0,0000;0,0000;0,0000;0,0000;1067,31;A40;K-Papelería y Consumibles;Z046;Suministros;;20241114-SF648;23,69;USD;23,69
1000;10003205;INGENIERIA P & V 86 C.;OC 4900007163;;ZT;Cart.Transf.Proveed.;0700022063;14.11.2024;;;0;14.11.2024;VED;19,5700;19,5700;0,0000;0,0000;0,0000;0,0000;0,0000;881,69;A40;K-Papelería y Consumibles;Z046;Suministros;;20241114-SF649;19,57;USD;19,57
1000;11000031;TRANSPORTE SANOJA BA,;;;AB;Documento contable;0100261915;22.11.2024;NT00;Contado;  458;22.11.2024;VED;-2,144,7500;0,0000;0,0000;0,0000;0,0000;-2144,7500;0,0000;-99360,28;A6;K-Fletes;Z051;Transporte Y Almacen;;;-2144,75;USD;-2144,75
1000;11000031;TRANSPORTE SANOJA BA,;0001784;0001784;RE;Factura bruto;5100024208;07.11.2024;NT15;Crédito 15 Días;  458;22.11.2024;VED;-141,0700;0,0000;0,0000;0,0000;0,0000;-141,0700;0,0000;-6176,32;A6;K-Fletes;Z051;Transporte Y Almacen;;00-0001784;-139,78;USD;-141,07
1000;11000031;TRANSPORTE SANOJA BA,;0001785;0001785;RE;Factura bruto;5100024288;07.11.2024;NT00;Contado;  473;07.11.2024;VED;-5,407,2300;0,0000;0,0000;0,0000;0,0000;-5407,2300;0,0000;-236740,25;A6;K-Fletes;Z051;Transporte Y Almacen;;00-0001785;-5202,28;USD;-5407,23
1000;11000044;AEROCAMIONES DE VENEZU;ANTICIPO;;ZT;Cart.Transf.Proveed.;0700020412;13.03.2024;;;0;13.03.2024;VED;14,1600;14,1600;0,0000;0,0000;0,0000;0,0000;0,0000;513,11;A6;K-Fletes;Z051;Transporte Y Almacen;;20240313-SFT01;14,16;USD;14,16
1000;11000044;AEROCAMIONES DE VENEZU;GUIA UPS 1Z2A282;;ZT;Cart.Transf.Proveed.;0700020743;31.05.2024;;;0;31.05.2024;VED;14,0700;14,0700;0,0000;0,0000;0,0000;0,0000;0,0000;514,08;A6;K-Fletes;Z051;Transporte Y Almacen;;20240531-SF113;14,07;USD;14,07
1000;11000044;AEROCAMIONES DE VENEZU;GUIA UPS 1Z600A5;;ZT;Cart.Transf.Proveed.;0700021474;06.09.2024;;;0;06.09.2024;VED;21,0100;21,0100;0,0000;0,0000;0,0000;0,0000;0,0000;770,74;A6;K-Fletes;Z051;Transporte Y Almacen;;20240906-SF426;21,01;USD;21,01
1000;11000096;INVERSIONES MANUEL CAM;001237;001237;RE;Factura bruto;5100024206;04.11.2024;NT00;Contado;  476;04.11.2024;VED;-2,242,0200;0,0000;0,0000;0,0000;0,0000;-2242,0200;0,0000;-95756,76;A6;K-Fletes;Z051;Transporte Y Almacen;;00-001237;-2167,13;USD;-2242,02
1000;11000096;INVERSIONES MANUEL CAM;001238;001238;RE;Factura bruto;5100024285;06.11.2024;NT00;Contado;  474;06.11.2024;VED;-105,6200;0,0000;0,0000;0,0000;0,0000;-105,6200;0,0000;-4589,99;A6;K-Fletes;Z051;Transporte Y Almacen;;00-001238;-100,87;USD;-105,62
1000;11000096;INVERSIONES MANUEL CAM;001239;001239;RE;Factura bruto;5100024334;11.11.2024;NT00;Contado;  469;11.11.2024;VED;-94,3200;0,0000;0,0000;0,0000;0,0000;-94,3200;0,0000;-4216,51;A6;K-Fletes;Z051;Transporte Y Almacen;;00-001239;-92,08;USD;-94,32
1000;11000096;INVERSIONES MANUEL CAM;001241;001241;RE;Factura bruto;5100024352;19.11.2024;NT00;Contado;  461;19.11.2024;VED;-146,7700;0,0000;0,0000;0,0000;0,0000;-146,7700;0,0000;-6720,51;A6;K-Fletes;Z051;Transporte Y Almacen;;00-001241;-145,90;USD;-146,77
1000;11000100;TRANSPORTE BOLL YANCE;001953;001953;RE;Factura bruto;5100023793;17.09.2024;NT00;Contado;  524;17.09.2024;VED;-1,370,9800;0,0000;0,0000;0,0000;0,0000;-1370,9800;0,0000;-50417,75;A6;K-Fletes;Z051;Transporte Y Almacen;;00-001953;-1363,17;USD;-1370,98
1000;11000100;TRANSPORTE BOLL YANCE;001968;001968;RE;Factura bruto;5100023858;07.10.2024;NT00;Contado;  504;07.10.2024;VED;-400,6200;0,0000;0,0000;0,0000;0,0000;-400,6200;0,0000;-14837,10;A6;K-Fletes;Z051;Transporte Y Almacen;;00-001968;-395,35;USD;-400,62
1000;11000100;TRANSPORTE BOLL YANCE;001969;001969;RE;Factura bruto;5100023859;07.10.2024;NT15;Crédito 15 Días;  489;22.10.2024;VED;-141,9600;0,0000;0,0000;0,0000;0,0000;-141,9600;0,0000;-5257,46;A6;K-Fletes;Z051;Transporte Y Almacen;;00-001969;-140,09;USD;-141,96
1000;11000100;TRANSPORTE BOLL YANCE;001965;001965;RE;Factura bruto;5100023860;01.10.2024;NT00;Contado;  510;01.10.2024;VED;-1,246,9500;0,0000;0,0000;0,0000;0,0000;-1246,9500;0,0000;-46040,72;A6;K-Fletes;Z051;Transporte Y Almacen;;00-001965;-1226,78;USD;-1246,95
1000;11000100;TRANSPORTE BOLL YANCE;001974;001974;RE;Factura bruto;5100024031;15.10.2024;NT00;Contado;  496;15.10.2024;VED;-155,9700;0,0000;0,0000;0,0000;0,0000;-155,9700;0,0000;-6065,47;A6;K-Fletes;Z051;Transporte Y Almacen;;00-001974;-148,36;USD;-155,97
1000;11000100;TRANSPORTE BOLL YANCE;001977;001977;RE;Factura bruto;5100024110;24.10.2024;NT00;Contado;  487;24.10.2024;VED;-260,7800;0,0000;0,0000;0,0000;0,0000;-260,7800;0,0000;-10290,87;A6;K-Fletes;Z051;Transporte Y Almacen;;00-001977;-246,56;USD;-260,78
1000;11000100;TRANSPORTE BOLL YANCE;001980;001980;RE;Factura bruto;5100024111;28.10.2024;NT00;Contado;  483;28.10.2024;VED;-169,2100;0,0000;0,0000;0,0000;0,0000;-169,2100;0,0000;-6944,74;A6;K-Fletes;Z051;Transporte Y Almacen;;00-001980;-166,40;USD;-169,21
1000;11000100;TRANSPORTE BOLL YANCE;001960;001960;RE;Factura bruto;5100024130;24.09.2024;NT00;Contado;  517;24.09.2024;VED;-230,7800;0,0000;0,0000;0,0000;0,0000;-230,7800;0,0000;-8495,68;A6;K-Fletes;Z051;Transporte Y Almacen;;00-001960;-201,20;USD;-230,78
1000;11000100;TRANSPORTE BOLL YANCE;001978;001978;RE;Factura bruto;5100024131;24.10.2024;NT15;Crédito 15 Días;  472;08.11.2024;VED;-200,7600;0,0000;0,0000;0,0000;0,0000;-200,7600;0,0000;-7922,16;A6;K-Fletes;Z051;Transporte Y Almacen;;00-001978;-187,61;USD;-200,76
1000;11000115;APTRANS, C.A.;000395;000395;RE;Factura bruto;5100024159;25.10.2024;NT00;Contado;  486;25.10.2024;VED;-465,8400;0,0000;0,0000;0,0000;0,0000;-465,8400;0,0000;-19043,84;A6;K-Fletes;Z051;Transporte Y Almacen;;00-000404;-438,23;USD;-465,84
1000;11000115;APTRANS, C.A.;000398;000398;RE;Factura bruto;5100024362;11.11.2024;NT30;Crédito 30 Días;  439;11.12.2024;VED;-222,9700;0,0000;0,0000;0,0000;0,0000;-222,9700;0,0000;-9967,59;A6;K-Fletes;Z051;Transporte Y Almacen;;00-000407;-215,15;USD;-222,97
1000;11000115;APTRANS, C.A.;000401;000401;RE;Factura bruto;5100024363;21.11.2024;NT30;Crédito 30 Días;  429;21.12.2024;VED;-200,2000;0,0000;0,0000;0,0000;0,0000;-200,2000;0,0000;-9220,74;A6;K-Fletes;Z051;Transporte Y Almacen;;00-000410;-199,04;USD;-200,20
1000;11000122;ANGEL ASDRUBAL VIANA;000730;000730;KR;Factura acreedor;1900018958;03.06.2024;NT00;Contado;  630;03.06.2024;VED;-55,9600;0,0000;0,0000;0,0000;0,0000;-55,9600;0,0000;-2044,76;A33;K-Transporte de Personal;Z050;Transporte;;00-000730;-56,04;USD;-55,96
1000;11000122;ANGEL ASDRUBAL VIANA;000729;000729;KR;Factura acreedor;1900018959;03.06.2024;NT00;Contado;  630;03.06.2024;VED;-78,6100;0,0000;0,0000;0,0000;0,0000;-78,6100;0,0000;-2872,24;A33;K-Transporte de Personal;Z050;Transporte;;00-000729;-78,71;USD;-78,61
1000;11000122;ANGEL ASDRUBAL VIANA;000738;000738;KR;Factura acreedor;1900019012;10.06.2024;NT00;Contado;  623;10.06.2024;VED;-78,6100;0,0000;0,0000;0,0000;0,0000;-78,6100;0,0000;-2867,54;A33;K-Transporte de Personal;Z050;Transporte;;00-000738;-78,70;USD;-78,61
1000;11000122;ANGEL ASDRUBAL VIANA;000748;000748;KR;Factura acreedor;1900019127;17.06.2024;NT00;Contado;  616;17.06.2024;VED;-78,5900;0,0000;0,0000;0,0000;0,0000;-78,5900;0,0000;-2862,82;A33;K-Transporte de Personal;Z050;Transporte;;00-000748;-78,67;USD;-78,59
1000;11000122;ANGEL ASDRUBAL VIANA;000762;000762;KR;Factura acreedor;1900019173;25.06.2024;NT00;Contado;  608;25.06.2024;VED;-155,2500;0,0000;0,0000;0,0000;0,0000;-155,2500;0,0000;-5646,71;A33;K-Transporte de Personal;Z050;Transporte;;00-000762;-155,20;USD;-155,25
1000;11000122;ANGEL ASDRUBAL VIANA;000764;000764;KR;Factura acreedor;1900019174;25.06.2024;NT00;Contado;  608;25.06.2024;VED;-197,7200;0,0000;0,0000;0,0000;0,0000;-197,7200;0,0000;-7191,45;A33;K-Transporte de Personal;Z050;Transporte;;00-000764;-197,67;USD;-197,72
1000;11000122;ANGEL ASDRUBAL VIANA;000763;000763;KR;Factura acreedor;1900019175;25.06.2024;NT00;Contado;  608;25.06.2024;VED;-260,1500;0,0000;0,0000;0,0000;0,0000;-260,1500;0,0000;-9462,46;A33;K-Transporte de Personal;Z050;Transporte;;00-000763;-260,08;USD;-260,15
1000;11000122;ANGEL ASDRUBAL VIANA;000761;000761;KR;Factura acreedor;1900019176;25.06.2024;NT00;Contado;  608;25.06.2024;VED;-78,6200;0,0000;0,0000;0,0000;0,0000;-78,6200;0,0000;-2859,70;A33;K-Transporte de Personal;Z050;Transporte;;00-000761;-78,60;USD;-78,62
1000;11000122;ANGEL ASDRUBAL VIANA;000742;000742;KR;Factura acreedor;1900019177;10.06.2024;NT00;Contado;  623;10.06.2024;VED;-211,1100;0,0000;0,0000;0,0000;0,0000;-211,1100;0,0000;-7700,98;A33;K-Transporte de Personal;Z050;Transporte;;00-000742;-211,67;USD;-211,11
1000;11000122;ANGEL ASDRUBAL VIANA;000751;000751;KR;Factura acreedor;1900019178;17.06.2024;NT00;Contado;  616;17.06.2024;VED;-180,4800;0,0000;0,0000;0,0000;0,0000;-180,4800;0,0000;-6574,76;A33;K-Transporte de Personal;Z050;Transporte;;00-000751;-180,71;USD;-180,48
1000;11000122;ANGEL ASDRUBAL VIANA;000750;000750;KR;Factura acreedor;1900019179;17.06.2024;NT00;Contado;  616;17.06.2024;VED;-230,7400;0,0000;0,0000;0,0000;0,0000;-230,7400;0,0000;-8405,76;A33;K-Transporte de Personal;Z050;Transporte;;00-000750;-231,03;USD;-230,74
1000;11000122;ANGEL ASDRUBAL VIANA;000749;000749;KR;Factura acreedor;1900019180;17.06.2024;NT00;Contado;  616;17.06.2024;VED;-204,7300;0,0000;0,0000;0,0000;0,0000;-204,7300;0,0000;-7458,11;A33;K-Transporte de Personal;Z050;Transporte;;00-000749;-205,00;USD;-204,73
1000;11000122;ANGEL ASDRUBAL VIANA;000741;000741;KR;Factura acreedor;1900019181;10.06.2024;NT00;Contado;  623;10.06.2024;VED;-281,6700;0,0000;0,0000;0,0000;0,0000;-281,6700;0,0000;-10275,00;A33;K-Transporte de Personal;Z050;Transporte;;00-000741;-282,42;USD;-281,67
1000;11000122;ANGEL ASDRUBAL VIANA;000775;000775;KR;Factura acreedor;1900019231;01.07.2024;NT00;Contado;  602;01.07.2024;VED;-62,9300;0,0000;0,0000;0,0000;0,0000;-62,9300;0,0000;-2293,64;A33;K-Transporte de Personal;Z050;Transporte;;00-000775;-62,88;USD;-62,93
1000;11000122;ANGEL ASDRUBAL VIANA;000776;000776;KR;Factura acreedor;1900019232;01.07.2024;NT00;Contado;  602;01.07.2024;VED;-28,2400;0,0000;0,0000;0,0000;0,0000;-28,2400;0,0000;-1029,39;A33;K-Transporte de Personal;Z050;Transporte;;00-000776;-28,22;USD;-28,24
1000;11000122;ANGEL ASDRUBAL VIANA;000785;000785;KR;Factura acreedor;1900019307;08.07.2024;NT00;Contado;  595;08.07.2024;VED;-57,5300;0,0000;0,0000;0,0000;0,0000;-57,5300;0,0000;-2100,61;A33;K-Transporte de Personal;Z050;Transporte;;00-000785;-57,49;USD;-57,53
1000;11000122;ANGEL ASDRUBAL VIANA;000784;000784;KR;Factura acreedor;1900019308;08.07.2024;NT00;Contado;  595;08.07.2024;VED;-62,9200;0,0000;0,0000;0,0000;0,0000;-62,9200;0,0000;-2297,40;A33;K-Transporte de Personal;Z050;Transporte;;00-000784;-62,88;USD;-62,92
1000;11000122;ANGEL ASDRUBAL VIANA;000786;000786;KR;Factura acreedor;1900019309;08.07.2024;NT00;Contado;  595;08.07.2024;VED;-229,5000;0,0000;0,0000;0,0000;0,0000;-229,5000;0,0000;-8379,46;A33;K-Transporte de Personal;Z050;Transporte;;00-000786;-229,32;USD;-229,50
1000;11000122;ANGEL ASDRUBAL VIANA;000797;000797;KR;Factura acreedor;1900019312;15.07.2024;NT00;Contado;  588;15.07.2024;VED;-78,6200;0,0000;0,0000;0,0000;0,0000;-78,6200;0,0000;-2871,46;A33;K-Transporte de Personal;Z050;Transporte;;00-000797;-78,52;USD;-78,62
1000;11000122;ANGEL ASDRUBAL VIANA;000810;000810;KR;Factura acreedor;1900019374;22.07.2024;NT00;Contado;  581;22.07.2024;VED;-78,6100;0,0000;0,0000;0,0000;0,0000;-78,6100;0,0000;-2877,72;A33;K-Transporte de Personal;Z050;Transporte;;00-000810;-78,59;USD;-78,61
1000;11000122;ANGEL ASDRUBAL VIANA;000811;000811;KR;Factura acreedor;1900019375;22.07.2024;NT00;Contado;  581;22.07.2024;VED;-70,2800;0,0000;0,0000;0,0000;0,0000;-70,2800;0,0000;-2572,78;A33;K-Transporte de Personal;Z050;Transporte;;00-000811;-70,27;USD;-70,28
1000;11000122;ANGEL ASDRUBAL VIANA;000817;000817;KR;Factura acreedor;1900019376;29.07.2024;NT00;Contado;  574;29.07.2024;VED;-78,6100;0,0000;0,0000;0,0000;0,0000;-78,6100;0,0000;-2877,72;A33;K-Transporte de Personal;Z050;Transporte;;00-000817;-78,59;USD;-78,61
1000;11000126;TRANSPORTE Y SERVICIOS;001262;001262;RE;Factura bruto;5100023950;11.10.2024;NT15;Crédito 15 Días;  485;26.10.2024;VED;-462,3800;0,0000;0,0000;0,0000;0,0000;-462,3800;0,0000;-17408,80;A6;K-Fletes;Z051;Transporte Y Almacen;;00-001262;-446,25;USD;-462,38
1000;11000126;TRANSPORTE Y SERVICIOS;001265;001265;RE;Factura bruto;5100023984;18.10.2024;NT10;Crédito 10 Días;  483;28.10.2024;VED;-335,9600;0,0000;0,0000;0,0000;0,0000;-335,9600;0,0000;-13147,67;A6;K-Fletes;Z051;Transporte Y Almacen;;00-001265;-334,35;USD;-335,96
1000;11000126;TRANSPORTE Y SERVICIOS;001266;001266;RE;Factura bruto;5100024170;04.11.2024;NT30;Crédito 30 Días;  446;04.12.2024;VED;-328,9800;0,0000;0,0000;0,0000;0,0000;-328,9800;0,0000;-14050,79;A6;K-Fletes;Z051;Transporte Y Almacen;;00-001266;-320,93;USD;-328,98
1000;11000138;TRANSPORTE HERMANOS  R;000-00266;000-00266;RE;Factura bruto;5100024152;28.10.2024;;;0;28.10.2024;VED;-557,0000;-557,0000;0,0000;0,0000;0,0000;0,0000;0,0000;-22860,69;A6;K-Fletes;Z051;Transporte Y Almacen;;00-000304;-526,04;USD;-557,00
1000;11000138;TRANSPORTE HERMANOS  R;000-00267;000-00267;RE;Factura bruto;5100024153;28.10.2024;;;0;28.10.2024;VED;-826,2000;-826,2000;0,0000;0,0000;0,0000;0,0000;0,0000;-33909,51;A6;K-Fletes;Z051;Transporte Y Almacen;;00-000305;-780,29;USD;-826,20
1000;11000138;TRANSPORTE HERMANOS  R;000-00270;000-00270;RE;Factura bruto;5100024186;04.11.2024;;;0;04.11.2024;VED;-977,7200;-977,7200;0,0000;0,0000;0,0000;0,0000;0,0000;-41758,55;A6;K-Fletes;Z051;Transporte Y Almacen;;00-000309;-945,07;USD;-977,72
1000;11000138;TRANSPORTE HERMANOS  R;000-00271;000-00271;RE;Factura bruto;5100024329;12.11.2024;;;0;12.11.2024;VED;-308,2300;-308,2300;0,0000;0,0000;0,0000;0,0000;0,0000;-13794,56;A6;K-Fletes;Z051;Transporte Y Almacen;;00-000313;-301,26;USD;-308,23
1000;11000138;TRANSPORTE HERMANOS  R;000-00269;000-00269;RE;Factura bruto;5100024330;12.11.2024;;;0;12.11.2024;VED;-828,9200;-828,9200;0,0000;0,0000;0,0000;0,0000;0,0000;-37097,91;A6;K-Fletes;Z051;Transporte Y Almacen;;00-000312;-810,18;USD;-828,92
1000;11000138;TRANSPORTE HERMANOS  R;000-00268;000-00268;RE;Factura bruto;5100024331;12.11.2024;;;0;12.11.2024;VED;-658,5000;-658,5000;0,0000;0,0000;0,0000;0,0000;0,0000;-29470,81;A6;K-Fletes;Z051;Transporte Y Almacen;;00-000311;-643,62;USD;-658,50
1000;11000138;TRANSPORTE HERMANOS  R;000-00272;000-00272;RE;Factura bruto;5100024332;12.11.2024;;;0;12.11.2024;VED;-531,5800;-531,5800;0,0000;0,0000;0,0000;0,0000;0,0000;-23790,60;A6;K-Fletes;Z051;Transporte Y Almacen;;00-000314;-519,56;USD;-531,58
1000;11000146;ISAAC VIP,C.A;00000616;00000616;RE;Factura bruto;5100024172;25.10.2024;;;0;25.10.2024;VED;-88,3100;-88,3100;0,0000;0,0000;0,0000;0,0000;0,0000;-3610,00;A33;K-Transporte de Personal;Z050;Transporte;;00-000660;-82,45;USD;-88,31
1000;11000146;ISAAC VIP,C.A;0;PRUEBA;RE;Factura bruto;5100024365;14.02.2025;;;0;14.02.2025;VED;-53,2200;-53,2200;0,0000;0,0000;0,0000;0,0000;0,0000;-3290,00;A33;K-Transporte de Personal;Z050;Transporte;;0;-71,01;USD;-53,22
1000;11000146;ISAAC VIP,C.A;FAC1;FAC1;RE;Factura bruto;5100024366;28.07.2025;;;0;28.07.2025;USD;-3,754,1200;-3754,1200;0,0000;0,0000;0,0000;0,0000;0,0000;-458640,27;A33;K-Transporte de Personal;Z050;Transporte;;SUSCRIPCION MIRO;-9900,00;USD;-3754,12
1000;11000146;ISAAC VIP,C.A;FAC2;FAC2;RE;Factura bruto;5100024367;28.07.2025;;;0;28.07.2025;USD;-1,209,6600;-1209,6600;0,0000;0,0000;0,0000;0,0000;0,0000;-147784,09;A33;K-Transporte de Personal;Z050;Transporte;;INPLEMENTACION MIRO;-3190,00;USD;-1209,66
1000;11000146;ISAAC VIP,C.A;FAC3;FAC3;RE;Factura bruto;5100024368;28.07.2025;;;0;28.07.2025;USD;-1,209,6600;-1209,6600;0,0000;0,0000;0,0000;0,0000;0,0000;-147784,09;A33;K-Transporte de Personal;Z050;Transporte;;INPLEMENTACION MIRO 2;-3190,00;USD;-1209,66
1000;11000146;ISAAC VIP,C.A;FAC4;FAC4;RE;Factura bruto;5100024369;28.07.2025;;;0;28.07.2025;USD;-219,9400;-219,9400;0,0000;0,0000;0,0000;0,0000;0,0000;-26869,83;A33;K-Transporte de Personal;Z050;Transporte;;POST IMPL MIRO;-580,00;USD;-219,94
1000;11000151;SERVICIOS Y TRANSPORTE;000133;000133;RE;Factura bruto;5100024144;25.10.2024;;;0;25.10.2024;VED;-1,251,5800;-1251,5800;0,0000;0,0000;0,0000;0,0000;0,0000;-51164,89;A6;K-Fletes;Z051;Transporte Y Almacen;;00-000133;-1197,95;USD;-1251,58
1000;11000151;SERVICIOS Y TRANSPORTE;000137;000137;RE;Factura bruto;5100024157;29.10.2024;;;0;29.10.2024;VED;-974,5700;-974,5700;0,0000;0,0000;0,0000;0,0000;0,0000;-40674,82;A6;K-Fletes;Z051;Transporte Y Almacen;;00-000137;-935,96;USD;-974,57
1000;11000151;SERVICIOS Y TRANSPORTE;000143;000143;RE;Factura bruto;5100024169;05.11.2024;NT15;Crédito 15 Días;  460;20.11.2024;VED;-172,2500;0,0000;0,0000;0,0000;0,0000;-172,2500;0,0000;-7381,98;A6;K-Fletes;Z051;Transporte Y Almacen;;00-000143;-168,61;USD;-172,25
1000;11000151;SERVICIOS Y TRANSPORTE;000140;000140;RE;Factura bruto;5100024187;05.11.2024;;;0;05.11.2024;VED;-1,761,8200;-1761,8200;0,0000;0,0000;0,0000;0,0000;0,0000;-75506,30;A6;K-Fletes;Z051;Transporte Y Almacen;;00-000140;-1708,83;USD;-1761,82
1000;11000151;SERVICIOS Y TRANSPORTE;000129;000129;RE;Factura bruto;5100024231;16.10.2024;;;0;16.10.2024;VED;-130,5600;-130,5600;0,0000;0,0000;0,0000;0,0000;0,0000;-5080,98;A6;K-Fletes;Z051;Transporte Y Almacen;;00-000129;-116,92;USD;-130,56
1000;11000151;SERVICIOS Y TRANSPORTE;000144;000144;RE;Factura bruto;5100024287;13.11.2024;NT00;Contado;  467;13.11.2024;VED;-389,6100;0,0000;0,0000;0,0000;0,0000;-389,6100;0,0000;-17504,76;A6;K-Fletes;Z051;Transporte Y Almacen;;00-000144;-384,65;USD;-389,61
1000;11000151;SERVICIOS Y TRANSPORTE;000148;000148;RE;Factura bruto;5100024364;21.11.2024;NT15;Crédito 15 Días;  444;06.12.2024;VED;-169,5800;0,0000;0,0000;0,0000;0,0000;-169,5800;0,0000;-7810,62;A6;K-Fletes;Z051;Transporte Y Almacen;;00-000148;-168,60;USD;-169,58
1000;11000154;TRANSPORTE YISFA, C.A;00000105;00000105;RE;Factura bruto;5100023982;18.10.2024;NT00;Contado;  493;18.10.2024;VED;-122,9900;0,0000;0,0000;0,0000;0,0000;-122,9900;0,0000;-4813,18;A6;K-Fletes;Z051;Transporte Y Almacen;;00-00000105;-122,39;USD;-122,99
1000;11000154;TRANSPORTE YISFA, C.A;00000104;00000104;RE;Factura bruto;5100024043;18.10.2024;;;0;18.10.2024;VED;-910,0700;-910,0700;0,0000;0,0000;0,0000;0,0000;0,0000;-35615,20;A6;K-Fletes;Z051;Transporte Y Almacen;;00-00000104;-871,20;USD;-910,07
1000;11000154;TRANSPORTE YISFA, C.A;00000107;00000107;RE;Factura bruto;5100024147;28.10.2024;;;0;28.10.2024;VED;-623,7900;-623,7900;0,0000;0,0000;0,0000;0,0000;0,0000;-25602,17;A6;K-Fletes;Z051;Transporte Y Almacen;;00-00000107;-599,45;USD;-623,79
1000;11000154;TRANSPORTE YISFA, C.A;00000106;00000106;RE;Factura bruto;5100024156;28.10.2024;;;0;28.10.2024;VED;-142,1400;-142,1400;0,0000;0,0000;0,0000;0,0000;0,0000;-5833,88;A6;K-Fletes;Z051;Transporte Y Almacen;;00-00000106;-134,25;USD;-142,14
1000;11000157;JOSE ALBERTO VALERO PA;0182;0182;KR;Factura acreedor;1900018052;13.12.2023;NT00;Contado;  784;13.12.2023;VED;-316,9900;0,0000;0,0000;0,0000;0,0000;-316,9900;0,0000;-11276,08;A19;K-Operaciones Nacionalización;Z050;Transporte;;00-00182;-313,17;USD;-316,99
1000;11000157;JOSE ALBERTO VALERO PA;0201;0201;KR;Factura acreedor;1900018245;29.01.2024;NT00;Contado;  753;29.01.2024;VED;-316,9900;0,0000;0,0000;0,0000;0,0000;-316,9900;0,0000;-11475,66;A19;K-Operaciones Nacionalización;Z050;Transporte;;00-00201;-316,20;USD;-316,99
1000;11000157;JOSE ALBERTO VALERO PA;0197;0197;KR;Factura acreedor;1900018253;29.01.2024;NT00;Contado;  756;29.01.2024;VED;-317,0000;0,0000;0,0000;0,0000;0,0000;-317,0000;0,0000;-11475,86;A19;K-Operaciones Nacionalización;Z050;Transporte;;00-000197;-315,98;USD;-317,00
1000;11000157;JOSE ALBERTO VALERO PA;0250;0250;KR;Factura acreedor;1900018542;26.03.2024;NT00;Contado;  689;26.03.2024;VED;-1,132,7500;0,0000;0,0000;0,0000;0,0000;-1132,7500;0,0000;-41119,43;A19;K-Operaciones Nacionalización;Z050;Transporte;;00-000250;-1135,57;USD;-1132,75
1000;11000157;JOSE ALBERTO VALERO PA;0296;0296;KR;Factura acreedor;1900019254;14.06.2024;NT00;Contado;  594;14.06.2024;VED;-283,1200;0,0000;0,0000;0,0000;0,0000;-283,1200;0,0000;-10313,80;A19;K-Operaciones Nacionalización;Z050;Transporte;;00-000296;-282,65;USD;-283,12
1000;11000157;JOSE ALBERTO VALERO PA;0307;0307;KR;Factura acreedor;1900019339;18.07.2024;NT00;Contado;  580;18.07.2024;VED;-849,6100;0,0000;0,0000;0,0000;0,0000;-849,6100;0,0000;-31045,31;A19;K-Operaciones Nacionalización;Z050;Transporte;;00-000307;-849,82;USD;-849,61
1000;11000157;JOSE ALBERTO VALERO PA;0310;0310;KR;Factura acreedor;1900019340;18.07.2024;NT00;Contado;  580;18.07.2024;VED;-283,3400;0,0000;0,0000;0,0000;0,0000;-283,3400;0,0000;-10353,44;A19;K-Operaciones Nacionalización;Z050;Transporte;;00-000310;-283,41;USD;-283,34
1000;11000157;JOSE ALBERTO VALERO PA;0311;0311;KR;Factura acreedor;1900019455;16.08.2024;NT00;Contado;  551;16.08.2024;VED;-283,3700;0,0000;0,0000;0,0000;0,0000;-283,3700;0,0000;-10393,08;A19;K-Operaciones Nacionalización;Z050;Transporte;;00-000311;-283,32;USD;-283,37
1000;11000157;JOSE ALBERTO VALERO PA;0312;0312;KR;Factura acreedor;1900019456;16.08.2024;NT00;Contado;  551;16.08.2024;VED;-283,3700;0,0000;0,0000;0,0000;0,0000;-283,3700;0,0000;-10393,08;A19;K-Operaciones Nacionalización;Z050;Transporte;;00-000312;-283,32;USD;-283,37
1000;11000157;JOSE ALBERTO VALERO PA;0313;0313;KR;Factura acreedor;1900019519;29.08.2024;NT00;Contado;  543;29.08.2024;VED;-283,6400;0,0000;0,0000;0,0000;0,0000;-283,6400;0,0000;-10378,92;A19;K-Operaciones Nacionalización;Z050;Transporte;;00-000313;-283,37;USD;-283,64
1000;11000157;JOSE ALBERTO VALERO PA;0317;0317;KR;Factura acreedor;1900019546;10.09.2024;NT00;Contado;  531;10.09.2024;VED;-566,4000;0,0000;0,0000;0,0000;0,0000;-566,4000;0,0000;-20778,65;A19;K-Operaciones Nacionalización;Z050;Transporte;;00-000317;-566,41;USD;-566,40
1000;11000157;JOSE ALBERTO VALERO PA;0320;0320;KR;Factura acreedor;1900019609;20.09.2024;NT00;Contado;  521;20.09.2024;VED;-282,4100;0,0000;0,0000;0,0000;0,0000;-282,4100;0,0000;-10393,08;A19;K-Operaciones Nacionalización;Z050;Transporte;;00-000320;-282,32;USD;-282,41
1000;11000157;JOSE ALBERTO VALERO PA;0324;0324;KR;Factura acreedor;1900019725;07.10.2024;NT00;Contado;  504;07.10.2024;VED;-566,5500;0,0000;0,0000;0,0000;0,0000;-566,5500;0,0000;-20982,51;A19;K-Operaciones Nacionalización;Z050;Transporte;;00-000324;-502,74;USD;-566,55
1000;11000157;JOSE ALBERTO VALERO PA;0327;0327;KR;Factura acreedor;1900019726;07.10.2024;NT00;Contado;  504;07.10.2024;VED;-283,3700;0,0000;0,0000;0,0000;0,0000;-283,3700;0,0000;-10495,01;A19;K-Operaciones Nacionalización;Z050;Transporte;;00-000327;-251,46;USD;-283,37
1000;11000157;JOSE ALBERTO VALERO PA;0325;0325;KR;Factura acreedor;1900019727;07.10.2024;NT00;Contado;  504;07.10.2024;VED;-566,5500;0,0000;0,0000;0,0000;0,0000;-566,5500;0,0000;-20982,51;A19;K-Operaciones Nacionalización;Z050;Transporte;;00-000325;-502,74;USD;-566,55
1000;11000157;JOSE ALBERTO VALERO PA;0328;0328;KR;Factura acreedor;1900019750;30.10.2024;NT00;Contado;  481;30.10.2024;VED;-283,3500;0,0000;0,0000;0,0000;0,0000;-283,3500;0,0000;-11964,50;A19;K-Operaciones Nacionalización;Z050;Transporte;;00-000328;-281,11;USD;-283,35
1000;11000157;JOSE ALBERTO VALERO PA;0330;0330;KR;Factura acreedor;1900019796;11.11.2024;NT00;Contado;  469;11.11.2024;VED;-566,4000;0,0000;0,0000;0,0000;0,0000;-566,4000;0,0000;-25320,22;A19;K-Operaciones Nacionalización;Z050;Transporte;;00-000330;-565,75;USD;-566,40
1000;11000163;TRANSPORTE ZEUS 2023 C;000190;000190;RE;Factura bruto;5100023864;02.10.2024;NT00;Contado;  509;02.10.2024;VED;-257,1200;0,0000;0,0000;0,0000;0,0000;-257,1200;0,0000;-9492,66;A6;K-Fletes;Z051;Transporte Y Almacen;;00-000190;-252,94;USD;-257,12
1000;11000163;TRANSPORTE ZEUS 2023 C;000193;000193;RE;Factura bruto;5100023948;08.10.2024;NT00;Contado;  503;08.10.2024;VED;-888,0100;0,0000;0,0000;0,0000;0,0000;-888,0100;0,0000;-32891,52;A6;K-Fletes;Z051;Transporte Y Almacen;;00-000193;-843,12;USD;-888,01
1000;11000163;TRANSPORTE ZEUS 2023 C;000197;000197;RE;Factura bruto;5100024107;23.10.2024;NT15;Crédito 15 Días;  473;07.11.2024;VED;-131,2500;0,0000;0,0000;0,0000;0,0000;-131,2500;0,0000;-5161,28;A6;K-Fletes;Z051;Transporte Y Almacen;;00-000197;-123,66;USD;-131,25
1000;11000163;TRANSPORTE ZEUS 2023 C;000200;000200;RE;Factura bruto;5100024158;29.10.2024;NT00;Contado;  482;29.10.2024;VED;-646,2500;0,0000;0,0000;0,0000;0,0000;-646,2500;0,0000;-26972,14;A6;K-Fletes;Z051;Transporte Y Almacen;;00-000200;-620,64;USD;-646,25
1000;11000163;TRANSPORTE ZEUS 2023 C;000198;000198;RE;Factura bruto;5100024198;23.10.2024;NT00;Contado;  488;23.10.2024;VED;-53,5600;0,0000;0,0000;0,0000;0,0000;-53,5600;0,0000;-2106,32;A6;K-Fletes;Z051;Transporte Y Almacen;;00-000198;-47,67;USD;-53,56
1000;11000163;TRANSPORTE ZEUS 2023 C;000203;000203;RE;Factura bruto;5100024286;05.11.2024;NT00;Contado;  475;05.11.2024;VED;-391,2900;0,0000;0,0000;0,0000;0,0000;-391,2900;0,0000;-16769,66;A6;K-Fletes;Z051;Transporte Y Almacen;;00-000203;-368,50;USD;-391,29
1000;11000164;TRANSPORTE SANCHEZ ORT;5110;5110;RE;Factura bruto;5100024035;15.10.2024;NT00;Contado;  496;15.10.2024;VED;-1,056,4100;0,0000;0,0000;0,0000;0,0000;-1056,4100;0,0000;-41081,66;A6;K-Fletes;Z051;Transporte Y Almacen;;00-003190;-1004,93;USD;-1056,41
1000;11000164;TRANSPORTE SANCHEZ ORT;5112;5112;RE;Factura bruto;5100024036;18.10.2024;NT00;Contado;  493;18.10.2024;VED;-289,9500;0,0000;0,0000;0,0000;0,0000;-289,9500;0,0000;-11346,97;A6;K-Fletes;Z051;Transporte Y Almacen;;00-003192;-277,56;USD;-289,95
1000;11000164;TRANSPORTE SANCHEZ ORT;5111;5111;RE;Factura bruto;5100024037;18.10.2024;NT00;Contado;  493;18.10.2024;VED;-616,0300;0,0000;0,0000;0,0000;0,0000;-616,0300;0,0000;-24107,81;A6;K-Fletes;Z051;Transporte Y Almacen;;00-003191;-589,72;USD;-616,03
1000;11000164;TRANSPORTE SANCHEZ ORT;5115;5115;RE;Factura bruto;5100024112;28.10.2024;NT15;Crédito 15 Días;  468;12.11.2024;VED;-156,8200;0,0000;0,0000;0,0000;0,0000;-156,8200;0,0000;-6436,52;A6;K-Fletes;Z051;Transporte Y Almacen;;00-003197;-154,22;USD;-156,82
1000;11000164;TRANSPORTE SANCHEZ ORT;5113;5113;RE;Factura bruto;5100024148;24.10.2024;NT00;Contado;  487;24.10.2024;VED;-1,057,2200;0,0000;0,0000;0,0000;0,0000;-1057,2200;0,0000;-41719,72;A6;K-Fletes;Z051;Transporte Y Almacen;;00-003193;-976,80;USD;-1057,22
1000;11000164;TRANSPORTE SANCHEZ ORT;5114;5114;RE;Factura bruto;5100024151;25.10.2024;NT00;Contado;  486;25.10.2024;VED;-1,355,7400;0,0000;0,0000;0,0000;0,0000;-1355,7400;0,0000;-55423,06;A6;K-Fletes;Z051;Transporte Y Almacen;;00-003195;-1275,35;USD;-1355,74
1000;11000164;TRANSPORTE SANCHEZ ORT;5116;5116;RE;Factura bruto;5100024193;30.10.2024;NT00;Contado;  481;30.10.2024;VED;-1,598,5300;0,0000;0,0000;0,0000;0,0000;-1598,5300;0,0000;-67499,00;A6;K-Fletes;Z051;Transporte Y Almacen;;00-003198;-1527,61;USD;-1598,53
1000;11000164;TRANSPORTE SANCHEZ ORT;5117;5117;RE;Factura bruto;5100024194;30.10.2024;NT00;Contado;  481;30.10.2024;VED;-148,0700;0,0000;0,0000;0,0000;0,0000;-148,0700;0,0000;-6252,55;A6;K-Fletes;Z051;Transporte Y Almacen;;00-003199;-141,50;USD;-148,07
1000;11000164;TRANSPORTE SANCHEZ ORT;5118;5118;RE;Factura bruto;5100024195;05.11.2024;NT00;Contado;  475;05.11.2024;VED;-147,6600;0,0000;0,0000;0,0000;0,0000;-147,6600;0,0000;-6328,10;A6;K-Fletes;Z051;Transporte Y Almacen;;00-003201;-143,22;USD;-147,66
1000;11000164;TRANSPORTE SANCHEZ ORT;5119;5119;RE;Factura bruto;5100024196;05.11.2024;NT00;Contado;  475;05.11.2024;VED;-278,7900;0,0000;0,0000;0,0000;0,0000;-278,7900;0,0000;-11947,86;A6;K-Fletes;Z051;Transporte Y Almacen;;00-003202;-270,40;USD;-278,79
1000;11000164;TRANSPORTE SANCHEZ ORT;5120;5120;RE;Factura bruto;5100024197;05.11.2024;NT00;Contado;  475;05.11.2024;VED;-1,356,9000;0,0000;0,0000;0,0000;0,0000;-1356,9000;0,0000;-58152,72;A6;K-Fletes;Z051;Transporte Y Almacen;;00-003203;-1316,08;USD;-1356,90
1000;11000164;TRANSPORTE SANCHEZ ORT;5122;5122;RE;Factura bruto;5100024333;12.11.2024;NT00;Contado;  468;12.11.2024;VED;-442,7900;0,0000;0,0000;0,0000;0,0000;-442,7900;0,0000;-19816,83;A6;K-Fletes;Z051;Transporte Y Almacen;;00-003205;-432,79;USD;-442,79
1000;11000166;INVERSIONES HL 0717 C.;000365;000365;RE;Factura bruto;5100024150;28.10.2024;NT00;Contado;  483;28.10.2024;VED;-1,544,5400;0,0000;0,0000;0,0000;0,0000;-1544,5400;0,0000;-63392,51;A6;K-Fletes;Z051;Transporte Y Almacen;;00-000365;-1458,71;USD;-1544,54
1000;11000166;INVERSIONES HL 0717 C.;000367;000367;RE;Factura bruto;5100024192;05.11.2024;NT00;Contado;  475;05.11.2024;VED;-2,327,5200;0,0000;0,0000;0,0000;0,0000;-2327,5200;0,0000;-99750,08;A6;K-Fletes;Z051;Transporte Y Almacen;;00-000367;-2257,49;USD;-2327,52
1000;11000167;TRANSPORTE LOGISTICO 2;000188;000188;RE;Factura bruto;5100023771;26.09.2024;;;0;26.09.2024;VED;-2,593,0300;-2593,0300;0,0000;0,0000;0,0000;0,0000;0,0000;-95555,04;A6;K-Fletes;Z051;Transporte Y Almacen;;00-000188;-2583,87;USD;-2593,03
1000;11000167;TRANSPORTE LOGISTICO 2;000208;000208;RE;Factura bruto;5100024044;18.10.2024;;;0;18.10.2024;VED;-2,507,9500;-2507,9500;0,0000;0,0000;0,0000;0,0000;0,0000;-98147,05;A6;K-Fletes;Z051;Transporte Y Almacen;;00-000208;-2400,83;USD;-2507,95
1000;11000167;TRANSPORTE LOGISTICO 2;000228;000228;RE;Factura bruto;5100024201;31.10.2024;;;0;31.10.2024;VED;-3,192,2000;-3192,2000;0,0000;0,0000;0,0000;0,0000;0,0000;-135867,15;A6;K-Fletes;Z051;Transporte Y Almacen;;00-000228;-3074,88;USD;-3192,20
1000;11000171;TRANSDUARTE DE VENEZUE;0377;0377;RE;Factura bruto;5100023976;09.10.2024;NT00;Contado;  502;09.10.2024;VED;-172,0200;0,0000;0,0000;0,0000;0,0000;-172,0200;0,0000;-6377,47;A6;K-Fletes;Z051;Transporte Y Almacen;;00-000377;-162,17;USD;-172,02
1000;11000171;TRANSDUARTE DE VENEZUE;0378;0378;RE;Factura bruto;5100024145;21.10.2024;NT00;Contado;  490;21.10.2024;VED;-280,6300;0,0000;0,0000;0,0000;0,0000;-280,6300;0,0000;-10992,21;A6;K-Fletes;Z051;Transporte Y Almacen;;00-000378;-257,37;USD;-280,63
1000;11000171;TRANSDUARTE DE VENEZUE;0379;0379;RE;Factura bruto;5100024146;24.10.2024;NT00;Contado;  487;24.10.2024;VED;-106,3700;0,0000;0,0000;0,0000;0,0000;-106,3700;0,0000;-4197,60;A6;K-Fletes;Z051;Transporte Y Almacen;;00-000379;-98,29;USD;-106,37
1000;11000171;TRANSDUARTE DE VENEZUE;0382;0382;RE;Factura bruto;5100024189;05.11.2024;NT00;Contado;  475;05.11.2024;VED;-119,6400;0,0000;0,0000;0,0000;0,0000;-119,6400;0,0000;-5127,23;A6;K-Fletes;Z051;Transporte Y Almacen;;00-000382;-116,04;USD;-119,64
1000;11000171;TRANSDUARTE DE VENEZUE;0381;0381;RE;Factura bruto;5100024190;30.10.2024;NT00;Contado;  481;30.10.2024;VED;-254,0400;0,0000;0,0000;0,0000;0,0000;-254,0400;0,0000;-10727,12;A6;K-Fletes;Z051;Transporte Y Almacen;;00-000381;-242,77;USD;-254,04
1000;11000171;TRANSDUARTE DE VENEZUE;0380;0380;RE;Factura bruto;5100024191;28.10.2024;NT00;Contado;  483;28.10.2024;VED;-457,0200;0,0000;0,0000;0,0000;0,0000;-457,0200;0,0000;-18757,44;A6;K-Fletes;Z051;Transporte Y Almacen;;00-000380;-424,51;USD;-457,02
1000;11000173;TRANSPORTE Y SERVICIOS;000013;000013;RE;Factura bruto;5100024200;30.10.2024;NT00;Contado;  481;30.10.2024;VED;-736,3400;0,0000;0,0000;0,0000;0,0000;-736,3400;0,0000;-31092,59;A6;K-Fletes;Z051;Transporte Y Almacen;;00-000013;-703,67;USD;-736,34
1000;20000001;ATIKA SYSTEMS;;;SA;Documento cta.mayor;0100155150;27.01.2020;N180;Crédito 180 Días; 2039;25.07.2020;USD5;-803,0600;0,0000;0,0000;0,0000;0,0000;-803,0600;0,0000;-3245,83;A14;K-Materia Prima Extranjera;Z053;Materia Prima;;;-43466,73;USD;-803,06
1000;20000001;ATIKA SYSTEMS;DIFERENCIAL;DIFERENCIAL;SA;Documento cta.mayor;0100155438;31.12.2020;N180;Crédito 180 Días; 1700;29.06.2021;USD5;-11,104,0000;0,0000;0,0000;0,0000;0,0000;-11104,0000;0,0000;-44880,48;A14;K-Materia Prima Extranjera;Z053;Materia Prima;;;-0,01;USD;-11104,00
1000;20000001;ATIKA SYSTEMS;DIFERENCIAL;DIFERENCIAL;SA;Documento cta.mayor;0100183602;31.12.2021;N180;Crédito 180 Días; 1335;29.06.2022;USD;-33,052,0600;0,0000;0,0000;0,0000;0,0000;-33052,0600;0,0000;-151699,03;A14;K-Materia Prima Extranjera;Z053;Materia Prima;;DIFERENCIAL;-0,01;USD;-33052,06
1000;20000001;ATIKA SYSTEMS;DIFERENCIAL;DIFERENCIAL;SA;Documento cta.mayor;0100201602;31.12.2022;N180;Crédito 180 Días;  970;29.06.2023;USD;-31,901,8900;0,0000;0,0000;0,0000;0,0000;-31901,8900;0,0000;-551223,25;A14;K-Materia Prima Extranjera;Z053;Materia Prima;;DIFERENCIAL;-0,01;USD;-31901,89
1000;20000001;ATIKA SYSTEMS;ANTICIPO;;SA;Documento cta.mayor;0100213986;22.02.2023;;;0;22.02.2023;USD;2,557,9700;2557,9700;0,0000;0,0000;0,0000;0,0000;0,0000;62417,95;A14;K-Materia Prima Extranjera;Z053;Materia Prima;;;2235,06;USD;2557,97
1000;20000001;ATIKA SYSTEMS;DIFERENCIAL;DIFERENCIAL;SA;Documento cta.mayor;0100231626;31.12.2023;;;0;31.12.2023;USD;585,4900;585,4900;0,0000;0,0000;0,0000;0,0000;0,0000;21037,07;A14;K-Materia Prima Extranjera;Z053;Materia Prima;;;0,01;USD;585,49
1000;20000001;ATIKA SYSTEMS;DIFERENCIAL;DIFERENCIAL;SA;Documento cta.mayor;0100231672;31.12.2023;N180;Crédito 180 Días;  605;28.06.2024;USD;-22,563,9200;0,0000;0,0000;0,0000;0,0000;-22563,9200;0,0000;-810732,75;A14;K-Materia Prima Extranjera;Z053;Materia Prima;;;-0,01;USD;-22563,92
1000;20000005;GIVAUDAN  INTERNATIONA;OC 43-0560;;SA;Documento cta.mayor;0100247431;21.06.2024;;;0;21.06.2024;USD;5,252,5300;5252,5300;0,0000;0,0000;0,0000;0,0000;0,0000;191081,17;A14;K-Materia Prima Extranjera;Z053;Materia Prima;;;5297,31;USD;5252,53
1000;20000005;GIVAUDAN  INTERNATIONA;FTFT 57699952;DF FTFT 57699952;SA;Documento cta.mayor;0100251404;07.08.2024;NT00;Contado;  565;07.08.2024;USD;-5,178,3500;0,0000;0,0000;0,0000;0,0000;-5178,3500;0,0000;-189860,20;A14;K-Materia Prima Extranjera;Z053;Materia Prima;;DF FTFT 57699952 OC43-579;-5188,16;USD;-5178,35
1000;20000005;GIVAUDAN  INTERNATIONA;OC 43-0613;OC 43-0613;KZ;Pago acreedor;1500012080;10.09.2024;;;0;10.09.2024;USD;20,850,6000;20850,6000;0,0000;0,0000;0,0000;0,0000;0,0000;764912,60;A14;K-Materia Prima Extranjera;Z053;Materia Prima;;OC 43-0613;20850,60;USD;20850,60
1000;20000005;GIVAUDAN  INTERNATIONA;OC 43-0613;OC 43-0613;KZ;Pago acreedor;1500012375;24.10.2024;;;0;24.10.2024;USD;27,862,2400;27862,2400;0,0000;0,0000;0,0000;0,0000;0,0000;1099491,36;A14;K-Materia Prima Extranjera;Z053;Materia Prima;;OC 43-0613;27862,24;USD;27862,24
1000;20000005;GIVAUDAN  INTERNATIONA;57586036;57586036;RE;Factura bruto;5100023090;17.01.2024;NT01;Prepagado;  768;17.01.2024;USD;-2,664,8400;0,0000;0,0000;0,0000;0,0000;-2664,8400;0,0000;-96058,49;A14;K-Materia Prima Extranjera;Z053;Materia Prima;;OC 43-529 F-57586036;-2647,99;USD;-2664,84
1000;20000005;GIVAUDAN  INTERNATIONA;NC 20240125;NC 20240125;RE;Factura bruto;5100023127;25.01.2024;N180;Crédito 180 Días;  580;23.07.2024;USD;7,034,9300;0,0000;0,0000;0,0000;0,0000;7034,9300;0,0000;254092,36;A14;K-Materia Prima Extranjera;Z053;Materia Prima;;OC - 57-139  NC 20240125;6950,20;USD;7034,93
1000;20000005;GIVAUDAN  INTERNATIONA;0201005786;0201005786;RE;Factura bruto;5100023764;26.07.2024;N180;Crédito 180 Días;  397;22.01.2025;USD;0,0000;0,0000;0,0000;0,0000;0,0000;0,0000;0,0000;-0,01;A14;K-Materia Prima Extranjera;Z053;Materia Prima;;OC - 43-579 EXP20103076;0,00;USD;0,00
1000;20000005;GIVAUDAN  INTERNATIONA;FT 57654724;FT 57654724;RE;Factura bruto;5100024139;07.08.2024;N180;Crédito 180 Días;  385;03.02.2025;USD;0,0000;0,0000;0,0000;0,0000;0,0000;0,0000;0,0000;0,01;A14;K-Materia Prima Extranjera;Z053;Materia Prima;;OC - 43-579 EXP20103076;0,00;USD;0,00
1000;20000005;GIVAUDAN  INTERNATIONA;FT 57802807;FT 57802807;RE;Factura bruto;5100024164;03.10.2024;NT01;Prepagado;  508;03.10.2024;USD;-24,163,4100;0,0000;0,0000;0,0000;0,0000;-24163,4100;0,0000;-893592,08;A14;K-Materia Prima Extranjera;Z053;Materia Prima;;OC - 43-613 EXP 20240164;-20850,60;USD;-24163,41
1000;20000005;GIVAUDAN  INTERNATIONA;57595233;57595233;RE;Factura bruto;5100024318;12.06.2024;NT01;Prepagado;  621;12.06.2024;USD;0,0000;0,0000;0,0000;0,0000;0,0000;0,0000;0,0000;0,01;A14;K-Materia Prima Extranjera;Z053;Materia Prima;;OC 43-528 F575995233;0,00;USD;0,00
1000;20000011;PRESSING PLASTIC, S.R.;;;SA;Documento cta.mayor;0100230345;04.12.2023;;;0;04.12.2023;VED;3,648,2300;3648,2300;0,0000;0,0000;0,0000;0,0000;0,0000;129806,22;A14;K-Materia Prima Extranjera;Z053;Materia Prima;;;96404,90;USD;3648,23
1000;20000011;PRESSING PLASTIC, S.R.;DIFERENCIAL;DIFERENCIAL;SA;Documento cta.mayor;0100231629;31.12.2023;;;0;31.12.2023;USD;92,792,2000;92792,2000;0,0000;0,0000;0,0000;0,0000;0,0000;3334070,04;A14;K-Materia Prima Extranjera;Z053;Materia Prima;;;0,01;USD;92792,20
1000;20000018;ARTES GRAFICAS MODERNA;OC 430000601;OC 430000601;KZ;Pago acreedor;1500012121;13.09.2024;;;0;13.09.2024;USD;3,940,0000;3940,0000;0,0000;0,0000;0,0000;0,0000;0,0000;144759,54;A14;K-Materia Prima Extranjera;Z053;Materia Prima;;OC 430000601;3940,00;USD;3940,00
1000;20000018;ARTES GRAFICAS MODERNA;OC 43-0601;OC 43-0601;KZ;Pago acreedor;1500012281;15.10.2024;;;0;15.10.2024;USD;902,9500;902,9500;0,0000;0,0000;0,0000;0,0000;0,0000;35113,92;A14;K-Materia Prima Extranjera;Z053;Materia Prima;;OC 43-0601;902,95;USD;902,95
1000;20000018;ARTES GRAFICAS MODERNA;INTERNAL WIRE 202;OC 43-0639;KZ;Pago acreedor;1500012433;06.11.2024;;;0;06.11.2024;USD;4,000,0000;4000,0000;0,0000;0,0000;0,0000;0,0000;0,0000;173830,40;A14;K-Materia Prima Extranjera;Z053;Materia Prima;;OC 43-0639;4000,00;USD;4000,00
1000;20000018;ARTES GRAFICAS MODERNA;FTE0003-00004404;FTE0003-00004404;RE;Factura bruto;5100024245;15.10.2024;NT00;Contado;  496;15.10.2024;USD;-5,502,7500;0,0000;0,0000;0,0000;0,0000;-5502,7500;0,0000;-213991,07;A14;K-Materia Prima Extranjera;Z053;Materia Prima;;OC - 43-601 EXP 20240167;-4842,95;USD;-5502,75
1000;20000018;ARTES GRAFICAS MODERNA;EXP 20240167;EXP 20240167;RE;Factura bruto;5100024246;06.11.2024;NT00;Contado;  474;06.11.2024;VED;-913,9200;0,0000;0,0000;0,0000;0,0000;-913,9200;0,0000;-39716,57;A14;K-Materia Prima Extranjera;Z053;Materia Prima;;OC - 43-601 EXP 20240167;-887,43;USD;-913,92
1000;20000023;TEKNOWEB CONVERTING S.;4300000622;4300000622;KZ;Pago acreedor;1500012251;01.10.2024;;;0;01.10.2024;USD;2,813,8500;2813,8500;0,0000;0,0000;0,0000;0,0000;0,0000;103894,94;A39;K- Repuestos Exterior;Z041;Repuestos;;4300000622;2813,85;USD;2813,85
1000;20000024;EVERWEAR INC.;DIFERENCIAL;DIFERENCIAL;SA;Documento cta.mayor;0100231631;31.12.2023;;;0;31.12.2023;USD;4,2800;4,2800;0,0000;0,0000;0,0000;0,0000;0,0000;153,77;A39;K- Repuestos Exterior;Z041;Repuestos;;;0,01;USD;4,28
1000;20000024;EVERWEAR INC.;ANTICIPO;ANTICIPO;KZ;Pago acreedor;1500010732;26.12.2023;;;0;26.12.2023;USD;1,039,5100;1039,5100;0,0000;0,0000;0,0000;0,0000;0,0000;37228,32;A39;K- Repuestos Exterior;Z041;Repuestos;;ANTICIPO;1040,40;USD;1039,51
1000;20000024;EVERWEAR INC.;OC 43-0574;OC 43-0574;KZ;Pago acreedor;1500012217;26.09.2024;;;0;26.09.2024;USD;4,487,4000;4487,4000;0,0000;0,0000;0,0000;0,0000;0,0000;165363,83;A39;K- Repuestos Exterior;Z041;Repuestos;;OC 43-0574;4487,40;USD;4487,40
1000;20000024;EVERWEAR INC.;OC 43-0574;OC 43-0574;KZ;Pago acreedor;1500012259;04.10.2024;;;0;04.10.2024;USD;449,6000;449,6000;0,0000;0,0000;0,0000;0,0000;0,0000;16628,68;A39;K- Repuestos Exterior;Z041;Repuestos;;OC 43-0574;449,60;USD;449,60
1000;20000026;ARTSANA SPA;DIFERENCIAL;DIFERENCIAL;SA;Documento cta.mayor;0100231632;31.12.2023;;;0;31.12.2023;USD;11,242,1700;11242,1700;0,0000;0,0000;0,0000;0,0000;0,0000;403936,63;A23;K-Proveedor  Extranjero;Z046;Suministros;;;0,01;USD;11242,17
1000;20000026;ARTSANA SPA;ANTICIPO;ANTICIPO;KZ;Pago acreedor;1500009196;16.05.2023;;;0;16.05.2023;USD;38,686,0600;38686,0600;0,0000;0,0000;0,0000;0,0000;0,0000;986072,85;A23;K-Proveedor  Extranjero;Z046;Suministros;;ANTICIPO;38686,06;USD;38686,06
1000;20000026;ARTSANA SPA;128000033;128000033;KR;Factura acreedor;1900018500;28.03.2024;N180;Crédito 180 Días;  517;24.09.2024;USD;-174,210,7000;0,0000;0,0000;0,0000;0,0000;-174210,7000;0,0000;-6329771,70;A23;K-Proveedor  Extranjero;Z046;Suministros;;0;-174560,94;USD;-174210,70
1000;20000026;ARTSANA SPA;128000118;128000118;KR;Factura acreedor;1900019377;31.07.2024;N180;Crédito 180 Días;  392;27.01.2025;USD;-121,007,3300;0,0000;0,0000;0,0000;0,0000;-121007,3300;0,0000;-4430417,17;A23;K-Proveedor  Extranjero;Z046;Suministros;;0;-121007,33;USD;-121007,33
1000;20000031;ALLERGISA PESQUISA DER;OC 43-0546;OC 43-0546;KZ;Pago acreedor;1500011416;23.04.2024;;;0;23.04.2024;USD;2,000,0000;2000,0000;0,0000;0,0000;0,0000;0,0000;0,0000;72701,20;A23;K-Proveedor  Extranjero;Z018;Cuidado Personal;;OC 43-0546;2000,00;USD;2000,00
1000;20000032;FALU;OC 43-0628;OC 43-0628;KZ;Pago acreedor;1500012273;08.10.2024;;;0;08.10.2024;USD;17,606,3000;17606,3000;0,0000;0,0000;0,0000;0,0000;0,0000;652132,07;A39;K- Repuestos Exterior;Z041;Repuestos;;OC 43-0628;17606,30;USD;17606,30
1000;20000035;SANITARS S.P.A. IDROFI;DIFERENCIAL;DIFERENCIAL;SA;Documento cta.mayor;0100231633;31.12.2023;;;0;31.12.2023;USD;429,4200;429,4200;0,0000;0,0000;0,0000;0,0000;0,0000;15429,35;A14;K-Materia Prima Extranjera;Z053;Materia Prima;;;0,01;USD;429,42
1000;20000035;SANITARS S.P.A. IDROFI;DIFERENCIAL;DIFERENCIAL;SA;Documento cta.mayor;0100232444;31.12.2023;N180;Crédito 180 Días;  605;28.06.2024;USD;-145,420,0600;0,0000;0,0000;0,0000;0,0000;-145420,0600;0,0000;-5225015,60;A14;K-Materia Prima Extranjera;Z053;Materia Prima;;;-0,01;USD;-145420,06
1000;20000035;SANITARS S.P.A. IDROFI;;;AB;Documento contable;0100241058;27.01.2020;N180;Crédito 180 Días; 2039;25.07.2020;VED;-118,042,3300;0,0000;0,0000;0,0000;0,0000;-118042,3300;0,0000;-477107,05;A14;K-Materia Prima Extranjera;Z053;Materia Prima;;;-146142,44;USD;-118042,33
1000;20000042;VIRE AUTOMATION, S.R.L;DIFERENCIAL;DIFERENCIAL;SA;Documento cta.mayor;0100231635;31.12.2023;;;0;31.12.2023;USD;547,6900;547,6900;0,0000;0,0000;0,0000;0,0000;0,0000;19678,75;A39;K- Repuestos Exterior;Z041;Repuestos;;;0,01;USD;547,69
1000;20000042;VIRE AUTOMATION, S.R.L;;;SA;Documento cta.mayor;0100242150;29.01.2024;;;0;29.01.2024;USD;5,479,9000;5479,9000;0,0000;0,0000;0,0000;0,0000;0,0000;198383,24;A39;K- Repuestos Exterior;Z041;Repuestos;;;5614,18;USD;5479,90
1000;20000042;VIRE AUTOMATION, S.R.L;43-0571;43-0571;KZ;Pago acreedor;1500012218;26.09.2024;;;0;26.09.2024;USD;27,511,3800;27511,3800;0,0000;0,0000;0,0000;0,0000;0,0000;1013813,61;A39;K- Repuestos Exterior;Z041;Repuestos;;43-0571;27511,38;USD;27511,38
1000;20000043;QUANZHOU HANWEI MACHIN;DIFERENCIAL;DIFERENCIAL;SA;Documento cta.mayor;0100182653;31.12.2021;;;0;31.12.2021;USD;1,059,9200;1059,9200;0,0000;0,0000;0,0000;0,0000;0,0000;4864,70;A39;K- Repuestos Exterior;Z041;Repuestos;;DIFERENCIAL;0,01;USD;1059,92
1000;20000043;QUANZHOU HANWEI MACHIN;DIFERENCIAL;DIFERENCIAL;SA;Documento cta.mayor;0100201630;31.12.2022;N180;Crédito 180 Días;  970;29.06.2023;USD;-192,994,2200;0,0000;0,0000;0,0000;0,0000;-192994,2200;0,0000;-3334689,20;A39;K- Repuestos Exterior;Z041;Repuestos;;DIFERENCIAL;-0,01;USD;-192994,22
1000;20000043;QUANZHOU HANWEI MACHIN;DIFERENCIAL;DIFERENCIAL;SA;Documento cta.mayor;0100231674;31.12.2023;N180;Crédito 180 Días;  605;28.06.2024;USD;-136,503,0100;0,0000;0,0000;0,0000;0,0000;-136503,0100;0,0000;-4904621,37;A39;K- Repuestos Exterior;Z041;Repuestos;;;-0,01;USD;-136503,01
1000;20000043;QUANZHOU HANWEI MACHIN;HW20200604 A;HW20200604 A;RE;Factura bruto;5100015055;04.06.2020;NT00;Contado; 2090;04.06.2020;USD;-1,092,8800;0,0000;0,0000;0,0000;0,0000;-1092,8800;0,0000;-4417,22;A39;K- Repuestos Exterior;Z041;Repuestos;;0;-957,00;USD;-1092,88
1000;20000043;QUANZHOU HANWEI MACHIN;HW20200604 B;HW20200604 B;RE;Factura bruto;5100015056;04.06.2020;NT00;Contado; 2090;04.06.2020;USD;-148,457,7500;0,0000;0,0000;0,0000;0,0000;-148457,7500;0,0000;-600041,00;A39;K- Repuestos Exterior;Z041;Repuestos;;0;-130000,00;USD;-148457,75
1000;20000043;QUANZHOU HANWEI MACHIN;HW20200604;HW20200604;RE;Factura bruto;5100015057;04.06.2020;NT00;Contado; 2090;04.06.2020;USD;-150,741,7200;0,0000;0,0000;0,0000;0,0000;-150741,7200;0,0000;-609272,40;A39;K- Repuestos Exterior;Z041;Repuestos;;0;-132000,00;USD;-150741,72
1000;20000045;DELTA, S.R.L.;F-000130;F-000130;RE;Factura bruto;5100024275;22.10.2024;NT01;Prepagado;  489;22.10.2024;EUR;-1,504,5100;0,0000;0,0000;0,0000;0,0000;-1504,5100;0,0000;-58948,66;A39;K- Repuestos Exterior;Z041;Repuestos;;F-000130 OC- 43/575;-1458,68;USD;-1504,51
1000;20000049;LINKS, S.R.L.;4300000624;4300000624;KZ;Pago acreedor;1500012274;04.10.2024;;;0;04.10.2024;USD;5,439,5700;5439,5700;0,0000;0,0000;0,0000;0,0000;0,0000;201185,22;A23;K-Proveedor  Extranjero;Z041;Repuestos;;4300000624;5439,57;USD;5439,57
1000;20000052;PLASTAR BUENOS AIRES,;;;SA;Documento cta.mayor;0100155162;27.01.2020;N180;Crédito 180 Días; 2039;25.07.2020;USD5;-6,591,5100;0,0000;0,0000;0,0000;0,0000;-6591,5100;0,0000;-26641,75;A14;K-Materia Prima Extranjera;Z053;Materia Prima;;;-356774,95;USD;-6591,51
1000;20000052;PLASTAR BUENOS AIRES,;DIFERENCIAL;DIFERENCIAL;SA;Documento cta.mayor;0100155445;31.12.2020;N180;Crédito 180 Días; 1700;29.06.2021;USD5;-22,785,4100;0,0000;0,0000;0,0000;0,0000;-22785,4100;0,0000;-92094,74;A14;K-Materia Prima Extranjera;Z053;Materia Prima;;;-0,01;USD;-22785,41
1000;20000052;PLASTAR BUENOS AIRES,;DIFERENCIAL;DIFERENCIAL;SA;Documento cta.mayor;0100155446;31.12.2020;N180;Crédito 180 Días; 1700;29.06.2021;USD5;-22,785,4100;0,0000;0,0000;0,0000;0,0000;-22785,4100;0,0000;-92094,74;A14;K-Materia Prima Extranjera;Z053;Materia Prima;;;-0,01;USD;-22785,41
1000;20000052;PLASTAR BUENOS AIRES,;DIFERENCIAL;DIFERENCIAL;SA;Documento cta.mayor;0100155447;31.12.2020;N180;Crédito 180 Días; 1700;29.06.2021;USD5;-22,785,4100;0,0000;0,0000;0,0000;0,0000;-22785,4100;0,0000;-92094,74;A14;K-Materia Prima Extranjera;Z053;Materia Prima;;;-0,01;USD;-22785,41
1000;20000052;PLASTAR BUENOS AIRES,;DIFERENCIAL;DIFERENCIAL;SA;Documento cta.mayor;0100155448;31.12.2020;N180;Crédito 180 Días; 1700;29.06.2021;USD5;-22,785,4100;0,0000;0,0000;0,0000;0,0000;-22785,4100;0,0000;-92094,74;A14;K-Materia Prima Extranjera;Z053;Materia Prima;;;-0,01;USD;-22785,41
1000;20000052;PLASTAR BUENOS AIRES,;DIFERENCIAL;DIFERENCIAL;SA;Documento cta.mayor;0100183611;31.12.2021;N180;Crédito 180 Días; 1335;29.06.2022;USD;-271,291,2200;0,0000;0,0000;0,0000;0,0000;-271291,2200;0,0000;-1245145,32;A14;K-Materia Prima Extranjera;Z053;Materia Prima;;DIFERENCIAL;-0,01;USD;-271291,22
1000;20000052;PLASTAR BUENOS AIRES,;DIFERENCIAL;DIFERENCIAL;SA;Documento cta.mayor;0100201632;31.12.2022;N180;Crédito 180 Días;  970;29.06.2023;USD;-261,850,7900;0,0000;0,0000;0,0000;0,0000;-261850,7900;0,0000;-4524441,30;A14;K-Materia Prima Extranjera;Z053;Materia Prima;;DIFERENCIAL;-0,01;USD;-261850,79
1000;20000052;PLASTAR BUENOS AIRES,;DIFERENCIAL;DIFERENCIAL;SA;Documento cta.mayor;0100231675;31.12.2023;N180;Crédito 180 Días;  605;28.06.2024;USD;-185,204,6900;0,0000;0,0000;0,0000;0,0000;-185204,6900;0,0000;-6654497,17;A14;K-Materia Prima Extranjera;Z053;Materia Prima;;;-0,01;USD;-185204,69
1000;20000056;PANAM FIBER INTERNATIO;;;SA;Documento cta.mayor;0100196320;31.12.2021;;;0;31.12.2021;VED;-315,440,7000;-315440,7000;0,0000;0,0000;0,0000;0,0000;0,0000;-1447778,18;A14;K-Materia Prima Extranjera;Z053;Materia Prima;;;-376148,15;USD;-315440,70
1000;20000056;PANAM FIBER INTERNATIO;DIFERENCIAL;DIFERENCIAL;SA;Documento cta.mayor;0100201633;31.12.2022;N180;Crédito 180 Días;  970;29.06.2023;USD;-58,886,6500;0,0000;0,0000;0,0000;0,0000;-58886,6500;0,0000;-1017484,69;A14;K-Materia Prima Extranjera;Z053;Materia Prima;;DIFERENCIAL;-0,01;USD;-58886,65
1000;20000056;PANAM FIBER INTERNATIO;DIFERENCIAL;DIFERENCIAL;SA;Documento cta.mayor;0100201979;31.12.2022;N180;Crédito 180 Días;  970;29.06.2023;USD;-292,358,3900;0,0000;0,0000;0,0000;0,0000;-292358,3900;0,0000;-5051572,86;A14;K-Materia Prima Extranjera;Z053;Materia Prima;;DIFERENCIAL;-0,01;USD;-292358,39
1000;20000056;PANAM FIBER INTERNATIO;EXP 20102958/56;EXP 20102958;SA;Documento cta.mayor;0100213975;14.06.2023;;;0;14.06.2023;USD;1,706,4900;1706,4900;0,0000;0,0000;0,0000;0,0000;0,0000;46106,03;A14;K-Materia Prima Extranjera;Z053;Materia Prima;;EXP 20102958 OC 43-457;1640,63;USD;1706,49
1000;20000056;PANAM FIBER INTERNATIO;DIFERENCIAL;DIFERENCIAL;SA;Documento cta.mayor;0100231676;31.12.2023;N180;Crédito 180 Días;  605;28.06.2024;USD;-253,402,4500;0,0000;0,0000;0,0000;0,0000;-253402,4500;0,0000;-9104876,57;A14;K-Materia Prima Extranjera;Z053;Materia Prima;;;-0,01;USD;-253402,45
1000;20000056;PANAM FIBER INTERNATIO;DIFERENCIAL;DIFERENCIAL;SA;Documento cta.mayor;0100232395;31.12.2023;;;0;31.12.2023;USD;2,061,1200;2061,1200;0,0000;0,0000;0,0000;0,0000;0,0000;74056,95;A14;K-Materia Prima Extranjera;Z053;Materia Prima;;;0,01;USD;2061,12
1000;20000056;PANAM FIBER INTERNATIO;1500012022;;SA;Documento cta.mayor;0100256572;30.09.2024;;;0;30.09.2024;USD;117,2200;117,2200;0,0000;0,0000;0,0000;0,0000;0,0000;4326,44;A14;K-Materia Prima Extranjera;Z053;Materia Prima;;;270,01;USD;117,22
1000;20000056;PANAM FIBER INTERNATIO;OC 43-0594;OC 43-0594;KZ;Pago acreedor;1500011860;22.07.2024;;;0;22.07.2024;USD;54,750,0000;54750,0000;0,0000;0,0000;0,0000;0,0000;0,0000;2004211,35;A14;K-Materia Prima Extranjera;Z053;Materia Prima;;OC 43-0594;54750,00;USD;54750,00
1000;20000056;PANAM FIBER INTERNATIO;OC 43-0609;OC 43-0609;KZ;Pago acreedor;1500012081;09.09.2024;;;0;09.09.2024;USD;79,125,0000;79125,0000;0,0000;0,0000;0,0000;0,0000;0,0000;2903555,18;A14;K-Materia Prima Extranjera;Z053;Materia Prima;;OC 43-0609;79125,00;USD;79125,00
1000;20000056;PANAM FIBER INTERNATIO;OC 430000609;OC 430000609;KZ;Pago acreedor;1500012118;13.09.2024;;;0;13.09.2024;USD;26,375,0000;26375,0000;0,0000;0,0000;0,0000;0,0000;0,0000;969043,88;A14;K-Materia Prima Extranjera;Z053;Materia Prima;;OC 430000609;26375,00;USD;26375,00
1000;20000056;PANAM FIBER INTERNATIO;OC 4300000616;OC 4300000616;KZ;Pago acreedor;1500012190;19.09.2024;;;0;19.09.2024;USD;52,750,0000;52750,0000;0,0000;0,0000;0,0000;0,0000;0,0000;1940086,98;A14;K-Materia Prima Extranjera;Z053;Materia Prima;;OC 4300000616;52750,00;USD;52750,00
1000;20000056;PANAM FIBER INTERNATIO;OC 43-0630;OC 43-0630;KZ;Pago acreedor;1500012282;15.10.2024;;;0;15.10.2024;USD;17,625,0000;17625,0000;0,0000;0,0000;0,0000;0,0000;0,0000;685401,00;A14;K-Materia Prima Extranjera;Z053;Materia Prima;;OC 43-0630;17625,00;USD;17625,00
1000;20000056;PANAM FIBER INTERNATIO;OC 43-0638;OC 43-0638;KZ;Pago acreedor;1500012377;24.10.2024;;;0;24.10.2024;USD;60,000,0000;60000,0000;0,0000;0,0000;0,0000;0,0000;0,0000;2367702,00;A14;K-Materia Prima Extranjera;Z053;Materia Prima;;OC 43-0638;60000,00;USD;60000,00
1000;20000056;PANAM FIBER INTERNATIO;200652;200652;RE;Factura bruto;5100017354;31.10.2022;N180;Crédito 180 Días; 1031;29.04.2023;USD;-108,079,2400;0,0000;0,0000;0,0000;0,0000;-108079,2400;0,0000;-921418,71;A14;K-Materia Prima Extranjera;Z053;Materia Prima;;OC 43/392 EXP 20102887;-112213,50;USD;-108079,24
1000;20000056;PANAM FIBER INTERNATIO;200637;200637;RE;Factura bruto;5100020084;16.07.2023;N180;Crédito 180 Días;  773;12.01.2024;USD;1,317,7700;0,0000;0,0000;0,0000;0,0000;1317,7700;0,0000;37497,86;A14;K-Materia Prima Extranjera;Z053;Materia Prima;;OC 57-136 F-200637;1153,50;USD;1317,77
1000;20000056;PANAM FIBER INTERNATIO;F-200847-1;F-200847-1;RE;Factura bruto;5100023367;29.04.2024;N180;Crédito 180 Días;  485;26.10.2024;USD;-3,439,2700;0,0000;0,0000;0,0000;0,0000;-3439,2700;0,0000;-125300,78;A14;K-Materia Prima Extranjera;Z053;Materia Prima;;OC 43/0606;-3416,35;USD;-3439,27
1000;20000056;PANAM FIBER INTERNATIO;F-200875;F-200875;RE;Factura bruto;5100023731;02.08.2024;NT00;Contado;  570;02.08.2024;USD;-53,214,8500;0,0000;0,0000;0,0000;0,0000;-53214,8500;0,0000;-1949914,52;A14;K-Materia Prima Extranjera;Z053;Materia Prima;;OC 43/0594  EXP 20103084;-53029,75;USD;-53214,85
1000;20000056;PANAM FIBER INTERNATIO;F-200901;F-200901;RE;Factura bruto;5100024281;05.10.2024;NT01;Prepagado;  506;05.10.2024;USD;-62,595,8000;0,0000;0,0000;0,0000;0,0000;-62595,8000;0,0000;-2315137,07;A14;K-Materia Prima Extranjera;Z053;Materia Prima;;F-200901 OC- 43/609;-51729,82;USD;-62595,80
1000;20000062;TEXOL, S.R.L.;OC. 43-0252;OC.43-0252;SA;Documento cta.mayor;0100149849;22.09.2020;;;0;22.09.2020;USD5;1,551,6600;1551,6600;0,0000;0,0000;0,0000;0,0000;0,0000;6271,56;A14;K-Materia Prima Extranjera;Z053;Materia Prima;;REF16211,10/T386868,13;16211,10;USD;1551,66
1000;20000062;TEXOL, S.R.L.;Diferencial Antici;DIFERENCIAL;SA;Documento cta.mayor;0100155430;31.12.2020;;;0;31.12.2020;USD5;2,889,1200;2889,1200;0,0000;0,0000;0,0000;0,0000;0,0000;11677,35;A14;K-Materia Prima Extranjera;Z053;Materia Prima;;;0,01;USD;2889,12
1000;20000062;TEXOL, S.R.L.;0;0;SA;Documento cta.mayor;0100159803;09.04.2021;;;0;09.04.2021;VES;5,335,4300;5335,4300;0,0000;0,0000;0,0000;0,0000;0,0000;21564,90;A14;K-Materia Prima Extranjera;Z053;Materia Prima;;TEXOL;10065,23;USD;5335,43
1000;20000062;TEXOL, S.R.L.;TEXOL;09062021;SA;Documento cta.mayor;0100164997;09.06.2021;;;0;09.06.2021;USD5;23,822,8400;23822,8400;0,0000;0,0000;0,0000;0,0000;0,0000;96287,86;A14;K-Materia Prima Extranjera;Z053;Materia Prima;;TEXOL;30785,51;USD;23822,84
1000;20000062;TEXOL, S.R.L.;DIFERENCIAL;DIFERENCIAL;SA;Documento cta.mayor;0100183623;31.12.2021;;;0;31.12.2021;USD;27,566,7500;27566,7500;0,0000;0,0000;0,0000;0,0000;0,0000;126523,11;A14;K-Materia Prima Extranjera;Z053;Materia Prima;;DIFERENCIAL;0,01;USD;27566,75
1000;20000062;TEXOL, S.R.L.;EXP 20102865;EXP 20102859;SA;Documento cta.mayor;0100195864;22.02.2022;N180;Crédito 180 Días; 1282;21.08.2022;EUR;-6,738,6700;0,0000;0,0000;0,0000;0,0000;-6738,6700;0,0000;-29702,71;A14;K-Materia Prima Extranjera;Z053;Materia Prima;;EXP 20102859;-4257,40;USD;-6738,67
1000;20000062;TEXOL, S.R.L.;DIFERENCIAL;DIFERENCIAL;SA;Documento cta.mayor;0100201953;31.12.2022;;;0;31.12.2022;USD;41,879,8700;41879,8700;0,0000;0,0000;0,0000;0,0000;0,0000;723629,63;A14;K-Materia Prima Extranjera;Z053;Materia Prima;;;0,01;USD;41879,87
1000;20000062;TEXOL, S.R.L.;DIFERENCIAL;DIFERENCIAL;SA;Documento cta.mayor;0100231638;31.12.2023;;;0;31.12.2023;USD;29,782,2300;29782,2300;0,0000;0,0000;0,0000;0,0000;0,0000;1070090,31;A14;K-Materia Prima Extranjera;Z053;Materia Prima;;;0,01;USD;29782,23
1000;20000062;TEXOL, S.R.L.;DIFERENCIAL;DIFERENCIAL;SA;Documento cta.mayor;0100232448;31.12.2023;NT00;Contado;  785;31.12.2023;EUR5;-28,083,9300;0,0000;0,0000;0,0000;0,0000;-28083,9300;0,0000;-1009069,72;A14;K-Materia Prima Extranjera;Z053;Materia Prima;;;-0,01;USD;-28083,93
1000;20000062;TEXOL, S.R.L.;DF FT# 0073;DF FT# 0073;SA;Documento cta.mayor;0100253773;30.08.2024;N180;Crédito 180 Días;  576;26.02.2025;USD;-6,342,9500;0,0000;0,0000;0,0000;0,0000;-6342,9500;0,0000;-232316,23;A14;K-Materia Prima Extranjera;Z053;Materia Prima;;;-6084,03;USD;-6342,95
1000;20000062;TEXOL, S.R.L.;0000893;0000893;RE;Factura bruto;5100013432;16.11.2020;NT00;Contado; 1925;16.11.2020;EUR5;-5,538,8300;0,0000;0,0000;0,0000;0,0000;-5538,8300;0,0000;-22387,00;A14;K-Materia Prima Extranjera;Z053;Materia Prima;;0;-11691,79;USD;-5538,83
1000;20000062;TEXOL, S.R.L.;0000494;0000494;RE;Factura bruto;5100015117;30.06.2021;NT00;Contado; 1699;30.06.2021;EUR5;-16,880,7800;0,0000;0,0000;0,0000;0,0000;-16880,7800;0,0000;-68229,24;A14;K-Materia Prima Extranjera;Z053;Materia Prima;;0;-16462,01;USD;-16880,78
1000;20000065;BASF QUIMICA COLOMBIAN;DIFERENCIAL;DIFERENCIAL;SA;Documento cta.mayor;0100231641;31.12.2023;;;0;31.12.2023;USD;90,6000;90,6000;0,0000;0,0000;0,0000;0,0000;0,0000;3255,44;A14;K-Materia Prima Extranjera;Z053;Materia Prima;;;0,01;USD;90,60
1000;20000065;BASF QUIMICA COLOMBIAN;Diferencia Anticip;;SA;Documento cta.mayor;0100232443;22.05.2023;;;0;22.05.2023;USD;776,5300;776,5300;0,0000;0,0000;0,0000;0,0000;0,0000;20114,25;A14;K-Materia Prima Extranjera;Z053;Materia Prima;;;559,81;USD;776,53
1000;20000065;BASF QUIMICA COLOMBIAN;;;SA;Documento cta.mayor;0100250641;29.01.2024;N180;Crédito 180 Días;  576;27.07.2024;USD;-2,491,0700;0,0000;0,0000;0,0000;0,0000;-2491,0700;0,0000;-90181,55;A14;K-Materia Prima Extranjera;Z053;Materia Prima;;;-2193,60;USD;-2491,07
1000;20000065;BASF QUIMICA COLOMBIAN;SALDO FT30305210;SALDO FT30305210;SA;Documento cta.mayor;0100260529;13.09.2024;N180;Crédito 180 Días;  348;12.03.2025;USD;-1,238,2200;0,0000;0,0000;0,0000;0,0000;-1238,2200;0,0000;-45493,56;A14;K-Materia Prima Extranjera;Z053;Materia Prima;;FT 3030521090;-172,00;USD;-1238,22
1000;20000065;BASF QUIMICA COLOMBIAN;FT 7481215395;FT 7481215395;RE;Factura bruto;5100022532;02.05.2024;NT01;Prepagado;  662;02.05.2024;USD;-25,455,8000;0,0000;0,0000;0,0000;0,0000;-25455,8000;0,0000;-928449,52;A14;K-Materia Prima Extranjera;Z053;Materia Prima;;OC - 43-551 EXP 9986;-25379,40;USD;-25455,80
1000;20000065;BASF QUIMICA COLOMBIAN;FT 7481215396;FT 7481215396;RE;Factura bruto;5100022534;02.05.2024;NT01;Prepagado;  662;02.05.2024;USD;-1,354,8700;0,0000;0,0000;0,0000;0,0000;-1354,8700;0,0000;-49416,05;A14;K-Materia Prima Extranjera;Z053;Materia Prima;;OC - 43-551 EXP 9986;-1350,80;USD;-1354,87
1000;20000070;PEREZ TRADING COMPANY;;;SA;Documento cta.mayor;0100230606;04.12.2023;N180;Crédito 180 Días;  632;01.06.2024;VED;-476,450,1500;0,0000;0,0000;0,0000;0,0000;-476450,1500;0,0000;-16952382,29;A14;K-Materia Prima Extranjera;Z053;Materia Prima;;ABONO DEUDA;-641538,30;USD;-476450,15
1000;20000070;PEREZ TRADING COMPANY;DIFERENCIAL;DIFERENCIAL;SA;Documento cta.mayor;0100231680;31.12.2023;N180;Crédito 180 Días;  605;28.06.2024;USD;-169,727,9400;0,0000;0,0000;0,0000;0,0000;-169727,9400;0,0000;-6098409,60;A14;K-Materia Prima Extranjera;Z053;Materia Prima;;;-0,01;USD;-169727,94
1000;20000081;GILPA IMPRESORES, S.A.;DIFERENCIAL;DIFERENCIAL;SA;Documento cta.mayor;0100231681;31.12.2023;N180;Crédito 180 Días;  605;28.06.2024;USD;-2,480,1500;0,0000;0,0000;0,0000;0,0000;-2480,1500;0,0000;-89112,89;A14;K-Materia Prima Extranjera;Z053;Materia Prima;;;-0,01;USD;-2480,15
1000;20000081;GILPA IMPRESORES, S.A.;SALDO ANTICIPO;;SA;Documento cta.mayor;0100255545;24.09.2024;;;0;24.09.2024;USD;494,3500;494,3500;0,0000;0,0000;0,0000;0,0000;0,0000;18198,66;A14;K-Materia Prima Extranjera;Z053;Materia Prima;;;437,25;USD;494,35
1000;20000081;GILPA IMPRESORES, S.A.;FE155778;FE1555778;RE;Factura bruto;5100017953;31.08.2022;NT00;Contado; 1272;31.08.2022;USD;-10,509,1600;0,0000;0,0000;0,0000;0,0000;-10509,1600;0,0000;-82552,62;A14;K-Materia Prima Extranjera;Z053;Materia Prima;;OC 43/394 F-FE155778;-4777,71;USD;-10509,16
1000;20000082;PLAS CHEM EXPORT LLC;DIFERENCIAL;DIFERENCIAL;SA;Documento cta.mayor;0100231642;31.12.2023;;;0;31.12.2023;USD;5,542,9200;5542,9200;0,0000;0,0000;0,0000;0,0000;0,0000;199159,98;A14;K-Materia Prima Extranjera;Z053;Materia Prima;;;0,01;USD;5542,92
1000;20000082;PLAS CHEM EXPORT LLC;OC 43-0634;OC 43-0634;KZ;Pago acreedor;1500012373;24.10.2024;;;0;24.10.2024;USD;6,791,0000;6791,0000;0,0000;0,0000;0,0000;0,0000;0,0000;267984,40;A14;K-Materia Prima Extranjera;Z053;Materia Prima;;OC 43-0634;6791,00;USD;6791,00
1000;20000082;PLAS CHEM EXPORT LLC;Oc 43-338;OC 43-338;KR;Factura acreedor;1900015335;24.02.2022;;;0;24.02.2022;USD;6,314,0000;6314,0000;0,0000;0,0000;0,0000;0,0000;0,0000;27705,20;A14;K-Materia Prima Extranjera;Z053;Materia Prima;;OC 43-338 PLASCHEM;6314,00;USD;6314,00
1000;20000082;PLAS CHEM EXPORT LLC;FT EXP-SPC2200;FT EXP-SPC2200;RE;Factura bruto;5100024290;18.09.2024;NT01;Prepagado;  523;18.09.2024;USD;0,0000;0,0000;0,0000;0,0000;0,0000;0,0000;0,0000;0,01;A14;K-Materia Prima Extranjera;Z053;Materia Prima;;OC - 43-592 FACTURA EXP-S;0,00;USD;0,00
1000;20000098;IBIS INTERNATIONAL, IN;OC 43-0620;OC 43-0620;KZ;Pago acreedor;1500012220;26.09.2024;;;0;26.09.2024;USD;2,040,0000;2040,0000;0,0000;0,0000;0,0000;0,0000;0,0000;75175,43;A39;K- Repuestos Exterior;Z041;Repuestos;;OC 43-0620;2040,00;USD;2040,00
1000;20000219;MAQUITECH EXPORT LLC;OC 43-0578;OC 43-0578;KZ;Pago acreedor;1500012216;26.09.2024;;;0;26.09.2024;USD;2,484,0000;2484,0000;0,0000;0,0000;0,0000;0,0000;0,0000;91537,14;A27;K-Repuestos;Z041;Repuestos;;OC 43-0578;2484,00;USD;2484,00
1000;20000225;ACASI MACHINERY INC;4300000623;4300000623;KZ;Pago acreedor;1500012252;01.10.2024;;;0;01.10.2024;USD;21,252,0000;21252,0000;0,0000;0,0000;0,0000;0,0000;0,0000;784681,22;A27;K-Repuestos;Z041;Repuestos;;4300000623;21252,00;USD;21252,00
1000;20000237;SKY NICE INTERNATIONAL;03092021;03092021;SA;Documento cta.mayor;0100172542;18.06.2021;;;0;18.06.2021;USD5;5,739,9000;5739,9000;0,0000;0,0000;0,0000;0,0000;0,0000;23199,70;A14;K-Materia Prima Extranjera;Z053;Materia Prima;;CIERRE ANTC;7450,59;USD;5739,90
1000;20000237;SKY NICE INTERNATIONAL;ANTICIPO; OC 43-374;SA;Documento cta.mayor;0100189822;22.06.2022;;;0;22.06.2022;USD;78,084,6900;78084,6900;0,0000;0,0000;0,0000;0,0000;0,0000;426123,77;A14;K-Materia Prima Extranjera;Z053;Materia Prima;;ANTICIPO SKY NICE;78084,69;USD;78084,69
1000;20000237;SKY NICE INTERNATIONAL;;DF FTXM-VN-20OC;SA;Documento cta.mayor;0100196331;30.09.2022;0001;; 1272;30.09.2022;USD;-99,297,0800;0,0000;0,0000;0,0000;0,0000;-99297,0800;0,0000;-812617,53;A14;K-Materia Prima Extranjera;Z053;Materia Prima;;DF FTXM-VN-20OC 43/353;-81746,34;USD;-99297,08
1000;20000237;SKY NICE INTERNATIONAL;OC 43/274-275-276;OC 43/274-275-27;SA;Documento cta.mayor;0100196336;30.09.2022;;;0;30.09.2022;USD;12,050,8600;12050,8600;0,0000;0,0000;0,0000;0,0000;0,0000;98620,65;A14;K-Materia Prima Extranjera;Z053;Materia Prima;;OC 43/274-275-276;24584,29;USD;12050,86
1000;20000237;SKY NICE INTERNATIONAL;XM-VN-29B;XM-VN-29B;AB;Documento contable;0100212794;29.06.2023;N180;Crédito 180 Días;  790;26.12.2023;USD;-47,879,8000;0,0000;0,0000;0,0000;0,0000;-47879,8000;0,0000;-1332849,11;A14;K-Materia Prima Extranjera;Z053;Materia Prima;;OC 43-452 EXP20102950;-53895,17;USD;-47879,80
1000;20000237;SKY NICE INTERNATIONAL;OC 43-506;;SA;Documento cta.mayor;0100231326;15.12.2023;;;0;15.12.2023;USD;17,061,3100;17061,3100;0,0000;0,0000;0,0000;0,0000;0,0000;608070,21;A14;K-Materia Prima Extranjera;Z053;Materia Prima;;;17061,31;USD;17061,31
1000;20000237;SKY NICE INTERNATIONAL;ANTICIPO OC 43/453;SALDO OC 43/453;SA;Documento cta.mayor;0100231328;18.07.2023;;;0;18.07.2023;USD;78,020,7400;78020,7400;0,0000;0,0000;0,0000;0,0000;0,0000;2236815,61;A14;K-Materia Prima Extranjera;Z053;Materia Prima;;ANTICIPO OC 43/453;78020,74;USD;78020,74
1000;20000237;SKY NICE INTERNATIONAL;DF FT XM-VN-23-2;;SA;Documento cta.mayor;0100231329;30.11.2022;N180;Crédito 180 Días; 1001;29.05.2023;USD;-137,292,9100;0,0000;0,0000;0,0000;0,0000;-137292,9100;0,0000;-1503975,20;A14;K-Materia Prima Extranjera;Z053;Materia Prima;;;-18708,10;USD;-137292,91
1000;20000237;SKY NICE INTERNATIONAL;OC43-408;OC43-408;SA;Documento cta.mayor;0100231330;21.12.2022;N180;Crédito 180 Días;  980;19.06.2023;USD;-7,215,5200;0,0000;0,0000;0,0000;0,0000;-7215,5200;0,0000;-115749,93;A14;K-Materia Prima Extranjera;Z053;Materia Prima;;;-7215,52;USD;-7215,52
1000;20000237;SKY NICE INTERNATIONAL;OC 43/409-418;OC 43/409-418;SA;Documento cta.mayor;0100231331;31.01.2023;N180;Crédito 180 Días;  939;30.07.2023;USD;-18,488,6400;0,0000;0,0000;0,0000;0,0000;-18488,6400;0,0000;-405847,83;A14;K-Materia Prima Extranjera;Z053;Materia Prima;;;-18488,64;USD;-18488,64
1000;20000237;SKY NICE INTERNATIONAL;OC 43-430/461 F-XM;OC 43-430/461 F-;SA;Documento cta.mayor;0100231332;31.05.2023;N180;Crédito 180 Días;  819;27.11.2023;USD;-20,387,5700;0,0000;0,0000;0,0000;0,0000;-20387,5700;0,0000;-533418,22;A14;K-Materia Prima Extranjera;Z053;Materia Prima;;;-11985,18;USD;-20387,57
1000;20000237;SKY NICE INTERNATIONAL;DIFERENCIAL;DIFERENCIAL;SA;Documento cta.mayor;0100232423;31.12.2023;N180;Crédito 180 Días;  605;28.06.2024;USD;-71,327,9500;0,0000;0,0000;0,0000;0,0000;-71327,9500;0,0000;-2562848,88;A14;K-Materia Prima Extranjera;Z053;Materia Prima;;;-0,01;USD;-71327,95
1000;20000237;SKY NICE INTERNATIONAL;DIFERENCIAL;DIFERENCIAL;SA;Documento cta.mayor;0100232424;31.12.2023;;;0;31.12.2023;USD;167,488,6900;167488,6900;0,0000;0,0000;0,0000;0,0000;0,0000;6017952,28;A14;K-Materia Prima Extranjera;Z053;Materia Prima;;;0,01;USD;167488,69
1000;20000237;SKY NICE INTERNATIONAL;DIF  XM-VN-3637C;DIF  XM-VN-3637C;SA;Documento cta.mayor;0100253581;30.08.2024;N180;Crédito 180 Días;  597;26.02.2025;USD;-4,638,0500;0,0000;0,0000;0,0000;0,0000;-4638,0500;0,0000;-169872,90;A14;K-Materia Prima Extranjera;Z053;Materia Prima;;XM-VN-3637C;-4689,37;USD;-4638,05
1000;20000237;SKY NICE INTERNATIONAL;DF FTXM-VN-34A;DF FTXM-VN-34A;SA;Documento cta.mayor;0100253582;30.08.2024;N180;Crédito 180 Días;  670;26.02.2025;USD;-5,411,0800;0,0000;0,0000;0,0000;0,0000;-5411,0800;0,0000;-198185,74;A14;K-Materia Prima Extranjera;Z053;Materia Prima;;;-5485,67;USD;-5411,08
1000;20000237;SKY NICE INTERNATIONAL;DF FTF-XM-VN-39B;DF FTF-XM-VN-39B;SA;Documento cta.mayor;0100260056;28.10.2024;N180;Crédito 180 Días;  303;26.04.2025;USD;-19,804,0300;0,0000;0,0000;0,0000;0,0000;-19804,0300;0,0000;-812814,94;A14;K-Materia Prima Extranjera;Z053;Materia Prima;;F-XM-VN-39B  OC 43/0580;-30406,89;USD;-19804,03
1000;20000237;SKY NICE INTERNATIONAL;F-XM-VN-4;DF FT F-XM-VN-4;SA;Documento cta.mayor;0100260075;02.06.2024;N180;Crédito 180 Días;  451;29.11.2024;USD;-31,842,9400;0,0000;0,0000;0,0000;0,0000;-31842,9400;0,0000;-1163451,78;A14;K-Materia Prima Extranjera;Z053;Materia Prima;;F-XM-VN-4;-27335,33;USD;-31842,94
1000;20000237;SKY NICE INTERNATIONAL;1500009502;SALDO ANTICIPO;SA;Documento cta.mayor;0100260117;28.10.2024;;;0;28.10.2024;USD;1,600,3200;1600,3200;0,0000;0,0000;0,0000;0,0000;0,0000;65681,82;A14;K-Materia Prima Extranjera;Z053;Materia Prima;;;2282,12;USD;1600,32
1000;20000237;SKY NICE INTERNATIONAL;ANTICIPO;ANTICIPO;KZ;Pago acreedor;1500006589;27.04.2022;;;0;27.04.2022;USD;35,000,0000;35000,0000;0,0000;0,0000;0,0000;0,0000;0,0000;155715,00;A14;K-Materia Prima Extranjera;Z053;Materia Prima;;ANTICIPO;35000,00;USD;35000,00
1000;20000237;SKY NICE INTERNATIONAL;ANTICIPO;ANTICIPO;KZ;Pago acreedor;1500009639;10.08.2023;;;0;10.08.2023;USD;37,376,0000;37376,0000;0,0000;0,0000;0,0000;0,0000;0,0000;1167536,54;A14;K-Materia Prima Extranjera;Z053;Materia Prima;;ANTICIPO;37376,00;USD;37376,00
1000;20000237;SKY NICE INTERNATIONAL;OC 43-588, 561;OC 43-588, 561;KZ;Pago acreedor;1500011732;24.06.2024;;;0;24.06.2024;USD;4,696,5800;4696,5800;0,0000;0,0000;0,0000;0,0000;0,0000;170856,41;A14;K-Materia Prima Extranjera;Z053;Materia Prima;;OC 43-588, 561;4696,58;USD;4696,58
1000;20000237;SKY NICE INTERNATIONAL;OC 43-0580;OC 43-0580;KZ;Pago acreedor;1500012435;01.11.2024;;;0;01.11.2024;USD;20,000,0000;20000,0000;0,0000;0,0000;0,0000;0,0000;0,0000;854202,00;A14;K-Materia Prima Extranjera;Z053;Materia Prima;;OC 43-0580;20000,00;USD;20000,00
1000;20000237;SKY NICE INTERNATIONAL;XM-VN-29C;XM-VN-29C;RE;Factura bruto;5100019548;23.04.2023;NT00;Contado; 1037;23.04.2023;USD;-59,080,6400;0,0000;0,0000;0,0000;0,0000;-59080,6400;0,0000;-1452001,25;A14;K-Materia Prima Extranjera;Z053;Materia Prima;;EXP 2023DAI507 OC 43-452;-51349,56;USD;-59080,64
1000;20000237;SKY NICE INTERNATIONAL;CM-VN-001-23;CM-VN-001-23;RE;Factura bruto;5100019998;01.03.2023;NT00;Contado; 1090;01.03.2023;USD;64,688,0700;0,0000;0,0000;0,0000;0,0000;64688,0700;0,0000;1575859,66;A14;K-Materia Prima Extranjera;Z053;Materia Prima;;OC 57-134  CM-VN-001-23;49233,46;USD;64688,07
1000;20000237;SKY NICE INTERNATIONAL;XM-VN-34A;XM-VN-34A;RE;Factura bruto;5100023086;27.10.2023;NT00;Contado;  850;27.10.2023;USD;0,0000;0,0000;0,0000;0,0000;0,0000;0,0000;0,0000;-0,01;A14;K-Materia Prima Extranjera;Z053;Materia Prima;;OC 43-516 EXP 20103017;0,00;USD;0,00
1000;20000237;SKY NICE INTERNATIONAL;F-XM-VN-41;F-XM-VN-41;RE;Factura bruto;5100023167;16.05.2024;NT60;Crédito 60 Días;  588;15.07.2024;USD;-64,876,5900;0,0000;0,0000;0,0000;0,0000;-64876,5900;0,0000;-2374755,81;A14;K-Materia Prima Extranjera;Z053;Materia Prima;;OC 43/0589  EXP 20103074;-65005,88;USD;-64876,59
1000;20000237;SKY NICE INTERNATIONAL;F-XM-VN-42A;F-XM-VN-42A;RE;Factura bruto;5100023687;07.07.2024;NT00;Contado;  596;07.07.2024;USD;-62,050,3400;0,0000;0,0000;0,0000;0,0000;-62050,3400;0,0000;-2263466,19;A14;K-Materia Prima Extranjera;Z053;Materia Prima;;OC - 43-602 EXP 20103089;-61542,52;USD;-62050,34
1000;20000237;SKY NICE INTERNATIONAL;F-XM-VN-43;F-XM-VN-43;RE;Factura bruto;5100024247;30.08.2024;NT00;Contado;  542;30.08.2024;USD;-66,210,2600;0,0000;0,0000;0,0000;0,0000;-66210,2600;0,0000;-2425010,27;A14;K-Materia Prima Extranjera;Z053;Materia Prima;;F-XM-VN-43  OC- 43-617;-56778,38;USD;-66210,26
1000;20000238;BASF S.A.;SALDO FTF-123816;SALDO FTF-123816;SA;Documento cta.mayor;0100253593;30.08.2024;N180;Crédito 180 Días;  405;26.02.2025;USD;-6,353,4000;0,0000;0,0000;0,0000;0,0000;-6353,4000;0,0000;-232699,02;A14;K-Materia Prima Extranjera;Z053;Materia Prima;;SALDO FT F-123816-1;-6349,50;USD;-6353,40
1000;20000238;BASF S.A.;ANTICIPO;ANTICIPO;KZ;Pago acreedor;1500010052;13.10.2023;;;0;13.10.2023;USD;29,200,0000;29200,0000;0,0000;0,0000;0,0000;0,0000;0,0000;1019082,92;A14;K-Materia Prima Extranjera;Z053;Materia Prima;;ANTICIPO;29200,00;USD;29200,00
1000;20000238;BASF S.A.;0C 43-0604;0C 43-0604;KZ;Pago acreedor;1500012078;09.09.2024;;;0;09.09.2024;USD;29,400,0000;29400,0000;0,0000;0,0000;0,0000;0,0000;0,0000;1078856,52;A14;K-Materia Prima Extranjera;Z053;Materia Prima;;0C 43-0604;29400,00;USD;29400,00
1000;20000238;BASF S.A.;0C 43-0631;0C 43-0631;KZ;Pago acreedor;1500012269;10.10.2024;;;0;10.10.2024;USD;29,400,0000;29400,0000;0,0000;0,0000;0,0000;0,0000;0,0000;1103367,30;A14;K-Materia Prima Extranjera;Z053;Materia Prima;;0C 43-0631;29400,00;USD;29400,00
1000;20000238;BASF S.A.;OC 43-0604 PRIME;OC 43-0604 PRIME;KR;Factura acreedor;1900019510;14.08.2024;;;0;14.08.2024;USD;29,100,0000;29100,0000;0,0000;0,0000;0,0000;0,0000;0,0000;1066692,51;A14;K-Materia Prima Extranjera;Z053;Materia Prima;;OC 43-0604 PRIME;29100,00;USD;29100,00
1000;20000238;BASF S.A.;F-119279;F-119279;RE;Factura bruto;5100022582;01.04.2024;NT01;Prepagado;  693;01.04.2024;USD;-29,042,2900;0,0000;0,0000;0,0000;0,0000;-29042,2900;0,0000;-1053933,12;A14;K-Materia Prima Extranjera;Z053;Materia Prima;;OC 43/0556 EXP 20103057;-28800,00;USD;-29042,29
1000;20000242;TIRAS COTTON SNC;;;SA;Documento cta.mayor;0100210627;10.03.2023;N180;Crédito 180 Días;  901;06.09.2023;VED;-18,1000;0,0000;0,0000;0,0000;0,0000;-18,1000;0,0000;-436,89;A14;K-Materia Prima Extranjera;Z053;Materia Prima;;;-2979,74;USD;-18,10
1000;20000242;TIRAS COTTON SNC;DIFERENCIAL;DIFERENCIAL;SA;Documento cta.mayor;0100231682;31.12.2023;N180;Crédito 180 Días;  605;28.06.2024;USD;-2,967,5800;0,0000;0,0000;0,0000;0,0000;-2967,5800;0,0000;-106626,66;A14;K-Materia Prima Extranjera;Z053;Materia Prima;;;-0,01;USD;-2967,58
1000;20000247;JF ADVANCED MANAGEMENT;OC 43-0380;OC 43-379/0380;SA;Documento cta.mayor;0100190901;18.07.2022;;;0;18.07.2022;USD;4,500,0000;4500,0000;0,0000;0,0000;0,0000;0,0000;0,0000;25645,50;A14;K-Materia Prima Extranjera;Z053;Materia Prima;;OC 43-379/0380;4500,00;USD;4500,00
1000;20000247;JF ADVANCED MANAGEMENT;DIFERENCIAL;DIFERENCIAL;SA;Documento cta.mayor;0100201957;31.12.2022;;;0;31.12.2022;USD;3,015,7700;3015,7700;0,0000;0,0000;0,0000;0,0000;0,0000;52108,65;A14;K-Materia Prima Extranjera;Z053;Materia Prima;;;0,01;USD;3015,77
1000;20000247;JF ADVANCED MANAGEMENT;DIFERENCIAL;DIFERENCIAL;SA;Documento cta.mayor;0100231647;31.12.2023;;;0;31.12.2023;USD;2,422,1300;2422,1300;0,0000;0,0000;0,0000;0,0000;0,0000;87028,26;A14;K-Materia Prima Extranjera;Z053;Materia Prima;;;0,01;USD;2422,13
1000;20000247;JF ADVANCED MANAGEMENT;;;SA;Documento cta.mayor;0100245670;10.10.2023;;;0;10.10.2023;VED;75,0500;75,0500;0,0000;0,0000;0,0000;0,0000;0,0000;2613,12;A14;K-Materia Prima Extranjera;Z053;Materia Prima;;;75,00;USD;75,05
1000;20000247;JF ADVANCED MANAGEMENT;SALDO 1500012219;SALDO ANTICIPO;SA;Documento cta.mayor;0100256700;26.09.2024;;;0;26.09.2024;USD;42,851,4400;42851,4400;0,0000;0,0000;0,0000;0,0000;0,0000;1579105,64;A14;K-Materia Prima Extranjera;Z053;Materia Prima;;;42847,00;USD;42851,44
1000;20000247;JF ADVANCED MANAGEMENT;OC 43-0627;OC 43-0627;KZ;Pago acreedor;1500012263;08.10.2024;;;0;08.10.2024;USD;7,190,0000;7190,0000;0,0000;0,0000;0,0000;0,0000;0,0000;266315,44;A14;K-Materia Prima Extranjera;Z053;Materia Prima;;OC 43-0627;7190,00;USD;7190,00
1000;20000251;LAT CAPITAL SOLUTIONS;00005158;00005158;KR;Factura acreedor;1900016415;08.08.2022;N180;Crédito 180 Días; 1115;04.02.2023;USD;-3,931,9600;0,0000;0,0000;0,0000;0,0000;-3931,9600;0,0000;-23065,67;A14;K-Materia Prima Extranjera;Z053;Materia Prima;;0;-2612,43;USD;-3931,96
1000;20000251;LAT CAPITAL SOLUTIONS;00005042;00005042;KR;Factura acreedor;1900016416;11.02.2022;N180;Crédito 180 Días; 1115;10.08.2022;USD;-5,165,6500;0,0000;0,0000;0,0000;0,0000;-5165,6500;0,0000;-23065,67;A14;K-Materia Prima Extranjera;Z053;Materia Prima;;0;-2612,43;USD;-5165,65
1000;20000254;TRANSPORTE E INVERSION;DIFERENCIAL;DIFERENCIAL;SA;Documento cta.mayor;0100201958;31.12.2022;;;0;31.12.2022;USD;15,779,6800;15779,6800;0,0000;0,0000;0,0000;0,0000;0,0000;272652,40;A14;K-Materia Prima Extranjera;Z053;Materia Prima;;;0,01;USD;15779,68
1000;20000254;TRANSPORTE E INVERSION;ANTICIPO;;AB;Documento contable;0100229757;13.10.2023;;;0;13.10.2023;USD;2,267,5500;2267,5500;0,0000;0,0000;0,0000;0,0000;0,0000;79137,72;A14;K-Materia Prima Extranjera;Z053;Materia Prima;;;2267,55;USD;2267,55
1000;20000254;TRANSPORTE E INVERSION;DIFERENCIAL;DIFERENCIAL;SA;Documento cta.mayor;0100231648;31.12.2023;;;0;31.12.2023;USD;17,879,6600;17879,6600;0,0000;0,0000;0,0000;0,0000;0,0000;642425,06;A14;K-Materia Prima Extranjera;Z053;Materia Prima;;;0,01;USD;17879,66
1000;20000254;TRANSPORTE E INVERSION;RECLASIFICACION;RECLASIFICACION;SA;Documento cta.mayor;0100254233;19.01.2024;;;0;19.01.2024;USD;4,200,0000;4200,0000;0,0000;0,0000;0,0000;0,0000;0,0000;151779,18;A14;K-Materia Prima Extranjera;Z053;Materia Prima;;RECLASIFICACION;4200,00;USD;4200,00
1000;20000254;TRANSPORTE E INVERSION;ANTICIPO;ANTICIPO;KZ;Pago acreedor;1500007292;01.08.2022;;;0;01.08.2022;USD;4,930,0000;4930,0000;0,0000;0,0000;0,0000;0,0000;0,0000;28561,46;A14;K-Materia Prima Extranjera;Z053;Materia Prima;;Anticipo;4930,00;USD;4930,00
1000;20000254;TRANSPORTE E INVERSION;ANTICIPO;ANTICIPO;KZ;Pago acreedor;1500007516;21.09.2022;;;0;21.09.2022;USD;6,430,0000;6430,0000;0,0000;0,0000;0,0000;0,0000;0,0000;51758,93;A14;K-Materia Prima Extranjera;Z053;Materia Prima;;ANTICIPO;6430,00;USD;6430,00
1000;20000254;TRANSPORTE E INVERSION;TRANS E INV CEPED;ANTICIPO;KZ;Pago acreedor;1500007639;24.06.2022;;;0;24.06.2022;USD;5,880,0000;5880,0000;0,0000;0,0000;0,0000;0,0000;0,0000;32164,19;A14;K-Materia Prima Extranjera;Z053;Materia Prima;;ANTICIPO;5880,00;USD;5880,00
1000;20000254;TRANSPORTE E INVERSION;TRANS E INV CEPED;ANTICIPO;KZ;Pago acreedor;1500007640;25.08.2022;;;0;25.08.2022;USD;5,880,0000;5880,0000;0,0000;0,0000;0,0000;0,0000;0,0000;41246,44;A14;K-Materia Prima Extranjera;Z053;Materia Prima;;ANTICIPO;5880,00;USD;5880,00
1000;20000254;TRANSPORTE E INVERSION;527779;527779;KZ;Pago acreedor;1500008174;07.12.2022;;;0;07.12.2022;USD;4,965,0000;4965,0000;0,0000;0,0000;0,0000;0,0000;0,0000;58888,87;A14;K-Materia Prima Extranjera;Z053;Materia Prima;;OC 43-0404/0407 SERV LOGI;4965,00;USD;4965,00
1000;20000254;TRANSPORTE E INVERSION;ANTICIPO;ANTICIPO;KZ;Pago acreedor;1500008639;16.03.2023;;;0;16.03.2023;USD;5,950,0000;5950,0000;0,0000;0,0000;0,0000;0,0000;0,0000;143202,82;A14;K-Materia Prima Extranjera;Z053;Materia Prima;;ANTICIPO;5950,00;USD;5950,00
1000;20000254;TRANSPORTE E INVERSION;ANTICIPO;ANTICIPO;KZ;Pago acreedor;1500009506;18.07.2023;;;0;18.07.2023;USD;3,200,0000;3200,0000;0,0000;0,0000;0,0000;0,0000;0,0000;91742,40;A14;K-Materia Prima Extranjera;Z053;Materia Prima;;ANTICIPO;3200,00;USD;3200,00
1000;20000254;TRANSPORTE E INVERSION;ANTICIPO;ANTICIPO;KZ;Pago acreedor;1500009544;25.07.2023;;;0;25.07.2023;USD;3,000,0000;3000,0000;0,0000;0,0000;0,0000;0,0000;0,0000;87261,60;A14;K-Materia Prima Extranjera;Z053;Materia Prima;;ANTICIPO;3000,00;USD;3000,00
1000;20000254;TRANSPORTE E INVERSION;ANTICIPO;ANTICIPO;KZ;Pago acreedor;1500010375;13.11.2023;;;0;13.11.2023;USD;3,400,0000;3400,0000;0,0000;0,0000;0,0000;0,0000;0,0000;120260,04;A14;K-Materia Prima Extranjera;Z053;Materia Prima;;ANTICIPO;3400,00;USD;3400,00
1000;20000254;TRANSPORTE E INVERSION;OC 43-0522;OC 43-0522;KZ;Pago acreedor;1500011021;09.02.2024;;;0;09.02.2024;USD;3,280,0000;3280,0000;0,0000;0,0000;0,0000;0,0000;0,0000;119037,43;A14;K-Materia Prima Extranjera;Z053;Materia Prima;;OC 43-0522;3280,00;USD;3280,00
1000;20000254;TRANSPORTE E INVERSION;OC 43-0535;OC 43-0535;KZ;Pago acreedor;1500011089;01.03.2024;;;0;01.03.2024;USD;3,200,0000;3200,0000;0,0000;0,0000;0,0000;0,0000;0,0000;115685,76;A14;K-Materia Prima Extranjera;Z053;Materia Prima;;OC 43-0535;3200,00;USD;3200,00
1000;20000254;TRANSPORTE E INVERSION;OC 43-0552;OC 43-0552;KZ;Pago acreedor;1500011170;11.03.2024;;;0;11.03.2024;USD;3,500,0000;3500,0000;0,0000;0,0000;0,0000;0,0000;0,0000;126666,05;A14;K-Materia Prima Extranjera;Z053;Materia Prima;;OC 43-0552;3500,00;USD;3500,00
1000;20000254;TRANSPORTE E INVERSION;OC 43-0565;OC 43-0565;KZ;Pago acreedor;1500011358;11.04.2024;;;0;11.04.2024;USD;6,700,0000;6700,0000;0,0000;0,0000;0,0000;0,0000;0,0000;242461,61;A14;K-Materia Prima Extranjera;Z053;Materia Prima;;OC 43-0565;6700,00;USD;6700,00
1000;20000254;TRANSPORTE E INVERSION;OC 43-553/567/;OC 43-553/567/;KZ;Pago acreedor;1500011501;15.05.2024;;;0;15.05.2024;USD;6,780,0000;6780,0000;0,0000;0,0000;0,0000;0,0000;0,0000;248113,42;A14;K-Materia Prima Extranjera;Z053;Materia Prima;;OC 43-553/567/581/551;6780,00;USD;6780,00
1000;20000254;TRANSPORTE E INVERSION;OC 43-550;OC 43-550;KZ;Pago acreedor;1500011685;20.06.2024;;;0;20.06.2024;USD;3,930,0000;3930,0000;0,0000;0,0000;0,0000;0,0000;0,0000;142985,58;A14;K-Materia Prima Extranjera;Z053;Materia Prima;;OC 43-550;3930,00;USD;3930,00
1000;20000254;TRANSPORTE E INVERSION;SERVIVIOS LOGIST;SERVIVIOS LOGIST;KZ;Pago acreedor;1500011923;05.08.2024;;;0;05.08.2024;USD;7,740,0000;7740,0000;0,0000;0,0000;0,0000;0,0000;0,0000;283713,57;A14;K-Materia Prima Extranjera;Z053;Materia Prima;;SERVIVIOS LOGISTICO OC 43;7740,00;USD;7740,00
1000;20000254;TRANSPORTE E INVERSION;OC 43-598;OC 43-598;KZ;Pago acreedor;1500012061;29.08.2024;;;0;29.08.2024;USD;3,390,0000;3390,0000;0,0000;0,0000;0,0000;0,0000;0,0000;124046,54;A14;K-Materia Prima Extranjera;Z053;Materia Prima;;OC 43-598;3390,00;USD;3390,00
1000;20000254;TRANSPORTE E INVERSION;OC 43-0590;OC 43-0590;KZ;Pago acreedor;1500012116;13.09.2024;;;0;13.09.2024;USD;11,010,0000;11010,0000;0,0000;0,0000;0,0000;0,0000;0,0000;404518,41;A14;K-Materia Prima Extranjera;Z053;Materia Prima;;OC 43-0590;11010,00;USD;11010,00
1000;20000254;TRANSPORTE E INVERSION;OC 43-0616;OC 43-0616;KZ;Pago acreedor;1500012193;25.09.2024;;;0;25.09.2024;USD;7,660,0000;7660,0000;0,0000;0,0000;0,0000;0,0000;0,0000;281968,43;A14;K-Materia Prima Extranjera;Z053;Materia Prima;;OC 43-0616;7660,00;USD;7660,00
1000;20000254;TRANSPORTE E INVERSION;OC 43-0615;OC 43-0615;KZ;Pago acreedor;1500012256;04.10.2024;;;0;04.10.2024;USD;10,980,0000;10980,0000;0,0000;0,0000;0,0000;0,0000;0,0000;406100,79;A14;K-Materia Prima Extranjera;Z053;Materia Prima;;OC 43-0615;10980,00;USD;10980,00
1000;20000254;TRANSPORTE E INVERSION;OC 43-0599;OC 43-0599;KZ;Pago acreedor;1500012270;10.10.2024;;;0;10.10.2024;USD;3,390,0000;3390,0000;0,0000;0,0000;0,0000;0,0000;0,0000;127225,01;A14;K-Materia Prima Extranjera;Z053;Materia Prima;;OC 43-0599;3390,00;USD;3390,00
1000;20000254;TRANSPORTE E INVERSION;OC 43-0615;OC 43-0615;KZ;Pago acreedor;1500012399;31.10.2024;;;0;31.10.2024;USD;20,560,0000;20560,0000;0,0000;0,0000;0,0000;0,0000;0,0000;875078,83;A14;K-Materia Prima Extranjera;Z053;Materia Prima;;OC 43-0615;20560,00;USD;20560,00
1000;20000256;INTERCARGO PANAMA S.A;INTERCARGO;INTERCARGO PANAM;SA;Documento cta.mayor;0100160850;26.02.2021;;;0;26.02.2021;USD5;1,078,5100;1078,5100;0,0000;0,0000;0,0000;0,0000;0,0000;4359,16;A14;K-Materia Prima Extranjera;Z053;Materia Prima;;INTERCARGO PANAMA SA;1646,30;USD;1078,51
1000;20000256;INTERCARGO PANAMA S.A;DIFERENCIAL;DIFERENCIAL;SA;Documento cta.mayor;0100182550;31.12.2021;;;0;31.12.2021;USD;699,2200;699,2200;0,0000;0,0000;0,0000;0,0000;0,0000;3209,21;A14;K-Materia Prima Extranjera;Z053;Materia Prima;;DIFERENCIAL;0,01;USD;699,22
1000;20000256;INTERCARGO PANAMA S.A;DIFERENCIAL;DIFERENCIAL;SA;Documento cta.mayor;0100201959;31.12.2022;;;0;31.12.2022;USD;1,208,2800;1208,2800;0,0000;0,0000;0,0000;0,0000;0,0000;20877,55;A14;K-Materia Prima Extranjera;Z053;Materia Prima;;;0,01;USD;1208,28
1000;20000256;INTERCARGO PANAMA S.A;DIFERENCIAL;DIFERENCIAL;SA;Documento cta.mayor;0100231649;31.12.2023;;;0;31.12.2023;USD;854,6300;854,6300;0,0000;0,0000;0,0000;0,0000;0,0000;30707,18;A14;K-Materia Prima Extranjera;Z053;Materia Prima;;;0,01;USD;854,63
1000;20000257;FOSHAN LAND PACKAGING;OC 43/269;OC 43/269;SA;Documento cta.mayor;0100160602;04.03.2021;;;0;04.03.2021;USD5;4,648,9700;4648,9700;0,0000;0,0000;0,0000;0,0000;0,0000;18790,34;A14;K-Materia Prima Extranjera;Z053;Materia Prima;;FOSHAN LAND;10075,00;USD;4648,97
1000;20000257;FOSHAN LAND PACKAGING;DIFERENCIAL;DIFERENCIAL;SA;Documento cta.mayor;0100182551;31.12.2021;;;0;31.12.2021;USD;5,997,4400;5997,4400;0,0000;0,0000;0,0000;0,0000;0,0000;27526,45;A14;K-Materia Prima Extranjera;Z053;Materia Prima;;DIFERENCIAL;0,01;USD;5997,44
1000;20000257;FOSHAN LAND PACKAGING;DIFERENCIAL;DIFERENCIAL;SA;Documento cta.mayor;0100201960;31.12.2022;;;0;31.12.2022;USD;7,394,4300;7394,4300;0,0000;0,0000;0,0000;0,0000;0,0000;127766,11;A14;K-Materia Prima Extranjera;Z053;Materia Prima;;;0,01;USD;7394,43
1000;20000257;FOSHAN LAND PACKAGING;DIFERENCIAL;DIFERENCIAL;SA;Documento cta.mayor;0100231650;31.12.2023;;;0;31.12.2023;USD;5,230,0300;5230,0300;0,0000;0,0000;0,0000;0,0000;0,0000;187917,61;A14;K-Materia Prima Extranjera;Z053;Materia Prima;;;0,01;USD;5230,03
1000;20000258;ALTALENE;ANTICIPO;ANTICIPO;SA;Documento cta.mayor;0100177518;27.10.2021;;;0;27.10.2021;USD;2,271,4400;2271,4400;0,0000;0,0000;0,0000;0,0000;0,0000;9754,47;A14;K-Materia Prima Extranjera;Z053;Materia Prima;;ANTICIPO;2273,77;USD;2271,44
1000;20000258;ALTALENE;DIFERENCIAL;DIFERENCIAL;SA;Documento cta.mayor;0100182552;31.12.2021;;;0;31.12.2021;USD;152,1900;152,1900;0,0000;0,0000;0,0000;0,0000;0,0000;698,51;A14;K-Materia Prima Extranjera;Z053;Materia Prima;;DIFERENCIAL;0,01;USD;152,19
1000;20000258;ALTALENE;DIFERENCIAL;DIFERENCIAL;SA;Documento cta.mayor;0100201961;31.12.2022;;;0;31.12.2022;USD;1,668,8100;1668,8100;0,0000;0,0000;0,0000;0,0000;0,0000;28834,81;A14;K-Materia Prima Extranjera;Z053;Materia Prima;;;0,01;USD;1668,81
1000;20000258;ALTALENE;DIFERENCIAL;DIFERENCIAL;SA;Documento cta.mayor;0100231651;31.12.2023;;;0;31.12.2023;USD;1,180,3500;1180,3500;0,0000;0,0000;0,0000;0,0000;0,0000;42410,62;A14;K-Materia Prima Extranjera;Z053;Materia Prima;;;0,01;USD;1180,35
1000;20000260;PARTS & EQUIPMENT DEVE;0;0;SA;Documento cta.mayor;0100157931;23.03.2021;;;0;23.03.2021;VES;85,9500;85,9500;0,0000;0,0000;0,0000;0,0000;0,0000;347,40;A14;K-Materia Prima Extranjera;Z053;Materia Prima;;PART EQUIPMENT;190,00;USD;85,95
1000;20000260;PARTS & EQUIPMENT DEVE;DIFERENCIAL;DIFERENCIAL;SA;Documento cta.mayor;0100182553;31.12.2021;;;0;31.12.2021;USD;114,6200;114,6200;0,0000;0,0000;0,0000;0,0000;0,0000;526,07;A14;K-Materia Prima Extranjera;Z053;Materia Prima;;DIFERENCIAL;0,01;USD;114,62
1000;20000260;PARTS & EQUIPMENT DEVE;DIFERENCIAL;DIFERENCIAL;SA;Documento cta.mayor;0100201962;31.12.2022;;;0;31.12.2022;USD;139,4500;139,4500;0,0000;0,0000;0,0000;0,0000;0,0000;2409,48;A14;K-Materia Prima Extranjera;Z053;Materia Prima;;;0,01;USD;139,45
1000;20000260;PARTS & EQUIPMENT DEVE;DIFERENCIAL;DIFERENCIAL;SA;Documento cta.mayor;0100231652;31.12.2023;;;0;31.12.2023;USD;98,6500;98,6500;0,0000;0,0000;0,0000;0,0000;0,0000;3544,56;A14;K-Materia Prima Extranjera;Z053;Materia Prima;;;0,01;USD;98,65
1000;20000263;GRUPO TRANSCARGO CORP;GRUPO TRANSCARGO;09082021;SA;Documento cta.mayor;0100170283;09.08.2021;;;0;09.08.2021;USD5;486,5200;486,5200;0,0000;0,0000;0,0000;0,0000;0,0000;1966,42;A14;K-Materia Prima Extranjera;Z053;Materia Prima;;GRUPO TRANSCARGO CORP;483,29;USD;486,52
1000;20000263;GRUPO TRANSCARGO CORP;ANTICIPO;ANTICIPO;SA;Documento cta.mayor;0100180086;15.11.2021;;;0;15.11.2021;USD;1,133,8000;1133,8000;0,0000;0,0000;0,0000;0,0000;0,0000;5080,33;A14;K-Materia Prima Extranjera;Z053;Materia Prima;;ANTICIPO;1133,80;USD;1133,80
1000;20000263;GRUPO TRANSCARGO CORP;ANTICIPO;ANTICIPO;SA;Documento cta.mayor;0100182471;23.04.2021;;;0;23.04.2021;USD;1,112,0200;1112,0200;0,0000;0,0000;0,0000;0,0000;0,0000;4494,60;A14;K-Materia Prima Extranjera;Z053;Materia Prima;;ANTICIPO;1793,30;USD;1112,02
1000;20000263;GRUPO TRANSCARGO CORP;ANTICIPO;ANTICIPO;SA;Documento cta.mayor;0100182474;30.09.2021;;;0;30.09.2021;USD;4,595,8800;4595,8800;0,0000;0,0000;0,0000;0,0000;0,0000;18575,77;A14;K-Materia Prima Extranjera;Z053;Materia Prima;;ANTICIPO;4488,40;USD;4595,88
1000;20000263;GRUPO TRANSCARGO CORP;ANTICIPO;ANTICIPO;SA;Documento cta.mayor;0100182478;22.10.2021;;;0;22.10.2021;USD;2,283,8600;2283,8600;0,0000;0,0000;0,0000;0,0000;0,0000;9617,56;A14;K-Materia Prima Extranjera;Z053;Materia Prima;;ANTICIPO;2283,86;USD;2283,86
1000;20000263;GRUPO TRANSCARGO CORP;0;0;SA;Documento cta.mayor;0100182867;26.01.2022;;;0;26.01.2022;USD;3,990,6000;3990,6000;0,0000;0,0000;0,0000;0,0000;0,0000;18321,24;A14;K-Materia Prima Extranjera;Z053;Materia Prima;;GRUPO TRANSCARGO;3990,60;USD;3990,60
1000;20000263;GRUPO TRANSCARGO CORP;ANTICIPO;ANTICIPO;SA;Documento cta.mayor;0100192778;05.08.2022;;;0;05.08.2022;USD;1,534,8100;1534,8100;0,0000;0,0000;0,0000;0,0000;0,0000;8964,37;A14;K-Materia Prima Extranjera;Z053;Materia Prima;;ANTICIPO;1534,81;USD;1534,81
1000;20000263;GRUPO TRANSCARGO CORP;DIFERENCIAL;DIFERENCIAL;SA;Documento cta.mayor;0100231653;31.12.2023;;;0;31.12.2023;USD;69,210,4100;69210,4100;0,0000;0,0000;0,0000;0,0000;0,0000;2486764,81;A14;K-Materia Prima Extranjera;Z053;Materia Prima;;;0,01;USD;69210,41
1000;20000263;GRUPO TRANSCARGO CORP;COMPENSACION;COMPENSACION;AB;Documento contable;0100245586;01.03.2023;;;0;01.03.2023;VED;-3,782,4900;-3782,4900;0,0000;0,0000;0,0000;0,0000;0,0000;-92144,86;A14;K-Materia Prima Extranjera;Z053;Materia Prima;;OC. 43-0412/43-0360-43-04;-3782,49;USD;-3782,49
1000;20000263;GRUPO TRANSCARGO CORP;COMPENSACION;COMPENSACION;AB;Documento contable;0100245615;22.03.2024;;;0;22.03.2024;VED;-24,2400;-24,2400;0,0000;0,0000;0,0000;0,0000;0,0000;-880,44;A14;K-Materia Prima Extranjera;Z053;Materia Prima;;OC. 43-0548/529/528;-24,24;USD;-24,24
1000;20000263;GRUPO TRANSCARGO CORP;COMPENSACION;COMPENSACION;AB;Documento contable;0100245624;12.04.2024;;;0;12.04.2024;VED;-8,5000;-8,5000;0,0000;0,0000;0,0000;0,0000;0,0000;-308,38;A14;K-Materia Prima Extranjera;Z053;Materia Prima;;OC. 43-0524/527;-8,50;USD;-8,50
1000;20000263;GRUPO TRANSCARGO CORP;COMPENSACION;COMPENSACION;AB;Documento contable;0100245628;24.04.2024;;;0;24.04.2024;VED;-2,0000;-2,0000;0,0000;0,0000;0,0000;0,0000;0,0000;-72,78;A14;K-Materia Prima Extranjera;Z053;Materia Prima;;OC. 43-0547/509/528;-2,00;USD;-2,00
1000;20000263;GRUPO TRANSCARGO CORP;0201004287;COMPENSACION;AB;Documento contable;0100245702;18.08.2023;;;0;18.08.2023;VED;-4,0200;-4,0200;0,0000;0,0000;0,0000;0,0000;0,0000;-127,65;A14;K-Materia Prima Extranjera;Z053;Materia Prima;;OC. 43-0442/0460;-4,02;USD;-4,02
1000;20000263;GRUPO TRANSCARGO CORP;201003119;201003119;AB;Documento contable;0100246420;22.07.2022;;;0;22.07.2022;VED;-3,4000;-3,4000;0,0000;0,0000;0,0000;0,0000;0,0000;-19,48;A14;K-Materia Prima Extranjera;Z053;Materia Prima;;;-3,40;USD;-3,40
1000;20000263;GRUPO TRANSCARGO CORP;FT 2020053;;ZT;Cart.Transf.Proveed.;0700020815;18.06.2024;;;0;18.06.2024;VED;3,454,8900;3454,8900;0,0000;0,0000;0,0000;0,0000;0,0000;125818,80;A14;K-Materia Prima Extranjera;Z053;Materia Prima;;20240618-SF149;3454,89;USD;3454,89
1000;20000263;GRUPO TRANSCARGO CORP;GRUPO TRANSCARGO;ANTICIPO;KZ;Pago acreedor;1500007642;29.06.2022;;;0;29.06.2022;USD;3,713,4000;3713,4000;0,0000;0,0000;0,0000;0,0000;0,0000;20472,35;A14;K-Materia Prima Extranjera;Z053;Materia Prima;;ANTICIPO;3713,40;USD;3713,40
1000;20000263;GRUPO TRANSCARGO CORP;GRUPO TRANSCARGO;ANTICIPO;KZ;Pago acreedor;1500007643;29.06.2022;;;0;29.06.2022;USD;7,610,2900;7610,2900;0,0000;0,0000;0,0000;0,0000;0,0000;41956,29;A14;K-Materia Prima Extranjera;Z053;Materia Prima;;ANTICIPO;7610,29;USD;7610,29
1000;20000263;GRUPO TRANSCARGO CORP;'0000000577;'0000000577;KZ;Pago acreedor;1500008141;26.12.2022;;;0;26.12.2022;USD;3,870,0000;3870,0000;0,0000;0,0000;0,0000;0,0000;0,0000;64111,58;A14;K-Materia Prima Extranjera;Z053;Materia Prima;;ANTIC OC 43-0403 SERV PUE;3870,00;USD;3870,00
1000;20000263;GRUPO TRANSCARGO CORP;ANTICIPO;ANTICIPO;KZ;Pago acreedor;1500010916;09.02.2024;;;0;09.02.2024;USD;2,100,0000;2100,0000;0,0000;0,0000;0,0000;0,0000;0,0000;76212,99;A14;K-Materia Prima Extranjera;Z053;Materia Prima;;ANTICIPO;2100,00;USD;2100,00
1000;20000263;GRUPO TRANSCARGO CORP;0201004771;0201004771;KR;Factura acreedor;1900019073;29.11.2023;N180;Crédito 180 Días;  806;27.05.2024;USD;-431,2600;0,0000;0,0000;0,0000;0,0000;-431,2600;0,0000;-15300,43;A14;K-Materia Prima Extranjera;Z053;Materia Prima;;S/O.C;-420,00;USD;-431,26
1000;20000263;GRUPO TRANSCARGO CORP;0201004948;0201004948;KR;Factura acreedor;1900019075;08.01.2024;N180;Crédito 180 Días;  806;06.07.2024;USD;-1,507,5100;0,0000;0,0000;0,0000;0,0000;-1507,5100;0,0000;-54280,10;A14;K-Materia Prima Extranjera;Z053;Materia Prima;;OC. 43-0537;-1490,00;USD;-1507,51
1000;20000263;GRUPO TRANSCARGO CORP;0201005006;0201005006;KR;Factura acreedor;1900019076;18.01.2024;N180;Crédito 180 Días;  806;16.07.2024;USD;-148,8100;0,0000;0,0000;0,0000;0,0000;-148,8100;0,0000;-5368,63;A14;K-Materia Prima Extranjera;Z053;Materia Prima;;OC. 43-0517;-147,37;USD;-148,81
1000;20000263;GRUPO TRANSCARGO CORP;0201004887;0201004887;KR;Factura acreedor;1900019077;19.12.2023;N180;Crédito 180 Días;  806;16.06.2024;USD;-51,0900;0,0000;0,0000;0,0000;0,0000;-51,0900;0,0000;-1821,48;A14;K-Materia Prima Extranjera;Z053;Materia Prima;;OC. 43-0509;-50,00;USD;-51,09
1000;20000263;GRUPO TRANSCARGO CORP;0201005353;0201005353;KR;Factura acreedor;1900019458;24.04.2024;N180;Crédito 180 Días; 1102;21.10.2024;USD;-403,2500;0,0000;0,0000;0,0000;0,0000;-403,2500;0,0000;-14673,20;A14;K-Materia Prima Extranjera;Z053;Materia Prima;;0;-400,00;USD;-403,25
1000;20000263;GRUPO TRANSCARGO CORP;0201005661;0201005661;KR;Factura acreedor;1900019461;11.06.2024;N180;Crédito 180 Días; 1102;08.12.2024;USD;-211,3400;0,0000;0,0000;0,0000;0,0000;-211,3400;0,0000;-7703,43;A14;K-Materia Prima Extranjera;Z053;Materia Prima;;0;-210,00;USD;-211,34
1000;20000263;GRUPO TRANSCARGO CORP;0201005671;0201005671;KR;Factura acreedor;1900019462;12.06.2024;N180;Crédito 180 Días; 1102;09.12.2024;USD;-4,789,0300;0,0000;0,0000;0,0000;0,0000;-4789,0300;0,0000;-174505,07;A14;K-Materia Prima Extranjera;Z053;Materia Prima;;0;-4757,11;USD;-4789,03
1000;20000263;GRUPO TRANSCARGO CORP;0201005787;0201005787;KR;Factura acreedor;1900019476;16.07.2024;NT00;Contado; 1281;16.07.2024;USD;-190,7700;0,0000;0,0000;0,0000;0,0000;-190,7700;0,0000;-6963,20;A14;K-Materia Prima Extranjera;Z053;Materia Prima;;0;-190,00;USD;-190,77
1000;20000263;GRUPO TRANSCARGO CORP;0201005794;0201005794;KR;Factura acreedor;1900019477;18.07.2024;NT00;Contado; 1281;18.07.2024;USD;-130,3800;0,0000;0,0000;0,0000;0,0000;-130,3800;0,0000;-4764,29;A14;K-Materia Prima Extranjera;Z053;Materia Prima;;0;-130,00;USD;-130,38
1000;20000263;GRUPO TRANSCARGO CORP;0201005945;0201005945;KR;Factura acreedor;1900019674;19.09.2024;N180;Crédito 180 Días;  342;18.03.2025;USD;-2,248,5900;0,0000;0,0000;0,0000;0,0000;-2248,5900;0,0000;-82700,54;A14;K-Materia Prima Extranjera;Z053;Materia Prima;;0;-2125,00;USD;-2248,59
1000;20000263;GRUPO TRANSCARGO CORP;0201005905;0201005905;KR;Factura acreedor;1900019675;05.09.2024;N180;Crédito 180 Días;  356;04.03.2025;USD;-770,0000;0,0000;0,0000;0,0000;0,0000;-770,0000;0,0000;-28215,48;A14;K-Materia Prima Extranjera;Z053;Materia Prima;;0;-725,00;USD;-770,00
1000;20000263;GRUPO TRANSCARGO CORP;0201005904;0201005904;KR;Factura acreedor;1900019676;05.09.2024;N180;Crédito 180 Días;  356;04.03.2025;USD;-122,1400;0,0000;0,0000;0,0000;0,0000;-122,1400;0,0000;-4475,56;A14;K-Materia Prima Extranjera;Z053;Materia Prima;;0;-115,00;USD;-122,14
1000;20000263;GRUPO TRANSCARGO CORP;0201006066;0201006066;KR;Factura acreedor;1900019841;25.10.2024;N180;Crédito 180 Días;  306;23.04.2025;USD;-6,951,7900;0,0000;0,0000;0,0000;0,0000;-6951,7900;0,0000;-284191,22;A14;K-Materia Prima Extranjera;Z053;Materia Prima;;0;-6245,00;USD;-6951,79
1000;20000265;CHANGXING KINGKE IMPOR;ANTICIPO;ANTICIPO;SA;Documento cta.mayor;0100182395;14.12.2021;;;0;14.12.2021;USD;1,697,9400;1697,9400;0,0000;0,0000;0,0000;0,0000;0,0000;7875,39;A14;K-Materia Prima Extranjera;Z053;Materia Prima;;ANTICIPO;1697,94;USD;1697,94
1000;20000265;CHANGXING KINGKE IMPOR;DIFERENCIAL;DIFERENCIAL;SA;Documento cta.mayor;0100182555;31.12.2021;;;0;31.12.2021;USD;-15,1700;-15,1700;0,0000;0,0000;0,0000;0,0000;0,0000;-69,62;A14;K-Materia Prima Extranjera;Z053;Materia Prima;;DIFERENCIAL;-0,01;USD;-15,17
1000;20000265;CHANGXING KINGKE IMPOR;DIFERENCIAL;DIFERENCIAL;SA;Documento cta.mayor;0100201964;31.12.2022;;;0;31.12.2022;USD;3,769,8200;3769,8200;0,0000;0,0000;0,0000;0,0000;0,0000;65137,55;A14;K-Materia Prima Extranjera;Z053;Materia Prima;;;0,01;USD;3769,82
1000;20000265;CHANGXING KINGKE IMPOR;DIFERENCIAL;DIFERENCIAL;SA;Documento cta.mayor;0100231654;31.12.2023;;;0;31.12.2023;USD;2,644,2500;2644,2500;0,0000;0,0000;0,0000;0,0000;0,0000;95009,09;A14;K-Materia Prima Extranjera;Z053;Materia Prima;;;0,01;USD;2644,25
1000;20000265;CHANGXING KINGKE IMPOR;ANTICIPO;ANTICIPO;KZ;Pago acreedor;1500006464;25.03.2022;;;0;25.03.2022;USD;1,708,6600;1708,6600;0,0000;0,0000;0,0000;0,0000;0,0000;7418,81;A14;K-Materia Prima Extranjera;Z053;Materia Prima;;ANTICIPO;1697,94;USD;1708,66
1000;20000265;CHANGXING KINGKE IMPOR;KKPV210709;FACT KKPV210709;KR;Factura acreedor;1900015325;08.02.2022;;;0;08.02.2022;USD;1,697,9400;1697,9400;0,0000;0,0000;0,0000;0,0000;0,0000;7652,28;A14;K-Materia Prima Extranjera;Z053;Materia Prima;;Kingke/kingsafe;1697,94;USD;1697,94
1000;20000266;FIBRA CREATIVA S.A.C;23092021;23092021;SA;Documento cta.mayor;0100176391;23.09.2021;;;0;23.09.2021;USD5;2,354,3300;2354,3300;0,0000;0,0000;0,0000;0,0000;0,0000;9515,82;A14;K-Materia Prima Extranjera;Z053;Materia Prima;;ANTICIPO;2360,00;USD;2354,33
1000;20000266;FIBRA CREATIVA S.A.C;ANTICIPO;ANTICIPO;SA;Documento cta.mayor;0100183078;26.01.2022;;;0;26.01.2022;USD;3,636,0000;3636,0000;0,0000;0,0000;0,0000;0,0000;0,0000;16693,24;A14;K-Materia Prima Extranjera;Z053;Materia Prima;;ANTICIPO;3636,00;USD;3636,00
1000;20000266;FIBRA CREATIVA S.A.C;DIFERENCIAL;DIFERENCIAL;SA;Documento cta.mayor;0100231655;31.12.2023;;;0;31.12.2023;USD;5,266,5600;5266,5600;0,0000;0,0000;0,0000;0,0000;0,0000;189230,22;A14;K-Materia Prima Extranjera;Z053;Materia Prima;;;0,01;USD;5266,56
1000;20000266;FIBRA CREATIVA S.A.C;SALDO DE FT E001-9;DF FT E001-994;SA;Documento cta.mayor;0100253717;30.08.2024;N180;Crédito 180 Días;  589;26.02.2025;USD;-576,9400;0,0000;0,0000;0,0000;0,0000;-576,9400;0,0000;-21130,79;A14;K-Materia Prima Extranjera;Z053;Materia Prima;;;-580,00;USD;-576,94
1000;20000266;FIBRA CREATIVA S.A.C;OC 43-0481;OC 43-0481;KZ;Pago acreedor;1500011067;02.02.2024;;;0;02.02.2024;USD;6,000,0000;6000,0000;0,0000;0,0000;0,0000;0,0000;0,0000;217411,20;A14;K-Materia Prima Extranjera;Z053;Materia Prima;;OC 43-0481;6000,00;USD;6000,00
1000;20000266;FIBRA CREATIVA S.A.C;OC 43-520;OC 43-520;KZ;Pago acreedor;1500011513;21.05.2024;;;0;21.05.2024;USD;9,300,0000;9300,0000;0,0000;0,0000;0,0000;0,0000;0,0000;340103,79;A14;K-Materia Prima Extranjera;Z053;Materia Prima;;OC 43-520;9300,00;USD;9300,00
1000;20000272;HELVETIA EXPORT LP;FT23111VSBY9Z\BNK;ABONO;SA;Documento cta.mayor;0100208030;21.04.2023;N180;Crédito 180 Días;  859;18.10.2023;USD;-1,437,0000;0,0000;0,0000;0,0000;0,0000;-1437,0000;0,0000;-35316,57;A14;K-Materia Prima Extranjera;Z053;Materia Prima;;ABONO;-1437,00;USD;-1437,00
1000;20000272;HELVETIA EXPORT LP;2200226232;ABONO;SA;Documento cta.mayor;0100231001;09.10.2023;N180;Crédito 180 Días;  688;06.04.2024;USD;-348,1500;0,0000;0,0000;0,0000;0,0000;-348,1500;0,0000;-12135,29;A14;K-Materia Prima Extranjera;Z053;Materia Prima;;ABONO;-348,15;USD;-348,15
1000;20000272;HELVETIA EXPORT LP;2200226237;ABONO;SA;Documento cta.mayor;0100231002;12.10.2023;N180;Crédito 180 Días;  685;09.04.2024;USD;-3,868,5600;0,0000;0,0000;0,0000;0,0000;-3868,5600;0,0000;-134786,82;A14;K-Materia Prima Extranjera;Z053;Materia Prima;;ABONO;-3868,56;USD;-3868,56
1000;20000272;HELVETIA EXPORT LP;2200226238;ABONO;SA;Documento cta.mayor;0100231003;12.10.2023;N180;Crédito 180 Días;  685;09.04.2024;USD;-839,3200;0,0000;0,0000;0,0000;0,0000;-839,3200;0,0000;-29243,25;A14;K-Materia Prima Extranjera;Z053;Materia Prima;;ABONO;-839,32;USD;-839,32
1000;20000272;HELVETIA EXPORT LP;DIFERENCIAL;DIFERENCIAL;SA;Documento cta.mayor;0100231686;31.12.2023;N180;Crédito 180 Días;  605;28.06.2024;USD;-607,1700;0,0000;0,0000;0,0000;0,0000;-607,1700;0,0000;-21815,88;A14;K-Materia Prima Extranjera;Z053;Materia Prima;;;-0,01;USD;-607,17
1000;20000272;HELVETIA EXPORT LP;25/04/2024 FT24116;0;SA;Documento cta.mayor;0100241663;25.04.2024;N180;Crédito 180 Días;  489;22.10.2024;USD;-3,885,0700;0,0000;0,0000;0,0000;0,0000;-3885,0700;0,0000;-141506,29;A14;K-Materia Prima Extranjera;Z053;Materia Prima;;;-3885,07;USD;-3885,07
1000;20000272;HELVETIA EXPORT LP;25/04/2024 FT24116;0;SA;Documento cta.mayor;0100241665;25.04.2024;N180;Crédito 180 Días;  489;22.10.2024;USD;-3,862,9900;0,0000;0,0000;0,0000;0,0000;-3862,9900;0,0000;-140702,07;A14;K-Materia Prima Extranjera;Z053;Materia Prima;;;-3862,99;USD;-3862,99
1000;20000272;HELVETIA EXPORT LP;25/04/2024 FT24116;0;SA;Documento cta.mayor;0100241703;25.04.2024;N180;Crédito 180 Días;  489;22.10.2024;USD;-5,355,6000;0,0000;0,0000;0,0000;0,0000;-5355,6000;0,0000;-195067,55;A14;K-Materia Prima Extranjera;Z053;Materia Prima;;;-5355,60;USD;-5355,60
1000;20000272;HELVETIA EXPORT LP;FT2414504TF3G\BNK;0;SA;Documento cta.mayor;0100245063;27.05.2024;N180;Crédito 180 Días;  457;23.11.2024;USD;-1,000,0000;0,0000;0,0000;0,0000;0,0000;-1000,0000;0,0000;-36512,90;A14;K-Materia Prima Extranjera;Z053;Materia Prima;;HELVETIA;-1000,00;USD;-1000,00
1000;20000272;HELVETIA EXPORT LP;0004141600001;0;SA;Documento cta.mayor;0100247721;25.06.2024;;;0;25.06.2024;USD;500,0000;500,0000;0,0000;0,0000;0,0000;0,0000;0,0000;18186,25;A14;K-Materia Prima Extranjera;Z053;Materia Prima;;;500,00;USD;500,00
1000;20000272;HELVETIA EXPORT LP;ANTICIPO;PAGO;SA;Documento cta.mayor;0100260293;06.11.2024;;;0;06.11.2024;USD;625,5700;625,5700;0,0000;0,0000;0,0000;0,0000;0,0000;27185,77;A14;K-Materia Prima Extranjera;Z053;Materia Prima;;PAGO GTOS HELVETIA;625,57;USD;625,57
1000;20000272;HELVETIA EXPORT LP;ANTICIPO;PAGO;SA;Documento cta.mayor;0100260295;06.11.2024;;;0;06.11.2024;USD;850,5000;850,5000;0,0000;0,0000;0,0000;0,0000;0,0000;36960,69;A14;K-Materia Prima Extranjera;Z053;Materia Prima;;PAGO GTOS HELVETIA;850,50;USD;850,50
1000;20000272;HELVETIA EXPORT LP;ANTICIPO;PAGO;SA;Documento cta.mayor;0100260995;14.11.2024;;;0;14.11.2024;USD;555,0000;555,0000;0,0000;0,0000;0,0000;0,0000;0,0000;25004,42;A14;K-Materia Prima Extranjera;Z053;Materia Prima;;PAGO GTOS HELVETIA;555,00;USD;555,00
1000;20000272;HELVETIA EXPORT LP;ANTICIPO;PAGO;SA;Documento cta.mayor;0100260998;14.11.2024;;;0;14.11.2024;USD;146,4800;146,4800;0,0000;0,0000;0,0000;0,0000;0,0000;6599,36;A14;K-Materia Prima Extranjera;Z053;Materia Prima;;PAGO GTOS HELVETIA;146,48;USD;146,48
1000;20000275; SUNSHINE HYGIENE & HE;EXP 20102865;;SA;Documento cta.mayor;0100196250;29.03.2022;;;0;29.03.2022;USD;17,010,6700;17010,6700;0,0000;0,0000;0,0000;0,0000;0,0000;74324,73;A14;K-Materia Prima Extranjera;Z053;Materia Prima;;;8870,57;USD;17010,67
1000;20000275; SUNSHINE HYGIENE & HE;PAGO;PAGO;SA;Documento cta.mayor;0100196315;28.07.2022;;;0;28.07.2022;USD;85,000,0000;85000,0000;0,0000;0,0000;0,0000;0,0000;0,0000;490552,00;A14;K-Materia Prima Extranjera;Z053;Materia Prima;;PAGO;85000,00;USD;85000,00
1000;20000275; SUNSHINE HYGIENE & HE;;;SA;Documento cta.mayor;0100210639;07.08.2022;N180;Crédito 180 Días; 1116;03.02.2023;VED;-116,363,7800;0,0000;0,0000;0,0000;0,0000;-116363,7800;0,0000;-679645,93;A14;K-Materia Prima Extranjera;Z053;Materia Prima;;;-85208,17;USD;-116363,78
1000;20000275; SUNSHINE HYGIENE & HE;1500007286;;SA;Documento cta.mayor;0100210641;31.05.2023;;;0;31.05.2023;VED;1,996,3300;1996,3300;0,0000;0,0000;0,0000;0,0000;0,0000;52231,73;A14;K-Materia Prima Extranjera;Z053;Materia Prima;;;9015,73;USD;1996,33
1000;20000275; SUNSHINE HYGIENE & HE;22YGYLO10;;SA;Documento cta.mayor;0100210642;14.09.2022;N180;Crédito 180 Días; 1078;13.03.2023;VED;-8,577,4100;0,0000;0,0000;0,0000;0,0000;-8577,4100;0,0000;-68653,62;A14;K-Materia Prima Extranjera;Z053;Materia Prima;;;-15473,33;USD;-8577,41
1000;20000275; SUNSHINE HYGIENE & HE;23YGYL00011;23YGYL00011;SA;Documento cta.mayor;0100231323;27.04.2023;N180;Crédito 180 Días;  853;24.10.2023;USD;-28,000,4500;0,0000;0,0000;0,0000;0,0000;-28000,4500;0,0000;-689707,07;A14;K-Materia Prima Extranjera;Z053;Materia Prima;;SALDO FT 23YGYL00011;-28000,45;USD;-28000,45
1000;20000275; SUNSHINE HYGIENE & HE;23YGYL0016;;SA;Documento cta.mayor;0100231325;18.07.2023;N180;Crédito 180 Días;  771;14.01.2024;USD;-14,515,1100;0,0000;0,0000;0,0000;0,0000;-14515,1100;0,0000;-416140,94;A14;K-Materia Prima Extranjera;Z053;Materia Prima;;;-360,69;USD;-14515,11
1000;20000275; SUNSHINE HYGIENE & HE;DIFERENCIAL;DIFERENCIAL;SA;Documento cta.mayor;0100232437;31.12.2023;N180;Crédito 180 Días;  605;28.06.2024;USD;-81,188,0400;0,0000;0,0000;0,0000;0,0000;-81188,0400;0,0000;-2917126,92;A14;K-Materia Prima Extranjera;Z053;Materia Prima;;;-0,01;USD;-81188,04
1000;20000275; SUNSHINE HYGIENE & HE;DIFERENCIAL;DIFERENCIAL;SA;Documento cta.mayor;0100232442;31.12.2023;;;0;31.12.2023;USD;111,142,2100;111142,2100;0,0000;0,0000;0,0000;0,0000;0,0000;3993395,12;A14;K-Materia Prima Extranjera;Z053;Materia Prima;;;0,01;USD;111142,21
1000;20000275; SUNSHINE HYGIENE & HE; DF FT 23YGLY0039;DF FT23YGLY0039;SA;Documento cta.mayor;0100253476;08.01.2024;N180;Crédito 180 Días;  597;06.07.2024;USD;-24,385,2900;0,0000;0,0000;0,0000;0,0000;-24385,2900;0,0000;-878028,82;A14;K-Materia Prima Extranjera;Z053;Materia Prima;;;-24296,62;USD;-24385,29
1000;20000275; SUNSHINE HYGIENE & HE;1500010622;SALDO ANTICIPO;SA;Documento cta.mayor;0100253521;15.12.2023;;;0;15.12.2023;USD;15,718,6100;15718,6100;0,0000;0,0000;0,0000;0,0000;0,0000;560215,89;A14;K-Materia Prima Extranjera;Z053;Materia Prima;;;15566,62;USD;15718,61
1000;20000275; SUNSHINE HYGIENE & HE;;;SA;Documento cta.mayor;0100256080;27.09.2024;N180;Crédito 180 Días;  468;26.03.2025;USD;-2,410,0600;0,0000;0,0000;0,0000;0,0000;-2410,0600;0,0000;-88847,91;A14;K-Materia Prima Extranjera;Z053;Materia Prima;;;-2427,56;USD;-2410,06
1000;20000275; SUNSHINE HYGIENE & HE;OC 43-0586;SALDO ANTICIPO;SA;Documento cta.mayor;0100256348;30.09.2024;;;0;30.09.2024;USD;8,480,9400;8480,9400;0,0000;0,0000;0,0000;0,0000;0,0000;313019,72;A14;K-Materia Prima Extranjera;Z053;Materia Prima;;SALDO ANTICIPO;8551,47;USD;8480,94
1000;20000275; SUNSHINE HYGIENE & HE;535910;535910;KZ;Pago acreedor;1500008173;22.12.2022;;;0;22.12.2022;USD;45,000,0000;45000,0000;0,0000;0,0000;0,0000;0,0000;0,0000;727996,50;A14;K-Materia Prima Extranjera;Z053;Materia Prima;;CANC OC 43-419 $45.000;45000,00;USD;45000,00
1000;20000275; SUNSHINE HYGIENE & HE;OC 43/586;OC 43/586;KZ;Pago acreedor;1500012265;04.10.2024;;;0;04.10.2024;USD;4,276,0000;4276,0000;0,0000;0,0000;0,0000;0,0000;0,0000;158150,00;A14;K-Materia Prima Extranjera;Z053;Materia Prima;;OC 43/586;4276,00;USD;4276,00
1000;20000275; SUNSHINE HYGIENE & HE;OC 43/586;OC 43/586;KZ;Pago acreedor;1500012266;04.10.2024;;;0;04.10.2024;USD;473,6200;473,6200;0,0000;0,0000;0,0000;0,0000;0,0000;17517,07;A14;K-Materia Prima Extranjera;Z053;Materia Prima;;OC 43/586;473,62;USD;473,62
1000;20000275; SUNSHINE HYGIENE & HE;F 23YGYL00012;23YGYL00012;RE;Factura bruto;5100019693;19.06.2023;NT01;Prepagado;  980;19.06.2023;USD;-21,962,9700;0,0000;0,0000;0,0000;0,0000;-21962,9700;0,0000;-596815,16;A14;K-Materia Prima Extranjera;Z053;Materia Prima;;F 23YGYL00012 OC 43-458;-20359,39;USD;-21962,97
1000;20000275; SUNSHINE HYGIENE & HE;FT 24YGYL0003;FT 24YGYL0003;RE;Factura bruto;5100024108;31.05.2024;NT00;Contado;  633;31.05.2024;USD;0,0000;0,0000;0,0000;0,0000;0,0000;0,0000;0,0000;0,01;A14;K-Materia Prima Extranjera;Z053;Materia Prima;5100024108;OC 43/0538  EXP 20103048;0,00;USD;0,00
1000;20000275; SUNSHINE HYGIENE & HE;FT 24YGYL0003;FT 24YGYL0003;ZZ;Anulación Doc.FI;9900039307;31.05.2024;NT00;Contado;  633;31.05.2024;USD;0,0000;0,0000;0,0000;0,0000;0,0000;0,0000;0,0000;-0,01;A14;K-Materia Prima Extranjera;Z053;Materia Prima;5100024108;OC 43/0538  EXP 20103048;0,00;USD;0,00
1000;20000279;CM HOLDING HK LIMITED;;;SA;Documento cta.mayor;0100182496;01.11.2021;;;0;01.11.2021;USD;3,073,3900;3073,3900;0,0000;0,0000;0,0000;0,0000;0,0000;13455,00;A23;K-Proveedor  Extranjero;Z054;Maquinarias Y Equipo;;ANTICIPO;3250,00;USD;3073,39
1000;20000279;CM HOLDING HK LIMITED;;;SA;Documento cta.mayor;0100182497;01.11.2021;;;0;01.11.2021;USD;9,570,0700;9570,0700;0,0000;0,0000;0,0000;0,0000;0,0000;41896,80;A23;K-Proveedor  Extranjero;Z054;Maquinarias Y Equipo;;ANTICIPO;10120,00;USD;9570,07
1000;20000279;CM HOLDING HK LIMITED;DIFERENCIAL;DIFERENCIAL;SA;Documento cta.mayor;0100182560;31.12.2021;;;0;31.12.2021;USD;1,331,8400;1331,8400;0,0000;0,0000;0,0000;0,0000;0,0000;6112,76;A23;K-Proveedor  Extranjero;Z054;Maquinarias Y Equipo;;DIFERENCIAL;0,01;USD;1331,84
1000;20000279;CM HOLDING HK LIMITED;DIFERENCIAL;DIFERENCIAL;SA;Documento cta.mayor;0100201969;31.12.2022;;;0;31.12.2022;USD;9,812,7600;9812,7600;0,0000;0,0000;0,0000;0,0000;0,0000;169551,66;A23;K-Proveedor  Extranjero;Z054;Maquinarias Y Equipo;;;0,01;USD;9812,76
1000;20000279;CM HOLDING HK LIMITED;DIFERENCIAL;DIFERENCIAL;SA;Documento cta.mayor;0100231657;31.12.2023;;;0;31.12.2023;USD;6,940,4900;6940,4900;0,0000;0,0000;0,0000;0,0000;0,0000;249375,28;A23;K-Proveedor  Extranjero;Z054;Maquinarias Y Equipo;;;0,01;USD;6940,49
1000;20000281;CP GROUP LATAM;ANTICIPO;ANTICIPO;SA;Documento cta.mayor;0100182448;27.05.2021;;;0;27.05.2021;USD;3,760,1500;3760,1500;0,0000;0,0000;0,0000;0,0000;0,0000;15197,90;A14;K-Materia Prima Extranjera;Z053;Materia Prima;;ANTICIPO;4950,00;USD;3760,15
1000;20000281;CP GROUP LATAM;ANTICIPO;ANTICIPO;SA;Documento cta.mayor;0100182473;20.09.2021;;;0;20.09.2021;USD;4,950,0000;4950,0000;0,0000;0,0000;0,0000;0,0000;0,0000;20007,06;A14;K-Materia Prima Extranjera;Z053;Materia Prima;;ANTICIPO;4950,00;USD;4950,00
1000;20000281;CP GROUP LATAM;DIFERENCIAL;DIFERENCIAL;SA;Documento cta.mayor;0100182561;31.12.2021;;;0;31.12.2021;USD;2,245,7500;2245,7500;0,0000;0,0000;0,0000;0,0000;0,0000;10307,32;A14;K-Materia Prima Extranjera;Z053;Materia Prima;;DIFERENCIAL;0,01;USD;2245,75
1000;20000281;CP GROUP LATAM;DIFERENCIAL;DIFERENCIAL;SA;Documento cta.mayor;0100201970;31.12.2022;;;0;31.12.2022;USD;7,265,9900;7265,9900;0,0000;0,0000;0,0000;0,0000;0,0000;125546,85;A14;K-Materia Prima Extranjera;Z053;Materia Prima;;;0,01;USD;7265,99
1000;20000281;CP GROUP LATAM;DIFERENCIAL;DIFERENCIAL;SA;Documento cta.mayor;0100231659;31.12.2023;;;0;31.12.2023;USD;5,139,1900;5139,1900;0,0000;0,0000;0,0000;0,0000;0,0000;184653,54;A14;K-Materia Prima Extranjera;Z053;Materia Prima;;;0,01;USD;5139,19
1000;20000284;CREATING CONSULTING;ANTICIPO;ANTICIPO;SA;Documento cta.mayor;0100182466;18.10.2021;;;0;18.10.2021;USD;5,000,0000;5000,0000;0,0000;0,0000;0,0000;0,0000;0,0000;20696,00;A14;K-Materia Prima Extranjera;Z053;Materia Prima;;ANTICIPO;5000,00;USD;5000,00
1000;20000284;CREATING CONSULTING;DIFERENCIAL;DIFERENCIAL;SA;Documento cta.mayor;0100182563;31.12.2021;;;0;31.12.2021;USD;498,9400;498,9400;0,0000;0,0000;0,0000;0,0000;0,0000;2290,00;A14;K-Materia Prima Extranjera;Z053;Materia Prima;;DIFERENCIAL;0,01;USD;498,94
1000;20000284;CREATING CONSULTING;DIFERENCIAL;DIFERENCIAL;SA;Documento cta.mayor;0100201971;31.12.2022;;;0;31.12.2022;USD;3,669,6900;3669,6900;0,0000;0,0000;0,0000;0,0000;0,0000;63407,50;A14;K-Materia Prima Extranjera;Z053;Materia Prima;;;0,01;USD;3669,69
1000;20000284;CREATING CONSULTING;DIFERENCIAL;DIFERENCIAL;SA;Documento cta.mayor;0100231662;31.12.2023;;;0;31.12.2023;USD;2,595,5600;2595,5600;0,0000;0,0000;0,0000;0,0000;0,0000;93259,72;A14;K-Materia Prima Extranjera;Z053;Materia Prima;;;0,01;USD;2595,56
1000;20000285;OPTIMA BRASIL;Optima;OPTIMA;SA;Documento cta.mayor;0100231158;31.12.2023;N180;Crédito 180 Días; 1335;28.06.2024;USD;-380,899,2200;0,0000;0,0000;0,0000;0,0000;-380899,2200;0,0000;-13685899,30;A14;K-Materia Prima Extranjera;Z053;Materia Prima;;;-813000,00;USD;-380899,22
1000;20000285;OPTIMA BRASIL;DIFERENCIAL;DIFERENCIAL;SA;Documento cta.mayor;0100231688;31.12.2023;N180;Crédito 180 Días;  605;28.06.2024;USD;-432,100,7800;0,0000;0,0000;0,0000;0,0000;-432100,7800;0,0000;-15525597,20;A14;K-Materia Prima Extranjera;Z053;Materia Prima;;;-0,01;USD;-432100,78
1000;20000291;Mercotac Incorporated;OC 43-0621;OC 43-0621;KZ;Pago acreedor;1500012434;01.11.2024;;;0;01.11.2024;USD;1,817,1500;1817,1500;0,0000;0,0000;0,0000;0,0000;0,0000;77610,66;A39;K- Repuestos Exterior;Z054;Maquinarias Y Equipo;;OC 43-0621;1817,15;USD;1817,15
1000;20000299;CARLISLE INTERCONNECT;DIFERENCIAL;DIFERENCIAL;SA;Documento cta.mayor;0100201642;31.12.2022;N180;Crédito 180 Días;  970;29.06.2023;USD;-891,8100;0,0000;0,0000;0,0000;0,0000;-891,8100;0,0000;-15409,33;A14;K-Materia Prima Extranjera;Z053;Materia Prima;;DIFERENCIAL;-0,01;USD;-891,81
1000;20000299;CARLISLE INTERCONNECT;DIFERENCIAL;DIFERENCIAL;SA;Documento cta.mayor;0100231689;31.12.2023;N180;Crédito 180 Días;  605;28.06.2024;USD;-864,8400;0,0000;0,0000;0,0000;0,0000;-864,8400;0,0000;-31074,26;A14;K-Materia Prima Extranjera;Z053;Materia Prima;;;-0,01;USD;-864,84
1000;20000299;CARLISLE INTERCONNECT;537341;537341;RE;Factura bruto;5100016828;24.08.2022;NT01;Prepagado; 1279;24.08.2022;USD;-2,129,5200;0,0000;0,0000;0,0000;0,0000;-2129,5200;0,0000;-13376,98;A14;K-Materia Prima Extranjera;Z053;Materia Prima;;OC 43/398 EXP;-1666,00;USD;-2129,52
1000;20000301;Gimar Distribution Inc;DIFERENCIAL;DIFERENCIAL;SA;Documento cta.mayor;0100201975;31.12.2022;;;0;31.12.2022;USD;2,505,5200;2505,5200;0,0000;0,0000;0,0000;0,0000;0,0000;43292,20;A14;K-Materia Prima Extranjera;Z053;Materia Prima;;;0,01;USD;2505,52
1000;20000301;Gimar Distribution Inc;DIFERENCIAL;DIFERENCIAL;SA;Documento cta.mayor;0100231665;31.12.2023;;;0;31.12.2023;USD;632,8100;632,8100;0,0000;0,0000;0,0000;0,0000;0,0000;22737,26;A14;K-Materia Prima Extranjera;Z053;Materia Prima;;;0,01;USD;632,81
1000;20000301;Gimar Distribution Inc;ANTICIPO;ANTICIPO;KZ;Pago acreedor;1500009644;10.08.2023;;;0;10.08.2023;USD;14,070,0000;14070,0000;0,0000;0,0000;0,0000;0,0000;0,0000;439513,03;A14;K-Materia Prima Extranjera;Z053;Materia Prima;;ANTICIPO;14070,00;USD;14070,00
1000;20000302;SELAS CG CHRISTOPHE GA;DIFERENCIAL;DIFERENCIAL;SA;Documento cta.mayor;0100201977;31.12.2022;;;0;31.12.2022;USD;2,476,2300;2476,2300;0,0000;0,0000;0,0000;0,0000;0,0000;42786,04;A14;K-Materia Prima Extranjera;Z053;Materia Prima;;;0,01;USD;2476,23
1000;20000302;SELAS CG CHRISTOPHE GA;DIFERENCIAL;DIFERENCIAL;SA;Documento cta.mayor;0100231667;31.12.2023;;;0;31.12.2023;USD;1,960,2400;1960,2400;0,0000;0,0000;0,0000;0,0000;0,0000;70432,36;A14;K-Materia Prima Extranjera;Z053;Materia Prima;;;0,01;USD;1960,24
1000;20000302;SELAS CG CHRISTOPHE GA;CG CHISTOPHE GALLI;PAGO;KZ;Pago acreedor;1500007288;15.08.2022;;;0;15.08.2022;USD;3,776,1500;3776,1500;0,0000;0,0000;0,0000;0,0000;0,0000;22460,92;A14;K-Materia Prima Extranjera;Z053;Materia Prima;;PAGO;3776,15;USD;3776,15
1000;20000304;VCB CARGO LOGISTIC LLC;DIFERENCIAL;DIFERENCIAL;SA;Documento cta.mayor;0100201978;31.12.2022;;;0;31.12.2022;USD;4,176,0800;4176,0800;0,0000;0,0000;0,0000;0,0000;0,0000;72157,17;A14;K-Materia Prima Extranjera;Z053;Materia Prima;;;0,01;USD;4176,08
1000;20000304;VCB CARGO LOGISTIC LLC;DIFERENCIAL;DIFERENCIAL;SA;Documento cta.mayor;0100231668;31.12.2023;;;0;31.12.2023;USD;4,038,6700;4038,6700;0,0000;0,0000;0,0000;0,0000;0,0000;145111,36;A14;K-Materia Prima Extranjera;Z053;Materia Prima;;;0,01;USD;4038,67
1000;20000304;VCB CARGO LOGISTIC LLC;ANTICIPO;ANTICIPO;KZ;Pago acreedor;1500007345;14.09.2022;;;0;14.09.2022;USD;7,780,0000;7780,0000;0,0000;0,0000;0,0000;0,0000;0,0000;62271,12;A14;K-Materia Prima Extranjera;Z053;Materia Prima;;ANTICIPO;7780,00;USD;7780,00
1000;20000304;VCB CARGO LOGISTIC LLC;ANTICIPO;ANTICIPO;KZ;Pago acreedor;1500012023;27.08.2024;;;0;27.08.2024;USD;23,754,0000;23754,0000;0,0000;0,0000;0,0000;0,0000;0,0000;868524,63;A14;K-Materia Prima Extranjera;Z053;Materia Prima;;ANTICIPO;23754,00;USD;23754,00
1000;20000304;VCB CARGO LOGISTIC LLC;OC 43-545;OC 43-545;KZ;Pago acreedor;1500012378;24.10.2024;;;0;24.10.2024;USD;14,840,8400;14840,8400;0,0000;0,0000;0,0000;0,0000;0,0000;585644,78;A14;K-Materia Prima Extranjera;Z053;Materia Prima;;OC 43-545;14840,84;USD;14840,84
1000;20000309;JOSE LUIS DURAN SUAREZ;;;SA;Documento cta.mayor;0100231104;24.11.2023;N180;Crédito 180 Días;  642;22.05.2024;VED;-440,3500;0,0000;0,0000;0,0000;0,0000;-440,3500;0,0000;-15626,09;A14;K-Materia Prima Extranjera;Z053;Materia Prima;;;-440,00;USD;-440,35
1000;20000309;JOSE LUIS DURAN SUAREZ;DIFERENCIAL;DIFERENCIAL;SA;Documento cta.mayor;0100231693;31.12.2023;N180;Crédito 180 Días;  605;28.06.2024;USD;-88,9500;0,0000;0,0000;0,0000;0,0000;-88,9500;0,0000;-3196,19;A14;K-Materia Prima Extranjera;Z053;Materia Prima;;;-0,01;USD;-88,95
1000;20000309;JOSE LUIS DURAN SUAREZ;JLD146;JLD146;RE;Factura bruto;5100020125;04.08.2023;;;0;04.08.2023;USD;-522,8600;-522,8600;0,0000;0,0000;0,0000;0,0000;0,0000;-15740,21;A14;K-Materia Prima Extranjera;Z053;Materia Prima;;0;-480,00;USD;-522,86
1000;20000309;JOSE LUIS DURAN SUAREZ;JLD149;JLD149;RE;Factura bruto;5100020128;14.08.2023;;;0;14.08.2023;USD;-501,9900;-501,9900;0,0000;0,0000;0,0000;0,0000;0,0000;-15740,21;A14;K-Materia Prima Extranjera;Z053;Materia Prima;;0;-480,00;USD;-501,99
1000;20000323;Shandong Nuoer Biologi;DIFERENCIAL;DIFERENCIAL;SA;Documento cta.mayor;0100232445;31.12.2023;NT00;Contado;  785;31.12.2023;USD;-4,345,0400;0,0000;0,0000;0,0000;0,0000;-4345,0400;0,0000;-156119,55;A14;K-Materia Prima Extranjera;Z053;Materia Prima;;;-0,01;USD;-4345,04
1000;20000323;Shandong Nuoer Biologi;EXP20102964;NRSAP-ES230602;RE;Factura bruto;5100019990;14.06.2023;NT01;Prepagado;  985;14.06.2023;USD;-43,926,9700;0,0000;0,0000;0,0000;0,0000;-43926,9700;0,0000;-1186818,82;A14;K-Materia Prima Extranjera;Z053;Materia Prima;;OC 43-470 EXP20102964;-37376,00;USD;-43926,97
1000;20000341;PAKTEN SAGLIK URUNLERI;;OC 43-0545;KZ;Pago acreedor;1500011040;26.02.2024;;;0;26.02.2024;USD;15,000,0000;15000,0000;0,0000;0,0000;0,0000;0,0000;0,0000;541047,00;;GP SIN DEFINIR;Z046;Suministros;;OC 43-0545;15000,00;USD;15000,00
1000;20000341;PAKTEN SAGLIK URUNLERI;;OC 43-0545;KZ;Pago acreedor;1500011087;01.03.2024;;;0;01.03.2024;USD;16,600,0000;16600,0000;0,0000;0,0000;0,0000;0,0000;0,0000;600119,88;;GP SIN DEFINIR;Z046;Suministros;;OC 43-0545;16600,00;USD;16600,00
1000;20000341;PAKTEN SAGLIK URUNLERI;;OC 43-0545;KZ;Pago acreedor;1500011173;05.03.2024;;;0;05.03.2024;USD;21,000,0000;21000,0000;0,0000;0,0000;0,0000;0,0000;0,0000;757959,30;;GP SIN DEFINIR;Z046;Suministros;;OC 43-0545;21000,00;USD;21000,00
1000;20000341;PAKTEN SAGLIK URUNLERI;;OC 43-0545;KZ;Pago acreedor;1500011510;16.05.2024;;;0;16.05.2024;USD;56,463,0000;56463,0000;0,0000;0,0000;0,0000;0,0000;0,0000;2066782,94;;GP SIN DEFINIR;Z046;Suministros;;OC 43-0545;56463,00;USD;56463,00
1000;20000342;Fujian JR Hygiene Prod;;OC 43-0543;KZ;Pago acreedor;1500011039;26.02.2024;;;0;26.02.2024;USD;12,279,0000;12279,0000;0,0000;0,0000;0,0000;0,0000;0,0000;442901,07;;GP SIN DEFINIR;Z046;Suministros;;OC 43-0543;12279,00;USD;12279,00
1000;20000342;Fujian JR Hygiene Prod;;OC 43-543;KZ;Pago acreedor;1500011733;24.06.2024;;;0;24.06.2024;USD;12,464,0000;12464,0000;0,0000;0,0000;0,0000;0,0000;0,0000;453426,61;;GP SIN DEFINIR;Z046;Suministros;;OC 43-543;12464,00;USD;12464,00
1000;20000344;ABSORBENTES DE COLOMBI;700020812;;SA;Documento cta.mayor;0100258002;16.10.2024;;;0;16.10.2024;USD;1,802,3100;1802,3100;0,0000;0,0000;0,0000;0,0000;0,0000;70142,12;A14;K-Materia Prima Extranjera;Z053;Materia Prima;;;1926,05;USD;1802,31
1000;20000344;ABSORBENTES DE COLOMBI;OC 43-0550;OC 43-0550;KZ;Pago acreedor;1500011038;26.02.2024;;;0;26.02.2024;USD;9,000,0000;9000,0000;0,0000;0,0000;0,0000;0,0000;0,0000;324628,20;A14;K-Materia Prima Extranjera;Z053;Materia Prima;;OC 43-0550;9000,00;USD;9000,00
1000;20000344;ABSORBENTES DE COLOMBI;OC 4300000619;OC 4300000619;KZ;Pago acreedor;1500012191;19.09.2024;;;0;19.09.2024;USD;36,750,0000;36750,0000;0,0000;0,0000;0,0000;0,0000;0,0000;1351624,58;A14;K-Materia Prima Extranjera;Z053;Materia Prima;;OC 4300000619;36750,00;USD;36750,00
1000;20000344;ABSORBENTES DE COLOMBI;OC 4300000619;OC 4300000619;KZ;Pago acreedor;1500012192;25.09.2024;;;0;25.09.2024;USD;36,750,0000;36750,0000;0,0000;0,0000;0,0000;0,0000;0,0000;1352785,88;A14;K-Materia Prima Extranjera;Z053;Materia Prima;;OC 4300000619;36750,00;USD;36750,00
1000;20000351;C.I. OCEANIC, S.A;OC 43-0583;OC 43-0583;KZ;Pago acreedor;1500012260;04.10.2024;;;0;04.10.2024;USD;28,183,3000;28183,3000;0,0000;0,0000;0,0000;0,0000;0,0000;1042373,44;A14;K-Materia Prima Extranjera;Z041;Repuestos;;OC 43-0583;28183,30;USD;28183,30
1000;20000355;IDEALNET TELECOM INC;ANTICIPO;ANTICIPO;KZ;Pago acreedor;1500012085;12.09.2024;;;0;12.09.2024;USD;1,515,0000;1515,0000;0,0000;0,0000;0,0000;0,0000;0,0000;55649,43;A14;K-Materia Prima Extranjera;Z053;Materia Prima;;ANTICIPO;1515,00;USD;1515,00
1000;20000362;QUIMICOLOR SAS;1500012195;SALDO ANTICIPO;AB;Documento contable;0100260047;07.10.2024;;;0;07.10.2024;USD;3,390,6000;3390,6000;0,0000;0,0000;0,0000;0,0000;0,0000;125573,56;A14;K-Materia Prima Extranjera;Z053;Materia Prima;;SALDO ANTICIPO;3411,12;USD;3390,60
1000;20000362;QUIMICOLOR SAS;DF FT FT AAMB7783;DF FT FT AAMB778;SA;Documento cta.mayor;0100261576;15.11.2024;NT00;Contado;  465;15.11.2024;USD;-21,959,3800;0,0000;0,0000;0,0000;0,0000;-21959,3800;0,0000;-999305,35;A14;K-Materia Prima Extranjera;Z053;Materia Prima;;DF FT FT AAMB7783 OC43-63;-19411,22;USD;-21959,38
1000;40000000;PHARSANA DE VENEZUELA,;541;123;KR;Factura acreedor;1900019869;14.02.2025;NT00;Contado;  374;14.02.2025;USD;-160,859,0400;0,0000;0,0000;0,0000;0,0000;-160859,0400;0,0000;-9944740,00;A12;K-Intercompañías;Z032;Intercompañia;;00-005;-123055,24;USD;-160859,04
1000;40000003;PROYECTOS PET, C.A.;PAGO SEGURO;PAGO SEGURO;SA;Documento cta.mayor;0100253413;26.07.2024;;;0;26.07.2024;USD;-4,519,0600;-4519,0600;0,0000;0,0000;0,0000;0,0000;0,0000;-165305,86;A12;K-Intercompañías;Z032;Intercompañia;;PAGO SEGURO;-4519,06;USD;-4519,06
1000;40000003;PROYECTOS PET, C.A.;FACT 320;FACT 320;SA;Documento cta.mayor;0100257576;07.10.2024;;;0;07.10.2024;VED;-79,9100;-79,9100;0,0000;0,0000;0,0000;0,0000;0,0000;-2959,46;A12;K-Intercompañías;Z032;Intercompañia;;FACT 320;-78,86;USD;-79,91
1000;40000003;PROYECTOS PET, C.A.;CAJA CHICA;CAJA CHICA;SA;Documento cta.mayor;0100257925;26.09.2024;;;0;26.09.2024;VED;-58,0000;-58,0000;0,0000;0,0000;0,0000;0,0000;0,0000;-2137,30;A12;K-Intercompañías;Z032;Intercompañia;;CAJA CHICA;-54,96;USD;-58,00
1000;40000003;PROYECTOS PET, C.A.;Prestamo pago JMD;PRESTAMO PET;SA;Documento cta.mayor;0100258148;09.10.2024;;;0;09.10.2024;USD;-141,110,0000;-141110,0000;0,0000;0,0000;0,0000;0,0000;0,0000;-5231512,14;A12;K-Intercompañías;Z032;Intercompañia;;Prestamo de PET pago JMD;-141110,00;USD;-141110,00
1000;40000003;PROYECTOS PET, C.A.;;;AB;Documento contable;0100258157;18.10.2024;;;0;18.10.2024;VED;-287,5300;-287,5300;0,0000;0,0000;0,0000;0,0000;0,0000;-11252,30;A12;K-Intercompañías;Z032;Intercompañia;;;-287,53;USD;-287,53
1000;40000003;PROYECTOS PET, C.A.;ANTICIPO CAJA CH;ANTICIPO;AB;Documento contable;0100258163;07.10.2024;;;0;07.10.2024;USD;-79,9100;-79,9100;0,0000;0,0000;0,0000;0,0000;0,0000;-2959,46;A12;K-Intercompañías;Z032;Intercompañia;;ANTICIPO CAJA CHICA;-80,00;USD;-79,91
1000;40000003;PROYECTOS PET, C.A.;Comercial Trabaja;RECLASIFICACION;SA;Documento cta.mayor;0100258402;20.09.2023;;;0;20.09.2023;VED;-536,6200;-536,6200;0,0000;0,0000;0,0000;0,0000;0,0000;-18146,34;A12;K-Intercompañías;Z032;Intercompañia;;FA8000013755 PET;-536,62;USD;-536,62
1000;40000003;PROYECTOS PET, C.A.;0;0;SA;Documento cta.mayor;0100260288;07.10.2024;;;0;07.10.2024;VED;-499,3200;-499,3200;0,0000;0,0000;0,0000;0,0000;0,0000;-18492,75;A12;K-Intercompañías;Z032;Intercompañia;;PAGO;-499,32;USD;-499,32
1000;40000003;PROYECTOS PET, C.A.;WIRES OUT 20240731;PRESTAMO;SA;Documento cta.mayor;0100261458;31.07.2024;;;0;31.07.2024;USD;-65,198,0000;-65198,0000;0,0000;0,0000;0,0000;0,0000;0,0000;-2387081,33;A12;K-Intercompañías;Z032;Intercompañia;;PRESTAMO INTERCOMPAÑIA;-65198,00;USD;-65198,00
1000;40000003;PROYECTOS PET, C.A.;CAJA CHICA;GASTOS DE COMIDA;SA;Documento cta.mayor;0100261568;28.10.2024;;;0;28.10.2024;VED;-27,8000;-27,8000;0,0000;0,0000;0,0000;0,0000;0,0000;-1140,90;A12;K-Intercompañías;Z032;Intercompañia;;GASTOS DE COMIDA;-28,00;USD;-27,80
1000;40000003;PROYECTOS PET, C.A.;CAJA CHICA;GASTOS DE COMIDA;SA;Documento cta.mayor;0100261583;22.10.2024;;;0;22.10.2024;VED;-9,0000;-9,0000;0,0000;0,0000;0,0000;0,0000;0,0000;-352,62;A12;K-Intercompañías;Z032;Intercompañia;;GASTOS DE COMIDA;-9,00;USD;-9,00
1000;40000003;PROYECTOS PET, C.A.;Doc.100143939;PRESTAMO;SA;Documento cta.mayor;0100261856;03.10.2024;;;0;03.10.2024;USD;-60,000,0000;-60000,0000;0,0000;0,0000;0,0000;0,0000;0,0000;-2218872,00;A12;K-Intercompañías;Z032;Intercompañia;;PRESTAMO INTERCOMPAÑIA;-60000,00;USD;-60000,00
1000;40000007;FARVENCA C.A;9030000934;9030000934;KR;Factura acreedor;1900016283;30.09.2022;NT00;Contado; 1242;30.09.2022;VED;-845,3600;0,0000;0,0000;0,0000;0,0000;-845,3600;0,0000;-6918,16;A12;K-Intercompañías;Z032;Intercompañia;;00-4145269;-836,84;USD;-845,36
1000;40000007;FARVENCA C.A;9030000960;9030000960;KR;Factura acreedor;1900016703;16.12.2022;NT30;Crédito 30 Días; 1135;15.01.2023;VED;-695,0100;0,0000;0,0000;0,0000;0,0000;-695,0100;0,0000;-10822,34;A12;K-Intercompañías;Z032;Intercompañia;;00-4145290;-493,02;USD;-695,01
1000;40000007;FARVENCA C.A;9030000935;9030000935;KR;Factura acreedor;1900017874;30.09.2022;NT00;Contado; 1242;30.09.2022;VED;-760,8300;0,0000;0,0000;0,0000;0,0000;-760,8300;0,0000;-6226,37;A12;K-Intercompañías;Z032;Intercompañia;;SERVICIOS ADMINISTRATIVOS;-760,83;USD;-760,83
1000;40000007;FARVENCA C.A;903000961;903000961;KR;Factura acreedor;1900017875;16.12.2022;NT00;Contado; 1165;16.12.2022;VED;-834,0100;0,0000;0,0000;0,0000;0,0000;-834,0100;0,0000;-12986,82;A12;K-Intercompañías;Z032;Intercompañia;;SERVICIOS ADMINISTARTIVOS;-834,01;USD;-834,01
1000;40000007;FARVENCA C.A;E9030000944;E9030000944;KR;Factura acreedor;1900017876;30.09.2022;NT00;Contado; 1242;30.09.2022;VED;-2,694,6400;0,0000;0,0000;0,0000;0,0000;-2694,6400;0,0000;-22052,16;A12;K-Intercompañías;Z032;Intercompañia;;FARVENCA F-E9030000944 VE;-2694,64;USD;-2694,64
1000;40000007;FARVENCA C.A;9010260706;9010260706;RE;Factura bruto;5100020211;30.08.2023;NT30;Crédito 30 Días;  878;29.09.2023;VED;-88,1800;0,0000;0,0000;0,0000;0,0000;-88,1800;0,0000;-2859,44;A12;K-Intercompañías;Z032;Intercompañia;;00-5248214;-86,08;USD;-88,18
1000;40000007;FARVENCA C.A;9010260707;9010260707;RE;Factura bruto;5100020212;30.08.2023;NT30;Crédito 30 Días;  878;29.09.2023;VED;-200,8500;0,0000;0,0000;0,0000;0,0000;-200,8500;0,0000;-6513,18;A12;K-Intercompañías;Z032;Intercompañia;;00-5248215;-196,09;USD;-200,85
1000;40000007;FARVENCA C.A;9010260708;9010260708;RE;Factura bruto;5100020213;30.08.2023;NT30;Crédito 30 Días;  878;29.09.2023;VED;-26,4500;0,0000;0,0000;0,0000;0,0000;-26,4500;0,0000;-857,83;A12;K-Intercompañías;Z032;Intercompañia;;00-5248216;-25,82;USD;-26,45
1000;40000007;FARVENCA C.A;9010260709;9010260709;RE;Factura bruto;5100020214;30.08.2023;NT30;Crédito 30 Días;  878;29.09.2023;VED;-29,3900;0,0000;0,0000;0,0000;0,0000;-29,3900;0,0000;-953,15;A12;K-Intercompañías;Z032;Intercompañia;;00-5248217;-28,69;USD;-29,39
1000;40000007;FARVENCA C.A;9010260710;9010260710;RE;Factura bruto;5100020215;30.08.2023;NT30;Crédito 30 Días;  878;29.09.2023;VED;-47,0300;0,0000;0,0000;0,0000;0,0000;-47,0300;0,0000;-1525,04;A12;K-Intercompañías;Z032;Intercompañia;;00-5248218;-45,91;USD;-47,03
1000;40000007;FARVENCA C.A;9010260711;9010260711;RE;Factura bruto;5100020216;30.08.2023;NT30;Crédito 30 Días;  878;29.09.2023;VED;-45,0700;0,0000;0,0000;0,0000;0,0000;-45,0700;0,0000;-1461,49;A12;K-Intercompañías;Z032;Intercompañia;;00-5248219;-44,00;USD;-45,07
1000;40000007;FARVENCA C.A;9010260712;9010260712;RE;Factura bruto;5100020217;30.08.2023;NT30;Crédito 30 Días;  878;29.09.2023;VED;-10,3600;0,0000;0,0000;0,0000;0,0000;-10,3600;0,0000;-335,83;A12;K-Intercompañías;Z032;Intercompañia;;00-5248220;-10,11;USD;-10,36
1000;40000007;FARVENCA C.A;9010260713;9010260713;RE;Factura bruto;5100020218;30.08.2023;NT30;Crédito 30 Días;  878;29.09.2023;VED;-104,8300;0,0000;0,0000;0,0000;0,0000;-104,8300;0,0000;-3399,56;A12;K-Intercompañías;Z032;Intercompañia;;00-5248221;-102,35;USD;-104,83
1000;40000007;FARVENCA C.A;9010260716;9010260716;RE;Factura bruto;5100020583;02.10.2023;NT30;Crédito 30 Días;  845;01.11.2023;VED;-61,7500;0,0000;0,0000;0,0000;0,0000;-61,7500;0,0000;-2125,71;A12;K-Intercompañías;Z032;Intercompañia;;00-5248225;-60,99;USD;-61,75
1000;40000007;FARVENCA C.A;9010260717;9010260717;RE;Factura bruto;5100020584;02.10.2023;NT30;Crédito 30 Días;  845;01.11.2023;VED;-443,5100;0,0000;0,0000;0,0000;0,0000;-443,5100;0,0000;-15267,99;A12;K-Intercompañías;Z032;Intercompañia;;00-5248226;-438,02;USD;-443,51
1000;40000007;FARVENCA C.A;9010260718;9010260718;RE;Factura bruto;5100020585;02.10.2023;NT30;Crédito 30 Días;  845;01.11.2023;VED;-98,0100;0,0000;0,0000;0,0000;0,0000;-98,0100;0,0000;-3374,14;A12;K-Intercompañías;Z032;Intercompañia;;00-5248227;-96,80;USD;-98,01
1000;40000007;FARVENCA C.A;9010260719;9010260719;RE;Factura bruto;5100020586;02.10.2023;NT30;Crédito 30 Días;  845;01.11.2023;VED;-188,1900;0,0000;0,0000;0,0000;0,0000;-188,1900;0,0000;-6478,35;A12;K-Intercompañías;Z032;Intercompañia;;00-5248228;-185,86;USD;-188,19
1000;40000007;FARVENCA C.A;9010260720;9010260720;RE;Factura bruto;5100020587;02.10.2023;NT30;Crédito 30 Días;  845;01.11.2023;VED;-73,5100;0,0000;0,0000;0,0000;0,0000;-73,5100;0,0000;-2530,60;A12;K-Intercompañías;Z032;Intercompañia;;00-5248229;-72,60;USD;-73,51
1000;40000007;FARVENCA C.A;9010260721;9010260721;RE;Factura bruto;5100020588;02.10.2023;NT30;Crédito 30 Días;  845;01.11.2023;VED;-119,5800;0,0000;0,0000;0,0000;0,0000;-119,5800;0,0000;-4116,45;A12;K-Intercompañías;Z032;Intercompañia;;00-5248230;-118,10;USD;-119,58
1000;40000007;FARVENCA C.A;9010260726;9010260726;RE;Factura bruto;5100021016;01.11.2023;NT30;Crédito 30 Días;  815;01.12.2023;VED;-49,0100;0,0000;0,0000;0,0000;0,0000;-49,0100;0,0000;-1718,43;A12;K-Intercompañías;Z032;Intercompañia;;00-5280001;-48,59;USD;-49,01
1000;40000007;FARVENCA C.A;9010260727;9010260727;RE;Factura bruto;5100021302;01.11.2023;NT30;Crédito 30 Días;  815;01.12.2023;VED;-39,2100;0,0000;0,0000;0,0000;0,0000;-39,2100;0,0000;-1374,74;A12;K-Intercompañías;Z032;Intercompañia;;00-5280002;-38,72;USD;-39,21
1000;40000007;FARVENCA C.A;9010260728;9010260728;RE;Factura bruto;5100021303;01.11.2023;NT30;Crédito 30 Días;  815;01.12.2023;VED;-159,7600;0,0000;0,0000;0,0000;0,0000;-159,7600;0,0000;-5602,08;A12;K-Intercompañías;Z032;Intercompañia;;00-5280003;-157,80;USD;-159,76
1000;40000008;S.A. NACIONAL FARMACEU;NOM.CENTRALIZADA;;SA;Documento cta.mayor;0100231862;31.12.2023;;;0;31.12.2023;VED;-29,1500;-29,1500;0,0000;0,0000;0,0000;0,0000;0,0000;-1047,20;A36;K-Servicios Contratados;Z032;Intercompañia;;CXC COMBOS NAVIDEÑO 2023;-29,39;USD;-29,15
1000;40000008;S.A. NACIONAL FARMACEU;NOM.CENTRALIZADA;;SA;Documento cta.mayor;0100231863;31.12.2023;;;0;31.12.2023;VED;-14,0400;-14,0400;0,0000;0,0000;0,0000;0,0000;0,0000;-504,62;A36;K-Servicios Contratados;Z032;Intercompañia;;CXC COMBOS NAVIDEÑO 2023;-14,16;USD;-14,04
1000;40000008;S.A. NACIONAL FARMACEU;NOM.CENTRALIZADA;;SA;Documento cta.mayor;0100231864;31.12.2023;;;0;31.12.2023;VED;-25,1500;-25,1500;0,0000;0,0000;0,0000;0,0000;0,0000;-903,60;A36;K-Servicios Contratados;Z032;Intercompañia;;CXC COMBOS NAVIDEÑO 2023;-25,36;USD;-25,15
1000;40000008;S.A. NACIONAL FARMACEU;NOM.CENTRALIZADA;;SA;Documento cta.mayor;0100231865;31.12.2023;;;0;31.12.2023;VED;-17,9300;-17,9300;0,0000;0,0000;0,0000;0,0000;0,0000;-644,29;A36;K-Servicios Contratados;Z032;Intercompañia;;CXC COMBOS NAVIDEÑO 2023;-18,08;USD;-17,93
1000;40000008;S.A. NACIONAL FARMACEU;NOM.CENTRALIZADA;;SA;Documento cta.mayor;0100231866;31.12.2023;;;0;31.12.2023;VED;-33,4600;-33,4600;0,0000;0,0000;0,0000;0,0000;0,0000;-1202,37;A36;K-Servicios Contratados;Z032;Intercompañia;;CXC COMBOS NAVIDEÑO 2023;-33,75;USD;-33,46
1000;40000008;S.A. NACIONAL FARMACEU;NOM.CENTRALIZADA;;SA;Documento cta.mayor;0100231867;31.12.2023;;;0;31.12.2023;VED;-46,0400;-46,0400;0,0000;0,0000;0,0000;0,0000;0,0000;-1654,34;A36;K-Servicios Contratados;Z032;Intercompañia;;CXC COMBOS NAVIDEÑO 2023;-46,44;USD;-46,04
1000;40000008;S.A. NACIONAL FARMACEU;Prestamo JPM;SANFAR;SA;Documento cta.mayor;0100233506;18.01.2024;;;0;18.01.2024;USD;-100,000,0000;-100000,0000;0,0000;0,0000;0,0000;0,0000;0,0000;-3607610,00;A36;K-Servicios Contratados;Z032;Intercompañia;;;-100000,00;USD;-100000,00
1000;40000008;S.A. NACIONAL FARMACEU;Prestamo JPM;SANFAR;SA;Documento cta.mayor;0100233507;25.01.2024;;;0;25.01.2024;USD;-400,000,0000;-400000,0000;0,0000;0,0000;0,0000;0,0000;0,0000;-14447480,00;A36;K-Servicios Contratados;Z032;Intercompañia;;;-400000,00;USD;-400000,00
1000;40000008;S.A. NACIONAL FARMACEU;'0000079089      P;0;SA;Documento cta.mayor;0100234949;27.02.2024;;;0;27.02.2024;VED;24,673,8300;24673,8300;0,0000;0,0000;0,0000;0,0000;0,0000;890000,00;A36;K-Servicios Contratados;Z032;Intercompañia;;PRESTAMO SANFAR;24673,83;USD;24673,83
1000;40000008;S.A. NACIONAL FARMACEU;'0000079091      P;0;SA;Documento cta.mayor;0100234951;27.02.2024;;;0;27.02.2024;VED;24,826,1700;24826,1700;0,0000;0,0000;0,0000;0,0000;0,0000;895494,70;A36;K-Servicios Contratados;Z032;Intercompañia;;PRESTAMO SANFAR;24826,17;USD;24826,17
1000;40000008;S.A. NACIONAL FARMACEU;TRF.OB 0108 J00026;0;SA;Documento cta.mayor;0100234969;27.02.2024;;;0;27.02.2024;VED;5,544,6800;5544,6800;0,0000;0,0000;0,0000;0,0000;0,0000;200000,00;A36;K-Servicios Contratados;Z032;Intercompañia;;PRESTAMO SANFAR;5544,68;USD;5544,68
1000;40000008;S.A. NACIONAL FARMACEU;TRF.OB 0108 J00026;0;SA;Documento cta.mayor;0100234970;27.02.2024;;;0;27.02.2024;VED;5,516,9600;5516,9600;0,0000;0,0000;0,0000;0,0000;0,0000;199000,00;A36;K-Servicios Contratados;Z032;Intercompañia;;PRESTAMO SANFAR;5516,96;USD;5516,96
1000;40000008;S.A. NACIONAL FARMACEU;TRF.OB 0108 J00026;0;SA;Documento cta.mayor;0100234971;27.02.2024;;;0;27.02.2024;VED;5,489,2400;5489,2400;0,0000;0,0000;0,0000;0,0000;0,0000;198000,00;A36;K-Servicios Contratados;Z032;Intercompañia;;PRESTAMO SANFAR;5489,24;USD;5489,24
1000;40000008;S.A. NACIONAL FARMACEU;TRF.OB 0108 J00026;0;SA;Documento cta.mayor;0100234972;27.02.2024;;;0;27.02.2024;VED;5,461,5100;5461,5100;0,0000;0,0000;0,0000;0,0000;0,0000;197000,00;A36;K-Servicios Contratados;Z032;Intercompañia;;PRESTAMO SANFAR;5461,51;USD;5461,51
1000;40000008;S.A. NACIONAL FARMACEU;TRF.OB 0108 J00026;0;SA;Documento cta.mayor;0100234973;27.02.2024;;;0;27.02.2024;VED;5,433,7900;5433,7900;0,0000;0,0000;0,0000;0,0000;0,0000;196000,00;A36;K-Servicios Contratados;Z032;Intercompañia;;PRESTAMO SANFAR;5433,79;USD;5433,79
1000;40000008;S.A. NACIONAL FARMACEU;TRF.OB 0108 J00026;0;SA;Documento cta.mayor;0100234976;27.02.2024;;;0;27.02.2024;VED;3,958,8000;3958,8000;0,0000;0,0000;0,0000;0,0000;0,0000;142796,11;A36;K-Servicios Contratados;Z032;Intercompañia;;PRESTAMO SANFAR;3958,79;USD;3958,80
1000;40000008;S.A. NACIONAL FARMACEU;AMORTIZACION SANFA;0;SA;Documento cta.mayor;0100234977;27.02.2024;;;0;27.02.2024;VED;5,544,6800;5544,6800;0,0000;0,0000;0,0000;0,0000;0,0000;200000,00;A36;K-Servicios Contratados;Z032;Intercompañia;;PRESTAMO SANFAR;5544,68;USD;5544,68
1000;40000008;S.A. NACIONAL FARMACEU;AMORTIZACION SANFA;0;SA;Documento cta.mayor;0100235123;27.02.2024;;;0;27.02.2024;VED;5,267,4500;5267,4500;0,0000;0,0000;0,0000;0,0000;0,0000;190000,00;A36;K-Servicios Contratados;Z032;Intercompañia;;PRESTAMO SANFAR;5267,45;USD;5267,45
1000;40000008;S.A. NACIONAL FARMACEU; MORTIZACION SANFA;0;SA;Documento cta.mayor;0100235124;27.02.2024;;;0;27.02.2024;VED;910,6400;910,6400;0,0000;0,0000;0,0000;0,0000;0,0000;32847,20;A36;K-Servicios Contratados;Z032;Intercompañia;;PRESTAMO SANFAR;910,64;USD;910,64
1000;40000008;S.A. NACIONAL FARMACEU;'0000122500      P;0;SA;Documento cta.mayor;0100235171;27.02.2024;;;0;27.02.2024;VED;9,000,0000;9000,0000;0,0000;0,0000;0,0000;0,0000;0,0000;324635,40;A36;K-Servicios Contratados;Z032;Intercompañia;;PRESTAMO SANFAR;9000,00;USD;9000,00
1000;40000008;S.A. NACIONAL FARMACEU;12917489807;0;SA;Documento cta.mayor;0100235313;29.02.2024;;;0;29.02.2024;VED;5,535,5000;5535,5000;0,0000;0,0000;0,0000;0,0000;0,0000;200000,00;A36;K-Servicios Contratados;Z032;Intercompañia;;PRESTAMO SANFAR;5535,50;USD;5535,50
1000;40000008;S.A. NACIONAL FARMACEU;12917480316;0;SA;Documento cta.mayor;0100235315;29.02.2024;;;0;29.02.2024;VED;4,464,5000;4464,5000;0,0000;0,0000;0,0000;0,0000;0,0000;161304,00;A36;K-Servicios Contratados;Z032;Intercompañia;;PRESTAMO SANFAR;4464,50;USD;4464,50
1000;40000008;S.A. NACIONAL FARMACEU;12917478795;0;SA;Documento cta.mayor;0100235318;29.02.2024;;;0;29.02.2024;VED;4,597,4500;4597,4500;0,0000;0,0000;0,0000;0,0000;0,0000;166107,88;A36;K-Servicios Contratados;Z032;Intercompañia;;PRESTAMO SANFAR;4597,45;USD;4597,45
1000;40000008;S.A. NACIONAL FARMACEU;0000122456;0;SA;Documento cta.mayor;0100235500;23.02.2024;;;0;23.02.2024;VED;35,000,0000;35000,0000;0,0000;0,0000;0,0000;0,0000;0,0000;1268151,50;A36;K-Servicios Contratados;Z032;Intercompañia;;PRESTAMO SANFAR;35000,00;USD;35000,00
1000;40000008;S.A. NACIONAL FARMACEU;'0000001557      R;0;SA;Documento cta.mayor;0100235615;15.02.2024;;;0;15.02.2024;USD;2,000,0000;2000,0000;0,0000;0,0000;0,0000;0,0000;0,0000;72521,80;A36;K-Servicios Contratados;Z032;Intercompañia;;PRESTAMO SANFAR;2000,00;USD;2000,00
1000;40000008;S.A. NACIONAL FARMACEU;'0000001565 RET EF;0;SA;Documento cta.mayor;0100235616;21.02.2024;;;0;21.02.2024;USD;17,500,0000;17500,0000;0,0000;0,0000;0,0000;0,0000;0,0000;635164,25;A36;K-Servicios Contratados;Z032;Intercompañia;;PRESTAMO SANFAR;17500,00;USD;17500,00
1000;40000008;S.A. NACIONAL FARMACEU;0003959700001;0;SA;Documento cta.mayor;0100235623;15.02.2024;;;0;15.02.2024;USD;3,000,0000;3000,0000;0,0000;0,0000;0,0000;0,0000;0,0000;108782,70;A36;K-Servicios Contratados;Z032;Intercompañia;;PRESTAMO SANFAR;3000,00;USD;3000,00
1000;40000008;S.A. NACIONAL FARMACEU;RETDOL   Retiro Us;0;SA;Documento cta.mayor;0100235625;21.02.2024;;;0;21.02.2024;USD;500,0000;500,0000;0,0000;0,0000;0,0000;0,0000;0,0000;18147,55;A36;K-Servicios Contratados;Z032;Intercompañia;;PRESTAMO SANFAR;500,00;USD;500,00
1000;40000008;S.A. NACIONAL FARMACEU;WIRES OUT 2024032;0;SA;Documento cta.mayor;0100238143;28.03.2024;;;0;28.03.2024;USD;113,068,3300;113068,3300;0,0000;0,0000;0,0000;0,0000;0,0000;4108224,70;A36;K-Servicios Contratados;Z032;Intercompañia;;PRESTAMO SANFAR;113068,33;USD;113068,33
1000;40000008;S.A. NACIONAL FARMACEU;0;0;SA;Documento cta.mayor;0100240296;10.04.2024;;;0;10.04.2024;VED;21,349,5400;21349,5400;0,0000;0,0000;0,0000;0,0000;0,0000;773389,22;A36;K-Servicios Contratados;Z032;Intercompañia;;PRESTAMO SANFAR;21349,54;USD;21349,54
1000;40000008;S.A. NACIONAL FARMACEU;WIRES OUT 2024040;AMORTIZACIO;SA;Documento cta.mayor;0100241331;01.04.2024;;;0;01.04.2024;USD;45,949,7100;45949,7100;0,0000;0,0000;0,0000;0,0000;0,0000;1667496,60;A36;K-Servicios Contratados;Z032;Intercompañia;;;45949,71;USD;45949,71
1000;40000008;S.A. NACIONAL FARMACEU;173546916;0;SA;Documento cta.mayor;0100242219;10.05.2024;;;0;10.05.2024;VED;50,000,0000;50000,0000;0,0000;0,0000;0,0000;0,0000;0,0000;1829325,00;A36;K-Servicios Contratados;Z032;Intercompañia;;AMORTIZACION FAO;50000,00;USD;50000,00
1000;40000008;S.A. NACIONAL FARMACEU;'0000080267      A;0;SA;Documento cta.mayor;0100243641;06.05.2024;;;0;06.05.2024;VED;12,000,0000;12000,0000;0,0000;0,0000;0,0000;0,0000;0,0000;439018,90;A36;K-Servicios Contratados;Z032;Intercompañia;;AMORTIZACION FAO;12000,00;USD;12000,00
1000;40000008;S.A. NACIONAL FARMACEU;'0000080425      A;0;SA;Documento cta.mayor;0100243642;20.05.2024;;;0;20.05.2024;VED;9,500,0000;9500,0000;0,0000;0,0000;0,0000;0,0000;0,0000;347431,15;A36;K-Servicios Contratados;Z032;Intercompañia;;AMORTIZACION FAO;9500,00;USD;9500,00
1000;40000008;S.A. NACIONAL FARMACEU;'0000124452      P;0;SA;Documento cta.mayor;0100244688;06.05.2024;;;0;06.05.2024;VED;7,980,0000;7980,0000;0,0000;0,0000;0,0000;0,0000;0,0000;291947,50;A36;K-Servicios Contratados;Z032;Intercompañia;;AMORTIZACION FAO;7980,00;USD;7980,00
1000;40000008;S.A. NACIONAL FARMACEU;'0000124869      P;0;SA;Documento cta.mayor;0100244689;17.05.2024;;;0;17.05.2024;VED;14,000,0000;14000,0000;0,0000;0,0000;0,0000;0,0000;0,0000;512771,00;A36;K-Servicios Contratados;Z032;Intercompañia;;AMORTIZACION FAO;14000,00;USD;14000,00
1000;40000008;S.A. NACIONAL FARMACEU;'0000124872      A;0;SA;Documento cta.mayor;0100244691;20.05.2024;;;0;20.05.2024;VED;2,737,2200;2737,2200;0,0000;0,0000;0,0000;0,0000;0,0000;100104,79;A36;K-Servicios Contratados;Z032;Intercompañia;;AMORTIZACION FAO;2737,22;USD;2737,22
1000;40000008;S.A. NACIONAL FARMACEU;'0000124877      A;0;SA;Documento cta.mayor;0100244692;20.05.2024;;;0;20.05.2024;VED;31,779,2600;31779,2600;0,0000;0,0000;0,0000;0,0000;0,0000;1162221,56;A36;K-Servicios Contratados;Z032;Intercompañia;;AMORTIZACION FAO;31779,26;USD;31779,26
1000;40000008;S.A. NACIONAL FARMACEU;12956015508 AMORTI;0;SA;Documento cta.mayor;0100244802;17.05.2024;;;0;17.05.2024;VED;2,900,0000;2900,0000;0,0000;0,0000;0,0000;0,0000;0,0000;106216,85;A36;K-Servicios Contratados;Z032;Intercompañia;;AMORTIZACION FAO;2900,00;USD;2900,00
1000;40000008;S.A. NACIONAL FARMACEU;CIOPPS   AMORTIZAC;0;SA;Documento cta.mayor;0100244805;17.05.2024;;;0;17.05.2024;VED;5,460,5300;5460,5300;0,0000;0,0000;0,0000;0,0000;0,0000;200000,00;A36;K-Servicios Contratados;Z032;Intercompañia;;AMORTIZACION FAO;5460,53;USD;5460,53
1000;40000008;S.A. NACIONAL FARMACEU;CIOPPS   AMORTIZAC;0;SA;Documento cta.mayor;0100244806;17.05.2024;;;0;17.05.2024;VED;1,539,4700;1539,4700;0,0000;0,0000;0,0000;0,0000;0,0000;56385,50;A36;K-Servicios Contratados;Z032;Intercompañia;;AMORTIZACION FAO;1539,47;USD;1539,47
1000;40000008;S.A. NACIONAL FARMACEU;ND AMORTIZACION FA;0;SA;Documento cta.mayor;0100244809;17.05.2024;;;0;17.05.2024;VED;5,460,5300;5460,5300;0,0000;0,0000;0,0000;0,0000;0,0000;200000,00;A36;K-Servicios Contratados;Z032;Intercompañia;;AMORTIZACION FAO;5460,53;USD;5460,53
1000;40000008;S.A. NACIONAL FARMACEU;ND AMORTIZACION FA;0;SA;Documento cta.mayor;0100244810;17.05.2024;;;0;17.05.2024;VED;539,4700;539,4700;0,0000;0,0000;0,0000;0,0000;0,0000;19759,00;A36;K-Servicios Contratados;Z032;Intercompañia;;AMORTIZACION FAO;539,47;USD;539,47
1000;40000008;S.A. NACIONAL FARMACEU;AMORTIZACION;AMORTIZACION;SA;Documento cta.mayor;0100248583;12.07.2024;;;0;12.07.2024;VED;30,000,0000;30000,0000;0,0000;0,0000;0,0000;0,0000;0,0000;1095909,00;A36;K-Servicios Contratados;Z032;Intercompañia;;PRESTAMO SANFAR;30000,00;USD;30000,00
1000;40000008;S.A. NACIONAL FARMACEU;AMORTIZACION;RECLASIFICACION;SA;Documento cta.mayor;0100249030;27.03.2024;;;0;27.03.2024;USD;15,535,5800;15535,5800;0,0000;0,0000;0,0000;0,0000;0,0000;564469,76;A36;K-Servicios Contratados;Z032;Intercompañia;;Reclasificacion;15535,58;USD;15535,58
1000;40000008;S.A. NACIONAL FARMACEU;0;0;SA;Documento cta.mayor;0100249035;18.07.2024;;;0;18.07.2024;VED;30,736,1900;30736,1900;0,0000;0,0000;0,0000;0,0000;0,0000;1123121,90;A36;K-Servicios Contratados;Z032;Intercompañia;;AMORTIZACION CON SANFAR;30736,19;USD;30736,19
1000;40000008;S.A. NACIONAL FARMACEU;REV.DOC.100249035;0;SA;Documento cta.mayor;0100249215;18.07.2024;;;0;18.07.2024;VED;-20,000,0000;-20000,0000;0,0000;0,0000;0,0000;0,0000;0,0000;-730814,00;A36;K-Servicios Contratados;Z032;Intercompañia;;AMORTIZACION CON SANFAR;-20000,00;USD;-20000,00
1000;40000008;S.A. NACIONAL FARMACEU;0;0;SA;Documento cta.mayor;0100249219;19.07.2024;;;0;19.07.2024;VED;20,000,0000;20000,0000;0,0000;0,0000;0,0000;0,0000;0,0000;731448,00;A36;K-Servicios Contratados;Z032;Intercompañia;;AMORTIZACION CON SANFAR;20000,00;USD;20000,00
1000;40000008;S.A. NACIONAL FARMACEU;'0000082296;0;SA;Documento cta.mayor;0100251527;09.08.2024;;;0;09.08.2024;VED;10,000,0000;10000,0000;0,0000;0,0000;0,0000;0,0000;0,0000;366827,00;A36;K-Servicios Contratados;Z032;Intercompañia;;TR ENTRE CUENTAS;10000,00;USD;10000,00
1000;40000008;S.A. NACIONAL FARMACEU;13001180736;0;SA;Documento cta.mayor;0100252179;16.08.2024;;;0;16.08.2024;VED;5,425,7700;5425,7700;0,0000;0,0000;0,0000;0,0000;0,0000;199000,00;A36;K-Servicios Contratados;Z032;Intercompañia;;AMORTIZACION FAO;5425,77;USD;5425,77
1000;40000008;S.A. NACIONAL FARMACEU;13001173913;0;SA;Documento cta.mayor;0100252180;16.08.2024;;;0;16.08.2024;VED;5,121,1900;5121,1900;0,0000;0,0000;0,0000;0,0000;0,0000;187828,80;A36;K-Servicios Contratados;Z032;Intercompañia;;AMORTIZACION FAO;5121,19;USD;5121,19
1000;40000008;S.A. NACIONAL FARMACEU;13001172827;0;SA;Documento cta.mayor;0100252181;16.08.2024;;;0;16.08.2024;VED;5,453,0400;5453,0400;0,0000;0,0000;0,0000;0,0000;0,0000;200000,00;A36;K-Servicios Contratados;Z032;Intercompañia;;AMORTIZACION FAO;5453,04;USD;5453,04
1000;40000008;S.A. NACIONAL FARMACEU;00000000000;0;SA;Documento cta.mayor;0100252993;28.08.2024;;;0;28.08.2024;VED;35,645,5800;35645,5800;0,0000;0,0000;0,0000;0,0000;0,0000;1304211,17;A36;K-Servicios Contratados;Z032;Intercompañia;;AMORTIZACION FAO;35645,58;USD;35645,58
1000;40000008;S.A. NACIONAL FARMACEU;0;0;SA;Documento cta.mayor;0100254026;06.09.2024;;;0;06.09.2024;VED;20,000,0000;20000,0000;0,0000;0,0000;0,0000;0,0000;0,0000;733692,00;A36;K-Servicios Contratados;Z032;Intercompañia;;AMORTIZACION CON SANFAR;20000,00;USD;20000,00
1000;40000008;S.A. NACIONAL FARMACEU;AMORTIZACION SANFA;AMORTIZACION;SA;Documento cta.mayor;0100254632;13.09.2024;;;0;13.09.2024;VED;20,000,0000;20000,0000;0,0000;0,0000;0,0000;0,0000;0,0000;734820,00;A36;K-Servicios Contratados;Z032;Intercompañia;;PRESTAMO SANFAR;20000,00;USD;20000,00
1000;40000008;S.A. NACIONAL FARMACEU;AMORT.SANFAR;AMORT SANFAR;SA;Documento cta.mayor;0100256943;27.09.2024;;;0;27.09.2024;VED;17,000,0000;17000,0000;0,0000;0,0000;0,0000;0,0000;0,0000;626713,50;A36;K-Servicios Contratados;Z032;Intercompañia;;AMORT SANFAR;17000,00;USD;17000,00
1000;40000008;S.A. NACIONAL FARMACEU;Prueba traslado;PRUEBA;SA;Documento cta.mayor;0100261994;17.01.2024;;;0;17.01.2024;USD;-200,000,0000;-200000,0000;0,0000;0,0000;0,0000;0,0000;0,0000;-7209320,00;A36;K-Servicios Contratados;Z032;Intercompañia;;Prueba de tarslado;-200000,00;USD;-200000,00
1000;40000008;S.A. NACIONAL FARMACEU;Prueba2 traslado;PRUEBA 2;SA;Documento cta.mayor;0100261995;21.11.2024;;;0;21.11.2024;VED;4,000,0000;4000,0000;0,0000;0,0000;0,0000;0,0000;0,0000;184235,20;A36;K-Servicios Contratados;Z032;Intercompañia;;Prueba 2 de tarslado;4000,00;USD;4000,00
1000;40000008;S.A. NACIONAL FARMACEU;00023734;00023734;KR;Factura acreedor;1900017877;21.09.2023;NT00;Contado;  886;21.09.2023;VED;-1,477,0500;0,0000;0,0000;0,0000;0,0000;-1477,0500;0,0000;-49973,61;A36;K-Servicios Contratados;Z032;Intercompañia;;OC. 49-9215;-1477,05;USD;-1477,05
1000;40000008;S.A. NACIONAL FARMACEU;00000647;00000647;KR;Factura acreedor;1900019215;12.06.2024;NT30;Crédito 30 Días;  591;12.07.2024;VED;-919,9000;0,0000;0,0000;0,0000;0,0000;-919,9000;0,0000;-33519,76;A36;K-Servicios Contratados;Z032;Intercompañia;;0;-920,66;USD;-919,90
1000;40000008;S.A. NACIONAL FARMACEU;00000569;00000569;KR;Factura acreedor;1900019216;15.04.2024;NT30;Crédito 30 Días;  649;15.05.2024;VED;-890,5500;0,0000;0,0000;0,0000;0,0000;-890,5500;0,0000;-32322,39;A36;K-Servicios Contratados;Z032;Intercompañia;;0;-887,77;USD;-890,55
1000;40000008;S.A. NACIONAL FARMACEU;00056069;00056069;KR;Factura acreedor;1900019777;29.10.2024;NT30;Crédito 30 Días;  452;28.11.2024;VED;-46,0500;0,0000;0,0000;0,0000;0,0000;-46,0500;0,0000;-1922,07;A36;K-Servicios Contratados;Z032;Intercompañia;;0;-43,90;USD;-46,05
1000;40000008;S.A. NACIONAL FARMACEU;00020661;00020661;RE;Factura bruto;5100020359;21.09.2023;NT30;Crédito 30 Días;  856;21.10.2023;VED;-2,130,8400;0,0000;0,0000;0,0000;0,0000;-2130,8400;0,0000;-72093,34;A36;K-Servicios Contratados;Z032;Intercompañia;;0;-2124,84;USD;-2130,84
1000;40000008;S.A. NACIONAL FARMACEU;00030433;00030433;RE;Factura bruto;5100022344;03.04.2024;NT30;Crédito 30 Días;  661;03.05.2024;VED;-282,5300;0,0000;0,0000;0,0000;0,0000;-282,5300;0,0000;-10251,86;A36;K-Servicios Contratados;Z032;Intercompañia;;0;-282,21;USD;-282,53
1000;40000008;S.A. NACIONAL FARMACEU;00029968;00029968;RE;Factura bruto;5100022346;12.04.2024;NT30;Crédito 30 Días;  652;12.05.2024;VED;-2,011,0000;0,0000;0,0000;0,0000;0,0000;-2011,0000;0,0000;-72959,84;A36;K-Servicios Contratados;Z032;Intercompañia;;0;-2008,45;USD;-2011,00
1000;40000008;S.A. NACIONAL FARMACEU;00000545;00000545;RE;Factura bruto;5100022384;05.04.2024;NT30;Crédito 30 Días;  659;05.05.2024;VED;-395,9900;0,0000;0,0000;0,0000;0,0000;-395,9900;0,0000;-14339,16;A36;K-Servicios Contratados;Z032;Intercompañia;;0;-394,48;USD;-395,99
1000;40000008;S.A. NACIONAL FARMACEU;00000535;00000535;RE;Factura bruto;5100022385;05.04.2024;NT30;Crédito 30 Días;  659;05.05.2024;VED;-392,0300;0,0000;0,0000;0,0000;0,0000;-392,0300;0,0000;-14195,77;A36;K-Servicios Contratados;Z032;Intercompañia;;0;-390,52;USD;-392,03
1000;40000008;S.A. NACIONAL FARMACEU;00030666;00030666;RE;Factura bruto;5100022493;12.04.2024;NT30;Crédito 30 Días;  652;12.05.2024;VED;-914,3600;0,0000;0,0000;0,0000;0,0000;-914,3600;0,0000;-33173,27;A36;K-Servicios Contratados;Z032;Intercompañia;;0;-906,75;USD;-914,36
1000;40000008;S.A. NACIONAL FARMACEU;00000565;00000565;RE;Factura bruto;5100022563;12.04.2024;NT30;Crédito 30 Días;  652;12.05.2024;VED;-321,8800;0,0000;0,0000;0,0000;0,0000;-321,8800;0,0000;-11677,82;A36;K-Servicios Contratados;Z032;Intercompañia;;0;-318,98;USD;-321,88
1000;40000008;S.A. NACIONAL FARMACEU;00000571;00000571;RE;Factura bruto;5100022564;18.04.2024;NT30;Crédito 30 Días;  646;18.05.2024;VED;-321,7500;0,0000;0,0000;0,0000;0,0000;-321,7500;0,0000;-11688,04;A36;K-Servicios Contratados;Z032;Intercompañia;;0;-319,26;USD;-321,75
1000;40000008;S.A. NACIONAL FARMACEU;00000584;00000584;RE;Factura bruto;5100022565;30.04.2024;NT30;Crédito 30 Días;  634;30.05.2024;VED;-321,7000;0,0000;0,0000;0,0000;0,0000;-321,7000;0,0000;-11718,13;A36;K-Servicios Contratados;Z032;Intercompañia;;0;-320,07;USD;-321,70
1000;40000008;S.A. NACIONAL FARMACEU;00000593;00000593;RE;Factura bruto;5100022567;06.05.2024;NT30;Crédito 30 Días;  628;05.06.2024;VED;-321,7100;0,0000;0,0000;0,0000;0,0000;-321,7100;0,0000;-11769,61;A36;K-Servicios Contratados;Z032;Intercompañia;;0;-321,48;USD;-321,71
1000;40000008;S.A. NACIONAL FARMACEU;00031144;00031144;RE;Factura bruto;5100022627;14.05.2024;NT30;Crédito 30 Días;  620;13.06.2024;VED;-433,8000;0,0000;0,0000;0,0000;0,0000;-433,8000;0,0000;-15881,60;A36;K-Servicios Contratados;Z032;Intercompañia;;0;-434,28;USD;-433,80
1000;40000008;S.A. NACIONAL FARMACEU;00031819;00031819;RE;Factura bruto;5100022674;16.05.2024;NT30;Crédito 30 Días;  618;15.06.2024;VED;-129,6700;0,0000;0,0000;0,0000;0,0000;-129,6700;0,0000;-4746,32;A36;K-Servicios Contratados;Z032;Intercompañia;;0;-130,00;USD;-129,67
1000;40000008;S.A. NACIONAL FARMACEU;00000602;00000602;RE;Factura bruto;5100022702;10.05.2024;NT30;Crédito 30 Días;  624;09.06.2024;VED;-321,6900;0,0000;0,0000;0,0000;0,0000;-321,6900;0,0000;-11769,61;A36;K-Servicios Contratados;Z032;Intercompañia;;0;-322,36;USD;-321,69
1000;40000008;S.A. NACIONAL FARMACEU;00000621;00000621;RE;Factura bruto;5100022773;27.05.2024;NT30;Crédito 30 Días;  607;26.06.2024;VED;-296,9800;0,0000;0,0000;0,0000;0,0000;-296,9800;0,0000;-10843,47;A36;K-Servicios Contratados;Z032;Intercompañia;;0;-297,58;USD;-296,98
1000;40000008;S.A. NACIONAL FARMACEU;00000655;00000655;RE;Factura bruto;5100022878;14.06.2024;NT30;Crédito 30 Días;  589;14.07.2024;VED;-321,6700;0,0000;0,0000;0,0000;0,0000;-321,6700;0,0000;-11718,13;A36;K-Servicios Contratados;Z032;Intercompañia;;0;-322,17;USD;-321,67
1000;40000008;S.A. NACIONAL FARMACEU;00032766;00032766;RE;Factura bruto;5100023013;11.06.2024;NT30;Crédito 30 Días;  592;11.07.2024;VED;-972,8400;0,0000;0,0000;0,0000;0,0000;-972,8400;0,0000;-35459,89;A36;K-Servicios Contratados;Z032;Intercompañia;;0;-971,14;USD;-972,84
1000;40000008;S.A. NACIONAL FARMACEU;00033495;00033495;RE;Factura bruto;5100023074;28.06.2024;NT30;Crédito 30 Días;  575;28.07.2024;VED;-148,1100;0,0000;0,0000;0,0000;0,0000;-148,1100;0,0000;-5392,58;A36;K-Servicios Contratados;Z032;Intercompañia;;0;-147,58;USD;-148,11
1000;40000008;S.A. NACIONAL FARMACEU;00029065;00029065;RE;Factura bruto;5100023075;23.02.2024;NT30;Crédito 30 Días;  701;24.03.2024;VED;-320,6200;0,0000;0,0000;0,0000;0,0000;-320,6200;0,0000;-11616,93;A36;K-Servicios Contratados;Z032;Intercompañia;;0;-317,91;USD;-320,62
1000;40000008;S.A. NACIONAL FARMACEU;00000666;00000666;RE;Factura bruto;5100023076;21.06.2024;NT30;Crédito 30 Días;  582;21.07.2024;VED;-321,6700;0,0000;0,0000;0,0000;0,0000;-321,6700;0,0000;-11702,05;A36;K-Servicios Contratados;Z032;Intercompañia;;0;-320,25;USD;-321,67
1000;40000008;S.A. NACIONAL FARMACEU;00000676;00000676;RE;Factura bruto;5100023172;28.06.2024;NT30;Crédito 30 Días;  575;28.07.2024;VED;-321,6700;0,0000;0,0000;0,0000;0,0000;-321,6700;0,0000;-11711,70;A36;K-Servicios Contratados;Z032;Intercompañia;;0;-320,17;USD;-321,67
1000;40000008;S.A. NACIONAL FARMACEU;00000705;00000705;RE;Factura bruto;5100023225;19.07.2024;NT30;Crédito 30 Días;  554;18.08.2024;VED;-321,7300;0,0000;0,0000;0,0000;0,0000;-321,7300;0,0000;-11766,40;A36;K-Servicios Contratados;Z032;Intercompañia;;0;-320,92;USD;-321,73
1000;40000008;S.A. NACIONAL FARMACEU;00000697;00000697;RE;Factura bruto;5100023226;12.07.2024;NT30;Crédito 30 Días;  561;11.08.2024;VED;-321,7500;0,0000;0,0000;0,0000;0,0000;-321,7500;0,0000;-11753,53;A36;K-Servicios Contratados;Z032;Intercompañia;;0;-320,57;USD;-321,75
1000;40000008;S.A. NACIONAL FARMACEU;00000686;00000686;RE;Factura bruto;5100023227;04.07.2024;NT30;Crédito 30 Días;  569;03.08.2024;VED;-322,0300;0,0000;0,0000;0,0000;0,0000;-322,0300;0,0000;-11747,09;A36;K-Servicios Contratados;Z032;Intercompañia;;0;-320,39;USD;-322,03
1000;40000008;S.A. NACIONAL FARMACEU;00035648;00035648;RE;Factura bruto;5100023376;15.08.2024;NT30;Crédito 30 Días;  527;14.09.2024;VED;-265,2600;0,0000;0,0000;0,0000;0,0000;-265,2600;0,0000;-9712,05;A36;K-Servicios Contratados;Z032;Intercompañia;;0;-264,74;USD;-265,26
1000;40000008;S.A. NACIONAL FARMACEU;00000727;00000727;RE;Factura bruto;5100023428;06.08.2024;NT30;Crédito 30 Días;  536;05.09.2024;VED;-321,7500;0,0000;0,0000;0,0000;0,0000;-321,7500;0,0000;-11793,00;A36;K-Servicios Contratados;Z032;Intercompañia;;0;-322,53;USD;-321,75
1000;40000008;S.A. NACIONAL FARMACEU;00000718;00000718;RE;Factura bruto;5100023429;06.08.2024;NT30;Crédito 30 Días;  536;05.09.2024;VED;-321,7500;0,0000;0,0000;0,0000;0,0000;-321,7500;0,0000;-11793,00;A36;K-Servicios Contratados;Z032;Intercompañia;;0;-322,53;USD;-321,75
1000;40000008;S.A. NACIONAL FARMACEU;00000711;00000711;RE;Factura bruto;5100023430;06.08.2024;NT30;Crédito 30 Días;  536;05.09.2024;VED;-321,7500;0,0000;0,0000;0,0000;0,0000;-321,7500;0,0000;-11793,00;A36;K-Servicios Contratados;Z032;Intercompañia;;0;-322,53;USD;-321,75
1000;40000008;S.A. NACIONAL FARMACEU;00036026;00036026;RE;Factura bruto;5100023477;22.08.2024;NT30;Crédito 30 Días;  520;21.09.2024;VED;-170,8000;0,0000;0,0000;0,0000;0,0000;-170,8000;0,0000;-6259,54;A36;K-Servicios Contratados;Z032;Intercompañia;;0;-171,06;USD;-170,80
1000;40000008;S.A. NACIONAL FARMACEU;00035593;00035593;RE;Factura bruto;5100023500;28.08.2024;NT30;Crédito 30 Días;  514;27.09.2024;VED;-2,065,2300;0,0000;0,0000;0,0000;0,0000;-2065,2300;0,0000;-75563,37;A36;K-Servicios Contratados;Z032;Intercompañia;;0;-2059,81;USD;-2065,23
1000;40000008;S.A. NACIONAL FARMACEU;00036027;00036027;RE;Factura bruto;5100023551;22.08.2024;NT30;Crédito 30 Días;  520;21.09.2024;VED;-317,5700;0,0000;0,0000;0,0000;0,0000;-317,5700;0,0000;-11638,29;A36;K-Servicios Contratados;Z032;Intercompañia;;0;-317,24;USD;-317,57
1000;40000008;S.A. NACIONAL FARMACEU;00000762;00000762;RE;Factura bruto;5100023745;13.09.2024;NT30;Crédito 30 Días;  498;13.10.2024;VED;-321,7400;0,0000;0,0000;0,0000;0,0000;-321,7400;0,0000;-11821,09;A36;K-Servicios Contratados;Z032;Intercompañia;;0;-320,66;USD;-321,74
1000;40000008;S.A. NACIONAL FARMACEU;00000744;00000744;RE;Factura bruto;5100023746;23.08.2024;NT30;Crédito 30 Días;  519;22.09.2024;VED;-321,6900;0,0000;0,0000;0,0000;0,0000;-321,6900;0,0000;-11805,01;A36;K-Servicios Contratados;Z032;Intercompañia;;0;-320,23;USD;-321,69
1000;40000008;S.A. NACIONAL FARMACEU;00000734;00000734;RE;Factura bruto;5100023749;19.08.2024;NT30;Crédito 30 Días;  523;18.09.2024;VED;-321,7800;0,0000;0,0000;0,0000;0,0000;-321,7800;0,0000;-11801,79;A36;K-Servicios Contratados;Z032;Intercompañia;;0;-320,13;USD;-321,78
1000;40000008;S.A. NACIONAL FARMACEU;00000776;00000776;RE;Factura bruto;5100023750;20.09.2024;NT30;Crédito 30 Días;  491;20.10.2024;VED;-321,7400;0,0000;0,0000;0,0000;0,0000;-321,7400;0,0000;-11840,40;A36;K-Servicios Contratados;Z032;Intercompañia;;0;-321,18;USD;-321,74
1000;40000008;S.A. NACIONAL FARMACEU;00000790;00000790;RE;Factura bruto;5100024084;04.10.2024;NT30;Crédito 30 Días;  477;03.11.2024;VED;-222,7200;0,0000;0,0000;0,0000;0,0000;-222,7200;0,0000;-8237,29;A36;K-Servicios Contratados;Z032;Intercompañia;;0;-200,69;USD;-222,72
1000;40000008;S.A. NACIONAL FARMACEU;00000782;00000782;RE;Factura bruto;5100024085;27.09.2024;NT30;Crédito 30 Días;  484;27.10.2024;VED;-321,7000;0,0000;0,0000;0,0000;0,0000;-321,7000;0,0000;-11859,70;A36;K-Servicios Contratados;Z032;Intercompañia;;0;-288,96;USD;-321,70
1000;40000008;S.A. NACIONAL FARMACEU;00000797;00000797;RE;Factura bruto;5100024086;11.10.2024;NT30;Crédito 30 Días;  470;10.11.2024;VED;-321,7500;0,0000;0,0000;0,0000;0,0000;-321,7500;0,0000;-12113,89;A36;K-Servicios Contratados;Z032;Intercompañia;;0;-295,14;USD;-321,75
1000;40000008;S.A. NACIONAL FARMACEU;00000758;00000758;RE;Factura bruto;5100024127;06.09.2024;NT30;Crédito 30 Días;  505;06.10.2024;VED;-321,7100;0,0000;0,0000;0,0000;0,0000;-321,7100;0,0000;-11801,79;A36;K-Servicios Contratados;Z032;Intercompañia;;0;-279,49;USD;-321,71
1000;40000008;S.A. NACIONAL FARMACEU;00000808;00000808;RE;Factura bruto;5100024257;18.10.2024;NT30;Crédito 30 Días;  463;17.11.2024;VED;-321,7100;0,0000;0,0000;0,0000;0,0000;-321,7100;0,0000;-12590,08;A36;K-Servicios Contratados;Z032;Intercompañia;;0;-280,22;USD;-321,71
1000;40000011;JOMADUS INVERSIONES SE;;;AB;Documento contable;0100250810;01.08.2024;;;0;01.08.2024;VED;241,6600;241,6600;0,0000;0,0000;0,0000;0,0000;0,0000;8853,55;A1;K Corporativos;Z032;Intercompañia;;;241,66;USD;241,66
1000;40000011;JOMADUS INVERSIONES SE;;;AB;Documento contable;0100255619;24.09.2024;;;0;24.09.2024;VED;121,8700;121,8700;0,0000;0,0000;0,0000;0,0000;0,0000;4486,51;A1;K Corporativos;Z032;Intercompañia;;;121,87;USD;121,87
1000;40000011;JOMADUS INVERSIONES SE;ABONO;;ZT;Cart.Transf.Proveed.;0700022134;21.11.2024;;;0;21.11.2024;VED;2,000,0000;2000,0000;0,0000;0,0000;0,0000;0,0000;0,0000;92117,60;A1;K Corporativos;Z032;Intercompañia;;20241121-SF669;2000,00;USD;2000,00
1000;41000002;AMPOLLAS Y FRASCOS VEN;COMPENSACION;COMPENSACION;SA;Documento cta.mayor;0100260469;25.10.2024;;;0;25.10.2024;VED;661,4500;661,4500;0,0000;0,0000;0,0000;0,0000;0,0000;27040,42;A15;K-Materia Prima Nacional;Z053;Materia Prima;;COMPENSACION;661,45;USD;661,45
1000;41000002;AMPOLLAS Y FRASCOS VEN;7000010505-10577;;ZT;Cart.Transf.Proveed.;0700022131;20.11.2024;;;0;20.11.2024;VED;4,592,8400;4592,8400;0,0000;0,0000;0,0000;0,0000;0,0000;210540,24;A15;K-Materia Prima Nacional;Z053;Materia Prima;;20241120-SF666;4592,84;USD;4592,84
1000;41000002;AMPOLLAS Y FRASCOS VEN;7000010505;7000010505;RE;Factura bruto;5100023969;17.10.2024;NT15;Crédito 15 Días;  479;01.11.2024;VED;-3,305,3400;0,0000;0,0000;0,0000;0,0000;-3305,3400;0,0000;-128946,50;A15;K-Materia Prima Nacional;Z053;Materia Prima;;00-048266;-3279,17;USD;-3305,34
1000;41000002;AMPOLLAS Y FRASCOS VEN;7000010506;7000010506;RE;Factura bruto;5100023970;17.10.2024;NT15;Crédito 15 Días;  479;01.11.2024;VED;-1,299,3200;0,0000;0,0000;0,0000;0,0000;-1299,3200;0,0000;-50688,37;A15;K-Materia Prima Nacional;Z053;Materia Prima;;00-048267;-1289,03;USD;-1299,32
1000;41000002;AMPOLLAS Y FRASCOS VEN;7000010578;7000010578;RE;Factura bruto;5100024180;31.10.2024;NT15;Crédito 15 Días;  465;15.11.2024;VED;-2,568,2800;0,0000;0,0000;0,0000;0,0000;-2568,2800;0,0000;-109311,73;A15;K-Materia Prima Nacional;Z053;Materia Prima;;00-048346;-2496,71;USD;-2568,28
1000;41000002;AMPOLLAS Y FRASCOS VEN;7000010577;7000010577;RE;Factura bruto;5100024181;31.10.2024;NT15;Crédito 15 Días;  465;15.11.2024;VED;-1,948,9700;0,0000;0,0000;0,0000;0,0000;-1948,9700;0,0000;-82952,36;A15;K-Materia Prima Nacional;Z053;Materia Prima;;00-048345;-1894,66;USD;-1948,97
1000;41000002;AMPOLLAS Y FRASCOS VEN;7000010609;7000010609;RE;Factura bruto;5100024302;12.11.2024;NT15;Crédito 15 Días;  453;27.11.2024;VED;-5,967,2100;0,0000;0,0000;0,0000;0,0000;-5967,2100;0,0000;-267058,81;A15;K-Materia Prima Nacional;Z053;Materia Prima;;00-048386;-5868,53;USD;-5967,21
1000;41000003;PROYECTOS PET, C.A.;0003817300001;INTERCOMPANIA;SA;Documento cta.mayor;0100228009;07.11.2023;;;0;07.11.2023;VED;-1,560,9000;-1560,9000;0,0000;0,0000;0,0000;0,0000;0,0000;-55000,00;A12;K-Intercompañías;Z032;Intercompañia;;INTERCOMPANIA;-1560,90;USD;-1560,90
1000;41000003;PROYECTOS PET, C.A.;INTERNAL WIRE 2023;INTERNAL WIRE 20;SA;Documento cta.mayor;0100228650;22.11.2023;;;0;22.11.2023;USD;-6,005,5100;-6005,5100;0,0000;0,0000;0,0000;0,0000;0,0000;-212706,60;A12;K-Intercompañías;Z032;Intercompañia;;INTERNAL WIRE 2023;-6000,00;USD;-6005,51
1000;41000003;PROYECTOS PET, C.A.;Intercompañia;INTERCOMPAÑIA;SA;Documento cta.mayor;0100230554;03.11.2023;;;0;03.11.2023;VED;-69,645,1000;-69645,1000;0,0000;0,0000;0,0000;0,0000;0,0000;-2449585,27;A12;K-Intercompañías;Z032;Intercompañia;;;-68175,65;USD;-69645,10
1000;41000003;PROYECTOS PET, C.A.;0;0;SA;Documento cta.mayor;0100230838;18.12.2023;;;0;18.12.2023;USD;70,000,0000;70000,0000;0,0000;0,0000;0,0000;0,0000;0,0000;2500729,00;A12;K-Intercompañías;Z032;Intercompañia;;INTERCOMPAÑIAS;70000,00;USD;70000,00
1000;41000003;PROYECTOS PET, C.A.;0;0;SA;Documento cta.mayor;0100230838;18.12.2023;;;0;18.12.2023;USD;30,000,0000;30000,0000;0,0000;0,0000;0,0000;0,0000;0,0000;1071741,00;A12;K-Intercompañías;Z032;Intercompañia;;INTERCOMPAÑIAS;30000,00;USD;30000,00
1000;41000003;PROYECTOS PET, C.A.;0;0;SA;Documento cta.mayor;0100230838;18.12.2023;;;0;18.12.2023;USD;7,000,0000;7000,0000;0,0000;0,0000;0,0000;0,0000;0,0000;250072,90;A12;K-Intercompañías;Z032;Intercompañia;;INTERCOMPAÑIAS;7000,00;USD;7000,00
1000;41000003;PROYECTOS PET, C.A.;Doc.100130122;;SA;Documento cta.mayor;0100230903;22.12.2023;;;0;22.12.2023;VED;-104,8300;-104,8300;0,0000;0,0000;0,0000;0,0000;0,0000;-3751,56;A12;K-Intercompañías;Z032;Intercompañia;;;-104,83;USD;-104,83
1000;41000003;PROYECTOS PET, C.A.;INTERNAL WIRE 2023;;SA;Documento cta.mayor;0100231264;22.12.2023;;;0;22.12.2023;VED;-70,092,7100;-70092,7100;0,0000;0,0000;0,0000;0,0000;0,0000;-2508436,00;A12;K-Intercompañías;Z032;Intercompañia;;;-70092,71;USD;-70092,71
1000;41000003;PROYECTOS PET, C.A.;Caja chica;CAJA CHICA;SA;Documento cta.mayor;0100231337;22.12.2023;;;0;22.12.2023;USD;-1,000,0000;-1000,0000;0,0000;0,0000;0,0000;0,0000;0,0000;-35787,40;A12;K-Intercompañías;Z032;Intercompañia;;Caja chica;-1000,00;USD;-1000,00
1000;41000003;PROYECTOS PET, C.A.;0003932500001;0;SA;Documento cta.mayor;0100233063;26.01.2024;;;0;26.01.2024;USD;-2,000,0000;-2000,0000;0,0000;0,0000;0,0000;0,0000;0,0000;-72237,20;A12;K-Intercompañías;Z032;Intercompañia;;PRESTAMO PET;-2000,00;USD;-2000,00
1000;41000003;PROYECTOS PET, C.A.; INTERNAL WIRE 202;0;SA;Documento cta.mayor;0100234955;02.02.2024;;;0;02.02.2024;USD;-53,247,0000;-53247,0000;0,0000;0,0000;0,0000;0,0000;0,0000;-1929415,69;A12;K-Intercompañías;Z032;Intercompañia;;SWAP;-53247,00;USD;-53247,00
1000;41000003;PROYECTOS PET, C.A.;0Deposito Us$ DP:J;INTERCOMPANIAS;SA;Documento cta.mayor;0100235356;02.02.2024;;;0;02.02.2024;USD;-30,000,0000;-30000,0000;0,0000;0,0000;0,0000;0,0000;0,0000;-1087056,00;A12;K-Intercompañías;Z032;Intercompañia;;Intercompanias;-30000,00;USD;-30000,00
1000;41000003;PROYECTOS PET, C.A.;INTERNAL WIRE 2024;INTERCOMPANIAS;SA;Documento cta.mayor;0100235372;09.02.2024;;;0;09.02.2024;USD;-8,000,0000;-8000,0000;0,0000;0,0000;0,0000;0,0000;0,0000;-290335,20;A12;K-Intercompañías;Z032;Intercompañia;;Intercompanias;-8000,00;USD;-8000,00
1000;41000003;PROYECTOS PET, C.A.;INTERNAL WIRE 202;INTERCOMPANIAS;SA;Documento cta.mayor;0100238186;21.03.2024;;;0;21.03.2024;USD;-10,251,0000;-10251,0000;0,0000;0,0000;0,0000;0,0000;0,0000;-371968,81;A12;K-Intercompañías;Z032;Intercompañia;;INTERCOMPANIAS;-10251,00;USD;-10251,00
1000;41000003;PROYECTOS PET, C.A.;101757885;0;SA;Documento cta.mayor;0100238219;05.03.2024;;;0;05.03.2024;USD;-750,0000;-750,0000;0,0000;0,0000;0,0000;0,0000;0,0000;-27069,98;A12;K-Intercompañías;Z032;Intercompañia;;PAGO JMD;-750,00;USD;-750,00
1000;41000003;PROYECTOS PET, C.A.;NOMINA JMD;RECLASIFICACION;SA;Documento cta.mayor;0100238255;01.03.2024;;;0;01.03.2024;USD;-750,0000;-750,0000;0,0000;0,0000;0,0000;0,0000;0,0000;-27113,85;A12;K-Intercompañías;Z032;Intercompañia;;Reclasificacion;-750,00;USD;-750,00
1000;41000003;PROYECTOS PET, C.A.;Pago.C.Chica;;AB;Documento contable;0100239436;16.01.2024;;;0;16.01.2024;USD;-225,5900;-225,5900;0,0000;0,0000;0,0000;0,0000;0,0000;-8115,47;A12;K-Intercompañías;Z032;Intercompañia;;;-230,00;USD;-225,59
1000;41000003;PROYECTOS PET, C.A.;Credito Inmediato;0;SA;Documento cta.mayor;0100242641;30.04.2024;;;0;30.04.2024;VED;-5,490,5500;-5490,5500;0,0000;0,0000;0,0000;0,0000;0,0000;-200000,00;A12;K-Intercompañías;Z032;Intercompañia;;SWAP;-5490,55;USD;-5490,55
1000;41000003;PROYECTOS PET, C.A.;INTERNAL WIRE 202;INTERCOMPANIA;SA;Documento cta.mayor;0100250798;18.07.2024;;;0;18.07.2024;USD;-50,000,0000;-50000,0000;0,0000;0,0000;0,0000;0,0000;0,0000;-1827035,00;A12;K-Intercompañías;Z032;Intercompañia;;;-50000,00;USD;-50000,00
1000;41000003;PROYECTOS PET, C.A.;'0000124137      J;;AB;Documento contable;0100251394;23.04.2024;;;0;23.04.2024;VED;-20,000,0000;-20000,0000;0,0000;0,0000;0,0000;0,0000;0,0000;-727012,00;A12;K-Intercompañías;Z032;Intercompañia;;;-20000,00;USD;-20000,00
1000;41000003;PROYECTOS PET, C.A.;INTERNAL WIRE 202;PRESTAMO;SA;Documento cta.mayor;0100251464;02.07.2024;;;0;02.07.2024;USD;-46,900,0000;-46900,0000;0,0000;0,0000;0,0000;0,0000;0,0000;-1709744,19;A12;K-Intercompañías;Z032;Intercompañia;;PRESTAMO INTERCOMPANIAS;-46900,00;USD;-46900,00
1000;41000003;PROYECTOS PET, C.A.;0000000000;0;SA;Documento cta.mayor;0100251646;12.08.2024;;;0;12.08.2024;VED;26,350,3400;26350,3400;0,0000;0,0000;0,0000;0,0000;0,0000;966156,30;A12;K-Intercompañías;Z032;Intercompañia;;SWAP;26350,34;USD;26350,34
1000;41000003;PROYECTOS PET, C.A.;8000015193;8000015193;RE;Factura bruto;5100022341;17.04.2024;NT30;Crédito 30 Días;  647;17.05.2024;VED;-340,9600;0,0000;0,0000;0,0000;0,0000;-340,9600;0,0000;-12376,00;A12;K-Intercompañías;Z032;Intercompañia;;00-0146481;-340,69;USD;-340,96
1000;41000003;PROYECTOS PET, C.A.;INTERNAL WIRE 202;INTERCOMPAÑIA;S2;NC.Nac.Proyectos PET;8200000000;02.07.2024;;;0;02.07.2024;USD;-46,900,0000;-46900,0000;0,0000;0,0000;0,0000;0,0000;0,0000;-1709744,19;A12;K-Intercompañías;Z032;Intercompañia;;INTERCOMPAÑIA;-46900,00;USD;-46900,00
1000;41000003;PROYECTOS PET, C.A.;INTERNAL WIRE 202;INTERCOMPAÑIA;S2;NC.Nac.Proyectos PET;8200000001;02.07.2024;;;0;02.07.2024;USD;46,900,0000;46900,0000;0,0000;0,0000;0,0000;0,0000;0,0000;1709744,19;A12;K-Intercompañías;Z032;Intercompañia;;INTERCOMPAÑIA;46900,00;USD;46900,00
1000;41000004;DROGUERIA FARVENCA C.A;0003169400001;RECLASIFICACION;SA;Documento cta.mayor;0100232046;24.10.2023;;;0;24.10.2023;USD;-3,599,4700;-3599,4700;0,0000;0,0000;0,0000;0,0000;0,0000;-125895,00;A12;K-Intercompañías;Z032;Intercompañia;;;-15000,00;USD;-3599,47
1000;41000004;DROGUERIA FARVENCA C.A;9010260750;9010260750;RE;Factura bruto;5100022637;23.05.2024;NT30;Crédito 30 Días;  611;22.06.2024;VED;-205,1700;0,0000;0,0000;0,0000;0,0000;-205,1700;0,0000;-7498,40;A12;K-Intercompañías;Z032;Intercompañia;;00-5280026;-205,31;USD;-205,17
1000;50000001;JORGE MASSA DUSTOU;WIRES OUT 20230829;0;SA;Documento cta.mayor;0100219217;29.08.2023;;;0;29.08.2023;USD;9,000,0000;9000,0000;0,0000;0,0000;0,0000;0,0000;0,0000;291933,90;A2;K-Accionistas;Z002;Accionistas / Socios;;PRESTAMO JMD;9000,00;USD;9000,00
1000;50000001;JORGE MASSA DUSTOU;WIRES OUT 20230905;ANTICIPO;KZ;Pago acreedor;1500010366;05.09.2023;;;0;05.09.2023;USD;12,000,0000;12000,0000;0,0000;0,0000;0,0000;0,0000;0,0000;393505,20;A2;K-Accionistas;Z002;Accionistas / Socios;;ANTICIPO;12000,00;USD;12000,00
1000;50000003;DYLE INVERSIONES S.L;1285/16;RECLASIF CTA;SA;Documento cta.mayor;0100190548;31.12.2021;;;0;31.12.2021;VED;213,252,1700;213252,1700;0,0000;0,0000;0,0000;0,0000;0,0000;978763,50;A2;K-Accionistas;Z002;Accionistas / Socios;;Reclasificacion cta;884000,00;USD;213252,17
1000;50000003;DYLE INVERSIONES S.L;100138952;;SA;Documento cta.mayor;0100190852;01.03.2022;NT00;Contado; 1455;01.03.2022;VED;-8,419,5200;0,0000;0,0000;0,0000;0,0000;-8419,5200;0,0000;-36881,71;A2;K-Accionistas;Z002;Accionistas / Socios;;;-8419,52;USD;-8419,52
1000;50000003;DYLE INVERSIONES S.L;100148828;;SA;Documento cta.mayor;0100190853;01.03.2022;NT00;Contado; 1455;01.03.2022;VED;-6,760,2300;0,0000;0,0000;0,0000;0,0000;-6760,2300;0,0000;-29613,17;A2;K-Accionistas;Z002;Accionistas / Socios;;;-6760,23;USD;-6760,23
1000;50000003;DYLE INVERSIONES S.L;100185082;;SA;Documento cta.mayor;0100190854;01.03.2022;NT00;Contado; 1455;01.03.2022;VED;-8,693,2100;0,0000;0,0000;0,0000;0,0000;-8693,2100;0,0000;-38080,61;A2;K-Accionistas;Z002;Accionistas / Socios;;;-8693,21;USD;-8693,21
1000;50000003;DYLE INVERSIONES S.L;100153036;;SA;Documento cta.mayor;0100190855;01.03.2022;NT00;Contado; 1455;01.03.2022;USD;-16,617,8900;0,0000;0,0000;0,0000;0,0000;-16617,8900;0,0000;-72794,65;A2;K-Accionistas;Z002;Accionistas / Socios;;;-70000,00;USD;-16617,89
1000;50000003;DYLE INVERSIONES S.L;100153037;;SA;Documento cta.mayor;0100190856;01.03.2022;NT00;Contado; 1455;01.03.2022;USD;-16,617,8900;0,0000;0,0000;0,0000;0,0000;-16617,8900;0,0000;-72794,65;A2;K-Accionistas;Z002;Accionistas / Socios;;;-70000,00;USD;-16617,89
1000;50000003;DYLE INVERSIONES S.L;100153038;;SA;Documento cta.mayor;0100190857;01.03.2022;NT00;Contado; 1455;01.03.2022;USD;-16,617,8900;0,0000;0,0000;0,0000;0,0000;-16617,8900;0,0000;-72794,65;A2;K-Accionistas;Z002;Accionistas / Socios;;;-70000,00;USD;-16617,89
1000;50000003;DYLE INVERSIONES S.L;100153039;;SA;Documento cta.mayor;0100190858;01.03.2022;NT00;Contado; 1455;01.03.2022;USD;-16,617,8900;0,0000;0,0000;0,0000;0,0000;-16617,8900;0,0000;-72794,65;A2;K-Accionistas;Z002;Accionistas / Socios;;;-70000,00;USD;-16617,89
1000;50000003;DYLE INVERSIONES S.L;100153040;;SA;Documento cta.mayor;0100190859;01.03.2022;NT00;Contado; 1455;01.03.2022;USD;-16,617,8900;0,0000;0,0000;0,0000;0,0000;-16617,8900;0,0000;-72794,65;A2;K-Accionistas;Z002;Accionistas / Socios;;;-70000,00;USD;-16617,89
1000;50000003;DYLE INVERSIONES S.L;411;;SA;Documento cta.mayor;0100190860;24.03.2022;NT00;Contado; 1432;24.03.2022;USD;-21,995,3800;0,0000;0,0000;0,0000;0,0000;-21995,3800;0,0000;-95171,80;A2;K-Accionistas;Z002;Accionistas / Socios;;;-22000,00;USD;-21995,38
1000;50000003;DYLE INVERSIONES S.L;Doc.100185509;;SA;Documento cta.mayor;0100190861;25.03.2022;NT00;Contado; 1431;25.03.2022;USD;-113,836,0000;0,0000;0,0000;0,0000;0,0000;-113836,0000;0,0000;-494264,53;A2;K-Accionistas;Z002;Accionistas / Socios;;;-113836,00;USD;-113836,00
1000;50000003;DYLE INVERSIONES S.L;Deuda al 31.12.21;RECLASIF;SA;Documento cta.mayor;0100190906;25.03.2022;NT00;Contado; 1431;25.03.2022;VED;-113,836,0000;0,0000;0,0000;0,0000;0,0000;-113836,0000;0,0000;-494264,53;A2;K-Accionistas;Z002;Accionistas / Socios;;Reclasif;-89267,38;USD;-113836,00
1000;50000003;DYLE INVERSIONES S.L;100187329;RECLASIF;SA;Documento cta.mayor;0100190907;22.04.2022;NT00;Contado; 1403;22.04.2022;USD;-103,349,1800;0,0000;0,0000;0,0000;0,0000;-103349,1800;0,0000;-458643,00;A2;K-Accionistas;Z002;Accionistas / Socios;;Reclasif;-102000,00;USD;-103349,18
1000;50000003;DYLE INVERSIONES S.L;100187327;RECLASIF;SA;Documento cta.mayor;0100190908;01.05.2022;NT00;Contado; 1394;01.05.2022;USD;-180,000,0000;0,0000;0,0000;0,0000;0,0000;-180000,0000;0,0000;-807606,00;A2;K-Accionistas;Z002;Accionistas / Socios;;Reclasif;-180000,00;USD;-180000,00
1000;50000003;DYLE INVERSIONES S.L;PRESTAMO ACCIONI;RECLASIF;SA;Documento cta.mayor;0100190909;17.06.2022;NT00;Contado; 1347;17.06.2022;USD;-349,790,0000;0,0000;0,0000;0,0000;0,0000;-349790,0000;0,0000;-1896176,61;A2;K-Accionistas;Z002;Accionistas / Socios;;Reclasif;-349790,00;USD;-349790,00
1000;50000003;DYLE INVERSIONES S.L;PRESTAMO ACCIONI;RECLASIF;SA;Documento cta.mayor;0100190910;17.06.2022;NT00;Contado; 1347;17.06.2022;USD;-120,000,0000;0,0000;0,0000;0,0000;0,0000;-120000,0000;0,0000;-650508,00;A2;K-Accionistas;Z002;Accionistas / Socios;;Reclasif;-120000,00;USD;-120000,00
1000;50000003;DYLE INVERSIONES S.L;PRESTAMO ACCIONI;RECLASIF;SA;Documento cta.mayor;0100190911;17.06.2022;NT00;Contado; 1347;17.06.2022;USD;-35,400,6000;0,0000;0,0000;0,0000;0,0000;-35400,6000;0,0000;-191903,11;A2;K-Accionistas;Z002;Accionistas / Socios;;Reclasif;-35400,60;USD;-35400,60
1000;50000003;DYLE INVERSIONES S.L;PRESTAMO ACCIONI;PRESTAMO ACCIONI;SA;Documento cta.mayor;0100190912;07.07.2022;NT00;Contado; 1327;07.07.2022;USD;-406,000,0000;0,0000;0,0000;0,0000;0,0000;-406000,0000;0,0000;-2253300,00;A2;K-Accionistas;Z002;Accionistas / Socios;;PRESTAMO ACCIONI;-406000,00;USD;-406000,00
1000;50000003;DYLE INVERSIONES S.L;PRESTAMO ACCIONI;PRESTAMO ACCIONI;SA;Documento cta.mayor;0100190913;14.07.2022;NT00;Contado; 1320;14.07.2022;USD;-363,763,0000;0,0000;0,0000;0,0000;0,0000;-363763,0000;0,0000;-2057807,29;A2;K-Accionistas;Z002;Accionistas / Socios;;PRESTAMO ACCIONI;-363763,00;USD;-363763,00
1000;50000003;DYLE INVERSIONES S.L;PRESTAMO ACCIONI;PRESTAMO ACCIONI;SA;Documento cta.mayor;0100190914;14.07.2022;NT00;Contado; 1320;14.07.2022;USD;-70,000,0000;0,0000;0,0000;0,0000;0,0000;-70000,0000;0,0000;-395990,00;A2;K-Accionistas;Z002;Accionistas / Socios;;PRESTAMO ACCIONI;-70000,00;USD;-70000,00
1000;50000003;DYLE INVERSIONES S.L;PRESTAMO ACCIONI;PRESTAMO ACCIONI;SA;Documento cta.mayor;0100190915;21.07.2022;NT00;Contado; 1320;21.07.2022;USD;-726,447,0000;0,0000;0,0000;0,0000;0,0000;-726447,0000;0,0000;-4161451,64;A2;K-Accionistas;Z002;Accionistas / Socios;;PRESTAMO ACCIONI;-726447,00;USD;-726447,00
1000;50000003;DYLE INVERSIONES S.L;2200202988;;SA;Documento cta.mayor;0100210777;20.12.2022;NT00;Contado; 1161;20.12.2022;USD;-500,000,0000;0,0000;0,0000;0,0000;0,0000;-500000,0000;0,0000;-8000300,00;A2;K-Accionistas;Z002;Accionistas / Socios;;;-500000,00;USD;-500000,00
1000;50000003;DYLE INVERSIONES S.L;Doc.100204287;DOC.100204287;SA;Documento cta.mayor;0100210778;07.02.2022;NT00;Contado; 1477;07.02.2022;USD;-2,559,620,9600;0,0000;0,0000;0,0000;0,0000;-2559620,9600;0,0000;-11574350,00;A2;K-Accionistas;Z002;Accionistas / Socios;;;-500000,00;USD;-2559620,96
1000;50000003;DYLE INVERSIONES S.L;Doc.100205976;DOC.100205976;SA;Documento cta.mayor;0100210779;15.03.2023;NT00;Contado; 1076;15.03.2023;USD;-200,000,0000;0,0000;0,0000;0,0000;0,0000;-200000,0000;0,0000;-4800060,00;A2;K-Accionistas;Z002;Accionistas / Socios;;;-200000,00;USD;-200000,00
1000;50000003;DYLE INVERSIONES S.L;Doc.100208247;DOC.100208247;SA;Documento cta.mayor;0100210780;27.04.2023;NT00;Contado; 1033;27.04.2023;USD;-400,524,0000;0,0000;0,0000;0,0000;0,0000;-400524,0000;0,0000;-9865707,17;A2;K-Accionistas;Z002;Accionistas / Socios;;;-400524,00;USD;-400524,00
1000;50000003;DYLE INVERSIONES S.L;Doc.100208416;DOC.100208416;SA;Documento cta.mayor;0100210781;19.01.2023;NT00;Contado; 1131;19.01.2023;USD;-94,820,0000;0,0000;0,0000;0,0000;0,0000;-94820,0000;0,0000;-1894930,29;A2;K-Accionistas;Z002;Accionistas / Socios;;;-94820,00;USD;-94820,00
1000;50000003;DYLE INVERSIONES S.L;FT231232D63D5\BNK;APORTE;SA;Documento cta.mayor;0100213200;03.05.2023;NT00;Contado; 1027;03.05.2023;USD;-100,000,0000;0,0000;0,0000;0,0000;0,0000;-100000,0000;0,0000;-2481560,00;A2;K-Accionistas;Z002;Accionistas / Socios;;APORTE;-100000,00;USD;-100000,00
1000;50000003;DYLE INVERSIONES S.L;Prestamo 01.03.21;;SA;Documento cta.mayor;0100226814;01.03.2021;NT00;Contado; 1820;01.03.2021;USD;-115,394,1300;0,0000;0,0000;0,0000;0,0000;-115394,1300;0,0000;-466403,45;A2;K-Accionistas;Z002;Accionistas / Socios;;;-250000,00;USD;-115394,13
1000;50000003;DYLE INVERSIONES S.L;Prestamo 16.03.21;;SA;Documento cta.mayor;0100226817;16.03.2021;NT00;Contado; 1805;16.03.2021;USD;-161,171,3100;0,0000;0,0000;0,0000;0,0000;-161171,3100;0,0000;-651427,03;A2;K-Accionistas;Z002;Accionistas / Socios;;;-356500,00;USD;-161171,31
1000;50000003;DYLE INVERSIONES S.L;Prestamo 31.03.21;;SA;Documento cta.mayor;0100226818;31.03.2021;NT00;Contado; 1790;31.03.2021;USD;-14,607,7200;0,0000;0,0000;0,0000;0,0000;-14607,7200;0,0000;-59041,93;A2;K-Accionistas;Z002;Accionistas / Socios;;;-30000,00;USD;-14607,72
1000;50000003;DYLE INVERSIONES S.L;CAPIT DE TRAB, MTT;;SA;Documento cta.mayor;0100226819;30.06.2023;NT00;Contado; 1699;30.06.2023;USD;-44,978,3500;0,0000;0,0000;0,0000;0,0000;-44978,3500;0,0000;-1252854,00;A2;K-Accionistas;Z002;Accionistas / Socios;;;-424000,00;USD;-44978,35
1000;50000003;DYLE INVERSIONES S.L;GASTOS DE CAPITALI;;SA;Documento cta.mayor;0100226820;30.06.2023;NT00;Contado; 1699;30.06.2023;USD;-8,062,1600;0,0000;0,0000;0,0000;0,0000;-8062,1600;0,0000;-224568,17;A2;K-Accionistas;Z002;Accionistas / Socios;;;-76000,00;USD;-8062,16
1000;50000003;DYLE INVERSIONES S.L;Abono a Deuda;;SA;Documento cta.mayor;0100226821;31.12.2021;;;0;31.12.2021;USD;175,886,9500;175886,9500;0,0000;0,0000;0,0000;0,0000;0,0000;807268,32;A2;K-Accionistas;Z002;Accionistas / Socios;;;175600,00;USD;175886,95
1000;50000003;DYLE INVERSIONES S.L;SWAP;SANFAR;SA;Documento cta.mayor;0100233502;17.01.2024;;;0;17.01.2024;USD;200,000,0000;200000,0000;0,0000;0,0000;0,0000;0,0000;0,0000;7209320,00;A2;K-Accionistas;Z002;Accionistas / Socios;;;200000,00;USD;200000,00
1000;50000003;DYLE INVERSIONES S.L;SWAP;SANFAR;SA;Documento cta.mayor;0100233506;18.01.2024;0001;;  767;18.01.2024;USD;100,000,0000;0,0000;0,0000;0,0000;0,0000;100000,0000;0,0000;3607610,00;A2;K-Accionistas;Z002;Accionistas / Socios;;;100000,00;USD;100000,00
1000;50000003;DYLE INVERSIONES S.L;SWAP;SANFAR;SA;Documento cta.mayor;0100233507;25.01.2024;0001;;  760;25.01.2024;USD;400,000,0000;0,0000;0,0000;0,0000;0,0000;400000,0000;0,0000;14447480,00;A2;K-Accionistas;Z002;Accionistas / Socios;;;400000,00;USD;400000,00
1000;50000003;DYLE INVERSIONES S.L;SWAP;SANFAR;SA;Documento cta.mayor;0100233757;15.01.2024;NT00;Contado;  770;15.01.2024;USD;-39,148,0000;0,0000;0,0000;0,0000;0,0000;-39148,0000;0,0000;-1410882,18;A2;K-Accionistas;Z002;Accionistas / Socios;;MACSIS NOVIEMBRE;-39148,00;USD;-39148,00
1000;50000003;DYLE INVERSIONES S.L;SWAP;SANFAR;SA;Documento cta.mayor;0100233758;15.01.2024;NT00;Contado;  770;15.01.2024;USD;-33,438,0000;0,0000;0,0000;0,0000;0,0000;-33438,0000;0,0000;-1205095,49;A2;K-Accionistas;Z002;Accionistas / Socios;;MACSIS NOVIEMBRE;-33438,00;USD;-33438,00
1000;50000003;DYLE INVERSIONES S.L;SANFAR JPM;SANFAR;SA;Documento cta.mayor;0100233760;29.12.2023;NT00;Contado;  787;29.12.2023;USD;5,000,0000;0,0000;0,0000;0,0000;0,0000;5000,0000;0,0000;179652,50;A2;K-Accionistas;Z002;Accionistas / Socios;;SWAP;5000,00;USD;5000,00
1000;50000003;DYLE INVERSIONES S.L;SANFAR;SANFAR;SA;Documento cta.mayor;0100233770;12.01.2024;;;0;12.01.2024;USD;11,686,1300;11686,1300;0,0000;0,0000;0,0000;0,0000;0,0000;420267,12;A2;K-Accionistas;Z002;Accionistas / Socios;;;11686,13;USD;11686,13
1000;50000003;DYLE INVERSIONES S.L;SANFAR;SANFAR;SA;Documento cta.mayor;0100233777;12.01.2024;;;0;12.01.2024;USD;79,974,5300;79974,5300;0,0000;0,0000;0,0000;0,0000;0,0000;2876116,00;A2;K-Accionistas;Z002;Accionistas / Socios;;SWAP;80000,00;USD;79974,53
1000;50000003;DYLE INVERSIONES S.L;SANFAR;SANFAR;SA;Documento cta.mayor;0100233778;18.01.2024;;;0;18.01.2024;USD;29,975,4700;29975,4700;0,0000;0,0000;0,0000;0,0000;0,0000;1081398,00;A2;K-Accionistas;Z002;Accionistas / Socios;;SWAP;30000,00;USD;29975,47
1000;50000003;DYLE INVERSIONES S.L;SANFAR;SANFAR;SA;Documento cta.mayor;0100233779;31.01.2024;;;0;31.01.2024;USD;49,998,3400;49998,3400;0,0000;0,0000;0,0000;0,0000;0,0000;1810100,00;A2;K-Accionistas;Z002;Accionistas / Socios;;SWAP;50000,00;USD;49998,34
1000;50000003;DYLE INVERSIONES S.L;SANFAR;SANFAR;SA;Documento cta.mayor;0100233780;31.01.2024;;;0;31.01.2024;USD;25,939,2400;25939,2400;0,0000;0,0000;0,0000;0,0000;0,0000;939083,60;A2;K-Accionistas;Z002;Accionistas / Socios;;SWAP;26000,00;USD;25939,24
1000;50000003;DYLE INVERSIONES S.L;SANFAR;SANFAR;SA;Documento cta.mayor;0100233792;20.11.2023;;;0;20.11.2023;USD;6,000,0000;6000,0000;0,0000;0,0000;0,0000;0,0000;0,0000;212868,00;A2;K-Accionistas;Z002;Accionistas / Socios;;SANFAR;6000,00;USD;6000,00
1000;50000003;DYLE INVERSIONES S.L;SANFAR;SANFAR;SA;Documento cta.mayor;0100233795;31.01.2024;NT00;Contado;  754;31.01.2024;USD;-6,000,0000;0,0000;0,0000;0,0000;0,0000;-6000,0000;0,0000;-217219,20;A2;K-Accionistas;Z002;Accionistas / Socios;;SANFAR;-6000,00;USD;-6000,00
1000;50000003;DYLE INVERSIONES S.L;SANFAR;SANFAR;SA;Documento cta.mayor;0100233796;31.01.2024;NT00;Contado;  754;31.01.2024;USD;-10,800,0000;0,0000;0,0000;0,0000;0,0000;-10800,0000;0,0000;-390994,56;A2;K-Accionistas;Z002;Accionistas / Socios;;SANFAR;-10800,00;USD;-10800,00
1000;50000003;DYLE INVERSIONES S.L;Pago Diciembre;SANFAR;SA;Documento cta.mayor;0100252319;31.01.2024;NT00;Contado;  754;31.01.2024;USD;-39,148,0000;0,0000;0,0000;0,0000;0,0000;-39148,0000;0,0000;-1417282,87;A2;K-Accionistas;Z002;Accionistas / Socios;;MACSIS DICIEMBRE;-39148,00;USD;-39148,00
1000;50000003;DYLE INVERSIONES S.L;Pago Enero;PAGO;SA;Documento cta.mayor;0100252320;31.01.2024;NT00;Contado;  754;31.01.2024;USD;-33,438,0000;0,0000;0,0000;0,0000;0,0000;-33438,0000;0,0000;-1210562,60;A2;K-Accionistas;Z002;Accionistas / Socios;;Inverora Enero;-33438,00;USD;-33438,00
1000;50000003;DYLE INVERSIONES S.L;0000000000000;0;SA;Documento cta.mayor;0100254605;12.09.2024;NT00;Contado;  529;12.09.2024;USD;-23,000,0000;0,0000;0,0000;0,0000;0,0000;-23000,0000;0,0000;-844842,90;A2;K-Accionistas;Z002;Accionistas / Socios;;MACIS JMD;-23000,00;USD;-23000,00
1000;50000003;DYLE INVERSIONES S.L;Pago;;SA;Documento cta.mayor;0100254795;01.02.2024;NT00;Contado;  753;01.02.2024;USD;-39,148,0000;0,0000;0,0000;0,0000;0,0000;-39148,0000;0,0000;-1419510,39;A2;K-Accionistas;Z002;Accionistas / Socios;;MACSIS ENERO;-39148,00;USD;-39148,00
1000;50000003;DYLE INVERSIONES S.L;Pago Febrero;SWAP;SA;Documento cta.mayor;0100254796;27.02.2024;NT00;Contado;  727;27.02.2024;USD;-33,438,0000;0,0000;0,0000;0,0000;0,0000;-33438,0000;0,0000;-1206128,72;A2;K-Accionistas;Z002;Accionistas / Socios;;Inverora Febrero;-33438,00;USD;-33438,00
1000;50000003;DYLE INVERSIONES S.L;Pago;;SA;Documento cta.mayor;0100254797;11.04.2024;NT00;Contado;  683;11.04.2024;USD;10,000,0000;0,0000;0,0000;0,0000;0,0000;10000,0000;0,0000;361883,00;A2;K-Accionistas;Z002;Accionistas / Socios;;;10000,00;USD;10000,00
1000;50000003;DYLE INVERSIONES S.L;Pago;;SA;Documento cta.mayor;0100254798;04.05.2024;NT00;Contado;  660;04.05.2024;USD;-8,837,0000;0,0000;0,0000;0,0000;0,0000;-8837,0000;0,0000;-322637,99;A2;K-Accionistas;Z002;Accionistas / Socios;;INVERSORA ABONO;-8837,00;USD;-8837,00
1000;50000003;DYLE INVERSIONES S.L;PAGO;PAGO;SA;Documento cta.mayor;0100255982;09.09.2024;NT00;Contado;  532;09.09.2024;USD;-7,500,0000;0,0000;0,0000;0,0000;0,0000;-7500,0000;0,0000;-275218,50;A2;K-Accionistas;Z002;Accionistas / Socios;;PAGO;-7500,00;USD;-7500,00
1000;50000003;DYLE INVERSIONES S.L;PAGO;PAGO;SA;Documento cta.mayor;0100255987;06.09.2024;NT00;Contado;  535;06.09.2024;USD;-3,000,0000;0,0000;0,0000;0,0000;0,0000;-3000,0000;0,0000;-110053,80;A2;K-Accionistas;Z002;Accionistas / Socios;;PAGO;-3000,00;USD;-3000,00
1000;50000003;DYLE INVERSIONES S.L;SWAP PH-PET;SWAP PH-PET;SA;Documento cta.mayor;0100256475;03.09.2024;;;0;03.09.2024;USD;15,000,0000;15000,0000;0,0000;0,0000;0,0000;0,0000;0,0000;549579,00;A2;K-Accionistas;Z002;Accionistas / Socios;;SWAP PH-PET;15000,00;USD;15000,00
1000;50000003;DYLE INVERSIONES S.L;PAGO;PAGO;SA;Documento cta.mayor;0100257502;09.09.2024;NT00;Contado;  532;09.09.2024;USD;-7,500,0000;0,0000;0,0000;0,0000;0,0000;-7500,0000;0,0000;-275218,50;A2;K-Accionistas;Z002;Accionistas / Socios;;PAGO;-7500,00;USD;-7500,00
1000;50000003;DYLE INVERSIONES S.L;0;0;SA;Documento cta.mayor;0100259802;17.10.2024;;;0;17.10.2024;VED;149,717,0100;149717,0100;0,0000;0,0000;0,0000;0,0000;0,0000;5840700,00;A2;K-Accionistas;Z002;Accionistas / Socios;;TR ENTRE CUENTAS;149717,01;USD;149717,01
1000;50000003;DYLE INVERSIONES S.L;0;0;SA;Documento cta.mayor;0100259803;18.10.2024;;;0;18.10.2024;VED;150,191,6500;150191,6500;0,0000;0,0000;0,0000;0,0000;0,0000;5877660,00;A2;K-Accionistas;Z002;Accionistas / Socios;;TR ENTRE CUENTAS;150191,65;USD;150191,65
1000;50000003;DYLE INVERSIONES S.L;WIRES OUT 20240731;PRESTAMO;SA;Documento cta.mayor;0100261458;31.07.2024;;;0;31.07.2024;USD;65,198,0000;65198,0000;0,0000;0,0000;0,0000;0,0000;0,0000;2387081,33;A2;K-Accionistas;Z002;Accionistas / Socios;;PRESTAMO INTERCOMPAÑIA;65198,00;USD;65198,00
1000;50000003;DYLE INVERSIONES S.L;Doc.100143939;PRESTAMO;SA;Documento cta.mayor;0100261856;03.10.2024;;;0;03.10.2024;USD;60,000,0000;60000,0000;0,0000;0,0000;0,0000;0,0000;0,0000;2218872,00;A2;K-Accionistas;Z002;Accionistas / Socios;;PRESTAMO INTERCOMPAÑIA;60000,00;USD;60000,00
1000;50000003;DYLE INVERSIONES S.L;SANFAR;SANFAR;KZ;Pago acreedor;1500010928;19.01.2024;NT00;Contado;  766;19.01.2024;USD;-4,200,0000;0,0000;0,0000;0,0000;0,0000;-4200,0000;0,0000;-151779,18;A2;K-Accionistas;Z002;Accionistas / Socios;;OC 43-526;-4200,00;USD;-4200,00
1000;50000003;DYLE INVERSIONES S.L;SANFAR;SANFAR;KZ;Pago acreedor;1500010929;19.01.2024;NT00;Contado;  766;19.01.2024;USD;-63,397,8500;0,0000;0,0000;0,0000;0,0000;-63397,8500;0,0000;-2291065,16;A2;K-Accionistas;Z002;Accionistas / Socios;;OC 43-519;-63397,85;USD;-63397,85
1000;50000003;DYLE INVERSIONES S.L;SANFAR;SANFAR;KZ;Pago acreedor;1500010930;19.01.2024;NT00;Contado;  766;19.01.2024;USD;-89,309,8200;0,0000;0,0000;0,0000;0,0000;-89309,8200;0,0000;-3227469,35;A2;K-Accionistas;Z002;Accionistas / Socios;;OC 43-516;-89309,82;USD;-89309,82
1000;50000003;DYLE INVERSIONES S.L;SANFAR;SANFAR;KZ;Pago acreedor;1500010931;19.01.2024;NT00;Contado;  766;19.01.2024;USD;-78,886,8200;0,0000;0,0000;0,0000;0,0000;-78886,8200;0,0000;-2850804,01;A2;K-Accionistas;Z002;Accionistas / Socios;;OC 43-512;-78886,82;USD;-78886,82
1000;50000003;DYLE INVERSIONES S.L;SANFAR;SANFAR;KZ;Pago acreedor;1500010932;12.01.2024;NT00;Contado;  773;12.01.2024;USD;-26,125,0000;0,0000;0,0000;0,0000;0,0000;-26125,0000;0,0000;-939530,76;A2;K-Accionistas;Z002;Accionistas / Socios;;OC 43-512;-26125,00;USD;-26125,00
1000;50000003;DYLE INVERSIONES S.L;SANFAR;OC 43-0435;KZ;Pago acreedor;1500010933;19.01.2024;NT00;Contado;  766;19.01.2024;USD;-12,437,0000;0,0000;0,0000;0,0000;0,0000;-12437,0000;0,0000;-449447,06;A2;K-Accionistas;Z002;Accionistas / Socios;;OC 43-435;-12437,00;USD;-12437,00
1000;50000003;DYLE INVERSIONES S.L;SANFAR;SANFAR;KZ;Pago acreedor;1500010934;19.01.2024;NT00;Contado;  766;19.01.2024;USD;-28,908,2300;0,0000;0,0000;0,0000;0,0000;-28908,2300;0,0000;-1044682,56;A2;K-Accionistas;Z002;Accionistas / Socios;;OC 43-0532;-28800,00;USD;-28908,23
1000;50000003;DYLE INVERSIONES S.L;SANFAR;SANFAR;KZ;Pago acreedor;1500010935;19.01.2024;NT00;Contado;  766;19.01.2024;USD;-27,101,0000;0,0000;0,0000;0,0000;0,0000;-27101,0000;0,0000;-979373,23;A2;K-Accionistas;Z002;Accionistas / Socios;;OC 43-0534;-27101,00;USD;-27101,00
1000;50000003;DYLE INVERSIONES S.L;SANFAR;OC 43-435;KZ;Pago acreedor;1500011001;09.02.2024;NT00;Contado;  745;09.02.2024;USD;-13,500,0000;0,0000;0,0000;0,0000;0,0000;-13500,0000;0,0000;-489940,65;A2;K-Accionistas;Z002;Accionistas / Socios;;OC 43-435;-13500,00;USD;-13500,00
1000;50000003;DYLE INVERSIONES S.L;SANFAR;OC 43-0533;KZ;Pago acreedor;1500011015;09.02.2024;NT00;Contado;  745;09.02.2024;USD;-30,695,0000;0,0000;0,0000;0,0000;0,0000;-30695,0000;0,0000;-1113979,87;A2;K-Accionistas;Z002;Accionistas / Socios;;OC 43-0533;-30695,00;USD;-30695,00
1000;50000003;DYLE INVERSIONES S.L;SANFAR;OC 43-0542;KZ;Pago acreedor;1500011017;09.02.2024;NT00;Contado;  745;09.02.2024;USD;-28,800,0000;0,0000;0,0000;0,0000;0,0000;-28800,0000;0,0000;-1045206,72;A2;K-Accionistas;Z002;Accionistas / Socios;;OC 43-0542;-28800,00;USD;-28800,00
1000;50000003;DYLE INVERSIONES S.L;SANFAR;OC 43-0522;KZ;Pago acreedor;1500011021;09.02.2024;NT00;Contado;  745;09.02.2024;USD;-3,280,0000;0,0000;0,0000;0,0000;0,0000;-3280,0000;0,0000;-119037,43;A2;K-Accionistas;Z002;Accionistas / Socios;;OC 43-0522;-3280,00;USD;-3280,00
1000;50000003;DYLE INVERSIONES S.L;SANFAR;CUOTA 1;KZ;Pago acreedor;1500011080;21.02.2024;NT00;Contado;  733;21.02.2024;USD;-2,000,0000;0,0000;0,0000;0,0000;0,0000;-2000,0000;0,0000;-72590,20;A2;K-Accionistas;Z002;Accionistas / Socios;;CUOTA 1;-2000,00;USD;-2000,00
1000;50000003;DYLE INVERSIONES S.L;SANFAR;OC 43-549;KZ;Pago acreedor;1500011081;22.02.2024;NT00;Contado;  732;22.02.2024;USD;-53,750,0000;0,0000;0,0000;0,0000;0,0000;-53750,0000;0,0000;-1947443,13;A2;K-Accionistas;Z002;Accionistas / Socios;;OC 43-549;-53750,00;USD;-53750,00
1000;50000003;DYLE INVERSIONES S.L;SANFAR;OC 43-0547,0548;KZ;Pago acreedor;1500011082;21.02.2024;NT00;Contado;  733;21.02.2024;USD;-7,224,0000;0,0000;0,0000;0,0000;0,0000;-7224,0000;0,0000;-262195,81;A2;K-Accionistas;Z002;Accionistas / Socios;;OC 43-0547,0548;-7224,00;USD;-7224,00
1000;50000003;DYLE INVERSIONES S.L;SANFAR;OC 43-541;KZ;Pago acreedor;1500011083;07.02.2024;NT00;Contado;  747;07.02.2024;USD;-80,625,0000;0,0000;0,0000;0,0000;0,0000;-80625,0000;0,0000;-2923107,75;A2;K-Accionistas;Z002;Accionistas / Socios;;OC 43-541;-80625,00;USD;-80625,00
1000;60000030;TULIO PUENTE;REPORTE GASTOS;REPORTE GASTOS;SA;Documento cta.mayor;0100258162;15.07.2024;NT00;Contado;  588;15.07.2024;VED;-105,7400;0,0000;0,0000;0,0000;0,0000;-105,7400;0,0000;-3862,00;A32;K-Trabajadores;Z049;Trabajadores;;REPORTE GASTOS;-98,69;USD;-105,74
1000;60000056;MIREYA MIGUELINA LEAL;REPORTE GASTOS;REPORTE GASTOS;SA;Documento cta.mayor;0100260841;31.10.2024;NT00;Contado;  480;31.10.2024;VED;-25,6700;0,0000;0,0000;0,0000;0,0000;-25,6700;0,0000;-1092,47;A32;K-Trabajadores;Z049;Trabajadores;;REPORTE GASTOS;-24,32;USD;-25,67
1000;60000106;RICHARD ALONSO CASTRO;;;AB;Documento contable;0100258659;25.10.2024;NT00;Contado;  486;25.10.2024;VED;-7,2800;0,0000;0,0000;0,0000;0,0000;-7,2800;0,0000;-297,80;A32;K-Trabajadores;Z049;Trabajadores;;;-7,28;USD;-7,28
1000;60000106;RICHARD ALONSO CASTRO;ANTICIPO;;ZT;Cart.Transf.Proveed.;0700021993;06.11.2024;;;0;06.11.2024;VED;1,320,0000;1320,0000;0,0000;0,0000;0,0000;0,0000;0,0000;57364,03;A32;K-Trabajadores;Z049;Trabajadores;;20241106-SF623;1320,00;USD;1320,00
1000;60000198;ELIAS ALVAREZ ROMEO;132127019;0;SA;Documento cta.mayor;0100204292;01.02.2023;;;0;01.02.2023;USD;-10,0000;-10,0000;0,0000;0,0000;0,0000;0,0000;0,0000;-223,74;A32;K-Trabajadores;Z049;Trabajadores;;RECLASIFICACION;-9,99;USD;-10,00
1000;60000198;ELIAS ALVAREZ ROMEO;WIRES OUT 20230725;REEMBOLSO;SA;Documento cta.mayor;0100216124;25.07.2023;;;0;25.07.2023;USD;3,421,5000;3421,5000;0,0000;0,0000;0,0000;0,0000;0,0000;99521,85;A32;K-Trabajadores;Z049;Trabajadores;;REEMBOLSO;3421,50;USD;3421,50
1000;60000198;ELIAS ALVAREZ ROMEO;REPORTE GASTOS;REPORTE GASTOS;SA;Documento cta.mayor;0100258614;18.10.2024;NT00;Contado;  493;18.10.2024;VED;-202,1200;0,0000;0,0000;0,0000;0,0000;-202,1200;0,0000;-7910,00;A32;K-Trabajadores;Z049;Trabajadores;;REPORTE GASTOS;-193,49;USD;-202,12
1000;60000198;ELIAS ALVAREZ ROMEO;;;SA;Documento cta.mayor;0100258653;03.10.2024;NT00;Contado;  508;03.10.2024;USD;-28,3400;0,0000;0,0000;0,0000;0,0000;-28,3400;0,0000;-1048,05;A32;K-Trabajadores;Z049;Trabajadores;;;-28,34;USD;-28,34
1000;60000198;ELIAS ALVAREZ ROMEO;;;SA;Documento cta.mayor;0100258656;18.10.2024;NT00;Contado;  493;18.10.2024;USD;-352,6800;0,0000;0,0000;0,0000;0,0000;-352,6800;0,0000;-13801,92;A32;K-Trabajadores;Z049;Trabajadores;;;-352,68;USD;-352,68
1000;60000312;YOLAMI GUTIERREZ;TASAS ADMINISTRA;;ZT;Cart.Transf.Proveed.;0700022098;15.11.2024;;;0;15.11.2024;VED;10,8900;10,8900;0,0000;0,0000;0,0000;0,0000;0,0000;495,58;A32;K-Trabajadores;Z049;Trabajadores;;20241115-SF658;10,89;USD;10,89
1000;60000324;MARIA DEL PILAR FARFAN;ANTICIPO;;ZT;Cart.Transf.Proveed.;0700021971;30.10.2024;;;0;30.10.2024;VED;165,0000;165,0000;0,0000;0,0000;0,0000;0,0000;0,0000;6967,22;A32;K-Trabajadores;Z049;Trabajadores;;20241030-SF609;165,00;USD;165,00
1000;60000392;HAIDING PACHECO RODRIG;REPORTE GASTOS;REPORTE GASTOS;SA;Documento cta.mayor;0100261795;30.10.2024;NT00;Contado;  481;30.10.2024;VED;-8,3500;0,0000;0,0000;0,0000;0,0000;-8,3500;0,0000;-352,62;A32;K-Trabajadores;Z049;Trabajadores;;REPORTE GASTOS;-7,66;USD;-8,35
1000;60000392;HAIDING PACHECO RODRIG;SUPLENCIA ENFERM;;ZT;Cart.Transf.Proveed.;0700022119;20.11.2024;;;0;20.11.2024;VED;222,0000;222,0000;0,0000;0,0000;0,0000;0,0000;0,0000;10176,70;A32;K-Trabajadores;Z049;Trabajadores;;20241120-SF665;222,00;USD;222,00
1000;60000412;FERNANDO ANTONIO REMAN;;;AB;Documento contable;0100260718;11.11.2024;NT30;Crédito 30 Días;  439;11.12.2024;VED;-12,8900;0,0000;0,0000;0,0000;0,0000;-12,8900;0,0000;-576,28;A32;K-Trabajadores;Z049;Trabajadores;;;-12,89;USD;-12,89
1000;60000427;JOHANA JOHELY CONTRERA;ANTICIPO;;ZT;Cart.Transf.Proveed.;0700022001;07.11.2024;;;0;07.11.2024;VED;900,0000;900,0000;0,0000;0,0000;0,0000;0,0000;0,0000;39403,98;A32;K-Trabajadores;Z049;Trabajadores;;20241107-SF626;900,00;USD;900,00
1000;60000569;LORENZO ANTONIO RIVAS;REPORTE GASTOS;REPORTE GASTOS;SA;Documento cta.mayor;0100258187;15.10.2024;NT00;Contado;  496;15.10.2024;VED;-19,2200;0,0000;0,0000;0,0000;0,0000;-19,2200;0,0000;-747,24;A32;K-Trabajadores;Z049;Trabajadores;;REPORTE GASTOS;-19,09;USD;-19,22
1000;60000569;LORENZO ANTONIO RIVAS;REPORTE GASTOS;REPORTE GASTOS;SA;Documento cta.mayor;0100260829;23.10.2024;NT00;Contado;  488;23.10.2024;VED;-20,0000;0,0000;0,0000;0,0000;0,0000;-20,0000;0,0000;-786,46;A32;K-Trabajadores;Z049;Trabajadores;;REPORTE GASTOS;-17,50;USD;-20,00
1000;60000569;LORENZO ANTONIO RIVAS;REPORTE GASTOS;REPORTE GASTOS;SA;Documento cta.mayor;0100260830;30.10.2024;NT00;Contado;  481;30.10.2024;VED;-10,0000;0,0000;0,0000;0,0000;0,0000;-10,0000;0,0000;-422,26;A32;K-Trabajadores;Z049;Trabajadores;;REPORTE GASTOS;-9,40;USD;-10,00
1000;60000569;LORENZO ANTONIO RIVAS;REPORTE GASTOS;REPORTE GASTOS;SA;Documento cta.mayor;0100261783;11.11.2024;NT00;Contado;  469;11.11.2024;VED;-10,0000;0,0000;0,0000;0,0000;0,0000;-10,0000;0,0000;-447,04;A32;K-Trabajadores;Z049;Trabajadores;;REPORTE GASTOS;-9,71;USD;-10,00
1000;60000575;ALEXANDER JESUS REYES;REPORTE GASTOS;REPORTE GASTOS;SA;Documento cta.mayor;0100258188;15.10.2024;NT00;Contado;  496;15.10.2024;VED;-19,2200;0,0000;0,0000;0,0000;0,0000;-19,2200;0,0000;-747,24;A32;K-Trabajadores;Z049;Trabajadores;;REPORTE GASTOS;-19,09;USD;-19,22
1000;60000575;ALEXANDER JESUS REYES;REPORTE GASTOS;REPORTE GASTOS;SA;Documento cta.mayor;0100260831;23.10.2024;NT00;Contado;  488;23.10.2024;VED;-10,0000;0,0000;0,0000;0,0000;0,0000;-10,0000;0,0000;-393,23;A32;K-Trabajadores;Z049;Trabajadores;;REPORTE GASTOS;-8,75;USD;-10,00
1000;60000575;ALEXANDER JESUS REYES;REPORTE GASTOS;REPORTE GASTOS;SA;Documento cta.mayor;0100260833;30.10.2024;NT00;Contado;  481;30.10.2024;VED;-10,0000;0,0000;0,0000;0,0000;0,0000;-10,0000;0,0000;-422,26;A32;K-Trabajadores;Z049;Trabajadores;;REPORTE GASTOS;-9,40;USD;-10,00
1000;60000575;ALEXANDER JESUS REYES;REPORTE GASTOS;REPORTE GASTOS;SA;Documento cta.mayor;0100261784;11.11.2024;NT00;Contado;  469;11.11.2024;VED;-10,0000;0,0000;0,0000;0,0000;0,0000;-10,0000;0,0000;-447,04;A32;K-Trabajadores;Z049;Trabajadores;;REPORTE GASTOS;-9,71;USD;-10,00
1000;60000614;DAVID FERNANDO GARCIA;REPORTE GASTOS;REPORTE GASTOS;SA;Documento cta.mayor;0100258189;15.10.2024;NT00;Contado;  496;15.10.2024;VED;-19,2200;0,0000;0,0000;0,0000;0,0000;-19,2200;0,0000;-747,24;A32;K-Trabajadores;Z049;Trabajadores;;REPORTE GASTOS;-19,09;USD;-19,22
1000;60000614;DAVID FERNANDO GARCIA;REPORTE GASTOS;REPORTE GASTOS;SA;Documento cta.mayor;0100260827;23.10.2024;NT00;Contado;  488;23.10.2024;VED;-20,0000;0,0000;0,0000;0,0000;0,0000;-20,0000;0,0000;-786,46;A32;K-Trabajadores;Z049;Trabajadores;;REPORTE GASTOS;-17,50;USD;-20,00
1000;60000614;DAVID FERNANDO GARCIA;REPORTE GASTOS;REPORTE GASTOS;SA;Documento cta.mayor;0100260828;30.10.2024;NT00;Contado;  481;30.10.2024;VED;-10,0000;0,0000;0,0000;0,0000;0,0000;-10,0000;0,0000;-422,26;A32;K-Trabajadores;Z049;Trabajadores;;REPORTE GASTOS;-9,40;USD;-10,00
1000;60000614;DAVID FERNANDO GARCIA;REPORTE GASTOS;REPORTE GASTOS;SA;Documento cta.mayor;0100261781;11.11.2024;NT00;Contado;  469;11.11.2024;VED;-10,0000;0,0000;0,0000;0,0000;0,0000;-10,0000;0,0000;-447,04;A32;K-Trabajadores;Z049;Trabajadores;;REPORTE GASTOS;-9,71;USD;-10,00
1000;60000633;JUAN BARTH;REPORTE GASTOS;REPORTE GASTOS;SA;Documento cta.mayor;0100259463;24.10.2024;NT00;Contado;  487;24.10.2024;VED;-1,599,9700;0,0000;0,0000;0,0000;0,0000;-1599,9700;0,0000;-63137,54;A32;K-Trabajadores;Z049;Trabajadores;;REPORTE GASTOS;-1483,42;USD;-1599,97
1000;60000828;JOSEIMY DEXIMAR VILLAL;ANTICIPO;;ZT;Cart.Transf.Proveed.;0700021772;04.10.2024;;;0;04.10.2024;VED;145,5600;145,5600;0,0000;0,0000;0,0000;0,0000;0,0000;5383,53;A32;K-Trabajadores;Z049;Trabajadores;;20241004-SF538;145,56;USD;145,56
1000;60000828;JOSEIMY DEXIMAR VILLAL;TIMBRES FISCALES;;ZT;Cart.Transf.Proveed.;0700021841;15.10.2024;;;0;15.10.2024;VED;109,1300;109,1300;0,0000;0,0000;0,0000;0,0000;0,0000;4244,00;A32;K-Trabajadores;Z049;Trabajadores;;20241015-SF562;109,13;USD;109,13
1000;60000828;JOSEIMY DEXIMAR VILLAL;ANTICIPO;;ZT;Cart.Transf.Proveed.;0700021991;06.11.2024;;;0;06.11.2024;VED;139,4600;139,4600;0,0000;0,0000;0,0000;0,0000;0,0000;6060,56;A32;K-Trabajadores;Z049;Trabajadores;;20241106-SF621;139,46;USD;139,46
1000;60000828;JOSEIMY DEXIMAR VILLAL;ANTICIPO;;ZT;Cart.Transf.Proveed.;0700022135;21.11.2024;;;0;21.11.2024;VED;52,6500;52,6500;0,0000;0,0000;0,0000;0,0000;0,0000;2425,00;A32;K-Trabajadores;Z049;Trabajadores;;20241121-SF670;52,65;USD;52,65
1000;60001287;FREDDY ANTONIO MONSALV;ANTICIPO;;ZT;Cart.Transf.Proveed.;0700021197;31.07.2024;;;0;31.07.2024;VED;180,0000;180,0000;0,0000;0,0000;0,0000;0,0000;0,0000;6590,30;A32;K-Trabajadores;Z049;Trabajadores;;20240731-SF301;180,00;USD;180,00
1000;60001475;ALEXANDER JOSE MOGOLLO;;;AB;Documento contable;0100254664;13.09.2024;;;0;13.09.2024;VED;6,2400;6,2400;0,0000;0,0000;0,0000;0,0000;0,0000;229,39;A32;K-Trabajadores;Z049;Trabajadores;;;6,24;USD;6,24
1000;60001618;MIGUEL ORLANDO LOAIZA;;;SA;Documento cta.mayor;0100260717;08.10.2024;NT00;Contado;  503;08.10.2024;VED;-1,781,2800;0,0000;0,0000;0,0000;0,0000;-1781,2800;0,0000;-65978,00;A32;K-Trabajadores;Z049;Trabajadores;;;-1475,90;USD;-1781,28
1000;60001715;LLILIBETH ANGEL CARDEN;ANTICIPO;;ZT;Cart.Transf.Proveed.;0700022101;19.11.2024;;;0;19.11.2024;VED;650,0000;650,0000;0,0000;0,0000;0,0000;0,0000;0,0000;29763,11;A32;K-Trabajadores;Z049;Trabajadores;;20241119-SF661;654,03;USD;650,00
1000;60001720;YELITZA CAROLINA AVEND;;;SA;Documento cta.mayor;0100261798;20.11.2024;NT00;Contado;  460;20.11.2024;VED;-75,1200;0,0000;0,0000;0,0000;0,0000;-75,1200;0,0000;-3443,37;A32;K-Trabajadores;Z049;Trabajadores;;;-74,76;USD;-75,12
1000;60001752;RAUL HERNANDO CASTRO M;ANTICIPO;;AB;Documento contable;0100141616;14.05.2020;;;0;14.05.2020;VES;0,2200;0,2200;0,0000;0,0000;0,0000;0,0000;0,0000;0,89;A32;K-Trabajadores;Z049;Trabajadores;;;89373,01;USD;0,22
1000;60001867;MARIA CORINA RONDON CA;REPORTE GASTOS;REPORTE GASTOS;SA;Documento cta.mayor;0100257709;19.09.2024;NT00;Contado;  522;19.09.2024;VED;-191,9000;0,0000;0,0000;0,0000;0,0000;-191,9000;0,0000;-7058,04;A32;K-Trabajadores;Z049;Trabajadores;;REPORTE GASTOS;-187,46;USD;-191,90
1000;60001867;MARIA CORINA RONDON CA;REPORTE GASTOS;REPORTE GASTOS;SA;Documento cta.mayor;0100260294;01.10.2024;NT00;Contado;  510;01.10.2024;VED;-212,5600;0,0000;0,0000;0,0000;0,0000;-212,5600;0,0000;-7848,18;A32;K-Trabajadores;Z049;Trabajadores;;REPORTE GASTOS;-180,60;USD;-212,56
1000;60001875;ERIS RAMON PEÑA VIVAS;REPORTE GASTOS;REPORTE GASTOS;SA;Documento cta.mayor;0100259429;26.09.2024;NT00;Contado;  515;26.09.2024;VED;-80,0000;0,0000;0,0000;0,0000;0,0000;-80,0000;0,0000;-2948,00;A32;K-Trabajadores;Z049;Trabajadores;;REPORTE GASTOS;-69,26;USD;-80,00
1000;60001905;JOSE RIGOBERTO VALERO;;;AB;Documento contable;0100260386;07.11.2024;;;0;07.11.2024;VED;757,0400;757,0400;0,0000;0,0000;0,0000;0,0000;0,0000;33144,67;A32;K-Trabajadores;Z049;Trabajadores;;;757,04;USD;757,04
1000;60001937;BARRADAS RAMOS LUIS AL;;;AB;Documento contable;0100257631;11.10.2024;;;0;11.10.2024;VED;251,4700;251,4700;0,0000;0,0000;0,0000;0,0000;0,0000;9467,94;A32;K-Trabajadores;Z049;Trabajadores;;;251,47;USD;251,47
1000;60001950;DANIELA ALEJANDRA RODR;;;AB;Documento contable;0100261302;15.11.2024;;;0;15.11.2024;VED;18,3100;18,3100;0,0000;0,0000;0,0000;0,0000;0,0000;833,32;A32;K-Trabajadores;Z049;Trabajadores;;;18,31;USD;18,31
1000;70000000;BANCO DEL CARIBE, C.A.;PREST.BANCARIBE #3;PRESTAMO #3;SA;Documento cta.mayor;0100238129;22.03.2024;NT00;Contado;  703;22.03.2024;VED;-57,758,8600;0,0000;0,0000;0,0000;0,0000;-57758,8600;0,0000;-2097900,00;A11;K-Instituciones Bancarias;Z025;Financiero;;PRESTAMO BANCARIBE;-57758,86;USD;-57758,86
1000;70000000;BANCO DEL CARIBE, C.A.;PREST.BANCARIBE #4;PRESTAMO #4;SA;Documento cta.mayor;0100241310;04.04.2024;NT00;Contado;  690;04.04.2024;VED;-67,519,9200;0,0000;0,0000;0,0000;0,0000;-67519,9200;0,0000;-2447550,00;A11;K-Instituciones Bancarias;Z025;Financiero;;PRESTAMO 4 BANCARIBE BS;-67519,92;USD;-67519,92
1000;70000000;BANCO DEL CARIBE, C.A.;PREST.BANCARIBE #3;PRESTAMO #3;SA;Documento cta.mayor;0100241602;22.04.2024;;;0;22.04.2024;VED;4,818,0600;4818,0600;0,0000;0,0000;0,0000;0,0000;0,0000;175098,28;A11;K-Instituciones Bancarias;Z025;Financiero;;PREST. BANCARIBE;4818,06;USD;4818,06
1000;70000000;BANCO DEL CARIBE, C.A.;PREST.BANCARIBE #4;PRESTAMO #4;SA;Documento cta.mayor;0100244814;06.05.2024;;;0;06.05.2024;VED;5,632,2900;5632,2900;0,0000;0,0000;0,0000;0,0000;0,0000;206056,87;A11;K-Instituciones Bancarias;Z025;Financiero;;PRESTAMO BANCARIBE;5632,29;USD;5632,29
1000;70000000;BANCO DEL CARIBE, C.A.;PREST.BANCARIBE #3;PRESTAMO #3;SA;Documento cta.mayor;0100244817;22.05.2024;;;0;22.05.2024;VED;4,818,0600;4818,0600;0,0000;0,0000;0,0000;0,0000;0,0000;176142,83;A11;K-Instituciones Bancarias;Z025;Financiero;;PRESTAMO BANCARIBE;4818,06;USD;4818,06
1000;70000000;BANCO DEL CARIBE, C.A.;PREST.BANCARIBE #4;PRESTAMO #4;SA;Documento cta.mayor;0100246220;06.06.2024;;;0;06.06.2024;VED;5,632,2900;5632,2900;0,0000;0,0000;0,0000;0,0000;0,0000;205713,86;A11;K-Instituciones Bancarias;Z025;Financiero;;PRESTAMO BANCARIBE;5632,29;USD;5632,29
1000;70000000;BANCO DEL CARIBE, C.A.;PREST.BANCARIBE #3;PRESTAMO #3;SA;Documento cta.mayor;0100247619;21.06.2024;;;0;21.06.2024;VED;4,818,0600;4818,0600;0,0000;0,0000;0,0000;0,0000;0,0000;175275,59;A11;K-Instituciones Bancarias;Z025;Financiero;;PRESTAMO BANCARIBE;4818,06;USD;4818,06
1000;70000000;BANCO DEL CARIBE, C.A.;PREST.BANCARIBE #5;PRESTAMO #5;SA;Documento cta.mayor;0100247923;14.06.2024;NT00;Contado;  619;14.06.2024;VED;-315,677,3600;0,0000;0,0000;0,0000;0,0000;-315677,3600;0,0000;-11500000,00;A11;K-Instituciones Bancarias;Z025;Financiero;;PRESTAMO #5;-315677,36;USD;-315677,36
1000;70000000;BANCO DEL CARIBE, C.A.;PREST.BANCARIBE #4;PRESTAMO #4;SA;Documento cta.mayor;0100248030;08.07.2024;NT00;Contado;  595;08.07.2024;VED;5,632,2900;0,0000;0,0000;0,0000;0,0000;5632,2900;0,0000;205647,96;A11;K-Instituciones Bancarias;Z025;Financiero;;PRESTAMO BANCARIBE;5632,29;USD;5632,29
1000;70000000;BANCO DEL CARIBE, C.A.;PREST.BANCARIBE #5;PRESTAMO #5;SA;Documento cta.mayor;0100248949;15.07.2024;;;0;15.07.2024;VED;26,306,4500;26306,4500;0,0000;0,0000;0,0000;0,0000;0,0000;960824,59;A11;K-Instituciones Bancarias;Z025;Financiero;;PRESTAMO BANCARIBE;26306,45;USD;26306,45
1000;70000000;BANCO DEL CARIBE, C.A.;PREST.BANCARIBE #3;PRESTAMO #3;SA;Documento cta.mayor;0100250087;22.07.2024;;;0;22.07.2024;VED;4,818,0600;4818,0600;0,0000;0,0000;0,0000;0,0000;0,0000;176372,66;A11;K-Instituciones Bancarias;Z025;Financiero;;PRESTAMO BANCARIBE;4818,06;USD;4818,06
1000;70000000;BANCO DEL CARIBE, C.A.;PREST.BANCARIBE #6;PRESTAMO #6;SA;Documento cta.mayor;0100250751;26.07.2024;NT00;Contado;  577;26.07.2024;VED;-109,350,2700;0,0000;0,0000;0,0000;0,0000;-109350,2700;0,0000;-4000000,00;A11;K-Instituciones Bancarias;Z025;Financiero;;PRESTAMO BANCARIBE;-109350,27;USD;-109350,27
1000;70000000;BANCO DEL CARIBE, C.A.;PREST.BANCARIBE #4;0;SA;Documento cta.mayor;0100251530;07.08.2024;;;0;07.08.2024;VED;5,632,2900;5632,2900;0,0000;0,0000;0,0000;0,0000;0,0000;206503,50;A11;K-Instituciones Bancarias;Z025;Financiero;;PRESTAMO BANCARIBE;5632,30;USD;5632,29
1000;70000000;BANCO DEL CARIBE, C.A.;PREST.BANCARIBE #5;0;SA;Documento cta.mayor;0100252063;14.08.2024;;;0;14.08.2024;VED;26,306,4500;26306,4500;0,0000;0,0000;0,0000;0,0000;0,0000;964291,76;A11;K-Instituciones Bancarias;Z025;Financiero;;PRESTAMO BANCARIBE;26306,45;USD;26306,45
1000;70000000;BANCO DEL CARIBE, C.A.;PREST.BANCARIBE #3;0;SA;Documento cta.mayor;0100253111;21.08.2024;;;0;21.08.2024;VED;4,818,0600;4818,0600;0,0000;0,0000;0,0000;0,0000;0,0000;176740,76;A11;K-Instituciones Bancarias;Z025;Financiero;;PRESTAMO BANCARIBE;4818,06;USD;4818,06
1000;70000000;BANCO DEL CARIBE, C.A.;PREST.BANCARIBE #6;PRESTAMO #6;SA;Documento cta.mayor;0100253785;26.08.2024;NT00;Contado;  546;26.08.2024;VED;9,112,5200;0,0000;0,0000;0,0000;0,0000;9112,5200;0,0000;333416,26;A11;K-Instituciones Bancarias;Z025;Financiero;;PRESTAMO BANCARIBE;9112,52;USD;9112,52
1000;70000000;BANCO DEL CARIBE, C.A.;PREST.BANCARIBE #4;PRESTAMO #4;SA;Documento cta.mayor;0100256257;06.09.2024;;;0;06.09.2024;VED;5,632,2900;5632,2900;0,0000;0,0000;0,0000;0,0000;0,0000;206618,41;A11;K-Instituciones Bancarias;Z025;Financiero;;PRESTAMO BANCARIBE;5632,30;USD;5632,29
1000;70000000;BANCO DEL CARIBE, C.A.;PREST.BANCARIBE #3;PRESTAMO #3;SA;Documento cta.mayor;0100256258;20.09.2024;;;0;20.09.2024;VED;4,818,0600;4818,0600;0,0000;0,0000;0,0000;0,0000;0,0000;177310,74;A11;K-Instituciones Bancarias;Z025;Financiero;;PRESTAMO BANCARIBE;4818,06;USD;4818,06
1000;70000000;BANCO DEL CARIBE, C.A.;PREST.BANCARIBE #5;0;SA;Documento cta.mayor;0100256881;13.09.2024;;;0;13.09.2024;VED;26,306,4500;26306,4500;0,0000;0,0000;0,0000;0,0000;0,0000;966525,17;A11;K-Instituciones Bancarias;Z025;Financiero;;PRESTAMO BANCARIBE;26306,45;USD;26306,45
1000;70000000;BANCO DEL CARIBE, C.A.;PREST.BANCARIBE #6;PRESTAMO #6;SA;Documento cta.mayor;0100256882;25.09.2024;NT00;Contado;  516;25.09.2024;VED;9,055,3900;0,0000;0,0000;0,0000;0,0000;9055,3900;0,0000;333333,33;A11;K-Instituciones Bancarias;Z025;Financiero;;PRESTAMO BANCARIBE;9055,39;USD;9055,39
1000;70000000;BANCO DEL CARIBE, C.A.;PREST.BANCARIBE #8;PRESTAMO #8;SA;Documento cta.mayor;0100256886;26.09.2024;NT00;Contado;  515;26.09.2024;VED;-40,704,7900;0,0000;0,0000;0,0000;0,0000;-40704,7900;0,0000;-1500000,00;A11;K-Instituciones Bancarias;Z025;Financiero;;PRESTAMO BANCARIBE;-40705,45;USD;-40704,79
1000;70000000;BANCO DEL CARIBE, C.A.;PREST.BANCARIBE #7;PRESTAMO #7;SA;Documento cta.mayor;0100256888;19.09.2024;NT00;Contado;  522;19.09.2024;VED;-69,333,2300;0,0000;0,0000;0,0000;0,0000;-69333,2300;0,0000;-2550000,00;A11;K-Instituciones Bancarias;Z025;Financiero;;PRESTAMO BANCARIBE;-69333,23;USD;-69333,23
1000;70000000;BANCO DEL CARIBE, C.A.;PREST.BANCARIBE #5;PRESTAMO #5;SA;Documento cta.mayor;0100259873;14.10.2024;;;0;14.10.2024;VED;26,306,4500;26306,4500;0,0000;0,0000;0,0000;0,0000;0,0000;1022944,63;A11;K-Instituciones Bancarias;Z025;Financiero;;PRESTAMO BANCARIBE;26306,45;USD;26306,45
1000;70000000;BANCO DEL CARIBE, C.A.;PREST.BANCARIBE #7;PRESTAMO #7;SA;Documento cta.mayor;0100259874;21.10.2024;;;0;21.10.2024;VED;5,777,7700;5777,7700;0,0000;0,0000;0,0000;0,0000;0,0000;226314,65;A11;K-Instituciones Bancarias;Z025;Financiero;;PRESTAMO BANCARIBE;5777,77;USD;5777,77
1000;70000000;BANCO DEL CARIBE, C.A.;PREST.BANCARIBE #3;PRESTAMO #3;SA;Documento cta.mayor;0100259875;21.10.2024;;;0;21.10.2024;VED;4,818,0600;4818,0600;0,0000;0,0000;0,0000;0,0000;0,0000;188722,79;A11;K-Instituciones Bancarias;Z025;Financiero;;PRESTAMO BANCARIBE;4818,06;USD;4818,06
1000;70000000;BANCO DEL CARIBE, C.A.;PREST.BANCARIBE #6;PRESTAMO #6;SA;Documento cta.mayor;0100259876;25.10.2024;;;0;25.10.2024;VED;9,112,5200;9112,5200;0,0000;0,0000;0,0000;0,0000;0,0000;372522,65;A11;K-Instituciones Bancarias;Z025;Financiero;;PRESTAMO BANCARIBE;9112,53;USD;9112,52
1000;70000000;BANCO DEL CARIBE, C.A.;PREST.BANCARIBE #4;PRESTAMO #4;SA;Documento cta.mayor;0100259877;07.10.2024;;;0;07.10.2024;VED;5,632,2900;5632,2900;0,0000;0,0000;0,0000;0,0000;0,0000;208596,46;A11;K-Instituciones Bancarias;Z025;Financiero;;PRESTAMO BANCARIBE;5632,29;USD;5632,29
1000;70000000;BANCO DEL CARIBE, C.A.;PREST.BANCARIBE #8;PRESTAMO #8;SA;Documento cta.mayor;0100259878;28.10.2024;;;0;28.10.2024;VED;3,392,0700;3392,0700;0,0000;0,0000;0,0000;0,0000;0,0000;139220,22;A11;K-Instituciones Bancarias;Z025;Financiero;;PRESTAMO BANCARIBE;3392,07;USD;3392,07
1000;70000000;BANCO DEL CARIBE, C.A.;PREST.BANCARIBE #3;PRESTAMO #3;SA;Documento cta.mayor;0100260692;31.10.2024;NT00;Contado;  480;31.10.2024;USD;-4,009,1200;0,0000;0,0000;0,0000;0,0000;-4009,1200;0,0000;-170637,17;A11;K-Instituciones Bancarias;Z025;Financiero;;Revalorizacion;-0,01;USD;-4009,12
1000;70000000;BANCO DEL CARIBE, C.A.;PREST.BANCARIBE #4;PRESTAMO #4;SA;Documento cta.mayor;0100260693;31.10.2024;NT00;Contado;  480;31.10.2024;USD;-5,334,4700;0,0000;0,0000;0,0000;0,0000;-5334,4700;0,0000;-227046,63;A11;K-Instituciones Bancarias;Z025;Financiero;;Revalorizacion;-0,01;USD;-5334,47
1000;70000000;BANCO DEL CARIBE, C.A.;PREST.BANCARIBE #5;PRESTAMO #5;SA;Documento cta.mayor;0100260694;31.10.2024;NT00;Contado;  480;31.10.2024;USD;-32,232,0600;0,0000;0,0000;0,0000;0,0000;-32232,0600;0,0000;-1371867,54;A11;K-Instituciones Bancarias;Z025;Financiero;;Revalorizacion;-0,01;USD;-32232,06
1000;70000000;BANCO DEL CARIBE, C.A.;PREST.BANCARIBE #6;PRESTAMO #6;SA;Documento cta.mayor;0100260695;31.10.2024;NT00;Contado;  480;31.10.2024;USD;-12,507,4500;0,0000;0,0000;0,0000;0,0000;-12507,4500;0,0000;-532344,76;A11;K-Instituciones Bancarias;Z025;Financiero;;Revalorizacion;-0,01;USD;-12507,45
1000;70000000;BANCO DEL CARIBE, C.A.;PREST.BANCARIBE #7;PRESTAMO #7;SA;Documento cta.mayor;0100260698;31.10.2024;NT00;Contado;  480;31.10.2024;USD;-8,960,4100;0,0000;0,0000;0,0000;0,0000;-8960,4100;0,0000;-381374,85;A11;K-Instituciones Bancarias;Z025;Financiero;;Revalorizacion;-0,01;USD;-8960,41
1000;70000000;BANCO DEL CARIBE, C.A.;PREST.BANCARIBE #8;PRESTAMO #8;SA;Documento cta.mayor;0100260699;31.10.2024;NT00;Contado;  480;31.10.2024;USD;-5,341,8200;0,0000;0,0000;0,0000;0,0000;-5341,8200;0,0000;-227359,76;A11;K-Instituciones Bancarias;Z025;Financiero;;Revalorizacion;-0,01;USD;-5341,82
1000;70000000;BANCO DEL CARIBE, C.A.;PREST.BANCARIBE #9;PRESTAMO #9;SA;Documento cta.mayor;0100260714;25.10.2024;NT00;Contado;  486;25.10.2024;VED;-38,160,1900;0,0000;0,0000;0,0000;0,0000;-38160,1900;0,0000;-1560000,00;A11;K-Instituciones Bancarias;Z025;Financiero;;;-38160,19;USD;-38160,19
1000;70000000;BANCO DEL CARIBE, C.A.;PREST.BANCARIBE #9;PRESTAMO #9;SA;Documento cta.mayor;0100260715;31.10.2024;NT00;Contado;  480;31.10.2024;USD;-1,507,9500;0,0000;0,0000;0,0000;0,0000;-1507,9500;0,0000;-64181,64;A11;K-Instituciones Bancarias;Z025;Financiero;;Revalorizacion;-0,01;USD;-1507,95
1000;70000001;BANCO PROVINCIAL, S.A.;250718;APERTURA PAGARE;SA;Documento cta.mayor;0100096891;25.07.2018;NT00;Contado; 2770;25.07.2018;VEF;-0,1900;0,0000;0,0000;0,0000;0,0000;-0,1900;0,0000;-0,75;A11;K-Instituciones Bancarias;Z025;Financiero;;APERTURA PAGARE 250718;-7500000000,00;USD;-0,19
1000;70000001;BANCO PROVINCIAL, S.A.;250718;APERTURA PAGARE;SA;Documento cta.mayor;0100096892;25.07.2018;NT00;Contado; 2770;25.07.2018;VEF;-0,1900;0,0000;0,0000;0,0000;0,0000;-0,1900;0,0000;-0,75;A11;K-Instituciones Bancarias;Z025;Financiero;;APERTURA PAGARE 250718;-7500000000,00;USD;-0,19
1000;70000001;BANCO PROVINCIAL, S.A.;2507181;APERTURA PAGARE;SA;Documento cta.mayor;0100096893;25.07.2018;NT00;Contado; 2770;25.07.2018;VEF;-0,2300;0,0000;0,0000;0,0000;0,0000;-0,2300;0,0000;-0,93;A11;K-Instituciones Bancarias;Z025;Financiero;;APERTURA PAGARE 2507181;-9250000000,00;USD;-0,23
1000;70000001;BANCO PROVINCIAL, S.A.;2507181;APERTURA PAGARE;SA;Documento cta.mayor;0100096894;25.07.2018;NT00;Contado; 2770;25.07.2018;VEF;-0,2300;0,0000;0,0000;0,0000;0,0000;-0,2300;0,0000;-0,93;A11;K-Instituciones Bancarias;Z025;Financiero;;APERTURA PAGARE 2507181;-9250000000,00;USD;-0,23
1000;70000001;BANCO PROVINCIAL, S.A.;2507181;APERTURA PAGARE;SA;Documento cta.mayor;0100096895;25.07.2018;NT00;Contado; 2770;25.07.2018;VEF;-0,2300;0,0000;0,0000;0,0000;0,0000;-0,2300;0,0000;-0,93;A11;K-Instituciones Bancarias;Z025;Financiero;;APERTURA PAGARE 2507181;-9250000000,00;USD;-0,23
1000;70000001;BANCO PROVINCIAL, S.A.;2507181;APERTURA PAGARE;SA;Documento cta.mayor;0100096896;25.07.2018;NT00;Contado; 2770;25.07.2018;VEF;-0,2300;0,0000;0,0000;0,0000;0,0000;-0,2300;0,0000;-0,93;A11;K-Instituciones Bancarias;Z025;Financiero;;APERTURA PAGARE 2507181;-9250000000,00;USD;-0,23
1000;70000001;BANCO PROVINCIAL, S.A.;2507181;25072018;SA;Documento cta.mayor;0100099103;23.08.2018;;;0;23.08.2018;VES;0,9200;0,9200;0,0000;0,0000;0,0000;0,0000;0,0000;3,70;A11;K-Instituciones Bancarias;Z025;Financiero;;CANC.ANT.PAG.25072018PROV;370000,00;USD;0,92
1000;70000001;BANCO PROVINCIAL, S.A.;250718;25072018;SA;Documento cta.mayor;0100099103;23.08.2018;;;0;23.08.2018;VES;0,3700;0,3700;0,0000;0,0000;0,0000;0,0000;0,0000;1,50;A11;K-Instituciones Bancarias;Z025;Financiero;;CANC.ANT.PAG.25072018PROV;150000,00;USD;0,37
1000;70000001;BANCO PROVINCIAL, S.A.;9600113793;0;SA;Documento cta.mayor;0100232808;24.01.2024;NT00;Contado;  761;24.01.2024;VED;-189,687,1900;0,0000;0,0000;0,0000;0,0000;-189687,1900;0,0000;-6853000,00;A11;K-Instituciones Bancarias;Z025;Financiero;;ABONO PRESTAMO;-189687,19;USD;-189687,19
1000;70000001;BANCO PROVINCIAL, S.A.;9600113793;0;SA;Documento cta.mayor;0100235495;24.02.2024;;;0;24.02.2024;VED;14,681,3200;14681,3200;0,0000;0,0000;0,0000;0,0000;0,0000;531946,77;A11;K-Instituciones Bancarias;Z025;Financiero;;PREST. 9600113793;14681,32;USD;14681,32
1000;70000001;BANCO PROVINCIAL, S.A.;9600113793;0;SA;Documento cta.mayor;0100237787;24.03.2024;;;0;24.03.2024;VED;7,100,1300;7100,1300;0,0000;0,0000;0,0000;0,0000;0,0000;257888,78;A11;K-Instituciones Bancarias;Z025;Financiero;;PREST. 9600113793;7100,13;USD;7100,13
1000;70000001;BANCO PROVINCIAL, S.A.;9600113793;0;SA;Documento cta.mayor;0100237792;25.03.2024;;;0;25.03.2024;VED;7,776,9400;7776,9400;0,0000;0,0000;0,0000;0,0000;0,0000;282734,55;A11;K-Instituciones Bancarias;Z025;Financiero;;PREST. 9600113793;7776,94;USD;7776,94
1000;70000001;BANCO PROVINCIAL, S.A.;9600113793;9600113793;SA;Documento cta.mayor;0100240528;24.04.2024;;;0;24.04.2024;VED;15,075,4300;15075,4300;0,0000;0,0000;0,0000;0,0000;0,0000;548560,25;A11;K-Instituciones Bancarias;Z025;Financiero;;PREST. 9600113793;15075,43;USD;15075,43
1000;70000001;BANCO PROVINCIAL, S.A.;9600113793;0;SA;Documento cta.mayor;0100243637;24.05.2024;;;0;24.05.2024;VED;15,276,4400;15276,4400;0,0000;0,0000;0,0000;0,0000;0,0000;557924,47;A11;K-Instituciones Bancarias;Z025;Financiero;;PREST. 9600113793;15276,44;USD;15276,44
1000;70000001;BANCO PROVINCIAL, S.A.;9600114676;9600114676;SA;Documento cta.mayor;0100244852;29.05.2024;NT00;Contado;  635;29.05.2024;VED;-241,027,8700;0,0000;0,0000;0,0000;0,0000;-241027,8700;0,0000;-8800000,00;A11;K-Instituciones Bancarias;Z025;Financiero;;PRESTAMO PROVINCIAL;-241027,87;USD;-241027,87
1000;70000001;BANCO PROVINCIAL, S.A.;9600113793;9600113793;SA;Documento cta.mayor;0100247394;24.06.2024;;;0;24.06.2024;VED;15,480,1200;15480,1200;0,0000;0,0000;0,0000;0,0000;0,0000;563149,81;A11;K-Instituciones Bancarias;Z025;Financiero;;PRESTAMO BANCARIO;15480,12;USD;15480,12
1000;70000001;BANCO PROVINCIAL, S.A.;9600114676;0;SA;Documento cta.mayor;0100247786;29.06.2024;;;0;29.06.2024;VED;18,707,1200;18707,1200;0,0000;0,0000;0,0000;0,0000;0,0000;681098,21;A11;K-Instituciones Bancarias;Z025;Financiero;;PREST. 9600114676;18707,12;USD;18707,12
1000;70000001;BANCO PROVINCIAL, S.A.;9600113793;9600113793;SA;Documento cta.mayor;0100250231;24.07.2024;;;0;24.07.2024;VED;15,686,5200;15686,5200;0,0000;0,0000;0,0000;0,0000;0,0000;573050,68;A11;K-Instituciones Bancarias;Z025;Financiero;;PRESTAMO BANCARIO;15686,52;USD;15686,52
1000;70000001;BANCO PROVINCIAL, S.A.;9600114676;9600114676;SA;Documento cta.mayor;0100250709;29.07.2024;;;0;29.07.2024;VED;18,903,6900;18903,6900;0,0000;0,0000;0,0000;0,0000;0,0000;692015,08;A11;K-Instituciones Bancarias;Z025;Financiero;;PREST. 9600114676;18903,70;USD;18903,69
1000;70000001;BANCO PROVINCIAL, S.A.;9600113793;0;SA;Documento cta.mayor;0100253090;24.08.2024;;;0;24.08.2024;VED;15,895,6800;15895,6800;0,0000;0,0000;0,0000;0,0000;0,0000;583318,91;A11;K-Instituciones Bancarias;Z025;Financiero;;PREST. 9600113793;15895,68;USD;15895,68
1000;70000001;BANCO PROVINCIAL, S.A.;9600114676;PREST.9600114676;SA;Documento cta.mayor;0100253782;29.08.2024;NT00;Contado;  543;29.08.2024;VED;19,155,7400;0,0000;0,0000;0,0000;0,0000;19155,7400;0,0000;700945,02;A11;K-Instituciones Bancarias;Z025;Financiero;;9600114676;19155,74;USD;19155,74
1000;70000001;BANCO PROVINCIAL, S.A.;9600115559;0;SA;Documento cta.mayor;0100254554;29.08.2024;NT00;Contado;  543;29.08.2024;VED;-399,678,6200;0,0000;0,0000;0,0000;0,0000;-399678,6200;0,0000;-14625000,00;A11;K-Instituciones Bancarias;Z025;Financiero;;PRESTAMO BANCARIO;-399678,62;USD;-399678,62
1000;70000001;BANCO PROVINCIAL, S.A.;9600115540;0;SA;Documento cta.mayor;0100254555;29.08.2024;NT00;Contado;  543;29.08.2024;VED;-599,504,2600;0,0000;0,0000;0,0000;0,0000;-599504,2600;0,0000;-21937000,00;A11;K-Instituciones Bancarias;Z025;Financiero;;PRESTAMO BANCARIO;-599504,26;USD;-599504,26
1000;70000001;BANCO PROVINCIAL, S.A.;9600113793;9600113793;SA;Documento cta.mayor;0100256235;24.09.2024;;;0;24.09.2024;VED;16,107,6200;16107,6200;0,0000;0,0000;0,0000;0,0000;0,0000;592969,82;A11;K-Instituciones Bancarias;Z025;Financiero;;PRESTAMO BANCARIO;16107,62;USD;16107,62
1000;70000001;BANCO PROVINCIAL, S.A.;9600114676;PREST.9600114676;SA;Documento cta.mayor;0100256867;29.09.2024;NT00;Contado;  512;29.09.2024;VED;19,411,1500;0,0000;0,0000;0,0000;0,0000;19411,1500;0,0000;715601,86;A11;K-Instituciones Bancarias;Z025;Financiero;;9600114676;19411,15;USD;19411,15
1000;70000001;BANCO PROVINCIAL, S.A.;9600115540;PREST.9600115540;SA;Documento cta.mayor;0100256869;29.09.2024;NT00;Contado;  512;29.09.2024;VED;46,400,1500;0,0000;0,0000;0,0000;0,0000;46400,1500;0,0000;1710564,60;A11;K-Instituciones Bancarias;Z025;Financiero;;9600115540;46400,15;USD;46400,15
1000;70000001;BANCO PROVINCIAL, S.A.;9600115559;PREST.9600115559;SA;Documento cta.mayor;0100256873;29.09.2024;NT00;Contado;  512;29.09.2024;VED;30,934,1400;0,0000;0,0000;0,0000;0,0000;30934,1400;0,0000;1140402,39;A11;K-Instituciones Bancarias;Z025;Financiero;;9600115559;30934,14;USD;30934,14
1000;70000001;BANCO PROVINCIAL, S.A.;9600115540;0;SA;Documento cta.mayor;0100259489;29.10.2024;;;0;29.10.2024;VED;47,018,8100;47018,8100;0,0000;0,0000;0,0000;0,0000;0,0000;1962381,89;A11;K-Instituciones Bancarias;Z025;Financiero;;PREST. 9600115540;47018,81;USD;47018,81
1000;70000001;BANCO PROVINCIAL, S.A.;9600115559;0;SA;Documento cta.mayor;0100259493;29.10.2024;;;0;29.10.2024;VED;31,346,5900;31346,5900;0,0000;0,0000;0,0000;0,0000;0,0000;1308284,41;A11;K-Instituciones Bancarias;Z025;Financiero;;PREST. 9600115559;31346,59;USD;31346,59
1000;70000001;BANCO PROVINCIAL, S.A.;9600114676;0;SA;Documento cta.mayor;0100259495;29.10.2024;;;0;29.10.2024;VED;19,669,9700;19669,9700;0,0000;0,0000;0,0000;0,0000;0,0000;820947,74;A11;K-Instituciones Bancarias;Z025;Financiero;;PREST. 9600114676;19669,97;USD;19669,97
1000;70000001;BANCO PROVINCIAL, S.A.;9600113793;0;SA;Documento cta.mayor;0100259916;24.10.2024;;;0;24.10.2024;VED;16,322,3900;16322,3900;0,0000;0,0000;0,0000;0,0000;0,0000;644109,18;A11;K-Instituciones Bancarias;Z025;Financiero;;PREST. 9600113793;16322,39;USD;16322,39
1000;70000001;BANCO PROVINCIAL, S.A.;0000126233;0;SA;Documento cta.mayor;0100260525;14.10.2024;NT00;Contado;  497;14.10.2024;VED;-208,148,5000;0,0000;0,0000;0,0000;0,0000;-208148,5000;0,0000;-8094000,00;A11;K-Instituciones Bancarias;Z025;Financiero;;PRESTAMO PROVINCIAL;-208148,50;USD;-208148,50
1000;70000001;BANCO PROVINCIAL, S.A.;9600113793;9600113793;SA;Documento cta.mayor;0100260701;31.10.2024;NT00;Contado;  480;31.10.2024;USD;-9,935,4900;0,0000;0,0000;0,0000;0,0000;-9935,4900;0,0000;-422876,42;A11;K-Instituciones Bancarias;Z025;Financiero;;Revalorizacion;-0,01;USD;-9935,49
1000;70000001;BANCO PROVINCIAL, S.A.;9600114676;9600114676;SA;Documento cta.mayor;0100260702;31.10.2024;NT00;Contado;  480;31.10.2024;USD;-23,255,2900;0,0000;0,0000;0,0000;0,0000;-23255,2900;0,0000;-989796,19;A11;K-Instituciones Bancarias;Z025;Financiero;;Revalorizacion;-0,01;USD;-23255,29
1000;70000001;BANCO PROVINCIAL, S.A.;9600115540;9600115540;SA;Documento cta.mayor;0100260703;31.10.2024;NT00;Contado;  480;31.10.2024;USD;-76,970,8900;0,0000;0,0000;0,0000;0,0000;-76970,8900;0,0000;-3276050,25;A11;K-Instituciones Bancarias;Z025;Financiero;;Revalorizacion;-0,01;USD;-76970,89
1000;70000001;BANCO PROVINCIAL, S.A.;9600115559;9600115559;SA;Documento cta.mayor;0100260704;31.10.2024;NT00;Contado;  480;31.10.2024;USD;-51,315,0900;0,0000;0,0000;0,0000;0,0000;-51315,0900;0,0000;-2184083,27;A11;K-Instituciones Bancarias;Z025;Financiero;;Revalorizacion;-0,01;USD;-51315,09
1000;70000001;BANCO PROVINCIAL, S.A.;0000126233;0000126233;SA;Documento cta.mayor;0100260705;31.10.2024;NT00;Contado;  480;31.10.2024;USD;-17,979,7600;0,0000;0,0000;0,0000;0,0000;-17979,7600;0,0000;-765258,09;A11;K-Instituciones Bancarias;Z025;Financiero;;Revalorizacion;-0,01;USD;-17979,76
1000;70000002;BANCO NACIONAL CRÉDITO;22338;APERTURA PAGARE;SA;Documento cta.mayor;0100096882;23.07.2018;NT00;Contado; 2772;23.07.2018;VEF;-0,1900;0,0000;0,0000;0,0000;0,0000;-0,1900;0,0000;-0,78;A11;K-Instituciones Bancarias;Z025;Financiero;;APERTURA PAGARE 22338;-7750000000,00;USD;-0,19
1000;70000002;BANCO NACIONAL CRÉDITO;22338;APERTURA PAGARE;SA;Documento cta.mayor;0100096884;23.07.2018;NT00;Contado; 2772;23.07.2018;VEF;-0,1900;0,0000;0,0000;0,0000;0,0000;-0,1900;0,0000;-0,78;A11;K-Instituciones Bancarias;Z025;Financiero;;APERTURA PAGARE 22338;-7750000000,00;USD;-0,19
1000;70000002;BANCO NACIONAL CRÉDITO;22338;22338;SA;Documento cta.mayor;0100102961;19.10.2018;;;0;19.10.2018;VES;0,3800;0,3800;0,0000;0,0000;0,0000;0,0000;0,0000;1,55;A11;K-Instituciones Bancarias;Z025;Financiero;;AMORT.PAGARE 22338 BNC;155000,00;USD;0,38
1000;70000002;BANCO NACIONAL CRÉDITO;PRESTAMO BNC #3;PRESTAMO BNC #3;SA;Documento cta.mayor;0100235564;29.02.2024;NT00;Contado;  725;29.02.2024;VED;-1,000,000,0000;0,0000;0,0000;0,0000;0,0000;-1000000,0000;0,0000;-36130400,01;A11;K-Instituciones Bancarias;Z025;Financiero;;PRESTAMO BANCARIO;-1000000,00;USD;-1000000,00
1000;70000002;BANCO NACIONAL CRÉDITO;PRESTAMO BNC #3;PRESTAMO BNC #3;SA;Documento cta.mayor;0100241405;30.04.2024;;;0;30.04.2024;VED;105,315,9700;105315,9700;0,0000;0,0000;0,0000;0,0000;0,0000;3836260,60;A11;K-Instituciones Bancarias;Z025;Financiero;;PRESTAMO BNC;105315,98;USD;105315,97
1000;70000002;BANCO NACIONAL CRÉDITO;PRESTAMO BNC #3;PRESTAMO BNC #3;SA;Documento cta.mayor;0100244740;24.05.2024;;;0;24.05.2024;VED;106,720,1800;106720,1800;0,0000;0,0000;0,0000;0,0000;0,0000;3897623,81;A11;K-Instituciones Bancarias;Z025;Financiero;;PRESTAMO BNC;106720,18;USD;106720,18
1000;70000002;BANCO NACIONAL CRÉDITO;PRESTAMO BNC #3;PRESTAMO BNC #3;SA;Documento cta.mayor;0100244748;31.05.2024;;;0;31.05.2024;VED;108,143,1200;108143,1200;0,0000;0,0000;0,0000;0,0000;0,0000;3951246,70;A11;K-Instituciones Bancarias;Z025;Financiero;;PRESTAMO BNC;108143,12;USD;108143,12
1000;70000002;BANCO NACIONAL CRÉDITO;PRESTAMO BNC #3;PRESTAMO BNC #3;SA;Documento cta.mayor;0100247572;30.06.2024;;;0;30.06.2024;VED;109,585,0300;109585,0300;0,0000;0,0000;0,0000;0,0000;0,0000;3989826,57;A11;K-Instituciones Bancarias;Z025;Financiero;;PRESTAMO BNC;109585,03;USD;109585,03
1000;70000002;BANCO NACIONAL CRÉDITO;PRESTAMO BNC #3;PRESTAMO BNC #3;SA;Documento cta.mayor;0100252745;20.08.2024;;;0;20.08.2024;VED;111,046,1600;111046,1600;0,0000;0,0000;0,0000;0,0000;0,0000;4073706,17;A11;K-Instituciones Bancarias;Z025;Financiero;;PRESTAMO BNC;111046,16;USD;111046,16
1000;70000002;BANCO NACIONAL CRÉDITO;PRESTAMO BNC #3;0;SA;Documento cta.mayor;0100253770;31.08.2024;;;0;31.08.2024;VED;112,586,6900;112586,6900;0,0000;0,0000;0,0000;0,0000;0,0000;4123588,80;A11;K-Instituciones Bancarias;Z025;Financiero;;PRESTAMO BNC;112586,69;USD;112586,69
1000;70000002;BANCO NACIONAL CRÉDITO;PRESTAMO BNC #3;PRESTAMO BNC #3;SA;Documento cta.mayor;0100256822;30.09.2024;;;0;30.09.2024;VED;114,027,1300;114027,1300;0,0000;0,0000;0,0000;0,0000;0,0000;4208581,90;A11;K-Instituciones Bancarias;Z025;Financiero;;PRESTAMO BNC;114027,13;USD;114027,13
1000;70000002;BANCO NACIONAL CRÉDITO;PRESTAMO BNC #3;PRESTAMO BNC #3;SA;Documento cta.mayor;0100260039;31.10.2024;;;0;31.10.2024;VED;115,547,4900;115547,4900;0,0000;0,0000;0,0000;0,0000;0,0000;4917955,56;A11;K-Instituciones Bancarias;Z025;Financiero;;PRESTAMO BNC;115547,49;USD;115547,49
1000;70000002;BANCO NACIONAL CRÉDITO;PRESTAMO BNC #3;PRESTAMO BNC #3;SA;Documento cta.mayor;0100260700;31.10.2024;NT00;Contado;  480;31.10.2024;USD;-43,450,9600;0,0000;0,0000;0,0000;0,0000;-43450,9600;0,0000;-1849368,61;A11;K-Instituciones Bancarias;Z025;Financiero;;Revalorizacion;-0,01;USD;-43450,96
1000;70000004;BANCO BICENTENARIO BAN;3214;35;SA;Documento cta.mayor;0100014880;01.07.2015;;;0;01.07.2015;VEF;0,0000;0,0000;0,0000;0,0000;0,0000;0,0000;0,0000;0,00;A11;K-Instituciones Bancarias;Z025;Financiero;;35;-47619047,62;USD;0,00
1000;70000004;BANCO BICENTENARIO BAN;3214;3214;SA;Documento cta.mayor;0100036729;01.04.2016;;;0;01.04.2016;VEF;0,0000;0,0000;0,0000;0,0000;0,0000;0,0000;0,0000;0,00;A11;K-Instituciones Bancarias;Z025;Financiero;;AMORTIZACION 3214;1169799,84;USD;0,00
1000;70000004;BANCO BICENTENARIO BAN;3214;PAGARE 3214;SA;Documento cta.mayor;0100040652;01.07.2016;;;0;01.07.2016;VEF;0,0000;0,0000;0,0000;0,0000;0,0000;0,0000;0,0000;0,00;A11;K-Instituciones Bancarias;Z025;Financiero;;AMORTIZACION PGARE 3214;1216591,83;USD;0,00
1000;70000004;BANCO BICENTENARIO BAN;3214;PAGARE 3214;SA;Documento cta.mayor;0100046157;03.10.2016;;;0;03.10.2016;VEF;0,0000;0,0000;0,0000;0,0000;0,0000;0,0000;0,0000;0,00;A11;K-Instituciones Bancarias;Z025;Financiero;;AMORTIZACION PAGRE 3214;1265255,51;USD;0,00
1000;70000004;BANCO BICENTENARIO BAN;3214;PAGARE 3214;SA;Documento cta.mayor;0100052781;02.01.2017;;;0;02.01.2017;VEF;0,0000;0,0000;0,0000;0,0000;0,0000;0,0000;0,0000;0,00;A11;K-Instituciones Bancarias;Z025;Financiero;;AMORTIZACION PAGRE 3214;1315865,73;USD;0,00
1000;70000004;BANCO BICENTENARIO BAN;3214;PAGARE 3214;SA;Documento cta.mayor;0100057819;03.04.2017;;;0;03.04.2017;VEF;0,0000;0,0000;0,0000;0,0000;0,0000;0,0000;0,0000;0,00;A11;K-Instituciones Bancarias;Z025;Financiero;;AMORTIZACION PAGRE 3214;1368500,36;USD;0,00
1000;70000004;BANCO BICENTENARIO BAN;3214;PAGARE 3214;SA;Documento cta.mayor;0100066326;04.07.2017;;;0;04.07.2017;VEF;0,0000;0,0000;0,0000;0,0000;0,0000;0,0000;0,0000;0,00;A11;K-Instituciones Bancarias;Z025;Financiero;;AMORTIZACION PAGARE 3214;1423240,37;USD;0,00
1000;70000004;BANCO BICENTENARIO BAN;3214;PAGARE 3214;SA;Documento cta.mayor;0100075735;02.10.2017;;;0;02.10.2017;VEF;0,0000;0,0000;0,0000;0,0000;0,0000;0,0000;0,0000;0,00;A11;K-Instituciones Bancarias;Z025;Financiero;;AMORTIZACION PAGARE 3214;1480169,99;USD;0,00
1000;70000004;BANCO BICENTENARIO BAN;3214;AJUSTE PAGARE;SA;Documento cta.mayor;0100076393;16.10.2017;;;0;16.10.2017;VEF;0,0000;0,0000;0,0000;0,0000;0,0000;0,0000;0,0000;0,00;A11;K-Instituciones Bancarias;Z025;Financiero;;AJUSTE PAGARE BCO BICENT;35076,74;USD;0,00
1000;70000004;BANCO BICENTENARIO BAN;3214;AJUSTE PAGARE;SA;Documento cta.mayor;0100076395;16.10.2017;;;0;16.10.2017;VEF;0,0000;0,0000;0,0000;0,0000;0,0000;0,0000;0,0000;0,00;A11;K-Instituciones Bancarias;Z025;Financiero;;AJUSTE PAGARE BCO BICENT;-40367,22;USD;0,00
1000;70000004;BANCO BICENTENARIO BAN;3214;PAGARE 3214;SA;Documento cta.mayor;0100084088;02.01.2018;;;0;02.01.2018;VEF;0,0000;0,0000;0,0000;0,0000;0,0000;0,0000;0,0000;0,00;A11;K-Instituciones Bancarias;Z025;Financiero;;AMORTIZACION PAGARE 3214;1500296,12;USD;0,00
1000;70000004;BANCO BICENTENARIO BAN;3214;PAGARE 3214;SA;Documento cta.mayor;0100089043;02.04.2018;;;0;02.04.2018;VEF;0,0000;0,0000;0,0000;0,0000;0,0000;0,0000;0,0000;0,00;A11;K-Instituciones Bancarias;Z025;Financiero;;AMORTIZACION PAGARE 3214;1567809,45;USD;0,00
1000;70000004;BANCO BICENTENARIO BAN;3214;3214;SA;Documento cta.mayor;0100095171;03.07.2018;;;0;03.07.2018;VEF;0,0000;0,0000;0,0000;0,0000;0,0000;0,0000;0,0000;0,00;A11;K-Instituciones Bancarias;Z025;Financiero;;AMORTIZACION PAGARE 3214;1638360,87;USD;0,00
1000;70000004;BANCO BICENTENARIO BAN;3214;3214;SA;Documento cta.mayor;0100102072;01.10.2018;;;0;01.10.2018;VES;0,0000;0,0000;0,0000;0,0000;0,0000;0,0000;0,0000;0,00;A11;K-Instituciones Bancarias;Z025;Financiero;;AMORT.PAGARE 3214 BICENT;17,12;USD;0,00
1000;70000004;BANCO BICENTENARIO BAN;3214;3214;SA;Documento cta.mayor;0100110432;02.01.2019;;;0;02.01.2019;VES;0,0000;0,0000;0,0000;0,0000;0,0000;0,0000;0,0000;0,00;A11;K-Instituciones Bancarias;Z025;Financiero;;AMORT.PAGARE BICENTENARIO;17,89;USD;0,00
1000;70000004;BANCO BICENTENARIO BAN;3214;21032019;SA;Documento cta.mayor;0100114723;21.03.2019;;;0;21.03.2019;VES;0,0000;0,0000;0,0000;0,0000;0,0000;0,0000;0,0000;0,00;A11;K-Instituciones Bancarias;Z025;Financiero;;AMORT.PAGARE BICENTENARIO;125,58;USD;0,00
1000;70000005;BANCO DEL TESORO, C.A.;1525;18;SA;Documento cta.mayor;0100014865;28.11.2013;;;0;28.11.2013;VEF;0,0000;0,0000;0,0000;0,0000;0,0000;0,0000;0,0000;0,00;A11;K-Instituciones Bancarias;Z025;Financiero;;18;-9645649,21;USD;0,00
1000;70000005;BANCO DEL TESORO, C.A.;1526;19;SA;Documento cta.mayor;0100014866;28.11.2013;;;0;28.11.2013;VEF;0,0000;0,0000;0,0000;0,0000;0,0000;0,0000;0,0000;0,00;A11;K-Instituciones Bancarias;Z025;Financiero;;19;-2995369,84;USD;0,00
1000;70000005;BANCO DEL TESORO, C.A.;1707;20;SA;Documento cta.mayor;0100014867;18.06.2014;;;0;18.06.2014;VEF;0,0000;0,0000;0,0000;0,0000;0,0000;0,0000;0,0000;0,00;A11;K-Instituciones Bancarias;Z025;Financiero;;20;-4861111,11;USD;0,00
1000;70000005;BANCO DEL TESORO, C.A.;1708;21;SA;Documento cta.mayor;0100014868;18.06.2014;;;0;18.06.2014;VEF;0,0000;0,0000;0,0000;0,0000;0,0000;0,0000;0,0000;0,00;A11;K-Instituciones Bancarias;Z025;Financiero;;21;-1604938,10;USD;0,00
1000;70000005;BANCO DEL TESORO, C.A.;1739;22;SA;Documento cta.mayor;0100014869;14.07.2014;;;0;14.07.2014;VEF;0,0000;0,0000;0,0000;0,0000;0,0000;0,0000;0,0000;0,00;A11;K-Instituciones Bancarias;Z025;Financiero;;22;-1895942,86;USD;0,00
1000;70000005;BANCO DEL TESORO, C.A.;1750;23;SA;Documento cta.mayor;0100014870;30.07.2014;;;0;30.07.2014;VEF;0,0000;0,0000;0,0000;0,0000;0,0000;0,0000;0,0000;0,00;A11;K-Instituciones Bancarias;Z025;Financiero;;23;-16557906,35;USD;0,00
1000;70000005;BANCO DEL TESORO, C.A.;1832;24;SA;Documento cta.mayor;0100014871;12.10.2014;;;0;12.10.2014;VEF;0,0000;0,0000;0,0000;0,0000;0,0000;0,0000;0,0000;0,00;A11;K-Instituciones Bancarias;Z025;Financiero;;24;-662550,79;USD;0,00
1000;70000005;BANCO DEL TESORO, C.A.;1915;25;SA;Documento cta.mayor;0100014872;19.12.2014;;;0;19.12.2014;VEF;0,0000;0,0000;0,0000;0,0000;0,0000;0,0000;0,0000;0,00;A11;K-Instituciones Bancarias;Z025;Financiero;;25;-8465607,94;USD;0,00
1000;70000005;BANCO DEL TESORO, C.A.;2122;27;SA;Documento cta.mayor;0100014874;25.06.2015;;;0;25.06.2015;VEF;0,0000;0,0000;0,0000;0,0000;0,0000;0,0000;0,0000;0,00;A11;K-Instituciones Bancarias;Z025;Financiero;;27;-3650793,65;USD;0,00
1000;70000005;BANCO DEL TESORO, C.A.;2180;29;SA;Documento cta.mayor;0100014875;05.08.2015;;;0;05.08.2015;VEF;0,0000;0,0000;0,0000;0,0000;0,0000;0,0000;0,0000;0,00;A11;K-Instituciones Bancarias;Z025;Financiero;;29;-952380,95;USD;0,00
1000;70000005;BANCO DEL TESORO, C.A.;2250;30;SA;Documento cta.mayor;0100014876;30.09.2015;;;0;30.09.2015;VEF;0,0000;0,0000;0,0000;0,0000;0,0000;0,0000;0,0000;0,00;A11;K-Instituciones Bancarias;Z025;Financiero;;30;-2063492,06;USD;0,00
1000;70000005;BANCO DEL TESORO, C.A.;1739;PAGARE 1739;SA;Documento cta.mayor;0100028035;14.01.2016;;;0;14.01.2016;VEF;0,0000;0,0000;0,0000;0,0000;0,0000;0,0000;0,0000;0,00;A11;K-Instituciones Bancarias;Z025;Financiero;;AMORTIZACION PG 1739;44091,71;USD;0,00
1000;70000005;BANCO DEL TESORO, C.A.;1707;PAGARE 1707;SA;Documento cta.mayor;0100028037;18.01.2016;;;0;18.01.2016;VEF;0,0000;0,0000;0,0000;0,0000;0,0000;0,0000;0,0000;0,00;A11;K-Instituciones Bancarias;Z025;Financiero;;AMORTIZACION PG 1707;115740,74;USD;0,00
1000;70000005;BANCO DEL TESORO, C.A.;1708;PAGARE 1708;SA;Documento cta.mayor;0100028038;04.01.2016;;;0;04.01.2016;VEF;0,0000;0,0000;0,0000;0,0000;0,0000;0,0000;0,0000;0,00;A11;K-Instituciones Bancarias;Z025;Financiero;;AMORTIZACION PG 1708;38212,82;USD;0,00
1000;70000005;BANCO DEL TESORO, C.A.;1832;PAGARE 1832;SA;Documento cta.mayor;0100028039;18.01.2016;;;0;18.01.2016;VEF;0,0000;0,0000;0,0000;0,0000;0,0000;0,0000;0,0000;0,00;A11;K-Instituciones Bancarias;Z025;Financiero;;AMORTIZACION PG 1832;14403,29;USD;0,00
1000;70000005;BANCO DEL TESORO, C.A.;1915;PAGARE 1915;SA;Documento cta.mayor;0100028040;19.01.2016;;;0;19.01.2016;VEF;0,0000;0,0000;0,0000;0,0000;0,0000;0,0000;0,0000;0,00;A11;K-Instituciones Bancarias;Z025;Financiero;;AMORTIZACION PG 1915;176366,84;USD;0,00
1000;70000005;BANCO DEL TESORO, C.A.;2122;PAGARE 2122;SA;Documento cta.mayor;0100028041;25.01.2016;;;0;25.01.2016;VEF;0,0000;0,0000;0,0000;0,0000;0,0000;0,0000;0,0000;0,00;A11;K-Instituciones Bancarias;Z025;Financiero;;AMORTIZACION PG 2122;67607,29;USD;0,00
1000;70000005;BANCO DEL TESORO, C.A.;1525;PAGARE 1525;SA;Documento cta.mayor;0100028044;28.01.2016;;;0;28.01.2016;VEF;0,0000;0,0000;0,0000;0,0000;0,0000;0,0000;0,0000;0,00;A11;K-Instituciones Bancarias;Z025;Financiero;;AMORTIZACION PG 1525;275589,98;USD;0,00
1000;70000005;BANCO DEL TESORO, C.A.;1526;PAGARE 1526;SA;Documento cta.mayor;0100028046;28.01.2016;;;0;28.01.2016;VEF;0,0000;0,0000;0,0000;0,0000;0,0000;0,0000;0,0000;0,00;A11;K-Instituciones Bancarias;Z025;Financiero;;AMORTIZACION PG 1526;85582,01;USD;0,00
1000;70000005;BANCO DEL TESORO, C.A.;1750;PAGARE 1750;SA;Documento cta.mayor;0100028048;28.01.2016;;;0;28.01.2016;VEF;0,0000;0,0000;0,0000;0,0000;0,0000;0,0000;0,0000;0,00;A11;K-Instituciones Bancarias;Z025;Financiero;;AMORTIZACION PG 1750;385067,61;USD;0,00
1000;70000005;BANCO DEL TESORO, C.A.;2012;PAGARE 2012;SA;Documento cta.mayor;0100028049;29.01.2016;;;0;29.01.2016;VEF;0,0000;0,0000;0,0000;0,0000;0,0000;0,0000;0,0000;0,00;A11;K-Instituciones Bancarias;Z025;Financiero;;AMORTIZACION PG 2012;29394,47;USD;0,00
1000;70000005;BANCO DEL TESORO, C.A.;1832;PAGARE 1832;SA;Documento cta.mayor;0100030726;16.02.2016;;;0;16.02.2016;VEF;0,0000;0,0000;0,0000;0,0000;0,0000;0,0000;0,0000;0,00;A11;K-Instituciones Bancarias;Z025;Financiero;;AMORTIZACION PAGARE 1832;14403,29;USD;0,00
1000;70000005;BANCO DEL TESORO, C.A.;1739;PAGARE 1739;SA;Documento cta.mayor;0100030727;14.02.2016;;;0;14.02.2016;VEF;0,0000;0,0000;0,0000;0,0000;0,0000;0,0000;0,0000;0,00;A11;K-Instituciones Bancarias;Z025;Financiero;;AMORTIZACION PAGARE 1739;44091,71;USD;0,00
1000;70000005;BANCO DEL TESORO, C.A.;1707;PAGARE 1707;SA;Documento cta.mayor;0100031104;18.02.2016;;;0;18.02.2016;VEF;0,0000;0,0000;0,0000;0,0000;0,0000;0,0000;0,0000;0,00;A11;K-Instituciones Bancarias;Z025;Financiero;;AMORTIZACION PAGARE 1707;115740,74;USD;0,00
1000;70000005;BANCO DEL TESORO, C.A.;1708;PAGARE 1708;SA;Documento cta.mayor;0100031105;18.02.2016;;;0;18.02.2016;VEF;0,0000;0,0000;0,0000;0,0000;0,0000;0,0000;0,0000;0,00;A11;K-Instituciones Bancarias;Z025;Financiero;;AMORTIZACION PAGARE 1708;38212,82;USD;0,00
1000;70000005;BANCO DEL TESORO, C.A.;1915;PAGARE 1915;SA;Documento cta.mayor;0100031106;19.02.2016;;;0;19.02.2016;VEF;0,0000;0,0000;0,0000;0,0000;0,0000;0,0000;0,0000;0,00;A11;K-Instituciones Bancarias;Z025;Financiero;;AMORTIZACION PAGARE 1915;176366,84;USD;0,00
1000;70000005;BANCO DEL TESORO, C.A.;2122;PAGARE 2122;SA;Documento cta.mayor;0100032571;25.02.2016;;;0;25.02.2016;VEF;0,0000;0,0000;0,0000;0,0000;0,0000;0,0000;0,0000;0,00;A11;K-Instituciones Bancarias;Z025;Financiero;;AMORTIZACION PAGARE 2122;67607,29;USD;0,00
1000;70000005;BANCO DEL TESORO, C.A.;1525;PAGARE 1525;SA;Documento cta.mayor;0100032646;29.02.2016;;;0;29.02.2016;VEF;0,0000;0,0000;0,0000;0,0000;0,0000;0,0000;0,0000;0,00;A11;K-Instituciones Bancarias;Z025;Financiero;;AMORTIZACION PAGARE 1525;275589,98;USD;0,00
1000;70000005;BANCO DEL TESORO, C.A.;1526;PAGARE 1526;SA;Documento cta.mayor;0100032647;29.02.2016;;;0;29.02.2016;VEF;0,0000;0,0000;0,0000;0,0000;0,0000;0,0000;0,0000;0,00;A11;K-Instituciones Bancarias;Z025;Financiero;;AMORTIZACION PAGARE 1526;85582,01;USD;0,00
1000;70000005;BANCO DEL TESORO, C.A.;1750;PAGARE 1750;SA;Documento cta.mayor;0100032648;29.02.2016;;;0;29.02.2016;VEF;0,0000;0,0000;0,0000;0,0000;0,0000;0,0000;0,0000;0,00;A11;K-Instituciones Bancarias;Z025;Financiero;;AMORTIZACION PAGARE 1750;385067,61;USD;0,00
1000;70000005;BANCO DEL TESORO, C.A.;2012;PAGARE 2012;SA;Documento cta.mayor;0100032649;29.02.2016;;;0;29.02.2016;VEF;0,0000;0,0000;0,0000;0,0000;0,0000;0,0000;0,0000;0,00;A11;K-Instituciones Bancarias;Z025;Financiero;;AMORTIZACION PAGARE 2012;29394,47;USD;0,00
1000;70000005;BANCO DEL TESORO, C.A.;1739;PAGARE 1739;SA;Documento cta.mayor;0100033990;14.03.2016;;;0;14.03.2016;VEF;0,0000;0,0000;0,0000;0,0000;0,0000;0,0000;0,0000;0,00;A11;K-Instituciones Bancarias;Z025;Financiero;;AMORTIZAC PAGARE 1739;44091,71;USD;0,00
1000;70000005;BANCO DEL TESORO, C.A.;2180;PAGARE 2180;SA;Documento cta.mayor;0100033991;14.03.2016;;;0;14.03.2016;VEF;0,0000;0,0000;0,0000;0,0000;0,0000;0,0000;0,0000;0,00;A11;K-Instituciones Bancarias;Z025;Financiero;;AMORTIZAC PAGARE 2180;17636,68;USD;0,00
1000;70000005;BANCO DEL TESORO, C.A.;1832;PAGARE 1832;SA;Documento cta.mayor;0100033992;16.03.2016;;;0;16.03.2016;VEF;0,0000;0,0000;0,0000;0,0000;0,0000;0,0000;0,0000;0,00;A11;K-Instituciones Bancarias;Z025;Financiero;;AMORTIZAC PAGARE 1832;14403,29;USD;0,00
1000;70000005;BANCO DEL TESORO, C.A.;1707;PAGARE 1707;SA;Documento cta.mayor;0100034316;18.03.2016;;;0;18.03.2016;VEF;0,0000;0,0000;0,0000;0,0000;0,0000;0,0000;0,0000;0,00;A11;K-Instituciones Bancarias;Z025;Financiero;;AMORTIZAC PAGARE 1707;115740,74;USD;0,00
1000;70000005;BANCO DEL TESORO, C.A.;1708;PAGARE 1708;SA;Documento cta.mayor;0100034318;18.03.2016;;;0;18.03.2016;VEF;0,0000;0,0000;0,0000;0,0000;0,0000;0,0000;0,0000;0,00;A11;K-Instituciones Bancarias;Z025;Financiero;;APERTURA PAGARE 1708;38212,82;USD;0,00
1000;70000005;BANCO DEL TESORO, C.A.;1915;PAGARE 1915;SA;Documento cta.mayor;0100034319;21.03.2016;;;0;21.03.2016;VEF;0,0000;0,0000;0,0000;0,0000;0,0000;0,0000;0,0000;0,00;A11;K-Instituciones Bancarias;Z025;Financiero;;APERTURA PAGARE 1915;176366,84;USD;0,00
1000;70000005;BANCO DEL TESORO, C.A.;1525;PAGARE 1525;SA;Documento cta.mayor;0100034324;28.03.2016;;;0;28.03.2016;VEF;0,0000;0,0000;0,0000;0,0000;0,0000;0,0000;0,0000;0,00;A11;K-Instituciones Bancarias;Z025;Financiero;;APERTURA PAGARE 1525;275589,98;USD;0,00
1000;70000005;BANCO DEL TESORO, C.A.;1526;PAGARE 1526;SA;Documento cta.mayor;0100034325;28.03.2016;;;0;28.03.2016;VEF;0,0000;0,0000;0,0000;0,0000;0,0000;0,0000;0,0000;0,00;A11;K-Instituciones Bancarias;Z025;Financiero;;APERTURA PAGARE 1526;85582,01;USD;0,00
1000;70000005;BANCO DEL TESORO, C.A.;1750;PAGARE 1750;SA;Documento cta.mayor;0100034326;28.03.2016;;;0;28.03.2016;VEF;0,0000;0,0000;0,0000;0,0000;0,0000;0,0000;0,0000;0,00;A11;K-Instituciones Bancarias;Z025;Financiero;;APERTURA PAGARE 1750;385067,61;USD;0,00
1000;70000005;BANCO DEL TESORO, C.A.;2122;PAGARE 2122;SA;Documento cta.mayor;0100034339;28.03.2016;;;0;28.03.2016;VEF;0,0000;0,0000;0,0000;0,0000;0,0000;0,0000;0,0000;0,00;A11;K-Instituciones Bancarias;Z025;Financiero;;AMORTIZAC PAGARE 2122;67607,29;USD;0,00
1000;70000005;BANCO DEL TESORO, C.A.;2012;;SA;Documento cta.mayor;0100034592;31.03.2016;;;0;31.03.2016;VEF;0,0000;0,0000;0,0000;0,0000;0,0000;0,0000;0,0000;0,00;A11;K-Instituciones Bancarias;Z025;Financiero;;;29394,47;USD;0,00
1000;70000005;BANCO DEL TESORO, C.A.;2180;PAGARE 2180;SA;Documento cta.mayor;0100036742;11.04.2016;;;0;11.04.2016;VEF;0,0000;0,0000;0,0000;0,0000;0,0000;0,0000;0,0000;0,00;A11;K-Instituciones Bancarias;Z025;Financiero;;AMORTIZACION PAGARE 2180;11111,11;USD;0,00
1000;70000005;BANCO DEL TESORO, C.A.;1739;PAGARE 1739;SA;Documento cta.mayor;0100036746;14.04.2016;;;0;14.04.2016;VEF;0,0000;0,0000;0,0000;0,0000;0,0000;0,0000;0,0000;0,00;A11;K-Instituciones Bancarias;Z025;Financiero;;AMORTIZACION PAGARE 1739;27777,78;USD;0,00
1000;70000005;BANCO DEL TESORO, C.A.;1707;PAGARE 1707;SA;Documento cta.mayor;0100036748;18.04.2016;;;0;18.04.2016;VEF;0,0000;0,0000;0,0000;0,0000;0,0000;0,0000;0,0000;0,00;A11;K-Instituciones Bancarias;Z025;Financiero;;AMORTIZACION PAGARE 1707;72916,67;USD;0,00
1000;70000005;BANCO DEL TESORO, C.A.;1708;PAGARE 1708;SA;Documento cta.mayor;0100036749;18.04.2016;;;0;18.04.2016;VEF;0,0000;0,0000;0,0000;0,0000;0,0000;0,0000;0,0000;0,00;A11;K-Instituciones Bancarias;Z025;Financiero;;AMORTIZACION PAGARE 1708;24074,07;USD;0,00
1000;70000005;BANCO DEL TESORO, C.A.;1832;PAGARE 1832;SA;Documento cta.mayor;0100036750;18.04.2016;;;0;18.04.2016;VEF;0,0000;0,0000;0,0000;0,0000;0,0000;0,0000;0,0000;0,00;A11;K-Instituciones Bancarias;Z025;Financiero;;AMORTIZACION PAGARE 1832;9074,07;USD;0,00
1000;70000005;BANCO DEL TESORO, C.A.;1915;PAGARE 1915;SA;Documento cta.mayor;0100036751;20.04.2016;;;0;20.04.2016;VEF;0,0000;0,0000;0,0000;0,0000;0,0000;0,0000;0,0000;0,00;A11;K-Instituciones Bancarias;Z025;Financiero;;AMORTIZACION PAGARE 1915;111111,11;USD;0,00
1000;70000005;BANCO DEL TESORO, C.A.;2122;PAGARE 2122;SA;Documento cta.mayor;0100036752;25.04.2016;;;0;25.04.2016;VEF;0,0000;0,0000;0,0000;0,0000;0,0000;0,0000;0,0000;0,00;A11;K-Instituciones Bancarias;Z025;Financiero;;AMORTIZACION PAGARE 2122;42592,59;USD;0,00
1000;70000005;BANCO DEL TESORO, C.A.;1525;PAGARE 1525;SA;Documento cta.mayor;0100036838;28.04.2016;;;0;28.04.2016;VEF;0,0000;0,0000;0,0000;0,0000;0,0000;0,0000;0,0000;0,00;A11;K-Instituciones Bancarias;Z025;Financiero;;AMORTIZACION PAGARE 1525;173621,69;USD;0,00
1000;70000005;BANCO DEL TESORO, C.A.;1526;PAGARE 1526;SA;Documento cta.mayor;0100036839;28.04.2016;;;0;28.04.2016;VEF;0,0000;0,0000;0,0000;0,0000;0,0000;0,0000;0,0000;0,00;A11;K-Instituciones Bancarias;Z025;Financiero;;AMORTIZACION PAGARE 1526;53916,67;USD;0,00
1000;70000005;BANCO DEL TESORO, C.A.;1750;PAGARE 1750;SA;Documento cta.mayor;0100036840;28.04.2016;;;0;28.04.2016;VEF;0,0000;0,0000;0,0000;0,0000;0,0000;0,0000;0,0000;0,00;A11;K-Instituciones Bancarias;Z025;Financiero;;AMORTIZACION PAGARE 1750;242592,59;USD;0,00
1000;70000005;BANCO DEL TESORO, C.A.;2012;PAGARE 2012;SA;Documento cta.mayor;0100036944;29.04.2016;;;0;29.04.2016;VEF;0,0000;0,0000;0,0000;0,0000;0,0000;0,0000;0,0000;0,00;A11;K-Instituciones Bancarias;Z025;Financiero;;AMORTIZACION PAGARE 2012;18518,52;USD;0,00
1000;70000005;BANCO DEL TESORO, C.A.;2250;PAGARE 2250;SA;Documento cta.mayor;0100036945;29.04.2016;;;0;29.04.2016;VEF;0,0000;0,0000;0,0000;0,0000;0,0000;0,0000;0,0000;0,00;A11;K-Instituciones Bancarias;Z025;Financiero;;AMORTIZACION PAGARE 2250;24074,07;USD;0,00
1000;70000005;BANCO DEL TESORO, C.A.;2180;PAGARE 2180;SA;Documento cta.mayor;0100037712;05.05.2016;;;0;05.05.2016;VEF;0,0000;0,0000;0,0000;0,0000;0,0000;0,0000;0,0000;0,00;A11;K-Instituciones Bancarias;Z025;Financiero;;AMORTIZACION PAGARE 2180;11111,11;USD;0,00
1000;70000005;BANCO DEL TESORO, C.A.;1739;PAGARE 1739;SA;Documento cta.mayor;0100037770;16.05.2016;;;0;16.05.2016;VEF;0,0000;0,0000;0,0000;0,0000;0,0000;0,0000;0,0000;0,00;A11;K-Instituciones Bancarias;Z025;Financiero;;AMORTIZACION PAGARE 1739;27777,78;USD;0,00
1000;70000005;BANCO DEL TESORO, C.A.;1832;PAGARE 1832;SA;Documento cta.mayor;0100037771;16.05.2016;;;0;16.05.2016;VEF;0,0000;0,0000;0,0000;0,0000;0,0000;0,0000;0,0000;0,00;A11;K-Instituciones Bancarias;Z025;Financiero;;AMORTIZACION PAGARE 1832;9074,07;USD;0,00
1000;70000005;BANCO DEL TESORO, C.A.;1707;PAGARE 1707;SA;Documento cta.mayor;0100037920;18.05.2016;;;0;18.05.2016;VEF;0,0000;0,0000;0,0000;0,0000;0,0000;0,0000;0,0000;0,00;A11;K-Instituciones Bancarias;Z025;Financiero;;AMORTIZACION PAGARE 1707;72916,67;USD;0,00
1000;70000005;BANCO DEL TESORO, C.A.;1708;PAGARE 1708;SA;Documento cta.mayor;0100037921;18.05.2016;;;0;18.05.2016;VEF;0,0000;0,0000;0,0000;0,0000;0,0000;0,0000;0,0000;0,00;A11;K-Instituciones Bancarias;Z025;Financiero;;AMORTIZACION PAGARE 1708;24074,07;USD;0,00
1000;70000005;BANCO DEL TESORO, C.A.;1915;PAGARE 1915;SA;Documento cta.mayor;0100037922;19.05.2016;;;0;19.05.2016;VEF;0,0000;0,0000;0,0000;0,0000;0,0000;0,0000;0,0000;0,00;A11;K-Instituciones Bancarias;Z025;Financiero;;AMORTIZACION PAGARE 1915;111111,11;USD;0,00
1000;70000005;BANCO DEL TESORO, C.A.;2122;PAGARE 2122;SA;Documento cta.mayor;0100038182;25.05.2016;;;0;25.05.2016;VEF;0,0000;0,0000;0,0000;0,0000;0,0000;0,0000;0,0000;0,00;A11;K-Instituciones Bancarias;Z025;Financiero;;APERTURA PAGARE 2122;42592,59;USD;0,00
1000;70000005;BANCO DEL TESORO, C.A.;1525;PAGARE 1525;SA;Documento cta.mayor;0100038807;31.05.2016;;;0;31.05.2016;VEF;0,0000;0,0000;0,0000;0,0000;0,0000;0,0000;0,0000;0,00;A11;K-Instituciones Bancarias;Z025;Financiero;;AMORTIZACION PAGARE 1525;173621,69;USD;0,00
1000;70000005;BANCO DEL TESORO, C.A.;1526;PAGARE 1526;SA;Documento cta.mayor;0100038808;31.05.2016;;;0;31.05.2016;VEF;0,0000;0,0000;0,0000;0,0000;0,0000;0,0000;0,0000;0,00;A11;K-Instituciones Bancarias;Z025;Financiero;;AMORTIZACION PAGARE 1526;53916,67;USD;0,00
1000;70000005;BANCO DEL TESORO, C.A.;1750;PAGARE 1750;SA;Documento cta.mayor;0100038809;31.05.2016;;;0;31.05.2016;VEF;0,0000;0,0000;0,0000;0,0000;0,0000;0,0000;0,0000;0,00;A11;K-Instituciones Bancarias;Z025;Financiero;;AMORTIZACION PAGARE 1750;242592,59;USD;0,00
1000;70000005;BANCO DEL TESORO, C.A.;2012;PAGARE 2012;SA;Documento cta.mayor;0100038811;31.05.2016;;;0;31.05.2016;VEF;0,0000;0,0000;0,0000;0,0000;0,0000;0,0000;0,0000;0,00;A11;K-Instituciones Bancarias;Z025;Financiero;;AMORTIZACION PAGARE 2012;18518,52;USD;0,00
1000;70000005;BANCO DEL TESORO, C.A.;2250;PAGARE 2250;SA;Documento cta.mayor;0100038812;31.05.2016;;;0;31.05.2016;VEF;0,0000;0,0000;0,0000;0,0000;0,0000;0,0000;0,0000;0,00;A11;K-Instituciones Bancarias;Z025;Financiero;;AMORTIZACION PAGARE 2250;24074,07;USD;0,00
1000;70000005;BANCO DEL TESORO, C.A.;2180;PAGARE 2180;SA;Documento cta.mayor;0100039158;06.06.2016;;;0;06.06.2016;VEF;0,0000;0,0000;0,0000;0,0000;0,0000;0,0000;0,0000;0,00;A11;K-Instituciones Bancarias;Z025;Financiero;;AMORTIZACION PG 2180;11111,11;USD;0,00
1000;70000005;BANCO DEL TESORO, C.A.;1739;PAGARE 1739;SA;Documento cta.mayor;0100039499;14.06.2016;;;0;14.06.2016;VEF;0,0000;0,0000;0,0000;0,0000;0,0000;0,0000;0,0000;0,00;A11;K-Instituciones Bancarias;Z025;Financiero;;AMORTIZACION PG 1739;27777,78;USD;0,00
1000;70000005;BANCO DEL TESORO, C.A.;1832;PAGARE 1832;SA;Documento cta.mayor;0100039526;16.06.2016;;;0;16.06.2016;VEF;0,0000;0,0000;0,0000;0,0000;0,0000;0,0000;0,0000;0,00;A11;K-Instituciones Bancarias;Z025;Financiero;;AMORTIZACION PG 1832;9074,07;USD;0,00
1000;70000005;BANCO DEL TESORO, C.A.;1707;PAGARE 1707;SA;Documento cta.mayor;0100039795;20.06.2016;;;0;20.06.2016;VEF;0,0000;0,0000;0,0000;0,0000;0,0000;0,0000;0,0000;0,00;A11;K-Instituciones Bancarias;Z025;Financiero;;AMORTIZACION PG 1707;72916,67;USD;0,00
1000;70000005;BANCO DEL TESORO, C.A.;1708;PAGARE 1708;SA;Documento cta.mayor;0100039796;20.06.2016;;;0;20.06.2016;VEF;0,0000;0,0000;0,0000;0,0000;0,0000;0,0000;0,0000;0,00;A11;K-Instituciones Bancarias;Z025;Financiero;;AMORTIZACION PG 1708;24074,07;USD;0,00
1000;70000005;BANCO DEL TESORO, C.A.;1915;PAGARE 1915;SA;Documento cta.mayor;0100039797;20.06.2016;;;0;20.06.2016;VEF;0,0000;0,0000;0,0000;0,0000;0,0000;0,0000;0,0000;0,00;A11;K-Instituciones Bancarias;Z025;Financiero;;AMORTIZACION PG 1915;111111,11;USD;0,00
1000;70000005;BANCO DEL TESORO, C.A.;2122;PAGARE 2122;SA;Documento cta.mayor;0100039979;27.06.2016;;;0;27.06.2016;VEF;0,0000;0,0000;0,0000;0,0000;0,0000;0,0000;0,0000;0,00;A11;K-Instituciones Bancarias;Z025;Financiero;;AMORTIZACION PGARE 2122;42592,59;USD;0,00
1000;70000005;BANCO DEL TESORO, C.A.;1525;PAGARE 1525;SA;Documento cta.mayor;0100040357;28.06.2016;;;0;28.06.2016;VEF;0,0000;0,0000;0,0000;0,0000;0,0000;0,0000;0,0000;0,00;A11;K-Instituciones Bancarias;Z025;Financiero;;AMORTIZACION PGARE 1525;173621,69;USD;0,00
1000;70000005;BANCO DEL TESORO, C.A.;1526;PAGARE 1526;SA;Documento cta.mayor;0100040361;28.06.2016;;;0;28.06.2016;VEF;0,0000;0,0000;0,0000;0,0000;0,0000;0,0000;0,0000;0,00;A11;K-Instituciones Bancarias;Z025;Financiero;;AMORTIZACION PGARE 1526;53916,67;USD;0,00
1000;70000005;BANCO DEL TESORO, C.A.;1750;PAGARE 1750;SA;Documento cta.mayor;0100040362;28.06.2016;;;0;28.06.2016;VEF;0,0000;0,0000;0,0000;0,0000;0,0000;0,0000;0,0000;0,00;A11;K-Instituciones Bancarias;Z025;Financiero;;AMORTIZACION PGARE 1750;242592,59;USD;0,00
1000;70000005;BANCO DEL TESORO, C.A.;2012;PAGARE 2012;SA;Documento cta.mayor;0100040399;30.06.2016;;;0;30.06.2016;VEF;0,0000;0,0000;0,0000;0,0000;0,0000;0,0000;0,0000;0,00;A11;K-Instituciones Bancarias;Z025;Financiero;;AMORTIZACION PGARE 2012;18518,52;USD;0,00
1000;70000005;BANCO DEL TESORO, C.A.;2250;PAGARE 2250;SA;Documento cta.mayor;0100040400;30.06.2016;;;0;30.06.2016;VEF;0,0000;0,0000;0,0000;0,0000;0,0000;0,0000;0,0000;0,00;A11;K-Instituciones Bancarias;Z025;Financiero;;AMORTIZACION PGARE 2250;24074,07;USD;0,00
1000;70000005;BANCO DEL TESORO, C.A.;2180;PAGARE 2180;SA;Documento cta.mayor;0100040655;07.07.2016;;;0;07.07.2016;VEF;0,0000;0,0000;0,0000;0,0000;0,0000;0,0000;0,0000;0,00;A11;K-Instituciones Bancarias;Z025;Financiero;;AMORTIZACION PGARE 2180;11111,11;USD;0,00
1000;70000005;BANCO DEL TESORO, C.A.;1739;PAGARE 1739;SA;Documento cta.mayor;0100040839;14.07.2016;;;0;14.07.2016;VEF;0,0000;0,0000;0,0000;0,0000;0,0000;0,0000;0,0000;0,00;A11;K-Instituciones Bancarias;Z025;Financiero;;AMORTIZACION PGARE 1739;27777,78;USD;0,00
1000;70000005;BANCO DEL TESORO, C.A.;1707;PAGARE 1707;SA;Documento cta.mayor;0100040884;18.07.2016;;;0;18.07.2016;VEF;0,0000;0,0000;0,0000;0,0000;0,0000;0,0000;0,0000;0,00;A11;K-Instituciones Bancarias;Z025;Financiero;;AMORTIZACION PGARE 1707;72916,67;USD;0,00
1000;70000005;BANCO DEL TESORO, C.A.;1708;PAGARE 1708;SA;Documento cta.mayor;0100040885;18.07.2016;;;0;18.07.2016;VEF;0,0000;0,0000;0,0000;0,0000;0,0000;0,0000;0,0000;0,00;A11;K-Instituciones Bancarias;Z025;Financiero;;AMORTIZACION PGARE 1708;24074,07;USD;0,00
1000;70000005;BANCO DEL TESORO, C.A.;1832;PAGARE 1832;SA;Documento cta.mayor;0100040886;18.07.2016;;;0;18.07.2016;VEF;0,0000;0,0000;0,0000;0,0000;0,0000;0,0000;0,0000;0,00;A11;K-Instituciones Bancarias;Z025;Financiero;;AMORTIZACION PGARE 1832;9074,07;USD;0,00
1000;70000005;BANCO DEL TESORO, C.A.;1915;PAGARE 1915;SA;Documento cta.mayor;0100041059;19.07.2016;;;0;19.07.2016;VEF;0,0000;0,0000;0,0000;0,0000;0,0000;0,0000;0,0000;0,00;A11;K-Instituciones Bancarias;Z025;Financiero;;AMORTIZACION PGARE 1915;111111,11;USD;0,00
1000;70000005;BANCO DEL TESORO, C.A.;2122;PAGARE 2122;SA;Documento cta.mayor;0100041482;25.07.2016;;;0;25.07.2016;VEF;0,0000;0,0000;0,0000;0,0000;0,0000;0,0000;0,0000;0,00;A11;K-Instituciones Bancarias;Z025;Financiero;;AMORTIZACION PGARE 2122;42592,59;USD;0,00
1000;70000005;BANCO DEL TESORO, C.A.;2602;PAGARE 2602;SA;Documento cta.mayor;0100041550;22.07.2016;;;0;22.07.2016;VEF;0,0000;0,0000;0,0000;0,0000;0,0000;0,0000;0,0000;0,00;A11;K-Instituciones Bancarias;Z025;Financiero;;APERTURA PAGARE 2602;-5700000,00;USD;0,00
1000;70000005;BANCO DEL TESORO, C.A.;1525;PAGARE 1525;SA;Documento cta.mayor;0100041684;28.07.2016;;;0;28.07.2016;VEF;0,0000;0,0000;0,0000;0,0000;0,0000;0,0000;0,0000;0,00;A11;K-Instituciones Bancarias;Z025;Financiero;;AMORTIZACION PGARE 1525;173621,69;USD;0,00
1000;70000005;BANCO DEL TESORO, C.A.;1526;PAGARE 1526;SA;Documento cta.mayor;0100041685;28.07.2016;;;0;28.07.2016;VEF;0,0000;0,0000;0,0000;0,0000;0,0000;0,0000;0,0000;0,00;A11;K-Instituciones Bancarias;Z025;Financiero;;AMORTIZACION PGARE 1526;53916,67;USD;0,00
1000;70000005;BANCO DEL TESORO, C.A.;1750;PAGARE 1750;SA;Documento cta.mayor;0100041686;28.07.2016;;;0;28.07.2016;VEF;0,0000;0,0000;0,0000;0,0000;0,0000;0,0000;0,0000;0,00;A11;K-Instituciones Bancarias;Z025;Financiero;;AMORTIZACION PGARE 1750;242592,59;USD;0,00
1000;70000005;BANCO DEL TESORO, C.A.;2012;PAGARE 2012;SA;Documento cta.mayor;0100041785;29.07.2016;;;0;29.07.2016;VEF;0,0000;0,0000;0,0000;0,0000;0,0000;0,0000;0,0000;0,00;A11;K-Instituciones Bancarias;Z025;Financiero;;AMORTIZACION PGARE 2012;18518,52;USD;0,00
1000;70000005;BANCO DEL TESORO, C.A.;2250;PAGARE 2250;SA;Documento cta.mayor;0100041786;29.07.2016;;;0;29.07.2016;VEF;0,0000;0,0000;0,0000;0,0000;0,0000;0,0000;0,0000;0,00;A11;K-Instituciones Bancarias;Z025;Financiero;;AMORTIZACION PGARE 2250;24074,07;USD;0,00
1000;70000005;BANCO DEL TESORO, C.A.;2180;PAGARE 2180;SA;Documento cta.mayor;0100042620;05.08.2016;;;0;05.08.2016;VEF;0,0000;0,0000;0,0000;0,0000;0,0000;0,0000;0,0000;0,00;A11;K-Instituciones Bancarias;Z025;Financiero;;AMORTIZACION PGARE 2180;11111,11;USD;0,00
1000;70000005;BANCO DEL TESORO, C.A.;1739;PAGARE 1739;SA;Documento cta.mayor;0100043386;16.08.2016;;;0;16.08.2016;VEF;0,0000;0,0000;0,0000;0,0000;0,0000;0,0000;0,0000;0,00;A11;K-Instituciones Bancarias;Z025;Financiero;;AMORTIZACION PGARE 1739;27777,78;USD;0,00
1000;70000005;BANCO DEL TESORO, C.A.;1832;PAGARE 1832;SA;Documento cta.mayor;0100043387;16.08.2016;;;0;16.08.2016;VEF;0,0000;0,0000;0,0000;0,0000;0,0000;0,0000;0,0000;0,00;A11;K-Instituciones Bancarias;Z025;Financiero;;AMORTIZACION PGARE 1832;9074,07;USD;0,00
1000;70000005;BANCO DEL TESORO, C.A.;1707;PAGARE 1707;SA;Documento cta.mayor;0100043390;18.08.2016;;;0;18.08.2016;VEF;0,0000;0,0000;0,0000;0,0000;0,0000;0,0000;0,0000;0,00;A11;K-Instituciones Bancarias;Z025;Financiero;;AMORTIZACION PGARE 1707;72916,67;USD;0,00
1000;70000005;BANCO DEL TESORO, C.A.;1708;PAGARE 1708;SA;Documento cta.mayor;0100043391;18.08.2016;;;0;18.08.2016;VEF;0,0000;0,0000;0,0000;0,0000;0,0000;0,0000;0,0000;0,00;A11;K-Instituciones Bancarias;Z025;Financiero;;AMORTIZACION PGARE 1708;24074,07;USD;0,00
1000;70000005;BANCO DEL TESORO, C.A.;1915;PAGARE 1915;SA;Documento cta.mayor;0100043392;19.08.2016;;;0;19.08.2016;VEF;0,0000;0,0000;0,0000;0,0000;0,0000;0,0000;0,0000;0,00;A11;K-Instituciones Bancarias;Z025;Financiero;;AMORTIZACION PGARE 1915;111111,11;USD;0,00
1000;70000005;BANCO DEL TESORO, C.A.;2602;PAGARE 2602;SA;Documento cta.mayor;0100043396;22.08.2016;;;0;22.08.2016;VEF;0,0000;0,0000;0,0000;0,0000;0,0000;0,0000;0,0000;0,00;A11;K-Instituciones Bancarias;Z025;Financiero;;AMORTIZACION PGARE 2602;95000,00;USD;0,00
1000;70000005;BANCO DEL TESORO, C.A.;2122;PAGARE 2122;SA;Documento cta.mayor;0100043460;25.08.2016;;;0;25.08.2016;VEF;0,0000;0,0000;0,0000;0,0000;0,0000;0,0000;0,0000;0,00;A11;K-Instituciones Bancarias;Z025;Financiero;;AMORTIZACION PGARE 2122;42592,59;USD;0,00
1000;70000005;BANCO DEL TESORO, C.A.;1525;PAGARE 1525;SA;Documento cta.mayor;0100043915;29.08.2016;;;0;29.08.2016;VEF;0,0000;0,0000;0,0000;0,0000;0,0000;0,0000;0,0000;0,00;A11;K-Instituciones Bancarias;Z025;Financiero;;AMORTIZACION PGARE 1525|;173621,69;USD;0,00
1000;70000005;BANCO DEL TESORO, C.A.;1526;PAGARE 1526;SA;Documento cta.mayor;0100043916;29.08.2016;;;0;29.08.2016;VEF;0,0000;0,0000;0,0000;0,0000;0,0000;0,0000;0,0000;0,00;A11;K-Instituciones Bancarias;Z025;Financiero;;AMORTIZACION PGARE 1526;53916,67;USD;0,00
1000;70000005;BANCO DEL TESORO, C.A.;1750;PAGARE 1750;SA;Documento cta.mayor;0100043917;29.08.2016;;;0;29.08.2016;VEF;0,0000;0,0000;0,0000;0,0000;0,0000;0,0000;0,0000;0,00;A11;K-Instituciones Bancarias;Z025;Financiero;;AMORTIZACION PGARE 1750;242592,59;USD;0,00
1000;70000005;BANCO DEL TESORO, C.A.;2012;PAGARE 2012;SA;Documento cta.mayor;0100044041;31.08.2016;;;0;31.08.2016;VEF;0,0000;0,0000;0,0000;0,0000;0,0000;0,0000;0,0000;0,00;A11;K-Instituciones Bancarias;Z025;Financiero;;AMORTIZACION PGARE 2012;18518,52;USD;0,00
1000;70000005;BANCO DEL TESORO, C.A.;2250;PAGARE 2250;SA;Documento cta.mayor;0100044045;30.08.2016;;;0;30.08.2016;VEF;0,0000;0,0000;0,0000;0,0000;0,0000;0,0000;0,0000;0,00;A11;K-Instituciones Bancarias;Z025;Financiero;;AMORTIZACION PGARE 2250;24074,07;USD;0,00
1000;70000005;BANCO DEL TESORO, C.A.;1739;PAGARE 1739;SA;Documento cta.mayor;0100044704;14.09.2016;;;0;14.09.2016;VEF;0,0000;0,0000;0,0000;0,0000;0,0000;0,0000;0,0000;0,00;A11;K-Instituciones Bancarias;Z025;Financiero;;AMORTIZACION PGARE 1739;27777,78;USD;0,00
1000;70000005;BANCO DEL TESORO, C.A.;2180;PAGARE 2180;SA;Documento cta.mayor;0100044706;14.09.2016;;;0;14.09.2016;VEF;0,0000;0,0000;0,0000;0,0000;0,0000;0,0000;0,0000;0,00;A11;K-Instituciones Bancarias;Z025;Financiero;;AMORTIZACION PGARE 2180;11111,11;USD;0,00
1000;70000005;BANCO DEL TESORO, C.A.;1832;PAGARE 1832;SA;Documento cta.mayor;0100044707;16.09.2016;;;0;16.09.2016;VEF;0,0000;0,0000;0,0000;0,0000;0,0000;0,0000;0,0000;0,00;A11;K-Instituciones Bancarias;Z025;Financiero;;AMORTIZACION PGARE 1832;9074,07;USD;0,00
1000;70000005;BANCO DEL TESORO, C.A.;2655;APERTURA PG 2655;SA;Documento cta.mayor;0100044709;15.09.2016;;;0;15.09.2016;VEF;0,0000;0,0000;0,0000;0,0000;0,0000;0,0000;0,0000;0,00;A11;K-Instituciones Bancarias;Z025;Financiero;;APERTURA PAGARE 2655;-34000000,00;USD;0,00
1000;70000005;BANCO DEL TESORO, C.A.;1707;PAGARE 1707;SA;Documento cta.mayor;0100044869;19.09.2016;;;0;19.09.2016;VEF;0,0000;0,0000;0,0000;0,0000;0,0000;0,0000;0,0000;0,00;A11;K-Instituciones Bancarias;Z025;Financiero;;AMORTIZACION PGARE 1707;72916,67;USD;0,00
1000;70000005;BANCO DEL TESORO, C.A.;1708;PAGARE 1708;SA;Documento cta.mayor;0100044871;19.09.2016;;;0;19.09.2016;VEF;0,0000;0,0000;0,0000;0,0000;0,0000;0,0000;0,0000;0,00;A11;K-Instituciones Bancarias;Z025;Financiero;;AMORTIZACION PGARE 1708;24074,07;USD;0,00
1000;70000005;BANCO DEL TESORO, C.A.;1915;PAGARE 1915;SA;Documento cta.mayor;0100044872;19.09.2016;;;0;19.09.2016;VEF;0,0000;0,0000;0,0000;0,0000;0,0000;0,0000;0,0000;0,00;A11;K-Instituciones Bancarias;Z025;Financiero;;AMORTIZACION PGARE 1915;111111,11;USD;0,00
1000;70000005;BANCO DEL TESORO, C.A.;2602;PAGARE 2602;SA;Documento cta.mayor;0100044974;22.09.2016;;;0;22.09.2016;VEF;0,0000;0,0000;0,0000;0,0000;0,0000;0,0000;0,0000;0,00;A11;K-Instituciones Bancarias;Z025;Financiero;;AMORTIZACION PGARE 2602;95000,00;USD;0,00
1000;70000005;BANCO DEL TESORO, C.A.;2122;PAGARE 2122;SA;Documento cta.mayor;0100045355;26.09.2016;;;0;26.09.2016;VEF;0,0000;0,0000;0,0000;0,0000;0,0000;0,0000;0,0000;0,00;A11;K-Instituciones Bancarias;Z025;Financiero;;AMORTIZACION PGARE 2122;42592,59;USD;0,00
1000;70000005;BANCO DEL TESORO, C.A.;1525;PAGARE 1525;SA;Documento cta.mayor;0100045532;28.09.2016;;;0;28.09.2016;VEF;0,0000;0,0000;0,0000;0,0000;0,0000;0,0000;0,0000;0,00;A11;K-Instituciones Bancarias;Z025;Financiero;;AMORTIZACION PAGRE 1525;173621,69;USD;0,00
1000;70000005;BANCO DEL TESORO, C.A.;1526;PAGARE 1526;SA;Documento cta.mayor;0100045533;28.09.2016;;;0;28.09.2016;VEF;0,0000;0,0000;0,0000;0,0000;0,0000;0,0000;0,0000;0,00;A11;K-Instituciones Bancarias;Z025;Financiero;;AMORTIZACION PAGRE 1526;53916,67;USD;0,00
1000;70000005;BANCO DEL TESORO, C.A.;1750;1750;SA;Documento cta.mayor;0100045534;28.09.2016;;;0;28.09.2016;VEF;0,0000;0,0000;0,0000;0,0000;0,0000;0,0000;0,0000;0,00;A11;K-Instituciones Bancarias;Z025;Financiero;;AMORTIZACION PAGRE 1750;242592,59;USD;0,00
1000;70000005;BANCO DEL TESORO, C.A.;2012;PAGARE 2012;SA;Documento cta.mayor;0100046082;30.09.2016;;;0;30.09.2016;VEF;0,0000;0,0000;0,0000;0,0000;0,0000;0,0000;0,0000;0,00;A11;K-Instituciones Bancarias;Z025;Financiero;;AMORTIZACION PAGRE 2012;18518,52;USD;0,00
1000;70000005;BANCO DEL TESORO, C.A.;2250;PAGARE 2250;SA;Documento cta.mayor;0100046083;30.09.2016;;;0;30.09.2016;VEF;0,0000;0,0000;0,0000;0,0000;0,0000;0,0000;0,0000;0,00;A11;K-Instituciones Bancarias;Z025;Financiero;;AMORTIZACION PAGRE 2250;24074,07;USD;0,00
1000;70000005;BANCO DEL TESORO, C.A.;2180;PAGARE 2180;SA;Documento cta.mayor;0100046278;05.10.2016;;;0;05.10.2016;VEF;0,0000;0,0000;0,0000;0,0000;0,0000;0,0000;0,0000;0,00;A11;K-Instituciones Bancarias;Z025;Financiero;;AMORTIZACION PAGRE 2180;11111,11;USD;0,00
1000;70000005;BANCO DEL TESORO, C.A.;1739;PAGARE 1739;SA;Documento cta.mayor;0100046638;14.10.2016;;;0;14.10.2016;VEF;0,0000;0,0000;0,0000;0,0000;0,0000;0,0000;0,0000;0,00;A11;K-Instituciones Bancarias;Z025;Financiero;;AMORTIZACION PAGRE 1739;27777,78;USD;0,00
1000;70000005;BANCO DEL TESORO, C.A.;1832;PAGARE 1832;SA;Documento cta.mayor;0100047134;17.10.2016;;;0;17.10.2016;VEF;0,0000;0,0000;0,0000;0,0000;0,0000;0,0000;0,0000;0,00;A11;K-Instituciones Bancarias;Z025;Financiero;;AMORTIZACION PAGRE 1832;9074,07;USD;0,00
1000;70000005;BANCO DEL TESORO, C.A.;2655;PAGARE 2655;SA;Documento cta.mayor;0100047157;17.10.2016;;;0;17.10.2016;VEF;0,0000;0,0000;0,0000;0,0000;0,0000;0,0000;0,0000;0,00;A11;K-Instituciones Bancarias;Z025;Financiero;;AMORTIZACION PAGRE 2655;566666,67;USD;0,00
1000;70000005;BANCO DEL TESORO, C.A.;1707;PAGARE 1707;SA;Documento cta.mayor;0100047158;18.10.2016;;;0;18.10.2016;VEF;0,0000;0,0000;0,0000;0,0000;0,0000;0,0000;0,0000;0,00;A11;K-Instituciones Bancarias;Z025;Financiero;;AMORTIZACION PAGARE 1707;72916,67;USD;0,00
1000;70000005;BANCO DEL TESORO, C.A.;1708;PAGARE 1708;SA;Documento cta.mayor;0100047160;18.10.2016;;;0;18.10.2016;VEF;0,0000;0,0000;0,0000;0,0000;0,0000;0,0000;0,0000;0,00;A11;K-Instituciones Bancarias;Z025;Financiero;;AMORTIZACION PAGRE 1708;24074,07;USD;0,00
1000;70000005;BANCO DEL TESORO, C.A.;1915;PAGARE 1915;SA;Documento cta.mayor;0100047399;19.10.2016;;;0;19.10.2016;VEF;0,0000;0,0000;0,0000;0,0000;0,0000;0,0000;0,0000;0,00;A11;K-Instituciones Bancarias;Z025;Financiero;;AMORTIZACION PAGRE 1915;111111,11;USD;0,00
1000;70000005;BANCO DEL TESORO, C.A.;2602;PAGARE 2602;SA;Documento cta.mayor;0100048047;24.10.2016;;;0;24.10.2016;VEF;0,0000;0,0000;0,0000;0,0000;0,0000;0,0000;0,0000;0,00;A11;K-Instituciones Bancarias;Z025;Financiero;;AMORTIZACION PAGRE 2602;95000,00;USD;0,00
1000;70000005;BANCO DEL TESORO, C.A.;2122;PAGARE 2122;SA;Documento cta.mayor;0100048048;25.10.2016;;;0;25.10.2016;VEF;0,0000;0,0000;0,0000;0,0000;0,0000;0,0000;0,0000;0,00;A11;K-Instituciones Bancarias;Z025;Financiero;;AMORTIZACION PAGRE 2122;42592,59;USD;0,00
1000;70000005;BANCO DEL TESORO, C.A.;1525;PAGARE 1525;SA;Documento cta.mayor;0100048304;28.10.2016;;;0;28.10.2016;VEF;0,0000;0,0000;0,0000;0,0000;0,0000;0,0000;0,0000;0,00;A11;K-Instituciones Bancarias;Z025;Financiero;;AMORTIZACION PAGRE 1525;173621,69;USD;0,00
1000;70000005;BANCO DEL TESORO, C.A.;1526;PAGARE 1526;SA;Documento cta.mayor;0100048305;28.10.2016;;;0;28.10.2016;VEF;0,0000;0,0000;0,0000;0,0000;0,0000;0,0000;0,0000;0,00;A11;K-Instituciones Bancarias;Z025;Financiero;;AMORTIZACION PAGRE 1526;53916,67;USD;0,00
1000;70000005;BANCO DEL TESORO, C.A.;1750;PAGARE 1750;SA;Documento cta.mayor;0100048306;28.10.2016;;;0;28.10.2016;VEF;0,0000;0,0000;0,0000;0,0000;0,0000;0,0000;0,0000;0,00;A11;K-Instituciones Bancarias;Z025;Financiero;;AMORTIZACION PAGRE 1750;242592,59;USD;0,00
1000;70000005;BANCO DEL TESORO, C.A.;2012;PAGARE 2250;SA;Documento cta.mayor;0100048340;31.10.2016;;;0;31.10.2016;VEF;0,0000;0,0000;0,0000;0,0000;0,0000;0,0000;0,0000;0,00;A11;K-Instituciones Bancarias;Z025;Financiero;;AMORTIZACION PAGRE 2250;18518,52;USD;0,00
1000;70000005;BANCO DEL TESORO, C.A.;2250;PAGARE 2250;SA;Documento cta.mayor;0100048342;31.10.2016;;;0;31.10.2016;VEF;0,0000;0,0000;0,0000;0,0000;0,0000;0,0000;0,0000;0,00;A11;K-Instituciones Bancarias;Z025;Financiero;;AMORTIZACION PAGRE 2250;24074,07;USD;0,00
1000;70000005;BANCO DEL TESORO, C.A.;2180;PAGARE 2180;SA;Documento cta.mayor;0100048807;08.11.2016;;;0;08.11.2016;VEF;0,0000;0,0000;0,0000;0,0000;0,0000;0,0000;0,0000;0,00;A11;K-Instituciones Bancarias;Z025;Financiero;;AMORTIZACION PAGRE 2180;11111,11;USD;0,00
1000;70000005;BANCO DEL TESORO, C.A.;1739;PAGARE 1739;SA;Documento cta.mayor;0100049143;14.11.2016;;;0;14.11.2016;VEF;0,0000;0,0000;0,0000;0,0000;0,0000;0,0000;0,0000;0,00;A11;K-Instituciones Bancarias;Z025;Financiero;;AMORTIZACION PAGRE 1739;27777,78;USD;0,00
1000;70000005;BANCO DEL TESORO, C.A.;2655;PAGARE 2655;SA;Documento cta.mayor;0100049170;15.11.2016;;;0;15.11.2016;VEF;0,0000;0,0000;0,0000;0,0000;0,0000;0,0000;0,0000;0,00;A11;K-Instituciones Bancarias;Z025;Financiero;;AMORTIZACION PAGARE 2655;566666,67;USD;0,00
1000;70000005;BANCO DEL TESORO, C.A.;1832;PAGARE 1832;SA;Documento cta.mayor;0100049844;16.11.2016;;;0;16.11.2016;VEF;0,0000;0,0000;0,0000;0,0000;0,0000;0,0000;0,0000;0,00;A11;K-Instituciones Bancarias;Z025;Financiero;;AMORTIZACION PAGRE 1832;9074,07;USD;0,00
1000;70000005;BANCO DEL TESORO, C.A.;1707;PAGARE 1707;SA;Documento cta.mayor;0100050117;18.11.2016;;;0;18.11.2016;VEF;0,0000;0,0000;0,0000;0,0000;0,0000;0,0000;0,0000;0,00;A11;K-Instituciones Bancarias;Z025;Financiero;;AMORTIZACION PAGARE 1707;72916,67;USD;0,00
1000;70000005;BANCO DEL TESORO, C.A.;1708;PAGARE 1708;SA;Documento cta.mayor;0100050119;18.11.2016;;;0;18.11.2016;VEF;0,0000;0,0000;0,0000;0,0000;0,0000;0,0000;0,0000;0,00;A11;K-Instituciones Bancarias;Z025;Financiero;;AMORTIZACION PAGARE 1708;24074,07;USD;0,00
1000;70000005;BANCO DEL TESORO, C.A.;1915;PAGARE 1915;SA;Documento cta.mayor;0100050148;21.11.2016;;;0;21.11.2016;VEF;0,0000;0,0000;0,0000;0,0000;0,0000;0,0000;0,0000;0,00;A11;K-Instituciones Bancarias;Z025;Financiero;;AMORTIZACION PAGRE 1915;111111,11;USD;0,00
1000;70000005;BANCO DEL TESORO, C.A.;2602;PAGARE 2602;SA;Documento cta.mayor;0100050172;22.11.2016;;;0;22.11.2016;VEF;0,0000;0,0000;0,0000;0,0000;0,0000;0,0000;0,0000;0,00;A11;K-Instituciones Bancarias;Z025;Financiero;;AMORTIZACION PAGRE 2602;95000,00;USD;0,00
1000;70000005;BANCO DEL TESORO, C.A.;2122;PAGARE 2122;SA;Documento cta.mayor;0100050726;25.11.2016;;;0;25.11.2016;VEF;0,0000;0,0000;0,0000;0,0000;0,0000;0,0000;0,0000;0,00;A11;K-Instituciones Bancarias;Z025;Financiero;;AMORTIZACION PAGRE 2122;42592,59;USD;0,00
1000;70000005;BANCO DEL TESORO, C.A.;1525;PAGARE 1525;SA;Documento cta.mayor;0100050736;28.11.2016;;;0;28.11.2016;VEF;0,0000;0,0000;0,0000;0,0000;0,0000;0,0000;0,0000;0,00;A11;K-Instituciones Bancarias;Z025;Financiero;;AMORTIZACION PAGRE 1525;173621,69;USD;0,00
1000;70000005;BANCO DEL TESORO, C.A.;1526;PAGARE 1526;SA;Documento cta.mayor;0100050737;28.11.2016;;;0;28.11.2016;VEF;0,0000;0,0000;0,0000;0,0000;0,0000;0,0000;0,0000;0,00;A11;K-Instituciones Bancarias;Z025;Financiero;;AMORTIZACION PAGRE 1526;53916,67;USD;0,00
1000;70000005;BANCO DEL TESORO, C.A.;1750;PAGARE 1750;SA;Documento cta.mayor;0100050738;28.11.2016;;;0;28.11.2016;VEF;0,0000;0,0000;0,0000;0,0000;0,0000;0,0000;0,0000;0,00;A11;K-Instituciones Bancarias;Z025;Financiero;;AMORTIZACION PAGRE 1750;242592,59;USD;0,00
1000;70000005;BANCO DEL TESORO, C.A.;2012;PAGARE 2012;SA;Documento cta.mayor;0100050953;30.11.2016;;;0;30.11.2016;VEF;0,0000;0,0000;0,0000;0,0000;0,0000;0,0000;0,0000;0,00;A11;K-Instituciones Bancarias;Z025;Financiero;;AMORTIZACION PAGRE 2012;18518,52;USD;0,00
1000;70000005;BANCO DEL TESORO, C.A.;2250;PAGARE 2250;SA;Documento cta.mayor;0100050954;30.11.2016;;;0;30.11.2016;VEF;0,0000;0,0000;0,0000;0,0000;0,0000;0,0000;0,0000;0,00;A11;K-Instituciones Bancarias;Z025;Financiero;;AMORTIZACION PAGRE 2250;24074,07;USD;0,00
1000;70000005;BANCO DEL TESORO, C.A.;2180;PAGARE 2180;SA;Documento cta.mayor;0100051140;06.12.2016;;;0;06.12.2016;VEF;0,0000;0,0000;0,0000;0,0000;0,0000;0,0000;0,0000;0,00;A11;K-Instituciones Bancarias;Z025;Financiero;;AMORTIZACION PAGRE 2180;11111,11;USD;0,00
1000;70000005;BANCO DEL TESORO, C.A.;1739;PAGARE 1739;SA;Documento cta.mayor;0100051931;14.12.2016;;;0;14.12.2016;VEF;0,0000;0,0000;0,0000;0,0000;0,0000;0,0000;0,0000;0,00;A11;K-Instituciones Bancarias;Z025;Financiero;;AMORTIZACION PAGARE 1739;27777,78;USD;0,00
1000;70000005;BANCO DEL TESORO, C.A.;2655;PAGARE 2655;SA;Documento cta.mayor;0100051933;15.12.2016;;;0;15.12.2016;VEF;0,0000;0,0000;0,0000;0,0000;0,0000;0,0000;0,0000;0,00;A11;K-Instituciones Bancarias;Z025;Financiero;;AMORTIZACION PAGRE 2655;566666,67;USD;0,00
1000;70000005;BANCO DEL TESORO, C.A.;1832;PAGARE 1832;SA;Documento cta.mayor;0100051938;16.12.2016;;;0;16.12.2016;VEF;0,0000;0,0000;0,0000;0,0000;0,0000;0,0000;0,0000;0,00;A11;K-Instituciones Bancarias;Z025;Financiero;;AMORTIZACION PAGRE 1832;9074,07;USD;0,00
1000;70000005;BANCO DEL TESORO, C.A.;1707;PAGARE 1707;SA;Documento cta.mayor;0100051980;19.12.2016;;;0;19.12.2016;VEF;0,0000;0,0000;0,0000;0,0000;0,0000;0,0000;0,0000;0,00;A11;K-Instituciones Bancarias;Z025;Financiero;;AMORTIZACION PAGRE 1707;72916,67;USD;0,00
1000;70000005;BANCO DEL TESORO, C.A.;1708;PAGARE 1708;SA;Documento cta.mayor;0100051983;19.12.2016;;;0;19.12.2016;VEF;0,0000;0,0000;0,0000;0,0000;0,0000;0,0000;0,0000;0,00;A11;K-Instituciones Bancarias;Z025;Financiero;;AMORTIZACION PAGRE 1708;24074,07;USD;0,00
1000;70000005;BANCO DEL TESORO, C.A.;1915;PAGARE 1915;SA;Documento cta.mayor;0100051985;19.12.2016;;;0;19.12.2016;VEF;0,0000;0,0000;0,0000;0,0000;0,0000;0,0000;0,0000;0,00;A11;K-Instituciones Bancarias;Z025;Financiero;;AMORTIZACION PAGRE 1915;111111,11;USD;0,00
1000;70000005;BANCO DEL TESORO, C.A.;2602;PAGARE 2602;SA;Documento cta.mayor;0100052146;22.12.2016;;;0;22.12.2016;VEF;0,0000;0,0000;0,0000;0,0000;0,0000;0,0000;0,0000;0,00;A11;K-Instituciones Bancarias;Z025;Financiero;;AMORTIZACION PAGRE 2602;95000,00;USD;0,00
1000;70000005;BANCO DEL TESORO, C.A.;2122;PAGARE 2122;SA;Documento cta.mayor;0100052254;26.12.2016;;;0;26.12.2016;VEF;0,0000;0,0000;0,0000;0,0000;0,0000;0,0000;0,0000;0,00;A11;K-Instituciones Bancarias;Z025;Financiero;;AMORTIZACION PAGRE 2122;42592,59;USD;0,00
1000;70000005;BANCO DEL TESORO, C.A.;1525;PAGARE 1525;SA;Documento cta.mayor;0100052429;28.12.2016;;;0;28.12.2016;VEF;0,0000;0,0000;0,0000;0,0000;0,0000;0,0000;0,0000;0,00;A11;K-Instituciones Bancarias;Z025;Financiero;;AMORTIZACION PAGRE 1525;173621,69;USD;0,00
1000;70000005;BANCO DEL TESORO, C.A.;1526;PAGARE 1526;SA;Documento cta.mayor;0100052430;28.12.2016;;;0;28.12.2016;VEF;0,0000;0,0000;0,0000;0,0000;0,0000;0,0000;0,0000;0,00;A11;K-Instituciones Bancarias;Z025;Financiero;;AMORTIZACION PAGRE 1526;53916,67;USD;0,00
1000;70000005;BANCO DEL TESORO, C.A.;1750;PAGARE 1750;SA;Documento cta.mayor;0100052432;28.12.2016;;;0;28.12.2016;VEF;0,0000;0,0000;0,0000;0,0000;0,0000;0,0000;0,0000;0,00;A11;K-Instituciones Bancarias;Z025;Financiero;;AMORTIZACION PAGRE 1750;242592,59;USD;0,00
1000;70000005;BANCO DEL TESORO, C.A.;2250;PAGARE 2250;SA;Documento cta.mayor;0100052619;30.12.2016;;;0;30.12.2016;VEF;0,0000;0,0000;0,0000;0,0000;0,0000;0,0000;0,0000;0,00;A11;K-Instituciones Bancarias;Z025;Financiero;;AMORTIZACION PAGRE 2250;24074,07;USD;0,00
1000;70000005;BANCO DEL TESORO, C.A.;2012;PAGARE 2012;SA;Documento cta.mayor;0100052620;30.12.2016;;;0;30.12.2016;VEF;0,0000;0,0000;0,0000;0,0000;0,0000;0,0000;0,0000;0,00;A11;K-Instituciones Bancarias;Z025;Financiero;;AMORTIZACION PAGRE 2012;18518,52;USD;0,00
1000;70000005;BANCO DEL TESORO, C.A.;2180;PAGARE 2180;SA;Documento cta.mayor;0100052785;05.01.2017;;;0;05.01.2017;VEF;0,0000;0,0000;0,0000;0,0000;0,0000;0,0000;0,0000;0,00;A11;K-Instituciones Bancarias;Z025;Financiero;;AMORTIZACION PAGRE 2180;11111,11;USD;0,00
1000;70000005;BANCO DEL TESORO, C.A.;1739;PAGARE 1739;SA;Documento cta.mayor;0100052790;16.01.2017;;;0;16.01.2017;VEF;0,0000;0,0000;0,0000;0,0000;0,0000;0,0000;0,0000;0,00;A11;K-Instituciones Bancarias;Z025;Financiero;;AMORTIZACION PAGRE 1739;27777,78;USD;0,00
1000;70000005;BANCO DEL TESORO, C.A.;1832;PAGARE 1832;SA;Documento cta.mayor;0100052791;16.01.2017;;;0;16.01.2017;VEF;0,0000;0,0000;0,0000;0,0000;0,0000;0,0000;0,0000;0,00;A11;K-Instituciones Bancarias;Z025;Financiero;;AMORTIZACION PAGRE 1832;9074,07;USD;0,00
1000;70000005;BANCO DEL TESORO, C.A.;2655;PAGARE 2655;SA;Documento cta.mayor;0100052792;16.01.2017;;;0;16.01.2017;VEF;0,0000;0,0000;0,0000;0,0000;0,0000;0,0000;0,0000;0,00;A11;K-Instituciones Bancarias;Z025;Financiero;;AMORTIZACION PAGRE 2655;566666,67;USD;0,00
1000;70000005;BANCO DEL TESORO, C.A.;1707;PAGARE 1707;SA;Documento cta.mayor;0100052793;18.01.2017;;;0;18.01.2017;VEF;0,0000;0,0000;0,0000;0,0000;0,0000;0,0000;0,0000;0,00;A11;K-Instituciones Bancarias;Z025;Financiero;;AMORTIZACION PAGRE 1707;72916,67;USD;0,00
1000;70000005;BANCO DEL TESORO, C.A.;1708;PAGARE 1708;SA;Documento cta.mayor;0100052794;18.01.2017;;;0;18.01.2017;VEF;0,0000;0,0000;0,0000;0,0000;0,0000;0,0000;0,0000;0,00;A11;K-Instituciones Bancarias;Z025;Financiero;;AMORTIZACION PAGRE 1708;24074,07;USD;0,00
1000;70000005;BANCO DEL TESORO, C.A.;1915;PAGARE 1915;SA;Documento cta.mayor;0100052795;19.01.2017;;;0;19.01.2017;VEF;0,0000;0,0000;0,0000;0,0000;0,0000;0,0000;0,0000;0,00;A11;K-Instituciones Bancarias;Z025;Financiero;;AMORTIZACION PAGRE 1915;111111,11;USD;0,00
1000;70000005;BANCO DEL TESORO, C.A.;2602;PAGARE 2602;SA;Documento cta.mayor;0100052842;23.01.2017;;;0;23.01.2017;VEF;0,0000;0,0000;0,0000;0,0000;0,0000;0,0000;0,0000;0,00;A11;K-Instituciones Bancarias;Z025;Financiero;;AMORTIZACION PAGRE 2602;95000,00;USD;0,00
1000;70000005;BANCO DEL TESORO, C.A.;2122;PAGARE 2122;SA;Documento cta.mayor;0100052999;25.01.2017;;;0;25.01.2017;VEF;0,0000;0,0000;0,0000;0,0000;0,0000;0,0000;0,0000;0,00;A11;K-Instituciones Bancarias;Z025;Financiero;;AMORTIZACION PAGRE 2122;42592,59;USD;0,00
1000;70000005;BANCO DEL TESORO, C.A.;1525;1525;SA;Documento cta.mayor;0100053145;30.01.2017;;;0;30.01.2017;VEF;0,0000;0,0000;0,0000;0,0000;0,0000;0,0000;0,0000;0,00;A11;K-Instituciones Bancarias;Z025;Financiero;;AMORTIZACION PAGARE;173621,69;USD;0,00
1000;70000005;BANCO DEL TESORO, C.A.;1526;1526;SA;Documento cta.mayor;0100053146;30.01.2017;;;0;30.01.2017;VEF;0,0000;0,0000;0,0000;0,0000;0,0000;0,0000;0,0000;0,00;A11;K-Instituciones Bancarias;Z025;Financiero;;AMORTIZACION PAGARE;53916,67;USD;0,00
1000;70000005;BANCO DEL TESORO, C.A.;1750;1750;SA;Documento cta.mayor;0100053147;30.01.2017;;;0;30.01.2017;VEF;0,0000;0,0000;0,0000;0,0000;0,0000;0,0000;0,0000;0,00;A11;K-Instituciones Bancarias;Z025;Financiero;;AMORTIZACION PAGARE;242592,59;USD;0,00
1000;70000005;BANCO DEL TESORO, C.A.;2250;2250;SA;Documento cta.mayor;0100053148;30.01.2017;;;0;30.01.2017;VEF;0,0000;0,0000;0,0000;0,0000;0,0000;0,0000;0,0000;0,00;A11;K-Instituciones Bancarias;Z025;Financiero;;AMORTIZACION PAGARE;24074,07;USD;0,00
1000;70000005;BANCO DEL TESORO, C.A.;2012;2012;SA;Documento cta.mayor;0100053149;31.01.2017;;;0;31.01.2017;VEF;0,0000;0,0000;0,0000;0,0000;0,0000;0,0000;0,0000;0,00;A11;K-Instituciones Bancarias;Z025;Financiero;;AMORTIZACION PAGARE;18518,52;USD;0,00
1000;70000005;BANCO DEL TESORO, C.A.;1739;1739;SA;Documento cta.mayor;0100054328;14.02.2017;;;0;14.02.2017;VEF;0,0000;0,0000;0,0000;0,0000;0,0000;0,0000;0,0000;0,00;A11;K-Instituciones Bancarias;Z025;Financiero;;AMORTIZACION PAGARE;27777,78;USD;0,00
1000;70000005;BANCO DEL TESORO, C.A.;2655;2655;SA;Documento cta.mayor;0100054329;15.02.2017;;;0;15.02.2017;VEF;0,0000;0,0000;0,0000;0,0000;0,0000;0,0000;0,0000;0,00;A11;K-Instituciones Bancarias;Z025;Financiero;;AMORTIZACION PAGARE;566666,67;USD;0,00
1000;70000005;BANCO DEL TESORO, C.A.;1832;1832;SA;Documento cta.mayor;0100054330;16.02.2017;;;0;16.02.2017;VEF;0,0000;0,0000;0,0000;0,0000;0,0000;0,0000;0,0000;0,00;A11;K-Instituciones Bancarias;Z025;Financiero;;AMORTIZACION PAGARE;9074,07;USD;0,00
1000;70000005;BANCO DEL TESORO, C.A.;2180;2180;SA;Documento cta.mayor;0100054331;06.02.2017;;;0;06.02.2017;VEF;0,0000;0,0000;0,0000;0,0000;0,0000;0,0000;0,0000;0,00;A11;K-Instituciones Bancarias;Z025;Financiero;;AMORTIZACION PAGARE;11111,11;USD;0,00
1000;70000005;BANCO DEL TESORO, C.A.;1707;1707;SA;Documento cta.mayor;0100054333;20.02.2017;;;0;20.02.2017;VEF;0,0000;0,0000;0,0000;0,0000;0,0000;0,0000;0,0000;0,00;A11;K-Instituciones Bancarias;Z025;Financiero;;AMORTIZACION PAGARE;72916,67;USD;0,00
1000;70000005;BANCO DEL TESORO, C.A.;1708;1708;SA;Documento cta.mayor;0100054336;20.02.2017;;;0;20.02.2017;VEF;0,0000;0,0000;0,0000;0,0000;0,0000;0,0000;0,0000;0,00;A11;K-Instituciones Bancarias;Z025;Financiero;;AMORTIZACION PAGARE;24074,07;USD;0,00
1000;70000005;BANCO DEL TESORO, C.A.;1915;1915;SA;Documento cta.mayor;0100054337;20.02.2017;;;0;20.02.2017;VEF;0,0000;0,0000;0,0000;0,0000;0,0000;0,0000;0,0000;0,00;A11;K-Instituciones Bancarias;Z025;Financiero;;AMORTIZACION PAGARE;111111,11;USD;0,00
1000;70000005;BANCO DEL TESORO, C.A.;2602;002602;SA;Documento cta.mayor;0100054505;22.02.2017;;;0;22.02.2017;VEF;0,0000;0,0000;0,0000;0,0000;0,0000;0,0000;0,0000;0,00;A11;K-Instituciones Bancarias;Z025;Financiero;;AMORTIZACION PAGARE;95000,00;USD;0,00
1000;70000005;BANCO DEL TESORO, C.A.;1525;1525;SA;Documento cta.mayor;0100054507;24.02.2017;;;0;24.02.2017;VEF;0,0000;0,0000;0,0000;0,0000;0,0000;0,0000;0,0000;0,00;A11;K-Instituciones Bancarias;Z025;Financiero;;AMORTIZACION PAGARE;173621,69;USD;0,00
1000;70000005;BANCO DEL TESORO, C.A.;1526;1526;SA;Documento cta.mayor;0100054508;24.02.2017;;;0;24.02.2017;VEF;0,0000;0,0000;0,0000;0,0000;0,0000;0,0000;0,0000;0,00;A11;K-Instituciones Bancarias;Z025;Financiero;;AMORTIZACION PAGARE;53916,67;USD;0,00
1000;70000005;BANCO DEL TESORO, C.A.;1750;1750;SA;Documento cta.mayor;0100054509;24.02.2017;;;0;24.02.2017;VEF;0,0000;0,0000;0,0000;0,0000;0,0000;0,0000;0,0000;0,00;A11;K-Instituciones Bancarias;Z025;Financiero;;AMORTIZACION PAGARE;242592,59;USD;0,00
1000;70000005;BANCO DEL TESORO, C.A.;2012;2012;SA;Documento cta.mayor;0100054510;24.02.2017;;;0;24.02.2017;VEF;0,0000;0,0000;0,0000;0,0000;0,0000;0,0000;0,0000;0,00;A11;K-Instituciones Bancarias;Z025;Financiero;;AMORTIZACION PAGARE;18518,52;USD;0,00
1000;70000005;BANCO DEL TESORO, C.A.;2122;2122;SA;Documento cta.mayor;0100054511;24.02.2017;;;0;24.02.2017;VEF;0,0000;0,0000;0,0000;0,0000;0,0000;0,0000;0,0000;0,00;A11;K-Instituciones Bancarias;Z025;Financiero;;AMORTIZACION PAGARE;42592,59;USD;0,00
1000;70000005;BANCO DEL TESORO, C.A.;2250;2250;SA;Documento cta.mayor;0100054512;24.02.2017;;;0;24.02.2017;VEF;0,0000;0,0000;0,0000;0,0000;0,0000;0,0000;0,0000;0,00;A11;K-Instituciones Bancarias;Z025;Financiero;;AMORTIZACION PAGARE;24074,07;USD;0,00
1000;70000005;BANCO DEL TESORO, C.A.;2180;PAGARE 2180;SA;Documento cta.mayor;0100056931;06.03.2017;;;0;06.03.2017;VEF;0,0000;0,0000;0,0000;0,0000;0,0000;0,0000;0,0000;0,00;A11;K-Instituciones Bancarias;Z025;Financiero;;AMORTIZACION PAGRE 2180;11111,11;USD;0,00
1000;70000005;BANCO DEL TESORO, C.A.;1739;PAGARE 1739;SA;Documento cta.mayor;0100056937;14.03.2017;;;0;14.03.2017;VEF;0,0000;0,0000;0,0000;0,0000;0,0000;0,0000;0,0000;0,00;A11;K-Instituciones Bancarias;Z025;Financiero;;AMORTIZACION PAGRE 1739;27777,78;USD;0,00
1000;70000005;BANCO DEL TESORO, C.A.;2655;PAGARE 2655;SA;Documento cta.mayor;0100056939;15.03.2017;;;0;15.03.2017;VEF;0,0000;0,0000;0,0000;0,0000;0,0000;0,0000;0,0000;0,00;A11;K-Instituciones Bancarias;Z025;Financiero;;AMORTIZACION PAGRE 2655;566666,67;USD;0,00
1000;70000005;BANCO DEL TESORO, C.A.;1832;PAGARE 1832;SA;Documento cta.mayor;0100056941;16.03.2017;;;0;16.03.2017;VEF;0,0000;0,0000;0,0000;0,0000;0,0000;0,0000;0,0000;0,00;A11;K-Instituciones Bancarias;Z025;Financiero;;AMORTIZACION PAGRE 1832;9074,07;USD;0,00
1000;70000005;BANCO DEL TESORO, C.A.;1707;PAGARE 1707;SA;Documento cta.mayor;0100056943;20.03.2017;;;0;20.03.2017;VEF;0,0000;0,0000;0,0000;0,0000;0,0000;0,0000;0,0000;0,00;A11;K-Instituciones Bancarias;Z025;Financiero;;AMORTIZACION PAGRE 1707;72916,67;USD;0,00
1000;70000005;BANCO DEL TESORO, C.A.;1708;PAGARE 1708;SA;Documento cta.mayor;0100056944;20.03.2017;;;0;20.03.2017;VEF;0,0000;0,0000;0,0000;0,0000;0,0000;0,0000;0,0000;0,00;A11;K-Instituciones Bancarias;Z025;Financiero;;AMORTIZACION PAGRE 1708;24074,07;USD;0,00
1000;70000005;BANCO DEL TESORO, C.A.;1915;PAGARE 1915;SA;Documento cta.mayor;0100056986;21.03.2017;;;0;21.03.2017;VEF;0,0000;0,0000;0,0000;0,0000;0,0000;0,0000;0,0000;0,00;A11;K-Instituciones Bancarias;Z025;Financiero;;AMORTIZACION PAGRE 1915;111111,11;USD;0,00
1000;70000005;BANCO DEL TESORO, C.A.;2602;PAGARE 2602;SA;Documento cta.mayor;0100056993;22.03.2017;;;0;22.03.2017;VEF;0,0000;0,0000;0,0000;0,0000;0,0000;0,0000;0,0000;0,00;A11;K-Instituciones Bancarias;Z025;Financiero;;AMORTIZACION PAGRE 2602;95000,00;USD;0,00
1000;70000005;BANCO DEL TESORO, C.A.;2122;PAGARE 2122;SA;Documento cta.mayor;0100057009;27.03.2017;;;0;27.03.2017;VEF;0,0000;0,0000;0,0000;0,0000;0,0000;0,0000;0,0000;0,00;A11;K-Instituciones Bancarias;Z025;Financiero;;AMORTIZACION PAGRE 2122;42592,59;USD;0,00
1000;70000005;BANCO DEL TESORO, C.A.;1525;PAGARE 1525;SA;Documento cta.mayor;0100057018;28.03.2017;;;0;28.03.2017;VEF;0,0000;0,0000;0,0000;0,0000;0,0000;0,0000;0,0000;0,00;A11;K-Instituciones Bancarias;Z025;Financiero;;AMORTIZACION PAGRE 1525;173621,69;USD;0,00
1000;70000005;BANCO DEL TESORO, C.A.;1526;PAGARE 1526;SA;Documento cta.mayor;0100057020;28.03.2017;;;0;28.03.2017;VEF;0,0000;0,0000;0,0000;0,0000;0,0000;0,0000;0,0000;0,00;A11;K-Instituciones Bancarias;Z025;Financiero;;AMORTIZACION PAGRE 1526;53916,67;USD;0,00
1000;70000005;BANCO DEL TESORO, C.A.;1750;PAGARE 1750;SA;Documento cta.mayor;0100057027;28.03.2017;;;0;28.03.2017;VEF;0,0000;0,0000;0,0000;0,0000;0,0000;0,0000;0,0000;0,00;A11;K-Instituciones Bancarias;Z025;Financiero;;AMORTIZACION PAGRE 1750;242592,59;USD;0,00
1000;70000005;BANCO DEL TESORO, C.A.;2250;PAGARE 2250;SA;Documento cta.mayor;0100057028;30.03.2017;;;0;30.03.2017;VEF;0,0000;0,0000;0,0000;0,0000;0,0000;0,0000;0,0000;0,00;A11;K-Instituciones Bancarias;Z025;Financiero;;AMORTIZACION PAGRE 2250;24074,07;USD;0,00
1000;70000005;BANCO DEL TESORO, C.A.;2012;PAGARE 2012;SA;Documento cta.mayor;0100057100;31.03.2017;;;0;31.03.2017;VEF;0,0000;0,0000;0,0000;0,0000;0,0000;0,0000;0,0000;0,00;A11;K-Instituciones Bancarias;Z025;Financiero;;AMORTIZACION PAGRE 2012;18518,52;USD;0,00
1000;70000005;BANCO DEL TESORO, C.A.;2894;APERTURA PAGARE;SA;Documento cta.mayor;0100057153;31.03.2017;;;0;31.03.2017;VEF;0,0000;0,0000;0,0000;0,0000;0,0000;0,0000;0,0000;0,00;A11;K-Instituciones Bancarias;Z025;Financiero;;APERTURA PAGARE 2894;-7701700,00;USD;0,00
1000;70000005;BANCO DEL TESORO, C.A.;2180;PAGARE 2180;SA;Documento cta.mayor;0100057820;05.04.2017;;;0;05.04.2017;VEF;0,0000;0,0000;0,0000;0,0000;0,0000;0,0000;0,0000;0,00;A11;K-Instituciones Bancarias;Z025;Financiero;;AMORTIZACION PAGRE 2180;11111,11;USD;0,00
1000;70000005;BANCO DEL TESORO, C.A.;1739;PAGARE 1739;SA;Documento cta.mayor;0100057980;17.04.2017;;;0;17.04.2017;VEF;0,0000;0,0000;0,0000;0,0000;0,0000;0,0000;0,0000;0,00;A11;K-Instituciones Bancarias;Z025;Financiero;;AMORTIZACION PAGRE 1739;27777,78;USD;0,00
1000;70000005;BANCO DEL TESORO, C.A.;1832;PAGARE 1832;SA;Documento cta.mayor;0100057981;17.04.2017;;;0;17.04.2017;VEF;0,0000;0,0000;0,0000;0,0000;0,0000;0,0000;0,0000;0,00;A11;K-Instituciones Bancarias;Z025;Financiero;;AMORTIZACION PAGRE 1832;9074,07;USD;0,00
1000;70000005;BANCO DEL TESORO, C.A.;1707;PAGARE 1707;SA;Documento cta.mayor;0100057982;18.04.2017;;;0;18.04.2017;VEF;0,0000;0,0000;0,0000;0,0000;0,0000;0,0000;0,0000;0,00;A11;K-Instituciones Bancarias;Z025;Financiero;;AMORTIZACION PAGRE 1707;72916,67;USD;0,00
1000;70000005;BANCO DEL TESORO, C.A.;1708;PAGARE 1708;SA;Documento cta.mayor;0100057983;18.04.2017;;;0;18.04.2017;VEF;0,0000;0,0000;0,0000;0,0000;0,0000;0,0000;0,0000;0,00;A11;K-Instituciones Bancarias;Z025;Financiero;;AMORTIZACION PAGRE 1708;24074,07;USD;0,00
1000;70000005;BANCO DEL TESORO, C.A.;2655;PAGARE 2655;SA;Documento cta.mayor;0100057984;18.04.2017;;;0;18.04.2017;VEF;0,0000;0,0000;0,0000;0,0000;0,0000;0,0000;0,0000;0,00;A11;K-Instituciones Bancarias;Z025;Financiero;;AMORTIZACION PAGRE 2655;566666,67;USD;0,00
1000;70000005;BANCO DEL TESORO, C.A.;1915;PAGARE 1915;SA;Documento cta.mayor;0100058102;20.04.2017;;;0;20.04.2017;VEF;0,0000;0,0000;0,0000;0,0000;0,0000;0,0000;0,0000;0,00;A11;K-Instituciones Bancarias;Z025;Financiero;;AMORTIZACION PAGRE 1915;111111,11;USD;0,00
1000;70000005;BANCO DEL TESORO, C.A.;2602;PAGARE 2602;SA;Documento cta.mayor;0100058206;24.04.2017;;;0;24.04.2017;VEF;0,0000;0,0000;0,0000;0,0000;0,0000;0,0000;0,0000;0,00;A11;K-Instituciones Bancarias;Z025;Financiero;;AMORTIZACION PAGRE 2602;95000,00;USD;0,00
1000;70000005;BANCO DEL TESORO, C.A.;2122;PAGARE 2122;SA;Documento cta.mayor;0100058797;25.04.2017;;;0;25.04.2017;VEF;0,0000;0,0000;0,0000;0,0000;0,0000;0,0000;0,0000;0,00;A11;K-Instituciones Bancarias;Z025;Financiero;;AMORTIZACION PAGRE 21222;42592,59;USD;0,00
1000;70000005;BANCO DEL TESORO, C.A.;2012;1525;SA;Documento cta.mayor;0100059244;28.04.2017;;;0;28.04.2017;VEF;0,0000;0,0000;0,0000;0,0000;0,0000;0,0000;0,0000;0,00;A11;K-Instituciones Bancarias;Z025;Financiero;;AMORTIZACION 1525;18518,52;USD;0,00
1000;70000005;BANCO DEL TESORO, C.A.;2250;1525;SA;Documento cta.mayor;0100059244;28.04.2017;;;0;28.04.2017;VEF;0,0000;0,0000;0,0000;0,0000;0,0000;0,0000;0,0000;0,00;A11;K-Instituciones Bancarias;Z025;Financiero;;AMORTIZACION 1525;24074,07;USD;0,00
1000;70000005;BANCO DEL TESORO, C.A.;1525;1525;SA;Documento cta.mayor;0100059244;28.04.2017;;;0;28.04.2017;VEF;0,0000;0,0000;0,0000;0,0000;0,0000;0,0000;0,0000;0,00;A11;K-Instituciones Bancarias;Z025;Financiero;;AMORTIZACION 1525;173621,69;USD;0,00
1000;70000005;BANCO DEL TESORO, C.A.;1526;1525;SA;Documento cta.mayor;0100059244;28.04.2017;;;0;28.04.2017;VEF;0,0000;0,0000;0,0000;0,0000;0,0000;0,0000;0,0000;0,00;A11;K-Instituciones Bancarias;Z025;Financiero;;AMORTIZACION 1525;53916,67;USD;0,00
1000;70000005;BANCO DEL TESORO, C.A.;1750;1525;SA;Documento cta.mayor;0100059244;28.04.2017;;;0;28.04.2017;VEF;0,0000;0,0000;0,0000;0,0000;0,0000;0,0000;0,0000;0,00;A11;K-Instituciones Bancarias;Z025;Financiero;;AMORTIZACION 1525;242592,59;USD;0,00
1000;70000005;BANCO DEL TESORO, C.A.;2894;2894;SA;Documento cta.mayor;0100059357;28.04.2017;;;0;28.04.2017;VEF;0,0000;0,0000;0,0000;0,0000;0,0000;0,0000;0,0000;0,00;A11;K-Instituciones Bancarias;Z025;Financiero;;AMORTIZACION 2894;427872,22;USD;0,00
1000;70000005;BANCO DEL TESORO, C.A.;2180;PAGARE 2180;SA;Documento cta.mayor;0100059504;05.05.2017;;;0;05.05.2017;VEF;0,0000;0,0000;0,0000;0,0000;0,0000;0,0000;0,0000;0,00;A11;K-Instituciones Bancarias;Z025;Financiero;;APERTURA PAGARE 2180;11111,11;USD;0,00
1000;70000005;BANCO DEL TESORO, C.A.;2655;PAGARE 2655;SA;Documento cta.mayor;0100060043;15.05.2017;;;0;15.05.2017;VEF;0,0000;0,0000;0,0000;0,0000;0,0000;0,0000;0,0000;0,00;A11;K-Instituciones Bancarias;Z025;Financiero;;AMORTIZACION PAGRE 2655;566666,67;USD;0,00
1000;70000005;BANCO DEL TESORO, C.A.;1739;PAGARE 1739;SA;Documento cta.mayor;0100060047;15.05.2017;;;0;15.05.2017;VEF;0,0000;0,0000;0,0000;0,0000;0,0000;0,0000;0,0000;0,00;A11;K-Instituciones Bancarias;Z025;Financiero;;AMORTIZACION PAGRE 1739;27777,78;USD;0,00
1000;70000005;BANCO DEL TESORO, C.A.;1832;PAGARE 1832;SA;Documento cta.mayor;0100060077;16.05.2017;;;0;16.05.2017;VEF;0,0000;0,0000;0,0000;0,0000;0,0000;0,0000;0,0000;0,00;A11;K-Instituciones Bancarias;Z025;Financiero;;AMORTIZACION PAGRE 1832;9074,07;USD;0,00
1000;70000005;BANCO DEL TESORO, C.A.;1707;PAGARE 1707;SA;Documento cta.mayor;0100060244;18.05.2017;;;0;18.05.2017;VEF;0,0000;0,0000;0,0000;0,0000;0,0000;0,0000;0,0000;0,00;A11;K-Instituciones Bancarias;Z025;Financiero;;AMORTIZACION PAGARE 1707;72916,67;USD;0,00
1000;70000005;BANCO DEL TESORO, C.A.;1708;PAGARE 1708;SA;Documento cta.mayor;0100060245;18.05.2017;;;0;18.05.2017;VEF;0,0000;0,0000;0,0000;0,0000;0,0000;0,0000;0,0000;0,00;A11;K-Instituciones Bancarias;Z025;Financiero;;AMORTIZACION PAGRE 1708;24074,07;USD;0,00
1000;70000005;BANCO DEL TESORO, C.A.;1915;PAGARE 1915;SA;Documento cta.mayor;0100060407;19.05.2017;;;0;19.05.2017;VEF;0,0000;0,0000;0,0000;0,0000;0,0000;0,0000;0,0000;0,00;A11;K-Instituciones Bancarias;Z025;Financiero;;AMORTIZACION PAGARE 1915;111111,11;USD;0,00
1000;70000005;BANCO DEL TESORO, C.A.;2602;PAGARE 2602;SA;Documento cta.mayor;0100060511;22.05.2017;;;0;22.05.2017;VEF;0,0000;0,0000;0,0000;0,0000;0,0000;0,0000;0,0000;0,00;A11;K-Instituciones Bancarias;Z025;Financiero;;AMORTIZACION PAGARE 2602;95000,00;USD;0,00
1000;70000005;BANCO DEL TESORO, C.A.;2122;PAGARE 2122;SA;Documento cta.mayor;0100060778;25.05.2017;;;0;25.05.2017;VEF;0,0000;0,0000;0,0000;0,0000;0,0000;0,0000;0,0000;0,00;A11;K-Instituciones Bancarias;Z025;Financiero;;AMORTIZACION PAGARE 2122;42592,59;USD;0,00
1000;70000005;BANCO DEL TESORO, C.A.;1525;1525;SA;Documento cta.mayor;0100062079;30.05.2017;;;0;30.05.2017;VEF;0,0000;0,0000;0,0000;0,0000;0,0000;0,0000;0,0000;0,00;A11;K-Instituciones Bancarias;Z025;Financiero;;AMORTIZACION  1525;173621,69;USD;0,00
1000;70000005;BANCO DEL TESORO, C.A.;1526;1526;SA;Documento cta.mayor;0100062080;30.05.2017;;;0;30.05.2017;VEF;0,0000;0,0000;0,0000;0,0000;0,0000;0,0000;0,0000;0,00;A11;K-Instituciones Bancarias;Z025;Financiero;;AMORTIZACION  1526;53916,67;USD;0,00
1000;70000005;BANCO DEL TESORO, C.A.;1750;1750;SA;Documento cta.mayor;0100062081;30.05.2017;;;0;30.05.2017;VEF;0,0000;0,0000;0,0000;0,0000;0,0000;0,0000;0,0000;0,00;A11;K-Instituciones Bancarias;Z025;Financiero;;AMORTIZACION  1750;242592,59;USD;0,00
1000;70000005;BANCO DEL TESORO, C.A.;2250;2250;SA;Documento cta.mayor;0100062082;30.05.2017;;;0;30.05.2017;VEF;0,0000;0,0000;0,0000;0,0000;0,0000;0,0000;0,0000;0,00;A11;K-Instituciones Bancarias;Z025;Financiero;;AMORTIZACION  2250;24074,07;USD;0,00
1000;70000005;BANCO DEL TESORO, C.A.;2012;PAGARE 2012;SA;Documento cta.mayor;0100062130;31.05.2017;;;0;31.05.2017;VEF;0,0000;0,0000;0,0000;0,0000;0,0000;0,0000;0,0000;0,00;A11;K-Instituciones Bancarias;Z025;Financiero;;AMORTIZACION PAGARE 2012;18518,52;USD;0,00
1000;70000005;BANCO DEL TESORO, C.A.;2894;PAGARE 2894;SA;Documento cta.mayor;0100062133;31.05.2017;;;0;31.05.2017;VEF;0,0000;0,0000;0,0000;0,0000;0,0000;0,0000;0,0000;0,00;A11;K-Instituciones Bancarias;Z025;Financiero;;AMORTIZACION PAGARE 2894;427872,22;USD;0,00
1000;70000005;BANCO DEL TESORO, C.A.;2967;APERTURA PAGARE;SA;Documento cta.mayor;0100062185;31.05.2017;;;0;31.05.2017;VEF;0,0000;0,0000;0,0000;0,0000;0,0000;0,0000;0,0000;-0,02;A11;K-Instituciones Bancarias;Z025;Financiero;;APERTURA PAGARE 2967;-150000000,00;USD;0,00
1000;70000005;BANCO DEL TESORO, C.A.;2180;PAGARE 2180;SA;Documento cta.mayor;0100063063;05.06.2017;;;0;05.06.2017;VEF;0,0000;0,0000;0,0000;0,0000;0,0000;0,0000;0,0000;0,00;A11;K-Instituciones Bancarias;Z025;Financiero;;AMORTIZACION PAGARE 2180;11111,11;USD;0,00
1000;70000005;BANCO DEL TESORO, C.A.;1739;PAGARE 1739;SA;Documento cta.mayor;0100064191;14.06.2017;;;0;14.06.2017;VEF;0,0000;0,0000;0,0000;0,0000;0,0000;0,0000;0,0000;0,00;A11;K-Instituciones Bancarias;Z025;Financiero;;AMORTIZACION PAGARE 1739;27777,78;USD;0,00
1000;70000005;BANCO DEL TESORO, C.A.;2655;PAGARE 2655;SA;Documento cta.mayor;0100064200;15.06.2017;;;0;15.06.2017;VEF;0,0000;0,0000;0,0000;0,0000;0,0000;0,0000;0,0000;0,00;A11;K-Instituciones Bancarias;Z025;Financiero;;AMORTIZACION PAGARE 2655;566666,67;USD;0,00
1000;70000005;BANCO DEL TESORO, C.A.;1832;PAGARE 1832;SA;Documento cta.mayor;0100064203;16.06.2017;;;0;16.06.2017;VEF;0,0000;0,0000;0,0000;0,0000;0,0000;0,0000;0,0000;0,00;A11;K-Instituciones Bancarias;Z025;Financiero;;AMORTIZACION PAGARE 1832;9074,07;USD;0,00
1000;70000005;BANCO DEL TESORO, C.A.;1707;PAGARE 1707;SA;Documento cta.mayor;0100064282;20.06.2017;;;0;20.06.2017;VEF;0,0000;0,0000;0,0000;0,0000;0,0000;0,0000;0,0000;0,00;A11;K-Instituciones Bancarias;Z025;Financiero;;AMORTIZACION PAGARE 1707;72916,67;USD;0,00
1000;70000005;BANCO DEL TESORO, C.A.;1708;PAGARE 1708;SA;Documento cta.mayor;0100064283;20.06.2017;;;0;20.06.2017;VEF;0,0000;0,0000;0,0000;0,0000;0,0000;0,0000;0,0000;0,00;A11;K-Instituciones Bancarias;Z025;Financiero;;AMORTIZACION PAGARE 1708;24074,07;USD;0,00
1000;70000005;BANCO DEL TESORO, C.A.;1915;PAGARE 1915;SA;Documento cta.mayor;0100064284;20.06.2017;;;0;20.06.2017;VEF;0,0000;0,0000;0,0000;0,0000;0,0000;0,0000;0,0000;0,00;A11;K-Instituciones Bancarias;Z025;Financiero;;AMORTIZACION PAGARE 1915;111111,11;USD;0,00
1000;70000005;BANCO DEL TESORO, C.A.;2602;PAGARE 2602;SA;Documento cta.mayor;0100064373;22.06.2017;;;0;22.06.2017;VEF;0,0000;0,0000;0,0000;0,0000;0,0000;0,0000;0,0000;0,00;A11;K-Instituciones Bancarias;Z025;Financiero;;AMORTIZACION PAGARE 2602;95000,00;USD;0,00
1000;70000005;BANCO DEL TESORO, C.A.;2122;PAGARE 2122;SA;Documento cta.mayor;0100065551;26.06.2017;;;0;26.06.2017;VEF;0,0000;0,0000;0,0000;0,0000;0,0000;0,0000;0,0000;0,00;A11;K-Instituciones Bancarias;Z025;Financiero;;AMORTIZACION PAGARE 2122;42592,59;USD;0,00
1000;70000005;BANCO DEL TESORO, C.A.;1525;PAGARE 1525;SA;Documento cta.mayor;0100065555;28.06.2017;;;0;28.06.2017;VEF;0,0000;0,0000;0,0000;0,0000;0,0000;0,0000;0,0000;0,00;A11;K-Instituciones Bancarias;Z025;Financiero;;AMORTIZACION PAGARE 1525;173621,69;USD;0,00
1000;70000005;BANCO DEL TESORO, C.A.;1526;PAGARE 1526;SA;Documento cta.mayor;0100065556;28.06.2017;;;0;28.06.2017;VEF;0,0000;0,0000;0,0000;0,0000;0,0000;0,0000;0,0000;0,00;A11;K-Instituciones Bancarias;Z025;Financiero;;AMORTIZACION PAGARE 1526;53916,67;USD;0,00
1000;70000005;BANCO DEL TESORO, C.A.;1750;PAGARE 1750;SA;Documento cta.mayor;0100065558;28.06.2017;;;0;28.06.2017;VEF;0,0000;0,0000;0,0000;0,0000;0,0000;0,0000;0,0000;0,00;A11;K-Instituciones Bancarias;Z025;Financiero;;AMORTIZACION PAGARE 1750;242592,59;USD;0,00
1000;70000005;BANCO DEL TESORO, C.A.;2012;PAGARE 2012;SA;Documento cta.mayor;0100065705;30.06.2017;;;0;30.06.2017;VEF;0,0000;0,0000;0,0000;0,0000;0,0000;0,0000;0,0000;0,00;A11;K-Instituciones Bancarias;Z025;Financiero;;AMORTIZACION PAGARE 2012;18518,52;USD;0,00
1000;70000005;BANCO DEL TESORO, C.A.;2250;PAGARE 2250;SA;Documento cta.mayor;0100065706;30.06.2017;;;0;30.06.2017;VEF;0,0000;0,0000;0,0000;0,0000;0,0000;0,0000;0,0000;0,00;A11;K-Instituciones Bancarias;Z025;Financiero;;AMORTIZACION PAGARE 2250;24074,07;USD;0,00
1000;70000005;BANCO DEL TESORO, C.A.;2894;PAGARE 2894;SA;Documento cta.mayor;0100065709;30.06.2017;;;0;30.06.2017;VEF;0,0000;0,0000;0,0000;0,0000;0,0000;0,0000;0,0000;0,00;A11;K-Instituciones Bancarias;Z025;Financiero;;AMORTIZACION PAGARE 2894;427872,22;USD;0,00
1000;70000005;BANCO DEL TESORO, C.A.;2967;PAGARE 2967;SA;Documento cta.mayor;0100065711;30.06.2017;;;0;30.06.2017;VEF;0,0000;0,0000;0,0000;0,0000;0,0000;0,0000;0,0000;0,00;A11;K-Instituciones Bancarias;Z025;Financiero;;AMORTIZACION PAGARE 2967;8333333,33;USD;0,00
1000;70000005;BANCO DEL TESORO, C.A.;2180;PAGARE 2180;SA;Documento cta.mayor;0100066327;06.07.2017;;;0;06.07.2017;VEF;0,0000;0,0000;0,0000;0,0000;0,0000;0,0000;0,0000;0,00;A11;K-Instituciones Bancarias;Z025;Financiero;;AMORTIZACION PAGARE 2180;11111,11;USD;0,00
1000;70000005;BANCO DEL TESORO, C.A.;1739;PAGARE 1739;SA;Documento cta.mayor;0100066833;14.07.2017;;;0;14.07.2017;VEF;0,0000;0,0000;0,0000;0,0000;0,0000;0,0000;0,0000;0,00;A11;K-Instituciones Bancarias;Z025;Financiero;;AMORTIZACION PAGARE 1739;27777,78;USD;0,00
1000;70000005;BANCO DEL TESORO, C.A.;1832;PAGARE 1832;SA;Documento cta.mayor;0100066834;17.07.2017;;;0;17.07.2017;VEF;0,0000;0,0000;0,0000;0,0000;0,0000;0,0000;0,0000;0,00;A11;K-Instituciones Bancarias;Z025;Financiero;;AMORTIZACION PAGARE 1832;9074,07;USD;0,00
1000;70000005;BANCO DEL TESORO, C.A.;2655;PAGARE 2655;SA;Documento cta.mayor;0100066835;17.07.2017;;;0;17.07.2017;VEF;0,0000;0,0000;0,0000;0,0000;0,0000;0,0000;0,0000;0,00;A11;K-Instituciones Bancarias;Z025;Financiero;;AMORTIZACION PAGARE 2655;566666,67;USD;0,00
1000;70000005;BANCO DEL TESORO, C.A.;1707;PAGARE 1707;SA;Documento cta.mayor;0100068013;18.07.2017;;;0;18.07.2017;VEF;0,0000;0,0000;0,0000;0,0000;0,0000;0,0000;0,0000;0,00;A11;K-Instituciones Bancarias;Z025;Financiero;;AMORTIZACION PAGARE 1707;72916,67;USD;0,00
1000;70000005;BANCO DEL TESORO, C.A.;1708;PAGARE 1708;SA;Documento cta.mayor;0100068014;18.07.2017;;;0;18.07.2017;VEF;0,0000;0,0000;0,0000;0,0000;0,0000;0,0000;0,0000;0,00;A11;K-Instituciones Bancarias;Z025;Financiero;;AMORTIZACION PAGARE 1708;24074,07;USD;0,00
1000;70000005;BANCO DEL TESORO, C.A.;1915;PAGARE 1915;SA;Documento cta.mayor;0100068015;18.07.2017;;;0;18.07.2017;VEF;0,0000;0,0000;0,0000;0,0000;0,0000;0,0000;0,0000;0,00;A11;K-Instituciones Bancarias;Z025;Financiero;;AMORTIZACION PAGARE 1915;111111,11;USD;0,00
1000;70000005;BANCO DEL TESORO, C.A.;2122;PAGARE 2122;SA;Documento cta.mayor;0100068035;25.07.2017;;;0;25.07.2017;VEF;0,0000;0,0000;0,0000;0,0000;0,0000;0,0000;0,0000;0,00;A11;K-Instituciones Bancarias;Z025;Financiero;;AMORTIZACION PAGARE 2122;42592,59;USD;0,00
1000;70000005;BANCO DEL TESORO, C.A.;2602;PAGARE 2602;SA;Documento cta.mayor;0100068039;25.07.2017;;;0;25.07.2017;VEF;0,0000;0,0000;0,0000;0,0000;0,0000;0,0000;0,0000;0,00;A11;K-Instituciones Bancarias;Z025;Financiero;;AMORTIZACION PAGARE 2602;95000,00;USD;0,00
1000;70000005;BANCO DEL TESORO, C.A.;1525;PAGARE 1525;SA;Documento cta.mayor;0100068065;28.07.2017;;;0;28.07.2017;VEF;0,0000;0,0000;0,0000;0,0000;0,0000;0,0000;0,0000;0,00;A11;K-Instituciones Bancarias;Z025;Financiero;;AMORTIZACION PAGARE 1525;173621,69;USD;0,00
1000;70000005;BANCO DEL TESORO, C.A.;1526;PAGARE 1526;SA;Documento cta.mayor;0100068073;28.07.2017;;;0;28.07.2017;VEF;0,0000;0,0000;0,0000;0,0000;0,0000;0,0000;0,0000;0,00;A11;K-Instituciones Bancarias;Z025;Financiero;;AMORTIZACION PAGARE 1526;53916,67;USD;0,00
1000;70000005;BANCO DEL TESORO, C.A.;1750;PAGARE 1750;SA;Documento cta.mayor;0100068075;28.07.2017;;;0;28.07.2017;VEF;0,0000;0,0000;0,0000;0,0000;0,0000;0,0000;0,0000;0,00;A11;K-Instituciones Bancarias;Z025;Financiero;;AMORTIZACION PAGARE 1750;242592,59;USD;0,00
1000;70000005;BANCO DEL TESORO, C.A.;2012;PAGARE 2012;SA;Documento cta.mayor;0100068332;31.07.2017;;;0;31.07.2017;VEF;0,0000;0,0000;0,0000;0,0000;0,0000;0,0000;0,0000;0,00;A11;K-Instituciones Bancarias;Z025;Financiero;;AMORTIZACION PAGARE 2012;18518,52;USD;0,00
1000;70000005;BANCO DEL TESORO, C.A.;2250;PAGARE 2250;SA;Documento cta.mayor;0100068333;31.07.2017;;;0;31.07.2017;VEF;0,0000;0,0000;0,0000;0,0000;0,0000;0,0000;0,0000;0,00;A11;K-Instituciones Bancarias;Z025;Financiero;;AMORTIZACION PAGARE 2250;24074,07;USD;0,00
1000;70000005;BANCO DEL TESORO, C.A.;2894;PAGARE 2894;SA;Documento cta.mayor;0100068334;31.07.2017;;;0;31.07.2017;VEF;0,0000;0,0000;0,0000;0,0000;0,0000;0,0000;0,0000;0,00;A11;K-Instituciones Bancarias;Z025;Financiero;;AMORTIZACION PAGARE 2894;427872,22;USD;0,00
1000;70000005;BANCO DEL TESORO, C.A.;2967;PAGARE 2967;SA;Documento cta.mayor;0100068336;31.07.2017;;;0;31.07.2017;VEF;0,0000;0,0000;0,0000;0,0000;0,0000;0,0000;0,0000;0,00;A11;K-Instituciones Bancarias;Z025;Financiero;;AMORTIZACION PAGARE 2967;8333333,33;USD;0,00
1000;70000005;BANCO DEL TESORO, C.A.;2180;PAGARE 2180;SA;Documento cta.mayor;0100068920;07.08.2017;;;0;07.08.2017;VEF;0,0000;0,0000;0,0000;0,0000;0,0000;0,0000;0,0000;0,00;A11;K-Instituciones Bancarias;Z025;Financiero;;AMORTIZACION PAGARE 2180;11111,11;USD;0,00
1000;70000005;BANCO DEL TESORO, C.A.;1739;PAGARE 1739;SA;Documento cta.mayor;0100069758;15.08.2017;;;0;15.08.2017;VEF;0,0000;0,0000;0,0000;0,0000;0,0000;0,0000;0,0000;0,00;A11;K-Instituciones Bancarias;Z025;Financiero;;AMORTIZACION PAGARE 1739;27777,78;USD;0,00
1000;70000005;BANCO DEL TESORO, C.A.;2655;PAGARE 2655;SA;Documento cta.mayor;0100069762;15.08.2017;;;0;15.08.2017;VEF;0,0000;0,0000;0,0000;0,0000;0,0000;0,0000;0,0000;0,00;A11;K-Instituciones Bancarias;Z025;Financiero;;AMORTIZACION PAGARE 2655;566666,67;USD;0,00
1000;70000005;BANCO DEL TESORO, C.A.;1832;PAGARE 1832;SA;Documento cta.mayor;0100069964;16.08.2017;;;0;16.08.2017;VEF;0,0000;0,0000;0,0000;0,0000;0,0000;0,0000;0,0000;0,00;A11;K-Instituciones Bancarias;Z025;Financiero;;AMORTIZACION PAGARE 1832;9074,07;USD;0,00
1000;70000005;BANCO DEL TESORO, C.A.;1707;PAGARE 1707;SA;Documento cta.mayor;0100070214;18.08.2017;;;0;18.08.2017;VEF;0,0000;0,0000;0,0000;0,0000;0,0000;0,0000;0,0000;0,00;A11;K-Instituciones Bancarias;Z025;Financiero;;AMORTIZACION PAGARE 1707;72916,67;USD;0,00
1000;70000005;BANCO DEL TESORO, C.A.;1708;PAGARE 1708;SA;Documento cta.mayor;0100070215;18.08.2017;;;0;18.08.2017;VEF;0,0000;0,0000;0,0000;0,0000;0,0000;0,0000;0,0000;0,00;A11;K-Instituciones Bancarias;Z025;Financiero;;AMORTIZACION PAGARE 1708;24074,07;USD;0,00
1000;70000005;BANCO DEL TESORO, C.A.;1915;PAGARE 1915;SA;Documento cta.mayor;0100070216;21.08.2017;;;0;21.08.2017;VEF;0,0000;0,0000;0,0000;0,0000;0,0000;0,0000;0,0000;0,00;A11;K-Instituciones Bancarias;Z025;Financiero;;AMORTIZACION PAGARE 1915;111111,11;USD;0,00
1000;70000005;BANCO DEL TESORO, C.A.;2602;PAGARE 2602;SA;Documento cta.mayor;0100070217;22.08.2017;;;0;22.08.2017;VEF;0,0000;0,0000;0,0000;0,0000;0,0000;0,0000;0,0000;0,00;A11;K-Instituciones Bancarias;Z025;Financiero;;AMORTIZACION PAGARE 2602;95000,00;USD;0,00
1000;70000005;BANCO DEL TESORO, C.A.;2122;PAGARE 2122;SA;Documento cta.mayor;0100070900;25.08.2017;;;0;25.08.2017;VEF;0,0000;0,0000;0,0000;0,0000;0,0000;0,0000;0,0000;0,00;A11;K-Instituciones Bancarias;Z025;Financiero;;AMORTIZACION PAGARE 2122;42592,59;USD;0,00
1000;70000005;BANCO DEL TESORO, C.A.;1525;PAGARE 1525;SA;Documento cta.mayor;0100071396;28.08.2017;;;0;28.08.2017;VEF;0,0000;0,0000;0,0000;0,0000;0,0000;0,0000;0,0000;0,00;A11;K-Instituciones Bancarias;Z025;Financiero;;AMORTIZACION PAGARE 1525;173621,69;USD;0,00
1000;70000005;BANCO DEL TESORO, C.A.;1526;PAGARE 1526;SA;Documento cta.mayor;0100071398;28.08.2017;;;0;28.08.2017;VEF;0,0000;0,0000;0,0000;0,0000;0,0000;0,0000;0,0000;0,00;A11;K-Instituciones Bancarias;Z025;Financiero;;AMORTIZACION PAGARE 1526;53916,67;USD;0,00
1000;70000005;BANCO DEL TESORO, C.A.;1750;PAGARE 1750;SA;Documento cta.mayor;0100071399;28.08.2017;;;0;28.08.2017;VEF;0,0000;0,0000;0,0000;0,0000;0,0000;0,0000;0,0000;0,00;A11;K-Instituciones Bancarias;Z025;Financiero;;AMORTIZACION PAGARE 1750;242592,59;USD;0,00
1000;70000005;BANCO DEL TESORO, C.A.;2250;PAGARE 2250;SA;Documento cta.mayor;0100071674;30.08.2017;;;0;30.08.2017;VEF;0,0000;0,0000;0,0000;0,0000;0,0000;0,0000;0,0000;0,00;A11;K-Instituciones Bancarias;Z025;Financiero;;AMORTIZACION PAGARE 2250;24074,07;USD;0,00
1000;70000005;BANCO DEL TESORO, C.A.;2012;2012;SA;Documento cta.mayor;0100071760;31.08.2017;;;0;31.08.2017;VEF;0,0000;0,0000;0,0000;0,0000;0,0000;0,0000;0,0000;0,00;A11;K-Instituciones Bancarias;Z025;Financiero;;AMORTIZACION 2012;18518,52;USD;0,00
1000;70000005;BANCO DEL TESORO, C.A.;2894;2894;SA;Documento cta.mayor;0100071761;31.08.2017;;;0;31.08.2017;VEF;0,0000;0,0000;0,0000;0,0000;0,0000;0,0000;0,0000;0,00;A11;K-Instituciones Bancarias;Z025;Financiero;;AMORTIZACION 2894;427872,22;USD;0,00
1000;70000005;BANCO DEL TESORO, C.A.;2967;2967;SA;Documento cta.mayor;0100071763;31.08.2017;;;0;31.08.2017;VEF;0,0000;0,0000;0,0000;0,0000;0,0000;0,0000;0,0000;0,00;A11;K-Instituciones Bancarias;Z025;Financiero;;AMORTIZACION 2967;8333333,33;USD;0,00
1000;70000005;BANCO DEL TESORO, C.A.;2180;PAGARE 2180;SA;Documento cta.mayor;0100072424;05.09.2017;;;0;05.09.2017;VEF;0,0000;0,0000;0,0000;0,0000;0,0000;0,0000;0,0000;0,00;A11;K-Instituciones Bancarias;Z025;Financiero;;AMORTIZACION PAGARE 2180;11111,11;USD;0,00
1000;70000005;BANCO DEL TESORO, C.A.;1739;PAGARE 1739;SA;Documento cta.mayor;0100073101;14.09.2017;;;0;14.09.2017;VEF;0,0000;0,0000;0,0000;0,0000;0,0000;0,0000;0,0000;0,00;A11;K-Instituciones Bancarias;Z025;Financiero;;AMORTIZACION PAGARE 1739;27777,78;USD;0,00
1000;70000005;BANCO DEL TESORO, C.A.;2655;PAGARE 2655;SA;Documento cta.mayor;0100073281;15.09.2017;;;0;15.09.2017;VEF;0,0000;0,0000;0,0000;0,0000;0,0000;0,0000;0,0000;0,00;A11;K-Instituciones Bancarias;Z025;Financiero;;AMORTIZACION PAGARE 2655;566666,67;USD;0,00
1000;70000005;BANCO DEL TESORO, C.A.;1707;PAGARE 1707;SA;Documento cta.mayor;0100073304;18.09.2017;;;0;18.09.2017;VEF;0,0000;0,0000;0,0000;0,0000;0,0000;0,0000;0,0000;0,00;A11;K-Instituciones Bancarias;Z025;Financiero;;AMORTIZACION PAGARE 1707;72916,67;USD;0,00
1000;70000005;BANCO DEL TESORO, C.A.;1708;PAGARE 1708;SA;Documento cta.mayor;0100073306;18.09.2017;;;0;18.09.2017;VEF;0,0000;0,0000;0,0000;0,0000;0,0000;0,0000;0,0000;0,00;A11;K-Instituciones Bancarias;Z025;Financiero;;AMORTIZACION PAGARE 1708;24074,07;USD;0,00
1000;70000005;BANCO DEL TESORO, C.A.;1832;PAGARE 1832;SA;Documento cta.mayor;0100073308;18.09.2017;;;0;18.09.2017;VEF;0,0000;0,0000;0,0000;0,0000;0,0000;0,0000;0,0000;0,00;A11;K-Instituciones Bancarias;Z025;Financiero;;AMORTIZACION PAGARE 1832;9074,07;USD;0,00
1000;70000005;BANCO DEL TESORO, C.A.;1915;PAGARE 1915;SA;Documento cta.mayor;0100073417;19.09.2017;;;0;19.09.2017;VEF;0,0000;0,0000;0,0000;0,0000;0,0000;0,0000;0,0000;0,00;A11;K-Instituciones Bancarias;Z025;Financiero;;AMORTIZACION PAGARE 1915;111111,11;USD;0,00
1000;70000005;BANCO DEL TESORO, C.A.;2602;2602;SA;Documento cta.mayor;0100074369;22.09.2017;;;0;22.09.2017;VEF;0,0000;0,0000;0,0000;0,0000;0,0000;0,0000;0,0000;0,00;A11;K-Instituciones Bancarias;Z025;Financiero;;AMORTIZACION 2602;95000,00;USD;0,00
1000;70000005;BANCO DEL TESORO, C.A.;2122;2122;SA;Documento cta.mayor;0100074370;25.09.2017;;;0;25.09.2017;VEF;0,0000;0,0000;0,0000;0,0000;0,0000;0,0000;0,0000;0,00;A11;K-Instituciones Bancarias;Z025;Financiero;;AMORTIZACION 2122;42592,59;USD;0,00
1000;70000005;BANCO DEL TESORO, C.A.;1525;PAGARE 1525;SA;Documento cta.mayor;0100075091;28.09.2017;;;0;28.09.2017;VEF;0,0000;0,0000;0,0000;0,0000;0,0000;0,0000;0,0000;0,00;A11;K-Instituciones Bancarias;Z025;Financiero;;AMORTIZACION PAGARE 1525;173621,69;USD;0,00
1000;70000005;BANCO DEL TESORO, C.A.;1526;PAGARE 1526;SA;Documento cta.mayor;0100075094;28.09.2017;;;0;28.09.2017;VEF;0,0000;0,0000;0,0000;0,0000;0,0000;0,0000;0,0000;0,00;A11;K-Instituciones Bancarias;Z025;Financiero;;AMORTIZACION PAGARE 1526;53916,67;USD;0,00
1000;70000005;BANCO DEL TESORO, C.A.;1750;PAGARE 1750;SA;Documento cta.mayor;0100075095;28.09.2017;;;0;28.09.2017;VEF;0,0000;0,0000;0,0000;0,0000;0,0000;0,0000;0,0000;0,00;A11;K-Instituciones Bancarias;Z025;Financiero;;AMORTIZACION PAGARE 1750;242592,59;USD;0,00
1000;70000005;BANCO DEL TESORO, C.A.;2012;PAGARE 2012;SA;Documento cta.mayor;0100075295;29.09.2017;;;0;29.09.2017;VEF;0,0000;0,0000;0,0000;0,0000;0,0000;0,0000;0,0000;0,00;A11;K-Instituciones Bancarias;Z025;Financiero;;AMORTIZACION PAGARE 2012;18518,52;USD;0,00
1000;70000005;BANCO DEL TESORO, C.A.;2250;PAGARE 2250;SA;Documento cta.mayor;0100075296;29.09.2017;;;0;29.09.2017;VEF;0,0000;0,0000;0,0000;0,0000;0,0000;0,0000;0,0000;0,00;A11;K-Instituciones Bancarias;Z025;Financiero;;AMORTIZACION PAGARE 2250;24074,07;USD;0,00
1000;70000005;BANCO DEL TESORO, C.A.;2894;PAGARE 2894;SA;Documento cta.mayor;0100075297;29.09.2017;;;0;29.09.2017;VEF;0,0000;0,0000;0,0000;0,0000;0,0000;0,0000;0,0000;0,00;A11;K-Instituciones Bancarias;Z025;Financiero;;AMORTIZACION PAGARE 2894;427872,22;USD;0,00
1000;70000005;BANCO DEL TESORO, C.A.;2967;PAGARE 2967;SA;Documento cta.mayor;0100075300;29.09.2017;;;0;29.09.2017;VEF;0,0000;0,0000;0,0000;0,0000;0,0000;0,0000;0,0000;0,00;A11;K-Instituciones Bancarias;Z025;Financiero;;AMORTIZACION PAGARE 2967;8333333,33;USD;0,00
1000;70000005;BANCO DEL TESORO, C.A.;3129;APERTURA PAGARE;SA;Documento cta.mayor;0100075614;03.10.2017;;;0;03.10.2017;VEF;0,0000;0,0000;0,0000;0,0000;0,0000;0,0000;0,0000;0,00;A11;K-Instituciones Bancarias;Z025;Financiero;;APERTURA PAGARE 3129;-21000000,00;USD;0,00
1000;70000005;BANCO DEL TESORO, C.A.;2180;PAGARE 2180;SA;Documento cta.mayor;0100076388;05.10.2017;;;0;05.10.2017;VEF;0,0000;0,0000;0,0000;0,0000;0,0000;0,0000;0,0000;0,00;A11;K-Instituciones Bancarias;Z025;Financiero;;AMORTIZACION PAGARE 2180;11111,11;USD;0,00
1000;70000005;BANCO DEL TESORO, C.A.;1739;PAGARE 1739;SA;Documento cta.mayor;0100076639;16.10.2017;;;0;16.10.2017;VEF;0,0000;0,0000;0,0000;0,0000;0,0000;0,0000;0,0000;0,00;A11;K-Instituciones Bancarias;Z025;Financiero;;AMORTIZACION PAGARE 1739;27777,78;USD;0,00
1000;70000005;BANCO DEL TESORO, C.A.;1832;PAGARE 1832;SA;Documento cta.mayor;0100076641;16.10.2017;;;0;16.10.2017;VEF;0,0000;0,0000;0,0000;0,0000;0,0000;0,0000;0,0000;0,00;A11;K-Instituciones Bancarias;Z025;Financiero;;AMORTIZACION PAGARE 1832;9074,07;USD;0,00
1000;70000005;BANCO DEL TESORO, C.A.;2655;PAGARE 2655;SA;Documento cta.mayor;0100076645;16.10.2017;;;0;16.10.2017;VEF;0,0000;0,0000;0,0000;0,0000;0,0000;0,0000;0,0000;0,00;A11;K-Instituciones Bancarias;Z025;Financiero;;AMORTIZACION PAGARE 2655;566666,67;USD;0,00
1000;70000005;BANCO DEL TESORO, C.A.;1707;PAGARE 1707;SA;Documento cta.mayor;0100076647;18.10.2017;;;0;18.10.2017;VEF;0,0000;0,0000;0,0000;0,0000;0,0000;0,0000;0,0000;0,00;A11;K-Instituciones Bancarias;Z025;Financiero;;AMORTIZACION PAGARE 1707;72916,67;USD;0,00
1000;70000005;BANCO DEL TESORO, C.A.;1708;PAGARE 1708;SA;Documento cta.mayor;0100076648;18.10.2017;;;0;18.10.2017;VEF;0,0000;0,0000;0,0000;0,0000;0,0000;0,0000;0,0000;0,00;A11;K-Instituciones Bancarias;Z025;Financiero;;AMORTIZACION PAGARE 1708;24074,07;USD;0,00
1000;70000005;BANCO DEL TESORO, C.A.;1915;PAGARE 1915;SA;Documento cta.mayor;0100076791;19.10.2017;;;0;19.10.2017;VEF;0,0000;0,0000;0,0000;0,0000;0,0000;0,0000;0,0000;0,00;A11;K-Instituciones Bancarias;Z025;Financiero;;AMORTIZACION PAGARE 1915;111111,11;USD;0,00
1000;70000005;BANCO DEL TESORO, C.A.;2602;PAGARE 2602;SA;Documento cta.mayor;0100077284;23.10.2017;;;0;23.10.2017;VEF;0,0000;0,0000;0,0000;0,0000;0,0000;0,0000;0,0000;0,00;A11;K-Instituciones Bancarias;Z025;Financiero;;AMORTIZACION PAGARE 2602;95000,00;USD;0,00
1000;70000005;BANCO DEL TESORO, C.A.;2122;PAGARE 2122;SA;Documento cta.mayor;0100077285;25.10.2017;;;0;25.10.2017;VEF;0,0000;0,0000;0,0000;0,0000;0,0000;0,0000;0,0000;0,00;A11;K-Instituciones Bancarias;Z025;Financiero;;AMORTIZACION PAGARE 2122;42592,59;USD;0,00
1000;70000005;BANCO DEL TESORO, C.A.;1525;1525;SA;Documento cta.mayor;0100078082;30.10.2017;;;0;30.10.2017;VEF;0,0000;0,0000;0,0000;0,0000;0,0000;0,0000;0,0000;0,00;A11;K-Instituciones Bancarias;Z025;Financiero;;1525;173621,69;USD;0,00
1000;70000005;BANCO DEL TESORO, C.A.;1526;1526;SA;Documento cta.mayor;0100078084;30.10.2017;;;0;30.10.2017;VEF;0,0000;0,0000;0,0000;0,0000;0,0000;0,0000;0,0000;0,00;A11;K-Instituciones Bancarias;Z025;Financiero;;AMORTIZACION 1526;53916,67;USD;0,00
1000;70000005;BANCO DEL TESORO, C.A.;1750;1750;SA;Documento cta.mayor;0100078085;30.10.2017;;;0;30.10.2017;VEF;0,0000;0,0000;0,0000;0,0000;0,0000;0,0000;0,0000;0,00;A11;K-Instituciones Bancarias;Z025;Financiero;;AMORTIZACION  1750;242592,59;USD;0,00
1000;70000005;BANCO DEL TESORO, C.A.;2250;2250;SA;Documento cta.mayor;0100078086;30.10.2017;;;0;30.10.2017;VEF;0,0000;0,0000;0,0000;0,0000;0,0000;0,0000;0,0000;0,00;A11;K-Instituciones Bancarias;Z025;Financiero;;AMORTIZACION   2250;24074,07;USD;0,00
1000;70000005;BANCO DEL TESORO, C.A.;2012;2012;SA;Documento cta.mayor;0100078342;31.10.2017;;;0;31.10.2017;VEF;0,0000;0,0000;0,0000;0,0000;0,0000;0,0000;0,0000;0,00;A11;K-Instituciones Bancarias;Z025;Financiero;;AMORTIZACION 2012;18518,52;USD;0,00
1000;70000005;BANCO DEL TESORO, C.A.;2894;2894;SA;Documento cta.mayor;0100078343;31.10.2017;;;0;31.10.2017;VEF;0,0000;0,0000;0,0000;0,0000;0,0000;0,0000;0,0000;0,00;A11;K-Instituciones Bancarias;Z025;Financiero;;AMORTIZACION 2894;427872,22;USD;0,00
1000;70000005;BANCO DEL TESORO, C.A.;2967;2967;SA;Documento cta.mayor;0100078344;31.10.2017;;;0;31.10.2017;VEF;0,0000;0,0000;0,0000;0,0000;0,0000;0,0000;0,0000;0,00;A11;K-Instituciones Bancarias;Z025;Financiero;;AMORTIZACION 2967;8333333,33;USD;0,00
1000;70000005;BANCO DEL TESORO, C.A.;ASIENTO  CIERRE;ASIENTO CIERRE;SA;Documento cta.mayor;0100079393;31.12.2016;;;0;31.12.2016;VEF;0,0000;0,0000;0,0000;0,0000;0,0000;0,0000;0,0000;0,00;A11;K-Instituciones Bancarias;Z025;Financiero;;;29633071,60;USD;0,00
1000;70000005;BANCO DEL TESORO, C.A.;3129;PAGARE 3129;SA;Documento cta.mayor;0100079598;03.11.2017;;;0;03.11.2017;VEF;0,0000;0,0000;0,0000;0,0000;0,0000;0,0000;0,0000;0,00;A11;K-Instituciones Bancarias;Z025;Financiero;;;875000,00;USD;0,00
1000;70000005;BANCO DEL TESORO, C.A.;2180;PAGARE 2180;SA;Documento cta.mayor;0100079603;07.11.2017;;;0;07.11.2017;VEF;0,0000;0,0000;0,0000;0,0000;0,0000;0,0000;0,0000;0,00;A11;K-Instituciones Bancarias;Z025;Financiero;;;11111,11;USD;0,00
1000;70000005;BANCO DEL TESORO, C.A.;1739;PAGARE 1739;SA;Documento cta.mayor;0100079605;14.11.2017;;;0;14.11.2017;VEF;0,0000;0,0000;0,0000;0,0000;0,0000;0,0000;0,0000;0,00;A11;K-Instituciones Bancarias;Z025;Financiero;;;27777,78;USD;0,00
1000;70000005;BANCO DEL TESORO, C.A.;2655;PAGARE 2655;SA;Documento cta.mayor;0100079608;15.11.2017;;;0;15.11.2017;VEF;0,0000;0,0000;0,0000;0,0000;0,0000;0,0000;0,0000;0,00;A11;K-Instituciones Bancarias;Z025;Financiero;;;566666,67;USD;0,00
1000;70000005;BANCO DEL TESORO, C.A.;1832;PAGARE 1832;SA;Documento cta.mayor;0100079688;16.11.2017;;;0;16.11.2017;VEF;0,0000;0,0000;0,0000;0,0000;0,0000;0,0000;0,0000;0,00;A11;K-Instituciones Bancarias;Z025;Financiero;;AMORTIZACION PAGARE 1832;9074,07;USD;0,00
1000;70000005;BANCO DEL TESORO, C.A.;1707;PAGARE 1707;SA;Documento cta.mayor;0100080084;20.11.2017;;;0;20.11.2017;VEF;0,0000;0,0000;0,0000;0,0000;0,0000;0,0000;0,0000;0,00;A11;K-Instituciones Bancarias;Z025;Financiero;;AMORTIZACION PAGARE 1707;72916,67;USD;0,00
1000;70000005;BANCO DEL TESORO, C.A.;1708;PAGARE 1708;SA;Documento cta.mayor;0100080176;20.11.2017;;;0;20.11.2017;VEF;0,0000;0,0000;0,0000;0,0000;0,0000;0,0000;0,0000;0,00;A11;K-Instituciones Bancarias;Z025;Financiero;;AMORTIZACION PAGARE 1708;24074,07;USD;0,00
1000;70000005;BANCO DEL TESORO, C.A.;1915;PAGARE 1915;SA;Documento cta.mayor;0100080177;20.11.2017;;;0;20.11.2017;VEF;0,0000;0,0000;0,0000;0,0000;0,0000;0,0000;0,0000;0,00;A11;K-Instituciones Bancarias;Z025;Financiero;;AMORTIZACION PAGARE 1915;111111,11;USD;0,00
1000;70000005;BANCO DEL TESORO, C.A.;2602;PAGARE 2602;SA;Documento cta.mayor;0100080178;22.11.2017;;;0;22.11.2017;VEF;0,0000;0,0000;0,0000;0,0000;0,0000;0,0000;0,0000;0,00;A11;K-Instituciones Bancarias;Z025;Financiero;;AMORTIZACION PAGARE 2602;95000,00;USD;0,00
1000;70000005;BANCO DEL TESORO, C.A.;2122;PAGARE 2122;SA;Documento cta.mayor;0100080377;27.11.2017;;;0;27.11.2017;VEF;0,0000;0,0000;0,0000;0,0000;0,0000;0,0000;0,0000;0,00;A11;K-Instituciones Bancarias;Z025;Financiero;;AMORTIZACION PAGARE 2122;42592,59;USD;0,00
1000;70000005;BANCO DEL TESORO, C.A.;1525;PAGARE 1525;SA;Documento cta.mayor;0100081058;28.11.2017;;;0;28.11.2017;VEF;0,0000;0,0000;0,0000;0,0000;0,0000;0,0000;0,0000;0,00;A11;K-Instituciones Bancarias;Z025;Financiero;;AMORTIZACION PAGARE 1525;173621,69;USD;0,00
1000;70000005;BANCO DEL TESORO, C.A.;1526;PAGARE 1526;SA;Documento cta.mayor;0100081059;28.11.2017;;;0;28.11.2017;VEF;0,0000;0,0000;0,0000;0,0000;0,0000;0,0000;0,0000;0,00;A11;K-Instituciones Bancarias;Z025;Financiero;;AMORTIZACION PAGARE 1526;53916,67;USD;0,00
1000;70000005;BANCO DEL TESORO, C.A.;1750;PAGARE 1750;SA;Documento cta.mayor;0100081060;28.11.2017;;;0;28.11.2017;VEF;0,0000;0,0000;0,0000;0,0000;0,0000;0,0000;0,0000;0,00;A11;K-Instituciones Bancarias;Z025;Financiero;;AMORTIZACION PAGARE 1750;242592,59;USD;0,00
1000;70000005;BANCO DEL TESORO, C.A.;2012;PAGARE 2012;SA;Documento cta.mayor;0100081189;30.11.2017;;;0;30.11.2017;VEF;0,0000;0,0000;0,0000;0,0000;0,0000;0,0000;0,0000;0,00;A11;K-Instituciones Bancarias;Z025;Financiero;;AMORTIZACION PAGARE 2012;18518,52;USD;0,00
1000;70000005;BANCO DEL TESORO, C.A.;2250;PAGARE 2250;SA;Documento cta.mayor;0100081208;30.11.2017;;;0;30.11.2017;VEF;0,0000;0,0000;0,0000;0,0000;0,0000;0,0000;0,0000;0,00;A11;K-Instituciones Bancarias;Z025;Financiero;;AMORTIZACION PAGARE 2250;24074,07;USD;0,00
1000;70000005;BANCO DEL TESORO, C.A.;2894;PAGARE 2894;SA;Documento cta.mayor;0100081210;30.11.2017;;;0;30.11.2017;VEF;0,0000;0,0000;0,0000;0,0000;0,0000;0,0000;0,0000;0,00;A11;K-Instituciones Bancarias;Z025;Financiero;;APERTURA PAGARE 2894;427872,22;USD;0,00
1000;70000005;BANCO DEL TESORO, C.A.;2967;PAGARE 2967;SA;Documento cta.mayor;0100081211;30.11.2017;;;0;30.11.2017;VEF;0,0000;0,0000;0,0000;0,0000;0,0000;0,0000;0,0000;0,00;A11;K-Instituciones Bancarias;Z025;Financiero;;AMORTIZACION PAGARE 2967;8333333,33;USD;0,00
1000;70000005;BANCO DEL TESORO, C.A.;2180;PAGARE 2180;SA;Documento cta.mayor;0100081827;05.12.2017;;;0;05.12.2017;VEF;0,0000;0,0000;0,0000;0,0000;0,0000;0,0000;0,0000;0,00;A11;K-Instituciones Bancarias;Z025;Financiero;;AMORTIZACION PAGARE 2180;11111,11;USD;0,00
1000;70000005;BANCO DEL TESORO, C.A.;3129;PAGARE 3129;SA;Documento cta.mayor;0100081828;06.12.2017;;;0;06.12.2017;VEF;0,0000;0,0000;0,0000;0,0000;0,0000;0,0000;0,0000;0,00;A11;K-Instituciones Bancarias;Z025;Financiero;;AMORTIZACION PAGARE 3129;875000,00;USD;0,00
1000;70000005;BANCO DEL TESORO, C.A.;1739;PAGARE 1739;SA;Documento cta.mayor;0100082616;14.12.2017;;;0;14.12.2017;VEF;0,0000;0,0000;0,0000;0,0000;0,0000;0,0000;0,0000;0,00;A11;K-Instituciones Bancarias;Z025;Financiero;;AMORTIZACION PAGARE 1739;27777,78;USD;0,00
1000;70000005;BANCO DEL TESORO, C.A.;2655;PAGARE 2655;SA;Documento cta.mayor;0100082617;15.12.2017;;;0;15.12.2017;VEF;0,0000;0,0000;0,0000;0,0000;0,0000;0,0000;0,0000;0,00;A11;K-Instituciones Bancarias;Z025;Financiero;;AMORTIZACION PAGARE 2655;566666,67;USD;0,00
1000;70000005;BANCO DEL TESORO, C.A.;1707;PAGARE 1707;SA;Documento cta.mayor;0100082620;18.12.2017;;;0;18.12.2017;VEF;0,0000;0,0000;0,0000;0,0000;0,0000;0,0000;0,0000;0,00;A11;K-Instituciones Bancarias;Z025;Financiero;;AMORTIZACION PAGARE 1707;72916,67;USD;0,00
1000;70000005;BANCO DEL TESORO, C.A.;1708;PAGARE 1708;SA;Documento cta.mayor;0100082622;18.12.2017;;;0;18.12.2017;VEF;0,0000;0,0000;0,0000;0,0000;0,0000;0,0000;0,0000;0,00;A11;K-Instituciones Bancarias;Z025;Financiero;;AMORTIZACION PAGARE 1708;24074,07;USD;0,00
1000;70000005;BANCO DEL TESORO, C.A.;1832;PAGARE 1832;SA;Documento cta.mayor;0100082623;18.12.2017;;;0;18.12.2017;VEF;0,0000;0,0000;0,0000;0,0000;0,0000;0,0000;0,0000;0,00;A11;K-Instituciones Bancarias;Z025;Financiero;;AMORTIZACION PAGARE 1832;9074,07;USD;0,00
1000;70000005;BANCO DEL TESORO, C.A.;1915;PAGARE 1915;SA;Documento cta.mayor;0100082624;19.12.2017;;;0;19.12.2017;VEF;0,0000;0,0000;0,0000;0,0000;0,0000;0,0000;0,0000;0,00;A11;K-Instituciones Bancarias;Z025;Financiero;;AMORTIZACION PAGARE 1915;111111,11;USD;0,00
1000;70000005;BANCO DEL TESORO, C.A.;2602;PAGARE 2602;SA;Documento cta.mayor;0100083640;22.12.2017;;;0;22.12.2017;VEF;0,0000;0,0000;0,0000;0,0000;0,0000;0,0000;0,0000;0,00;A11;K-Instituciones Bancarias;Z025;Financiero;;AMORTIZACION PAGARE 2602;95000,00;USD;0,00
1000;70000005;BANCO DEL TESORO, C.A.;2122;PAGARE 2122;SA;Documento cta.mayor;0100083642;26.12.2017;;;0;26.12.2017;VEF;0,0000;0,0000;0,0000;0,0000;0,0000;0,0000;0,0000;0,00;A11;K-Instituciones Bancarias;Z025;Financiero;;AMORTIZACION PAGARE 2122;42592,59;USD;0,00
1000;70000005;BANCO DEL TESORO, C.A.;1525;PAGARE 1525;SA;Documento cta.mayor;0100083643;28.12.2017;;;0;28.12.2017;VEF;0,0000;0,0000;0,0000;0,0000;0,0000;0,0000;0,0000;0,00;A11;K-Instituciones Bancarias;Z025;Financiero;;AMORTIZACION PAGARE  1525;173621,69;USD;0,00
1000;70000005;BANCO DEL TESORO, C.A.;1526;PAGARE 1526;SA;Documento cta.mayor;0100083644;28.12.2017;;;0;28.12.2017;VEF;0,0000;0,0000;0,0000;0,0000;0,0000;0,0000;0,0000;0,00;A11;K-Instituciones Bancarias;Z025;Financiero;;AMORTIZACION PAGARE  1526;53916,67;USD;0,00
1000;70000005;BANCO DEL TESORO, C.A.;1750;PAGARE 1750;SA;Documento cta.mayor;0100083646;28.12.2017;;;0;28.12.2017;VEF;0,0000;0,0000;0,0000;0,0000;0,0000;0,0000;0,0000;0,00;A11;K-Instituciones Bancarias;Z025;Financiero;;AMORTIZACION PAGARE  1750;242592,59;USD;0,00
1000;70000005;BANCO DEL TESORO, C.A.;2012;PAGARE 2012;SA;Documento cta.mayor;0100083649;31.12.2017;;;0;31.12.2017;VEF;0,0000;0,0000;0,0000;0,0000;0,0000;0,0000;0,0000;0,00;A11;K-Instituciones Bancarias;Z025;Financiero;;AMORTIZACION PAGARE  2012;18518,52;USD;0,00
1000;70000005;BANCO DEL TESORO, C.A.;2250;PAGARE 2250;SA;Documento cta.mayor;0100083651;31.12.2017;;;0;31.12.2017;VEF;0,0000;0,0000;0,0000;0,0000;0,0000;0,0000;0,0000;0,00;A11;K-Instituciones Bancarias;Z025;Financiero;;AMORTIZACION PAGARE 2250;24074,07;USD;0,00
1000;70000005;BANCO DEL TESORO, C.A.;2894;PAGARE 2894;SA;Documento cta.mayor;0100083652;31.12.2017;;;0;31.12.2017;VEF;0,0000;0,0000;0,0000;0,0000;0,0000;0,0000;0,0000;0,00;A11;K-Instituciones Bancarias;Z025;Financiero;;AMORTIZACION PAGARE 2894;427872,22;USD;0,00
1000;70000005;BANCO DEL TESORO, C.A.;2967;PAGARE 2967;SA;Documento cta.mayor;0100083653;31.12.2017;;;0;31.12.2017;VEF;0,0000;0,0000;0,0000;0,0000;0,0000;0,0000;0,0000;0,00;A11;K-Instituciones Bancarias;Z025;Financiero;;AMORTIZACION PAGARE 2967;8333333,33;USD;0,00
1000;70000005;BANCO DEL TESORO, C.A.;3129;PAGARE 3129;SA;Documento cta.mayor;0100084085;03.01.2018;;;0;03.01.2018;VEF;0,0000;0,0000;0,0000;0,0000;0,0000;0,0000;0,0000;0,00;A11;K-Instituciones Bancarias;Z025;Financiero;;AMORTIZACION PAGARE  3129;875000,00;USD;0,00
1000;70000005;BANCO DEL TESORO, C.A.;2180;PAGARE 2180;SA;Documento cta.mayor;0100084167;05.01.2018;;;0;05.01.2018;VEF;0,0000;0,0000;0,0000;0,0000;0,0000;0,0000;0,0000;0,00;A11;K-Instituciones Bancarias;Z025;Financiero;;AMORTIZACION PAGARE 2180;11111,11;USD;0,00
1000;70000005;BANCO DEL TESORO, C.A.;1739;PAGARE 1739;SA;Documento cta.mayor;0100084172;15.01.2018;;;0;15.01.2018;VEF;0,0000;0,0000;0,0000;0,0000;0,0000;0,0000;0,0000;0,00;A11;K-Instituciones Bancarias;Z025;Financiero;;AMORTIZACION PAGARE 1739;27777,78;USD;0,00
1000;70000005;BANCO DEL TESORO, C.A.;2655;PAGARE 2655;SA;Documento cta.mayor;0100084173;15.01.2018;;;0;15.01.2018;VEF;0,0000;0,0000;0,0000;0,0000;0,0000;0,0000;0,0000;0,00;A11;K-Instituciones Bancarias;Z025;Financiero;;AMORTIZACION PAGARE 2655;566666,67;USD;0,00
1000;70000005;BANCO DEL TESORO, C.A.;1832;PAGARE 1832;SA;Documento cta.mayor;0100084182;16.01.2018;;;0;16.01.2018;VEF;0,0000;0,0000;0,0000;0,0000;0,0000;0,0000;0,0000;0,00;A11;K-Instituciones Bancarias;Z025;Financiero;;AMORTIZACION PAGARE 1832;9074,07;USD;0,00
1000;70000005;BANCO DEL TESORO, C.A.;1707;1707;SA;Documento cta.mayor;0100084256;18.01.2018;;;0;18.01.2018;VEF;0,0000;0,0000;0,0000;0,0000;0,0000;0,0000;0,0000;0,00;A11;K-Instituciones Bancarias;Z025;Financiero;;AMORTIZACION PAGARE 1708;72916,67;USD;0,00
1000;70000005;BANCO DEL TESORO, C.A.;1708;PAGARE 1708;SA;Documento cta.mayor;0100084257;18.01.2018;;;0;18.01.2018;VEF;0,0000;0,0000;0,0000;0,0000;0,0000;0,0000;0,0000;0,00;A11;K-Instituciones Bancarias;Z025;Financiero;;AMORTIZACION 1708;24074,07;USD;0,00
1000;70000005;BANCO DEL TESORO, C.A.;1915;PAGARE 1915;SA;Documento cta.mayor;0100084305;19.01.2018;;;0;19.01.2018;VEF;0,0000;0,0000;0,0000;0,0000;0,0000;0,0000;0,0000;0,00;A11;K-Instituciones Bancarias;Z025;Financiero;;AMORTIZACION PAGARE 1915;111111,11;USD;0,00
1000;70000005;BANCO DEL TESORO, C.A.;2602;PAGARE 2602;SA;Documento cta.mayor;0100084330;22.01.2018;;;0;22.01.2018;VEF;0,0000;0,0000;0,0000;0,0000;0,0000;0,0000;0,0000;0,00;A11;K-Instituciones Bancarias;Z025;Financiero;;AMORTIZACION PAGARE 2602;95000,00;USD;0,00
1000;70000005;BANCO DEL TESORO, C.A.;2122;PAGARE 2122;SA;Documento cta.mayor;0100084671;25.01.2018;;;0;25.01.2018;VEF;0,0000;0,0000;0,0000;0,0000;0,0000;0,0000;0,0000;0,00;A11;K-Instituciones Bancarias;Z025;Financiero;;AMORTIZACION PAGARE 2122;42592,59;USD;0,00
1000;70000005;BANCO DEL TESORO, C.A.;1525;1525;SA;Documento cta.mayor;0100084786;29.01.2018;;;0;29.01.2018;VEF;0,0000;0,0000;0,0000;0,0000;0,0000;0,0000;0,0000;0,00;A11;K-Instituciones Bancarias;Z025;Financiero;;PAGARE 1525;173621,69;USD;0,00
1000;70000005;BANCO DEL TESORO, C.A.;1526;1526;SA;Documento cta.mayor;0100084787;29.01.2018;;;0;29.01.2018;VEF;0,0000;0,0000;0,0000;0,0000;0,0000;0,0000;0,0000;0,00;A11;K-Instituciones Bancarias;Z025;Financiero;;PAGARE 1526;53916,67;USD;0,00
1000;70000005;BANCO DEL TESORO, C.A.;1750;1750;SA;Documento cta.mayor;0100084790;29.01.2018;;;0;29.01.2018;VEF;0,0000;0,0000;0,0000;0,0000;0,0000;0,0000;0,0000;0,00;A11;K-Instituciones Bancarias;Z025;Financiero;;PAGARE 1750;242592,59;USD;0,00
1000;70000005;BANCO DEL TESORO, C.A.;2250;PAGARE 2250;SA;Documento cta.mayor;0100084837;30.01.2018;;;0;30.01.2018;VEF;0,0000;0,0000;0,0000;0,0000;0,0000;0,0000;0,0000;0,00;A11;K-Instituciones Bancarias;Z025;Financiero;;AMORTIZACION PAGARE 2250;24074,07;USD;0,00
1000;70000005;BANCO DEL TESORO, C.A.;2012;2012;SA;Documento cta.mayor;0100084979;31.01.2018;;;0;31.01.2018;VEF;0,0000;0,0000;0,0000;0,0000;0,0000;0,0000;0,0000;0,00;A11;K-Instituciones Bancarias;Z025;Financiero;;AMORTIZACION;18518,52;USD;0,00
1000;70000005;BANCO DEL TESORO, C.A.;2894;2894;SA;Documento cta.mayor;0100084980;31.01.2018;;;0;31.01.2018;VEF;0,0000;0,0000;0,0000;0,0000;0,0000;0,0000;0,0000;0,00;A11;K-Instituciones Bancarias;Z025;Financiero;;AMORTIIZACION 2894;427872,22;USD;0,00
1000;70000005;BANCO DEL TESORO, C.A.;2967;2967;SA;Documento cta.mayor;0100084981;31.01.2018;;;0;31.01.2018;VEF;0,0000;0,0000;0,0000;0,0000;0,0000;0,0000;0,0000;0,00;A11;K-Instituciones Bancarias;Z025;Financiero;;AMORTIZACION 2967;8333333,33;USD;0,00
1000;70000005;BANCO DEL TESORO, C.A.;2180;PAGARE 2180;SA;Documento cta.mayor;0100085254;05.02.2018;;;0;05.02.2018;VEF;0,0000;0,0000;0,0000;0,0000;0,0000;0,0000;0,0000;0,00;A11;K-Instituciones Bancarias;Z025;Financiero;;AMORTIZACION PAGARE 2180;11111,11;USD;0,00
1000;70000005;BANCO DEL TESORO, C.A.;3129;PAGARE 3129;SA;Documento cta.mayor;0100085255;05.02.2018;;;0;05.02.2018;VEF;0,0000;0,0000;0,0000;0,0000;0,0000;0,0000;0,0000;0,00;A11;K-Instituciones Bancarias;Z025;Financiero;;AMORTIZACION PAGARE 3129;875000,00;USD;0,00
1000;70000005;BANCO DEL TESORO, C.A.;1739;PAGARE 1739;SA;Documento cta.mayor;0100086165;14.02.2018;;;0;14.02.2018;VEF;0,0000;0,0000;0,0000;0,0000;0,0000;0,0000;0,0000;0,00;A11;K-Instituciones Bancarias;Z025;Financiero;;AMORTIZACION PAGARE 1739;27777,78;USD;0,00
1000;70000005;BANCO DEL TESORO, C.A.;2655;PAGARE 2655;SA;Documento cta.mayor;0100086430;15.02.2018;;;0;15.02.2018;VEF;0,0000;0,0000;0,0000;0,0000;0,0000;0,0000;0,0000;0,00;A11;K-Instituciones Bancarias;Z025;Financiero;;AMORTIZACION PAGARE 2655;566666,67;USD;0,00
1000;70000005;BANCO DEL TESORO, C.A.;1832;PAGARE 1832;SA;Documento cta.mayor;0100086439;16.02.2018;;;0;16.02.2018;VEF;0,0000;0,0000;0,0000;0,0000;0,0000;0,0000;0,0000;0,00;A11;K-Instituciones Bancarias;Z025;Financiero;;AMORTIZACION PAGARE 1832;9074,07;USD;0,00
1000;70000005;BANCO DEL TESORO, C.A.;1707;PAGARE 1707;SA;Documento cta.mayor;0100086442;19.02.2018;;;0;19.02.2018;VEF;0,0000;0,0000;0,0000;0,0000;0,0000;0,0000;0,0000;0,00;A11;K-Instituciones Bancarias;Z025;Financiero;;AMORTIZACION PAGARE 1707;72916,67;USD;0,00
1000;70000005;BANCO DEL TESORO, C.A.;1708;PAGARE 1708;SA;Documento cta.mayor;0100086445;19.02.2018;;;0;19.02.2018;VEF;0,0000;0,0000;0,0000;0,0000;0,0000;0,0000;0,0000;0,00;A11;K-Instituciones Bancarias;Z025;Financiero;;AMORTIZACION PAGARE 1708;24074,07;USD;0,00
1000;70000005;BANCO DEL TESORO, C.A.;1915;PAGARE 1915;SA;Documento cta.mayor;0100086446;19.02.2018;;;0;19.02.2018;VEF;0,0000;0,0000;0,0000;0,0000;0,0000;0,0000;0,0000;0,00;A11;K-Instituciones Bancarias;Z025;Financiero;;AMORTIZACION PAGARE 1915;111111,11;USD;0,00
1000;70000005;BANCO DEL TESORO, C.A.;2602;PAGARE 2602;SA;Documento cta.mayor;0100086450;22.02.2018;;;0;22.02.2018;VEF;0,0000;0,0000;0,0000;0,0000;0,0000;0,0000;0,0000;0,00;A11;K-Instituciones Bancarias;Z025;Financiero;;AMORTIZACION PAGARE 2602;95000,00;USD;0,00
1000;70000005;BANCO DEL TESORO, C.A.;2122;PAGARE 2122;SA;Documento cta.mayor;0100086504;26.02.2018;;;0;26.02.2018;VEF;0,0000;0,0000;0,0000;0,0000;0,0000;0,0000;0,0000;0,00;A11;K-Instituciones Bancarias;Z025;Financiero;;AMORTIZACION PAGARE 2122;42592,59;USD;0,00
1000;70000005;BANCO DEL TESORO, C.A.;1525;PAGARE 1525;SA;Documento cta.mayor;0100086725;28.02.2018;;;0;28.02.2018;VEF;0,0000;0,0000;0,0000;0,0000;0,0000;0,0000;0,0000;0,00;A11;K-Instituciones Bancarias;Z025;Financiero;;APERTURA PAGARE 1525;173621,69;USD;0,00
1000;70000005;BANCO DEL TESORO, C.A.;1526;PAGARE 1526;SA;Documento cta.mayor;0100086726;28.02.2018;;;0;28.02.2018;VEF;0,0000;0,0000;0,0000;0,0000;0,0000;0,0000;0,0000;0,00;A11;K-Instituciones Bancarias;Z025;Financiero;;AMORTIZACION PAGARE 1526;53916,67;USD;0,00
1000;70000005;BANCO DEL TESORO, C.A.;1750;PAGARE 1750;SA;Documento cta.mayor;0100086727;28.02.2018;;;0;28.02.2018;VEF;0,0000;0,0000;0,0000;0,0000;0,0000;0,0000;0,0000;0,00;A11;K-Instituciones Bancarias;Z025;Financiero;;AMORTIZACION PAGARE 1750;242592,59;USD;0,00
1000;70000005;BANCO DEL TESORO, C.A.;2250;PAGARE 2250;SA;Documento cta.mayor;0100086728;28.02.2018;;;0;28.02.2018;VEF;0,0000;0,0000;0,0000;0,0000;0,0000;0,0000;0,0000;0,00;A11;K-Instituciones Bancarias;Z025;Financiero;;AMORTIZACION PAGARE 2250;24074,07;USD;0,00
1000;70000005;BANCO DEL TESORO, C.A.;2894;PAGARE 2894;SA;Documento cta.mayor;0100086729;28.02.2018;;;0;28.02.2018;VEF;0,0000;0,0000;0,0000;0,0000;0,0000;0,0000;0,0000;0,00;A11;K-Instituciones Bancarias;Z025;Financiero;;AMORTIZACION PAGARE 2894;427872,22;USD;0,00
1000;70000005;BANCO DEL TESORO, C.A.;2967;PAGARE 2967;SA;Documento cta.mayor;0100086731;28.02.2018;;;0;28.02.2018;VEF;0,0000;0,0000;0,0000;0,0000;0,0000;0,0000;0,0000;0,00;A11;K-Instituciones Bancarias;Z025;Financiero;;AMORTIZACION PAGARE 2967;8333333,33;USD;0,00
1000;70000005;BANCO DEL TESORO, C.A.;2012;PAGARE 2012;SA;Documento cta.mayor;0100086828;28.02.2018;;;0;28.02.2018;VEF;0,0000;0,0000;0,0000;0,0000;0,0000;0,0000;0,0000;0,00;A11;K-Instituciones Bancarias;Z025;Financiero;;AMORTIZACION PAGARE 2012;18518,52;USD;0,00
1000;70000005;BANCO DEL TESORO, C.A.;2180;AMORTIZACION;SA;Documento cta.mayor;0100087092;05.03.2018;;;0;05.03.2018;VEF;0,0000;0,0000;0,0000;0,0000;0,0000;0,0000;0,0000;0,00;A11;K-Instituciones Bancarias;Z025;Financiero;;AMORTIZACION PAGARE 2180;11111,11;USD;0,00
1000;70000005;BANCO DEL TESORO, C.A.;3129;AMORTIZACION;SA;Documento cta.mayor;0100087094;05.03.2018;;;0;05.03.2018;VEF;0,0000;0,0000;0,0000;0,0000;0,0000;0,0000;0,0000;0,00;A11;K-Instituciones Bancarias;Z025;Financiero;;AMORTIZACION PAGARE 3129;875000,00;USD;0,00
1000;70000005;BANCO DEL TESORO, C.A.;1739;PAGARE 1739;SA;Documento cta.mayor;0100088004;14.03.2018;;;0;14.03.2018;VEF;0,0000;0,0000;0,0000;0,0000;0,0000;0,0000;0,0000;0,00;A11;K-Instituciones Bancarias;Z025;Financiero;;AMORTIZACION PAGARE 1739;27777,78;USD;0,00
1000;70000005;BANCO DEL TESORO, C.A.;2655;PAGARE 2655;SA;Documento cta.mayor;0100088006;15.03.2018;;;0;15.03.2018;VEF;0,0000;0,0000;0,0000;0,0000;0,0000;0,0000;0,0000;0,00;A11;K-Instituciones Bancarias;Z025;Financiero;;AMORTIZACION PAGARE 2655;566666,67;USD;0,00
1000;70000005;BANCO DEL TESORO, C.A.;1832;PAGARE 1832;SA;Documento cta.mayor;0100088548;16.03.2018;;;0;16.03.2018;VEF;0,0000;0,0000;0,0000;0,0000;0,0000;0,0000;0,0000;0,00;A11;K-Instituciones Bancarias;Z025;Financiero;;AMORTIZACION PAGARE 1832;9074,07;USD;0,00
1000;70000005;BANCO DEL TESORO, C.A.;1707;PAGARE 1707;SA;Documento cta.mayor;0100088633;20.03.2018;;;0;20.03.2018;VEF;0,0000;0,0000;0,0000;0,0000;0,0000;0,0000;0,0000;0,00;A11;K-Instituciones Bancarias;Z025;Financiero;;AMORTIZACION PAGARE 1707;72916,67;USD;0,00
1000;70000005;BANCO DEL TESORO, C.A.;1708;PAGARE 1708;SA;Documento cta.mayor;0100088636;20.03.2018;;;0;20.03.2018;VEF;0,0000;0,0000;0,0000;0,0000;0,0000;0,0000;0,0000;0,00;A11;K-Instituciones Bancarias;Z025;Financiero;;AMORTIZACION 1708;24074,07;USD;0,00
1000;70000005;BANCO DEL TESORO, C.A.;1915;PAGARE 1915;SA;Documento cta.mayor;0100088638;20.03.2018;;;0;20.03.2018;VEF;0,0000;0,0000;0,0000;0,0000;0,0000;0,0000;0,0000;0,00;A11;K-Instituciones Bancarias;Z025;Financiero;;AMORTIZACION PAGARE 1915;111111,11;USD;0,00
1000;70000005;BANCO DEL TESORO, C.A.;2602;PAGARE 2602;SA;Documento cta.mayor;0100088640;22.03.2018;;;0;22.03.2018;VEF;0,0000;0,0000;0,0000;0,0000;0,0000;0,0000;0,0000;0,00;A11;K-Instituciones Bancarias;Z025;Financiero;;AMORTIZACION PAGARE 2602;95000,00;USD;0,00
1000;70000005;BANCO DEL TESORO, C.A.;2122;PAGARE 2122;SA;Documento cta.mayor;0100088641;26.03.2018;;;0;26.03.2018;VEF;0,0000;0,0000;0,0000;0,0000;0,0000;0,0000;0,0000;0,00;A11;K-Instituciones Bancarias;Z025;Financiero;;AMORTIZACION PAGARE 2122;42592,59;USD;0,00
1000;70000005;BANCO DEL TESORO, C.A.;1525;PAGARE 1525;SA;Documento cta.mayor;0100088647;28.03.2018;;;0;28.03.2018;VEF;0,0000;0,0000;0,0000;0,0000;0,0000;0,0000;0,0000;0,00;A11;K-Instituciones Bancarias;Z025;Financiero;;AMORTIZACION PAGARE 1525;173621,69;USD;0,00
1000;70000005;BANCO DEL TESORO, C.A.;1526;PAGARE 1526;SA;Documento cta.mayor;0100088648;28.03.2018;;;0;28.03.2018;VEF;0,0000;0,0000;0,0000;0,0000;0,0000;0,0000;0,0000;0,00;A11;K-Instituciones Bancarias;Z025;Financiero;;AMORTIZACION PAGARE 1526;53916,67;USD;0,00
1000;70000005;BANCO DEL TESORO, C.A.;1750;PAGARE 1750;SA;Documento cta.mayor;0100088649;28.03.2018;;;0;28.03.2018;VEF;0,0000;0,0000;0,0000;0,0000;0,0000;0,0000;0,0000;0,00;A11;K-Instituciones Bancarias;Z025;Financiero;;AMORTIZACION PAGARE 1750;242592,59;USD;0,00
1000;70000005;BANCO DEL TESORO, C.A.;2012;PAGARE 2012;SA;Documento cta.mayor;0100088650;28.03.2018;;;0;28.03.2018;VEF;0,0000;0,0000;0,0000;0,0000;0,0000;0,0000;0,0000;0,00;A11;K-Instituciones Bancarias;Z025;Financiero;;AMORTIZACION PAGARE 2012;18518,52;USD;0,00
1000;70000005;BANCO DEL TESORO, C.A.;2250;PAGARE  2250;SA;Documento cta.mayor;0100088651;28.03.2018;;;0;28.03.2018;VEF;0,0000;0,0000;0,0000;0,0000;0,0000;0,0000;0,0000;0,00;A11;K-Instituciones Bancarias;Z025;Financiero;;AMORTIZACION PAGARE 2250;24074,07;USD;0,00
1000;70000005;BANCO DEL TESORO, C.A.;2894;PAGARE  2894;SA;Documento cta.mayor;0100088656;28.03.2018;;;0;28.03.2018;VEF;0,0000;0,0000;0,0000;0,0000;0,0000;0,0000;0,0000;0,00;A11;K-Instituciones Bancarias;Z025;Financiero;;AMORTIZACION PAGARE 2894;427872,22;USD;0,00
1000;70000005;BANCO DEL TESORO, C.A.;2967;PAGARE 2967;SA;Documento cta.mayor;0100088659;28.03.2018;;;0;28.03.2018;VEF;0,0000;0,0000;0,0000;0,0000;0,0000;0,0000;0,0000;0,00;A11;K-Instituciones Bancarias;Z025;Financiero;;AMORTIZACION PAGARE 2967;8333333,33;USD;0,00
1000;70000005;BANCO DEL TESORO, C.A.;3129;PAGARE 3129;SA;Documento cta.mayor;0100089044;03.04.2018;;;0;03.04.2018;VEF;0,0000;0,0000;0,0000;0,0000;0,0000;0,0000;0,0000;0,00;A11;K-Instituciones Bancarias;Z025;Financiero;;AMORTIZACION PAGARE 3129;875000,00;USD;0,00
1000;70000005;BANCO DEL TESORO, C.A.;2180;PAGARE 2180;SA;Documento cta.mayor;0100089046;05.04.2018;;;0;05.04.2018;VEF;0,0000;0,0000;0,0000;0,0000;0,0000;0,0000;0,0000;0,00;A11;K-Instituciones Bancarias;Z025;Financiero;;AMORTIZACION PAGARE 2180;11111,11;USD;0,00
1000;70000005;BANCO DEL TESORO, C.A.;1739;PAGARE 1739;SA;Documento cta.mayor;0100089945;16.04.2018;;;0;16.04.2018;VEF;0,0000;0,0000;0,0000;0,0000;0,0000;0,0000;0,0000;0,00;A11;K-Instituciones Bancarias;Z025;Financiero;;AMORTIZACION PAGARE 1739;27777,78;USD;0,00
1000;70000005;BANCO DEL TESORO, C.A.;1832;PAGARE 1832;SA;Documento cta.mayor;0100090046;16.04.2018;;;0;16.04.2018;VEF;0,0000;0,0000;0,0000;0,0000;0,0000;0,0000;0,0000;0,00;A11;K-Instituciones Bancarias;Z025;Financiero;;AMORTIZACION PAGARE 1832;9074,07;USD;0,00
1000;70000005;BANCO DEL TESORO, C.A.;2655;PAGARE 2655;SA;Documento cta.mayor;0100090051;16.04.2018;;;0;16.04.2018;VEF;0,0000;0,0000;0,0000;0,0000;0,0000;0,0000;0,0000;0,00;A11;K-Instituciones Bancarias;Z025;Financiero;;AMORTIZACION PAGARE 2655;566666,67;USD;0,00
1000;70000005;BANCO DEL TESORO, C.A.;1707;PAGARE 1707;SA;Documento cta.mayor;0100090059;18.04.2018;;;0;18.04.2018;VEF;0,0000;0,0000;0,0000;0,0000;0,0000;0,0000;0,0000;0,00;A11;K-Instituciones Bancarias;Z025;Financiero;;AMORTIZACION PAGARE 1707;72916,67;USD;0,00
1000;70000005;BANCO DEL TESORO, C.A.;1708;PAGARE 1708;SA;Documento cta.mayor;0100090061;18.04.2018;;;0;18.04.2018;VEF;0,0000;0,0000;0,0000;0,0000;0,0000;0,0000;0,0000;0,00;A11;K-Instituciones Bancarias;Z025;Financiero;;AMORTIZACION PAGARE 1708;24074,07;USD;0,00
1000;70000005;BANCO DEL TESORO, C.A.;1915;PAGARE 1915;SA;Documento cta.mayor;0100090067;20.04.2018;;;0;20.04.2018;VEF;0,0000;0,0000;0,0000;0,0000;0,0000;0,0000;0,0000;0,00;A11;K-Instituciones Bancarias;Z025;Financiero;;AMORTIZACION PAGARE 1915;111111,11;USD;0,00
1000;70000005;BANCO DEL TESORO, C.A.;2602;PAGARE 2602;SA;Documento cta.mayor;0100090069;23.04.2018;;;0;23.04.2018;VEF;0,0000;0,0000;0,0000;0,0000;0,0000;0,0000;0,0000;0,00;A11;K-Instituciones Bancarias;Z025;Financiero;;AMORTIZACION PAGARE 2602;95000,00;USD;0,00
1000;70000005;BANCO DEL TESORO, C.A.;2122;PAGARE 2122;SA;Documento cta.mayor;0100090587;25.04.2018;;;0;25.04.2018;VEF;0,0000;0,0000;0,0000;0,0000;0,0000;0,0000;0,0000;0,00;A11;K-Instituciones Bancarias;Z025;Financiero;;AMORTIZACION PAGARE 2122;42592,59;USD;0,00
1000;70000005;BANCO DEL TESORO, C.A.;2894;903510001525;SA;Documento cta.mayor;0100090954;30.04.2018;;;0;30.04.2018;VEF;0,0000;0,0000;0,0000;0,0000;0,0000;0,0000;0,0000;0,00;A11;K-Instituciones Bancarias;Z025;Financiero;;;427872,22;USD;0,00
1000;70000005;BANCO DEL TESORO, C.A.;1526;903510001525;SA;Documento cta.mayor;0100090954;30.04.2018;;;0;30.04.2018;VEF;0,0000;0,0000;0,0000;0,0000;0,0000;0,0000;0,0000;0,00;A11;K-Instituciones Bancarias;Z025;Financiero;;;53916,67;USD;0,00
1000;70000005;BANCO DEL TESORO, C.A.;2250;903510001525;SA;Documento cta.mayor;0100090954;30.04.2018;;;0;30.04.2018;VEF;0,0000;0,0000;0,0000;0,0000;0,0000;0,0000;0,0000;0,00;A11;K-Instituciones Bancarias;Z025;Financiero;;;24074,07;USD;0,00
1000;70000005;BANCO DEL TESORO, C.A.;2012;903510001525;SA;Documento cta.mayor;0100090954;30.04.2018;;;0;30.04.2018;VEF;0,0000;0,0000;0,0000;0,0000;0,0000;0,0000;0,0000;0,00;A11;K-Instituciones Bancarias;Z025;Financiero;;;18518,52;USD;0,00
1000;70000005;BANCO DEL TESORO, C.A.;2967;903510001525;SA;Documento cta.mayor;0100090954;30.04.2018;;;0;30.04.2018;VEF;0,0000;0,0000;0,0000;0,0000;0,0000;0,0000;0,0000;0,00;A11;K-Instituciones Bancarias;Z025;Financiero;;;8333333,33;USD;0,00
1000;70000005;BANCO DEL TESORO, C.A.;1750;903510001525;SA;Documento cta.mayor;0100090954;30.04.2018;;;0;30.04.2018;VEF;0,0000;0,0000;0,0000;0,0000;0,0000;0,0000;0,0000;0,00;A11;K-Instituciones Bancarias;Z025;Financiero;;;242592,59;USD;0,00
1000;70000005;BANCO DEL TESORO, C.A.;1525;903510001525;SA;Documento cta.mayor;0100090954;30.04.2018;;;0;30.04.2018;VEF;0,0000;0,0000;0,0000;0,0000;0,0000;0,0000;0,0000;0,00;A11;K-Instituciones Bancarias;Z025;Financiero;;;173621,69;USD;0,00
1000;70000005;BANCO DEL TESORO, C.A.;3129;PAGARE 3129;SA;Documento cta.mayor;0100091431;03.05.2018;;;0;03.05.2018;VEF;0,0000;0,0000;0,0000;0,0000;0,0000;0,0000;0,0000;0,00;A11;K-Instituciones Bancarias;Z025;Financiero;;APERTURA PAGARE 3129;875000,00;USD;0,00
1000;70000005;BANCO DEL TESORO, C.A.;2180;PAGARE 2180;SA;Documento cta.mayor;0100091436;07.05.2018;;;0;07.05.2018;VEF;0,0000;0,0000;0,0000;0,0000;0,0000;0,0000;0,0000;0,00;A11;K-Instituciones Bancarias;Z025;Financiero;;AMORTIZACION PAGARE 2180;11111,11;USD;0,00
1000;70000005;BANCO DEL TESORO, C.A.;1739;PAGARE 1739;SA;Documento cta.mayor;0100091499;15.05.2018;;;0;15.05.2018;VEF;0,0000;0,0000;0,0000;0,0000;0,0000;0,0000;0,0000;0,00;A11;K-Instituciones Bancarias;Z025;Financiero;;AMORTIZACION PAGARE 1739;27777,78;USD;0,00
1000;70000005;BANCO DEL TESORO, C.A.;2655;PAGARE 2655;SA;Documento cta.mayor;0100091500;15.05.2018;;;0;15.05.2018;VEF;0,0000;0,0000;0,0000;0,0000;0,0000;0,0000;0,0000;0,00;A11;K-Instituciones Bancarias;Z025;Financiero;;AMORTIZACION PAGARE 2655;566666,67;USD;0,00
1000;70000005;BANCO DEL TESORO, C.A.;1832;PAGARE 1832;SA;Documento cta.mayor;0100091527;16.05.2018;;;0;16.05.2018;VEF;0,0000;0,0000;0,0000;0,0000;0,0000;0,0000;0,0000;0,00;A11;K-Instituciones Bancarias;Z025;Financiero;;AMORTIZACION PAGARE 1832;9074,07;USD;0,00
1000;70000005;BANCO DEL TESORO, C.A.;1707;PAGARE 1707;SA;Documento cta.mayor;0100091769;18.05.2018;;;0;18.05.2018;VEF;0,0000;0,0000;0,0000;0,0000;0,0000;0,0000;0,0000;0,00;A11;K-Instituciones Bancarias;Z025;Financiero;;AMORTIZACION PAGARE 1707;72916,67;USD;0,00
1000;70000005;BANCO DEL TESORO, C.A.;1708;PAGARE 1708;SA;Documento cta.mayor;0100091771;18.05.2018;;;0;18.05.2018;VEF;0,0000;0,0000;0,0000;0,0000;0,0000;0,0000;0,0000;0,00;A11;K-Instituciones Bancarias;Z025;Financiero;;AMORTIZACION PAGARE 1708;24074,07;USD;0,00
1000;70000005;BANCO DEL TESORO, C.A.;1915;PAGARE 1915;SA;Documento cta.mayor;0100091807;21.05.2018;;;0;21.05.2018;VEF;0,0000;0,0000;0,0000;0,0000;0,0000;0,0000;0,0000;0,00;A11;K-Instituciones Bancarias;Z025;Financiero;;AMORTIZACION PAGARE 1915;111111,11;USD;0,00
1000;70000005;BANCO DEL TESORO, C.A.;2602;PAGARE 2602;SA;Documento cta.mayor;0100091878;22.05.2018;;;0;22.05.2018;VEF;0,0000;0,0000;0,0000;0,0000;0,0000;0,0000;0,0000;0,00;A11;K-Instituciones Bancarias;Z025;Financiero;;AMORTIZACION PAGARE 2602;95000,00;USD;0,00
1000;70000005;BANCO DEL TESORO, C.A.;2122;PAGARE 2122;SA;Documento cta.mayor;0100092253;25.05.2018;;;0;25.05.2018;VEF;0,0000;0,0000;0,0000;0,0000;0,0000;0,0000;0,0000;0,00;A11;K-Instituciones Bancarias;Z025;Financiero;;AMORTIZACION PAGARE 2122;42592,59;USD;0,00
1000;70000005;BANCO DEL TESORO, C.A.;1525;PAGARE 1525;SA;Documento cta.mayor;0100092583;28.05.2018;;;0;28.05.2018;VEF;0,0000;0,0000;0,0000;0,0000;0,0000;0,0000;0,0000;0,00;A11;K-Instituciones Bancarias;Z025;Financiero;;AMORTIZACION PAGARE 1525;173621,69;USD;0,00
1000;70000005;BANCO DEL TESORO, C.A.;1526;PAGARE 1526;SA;Documento cta.mayor;0100092585;28.05.2018;;;0;28.05.2018;VEF;0,0000;0,0000;0,0000;0,0000;0,0000;0,0000;0,0000;0,00;A11;K-Instituciones Bancarias;Z025;Financiero;;AMORTIZACION PAGARE 1526;53916,67;USD;0,00
1000;70000005;BANCO DEL TESORO, C.A.;1750;PAGARE 1750;SA;Documento cta.mayor;0100092586;28.05.2018;;;0;28.05.2018;VEF;0,0000;0,0000;0,0000;0,0000;0,0000;0,0000;0,0000;0,00;A11;K-Instituciones Bancarias;Z025;Financiero;;AMORTIZACION PAGARE 1750;242592,59;USD;0,00
1000;70000005;BANCO DEL TESORO, C.A.;2250;PAGARE 2250;SA;Documento cta.mayor;0100092869;30.05.2018;;;0;30.05.2018;VEF;0,0000;0,0000;0,0000;0,0000;0,0000;0,0000;0,0000;0,00;A11;K-Instituciones Bancarias;Z025;Financiero;;AMORTIZACION PAGARE 2250;24074,07;USD;0,00
1000;70000005;BANCO DEL TESORO, C.A.;2012;PAGARE 2012;SA;Documento cta.mayor;0100093023;31.05.2018;;;0;31.05.2018;VEF;0,0000;0,0000;0,0000;0,0000;0,0000;0,0000;0,0000;0,00;A11;K-Instituciones Bancarias;Z025;Financiero;;AMORTIZACION PAGARE 2012;18518,52;USD;0,00
1000;70000005;BANCO DEL TESORO, C.A.;2894;PAGARE 2894;SA;Documento cta.mayor;0100093024;31.05.2018;;;0;31.05.2018;VEF;0,0000;0,0000;0,0000;0,0000;0,0000;0,0000;0,0000;0,00;A11;K-Instituciones Bancarias;Z025;Financiero;;AMORTIZACION PAGARE 2894;427872,22;USD;0,00
1000;70000005;BANCO DEL TESORO, C.A.;2967;PAGARE 2967;SA;Documento cta.mayor;0100093025;31.05.2018;;;0;31.05.2018;VEF;0,0000;0,0000;0,0000;0,0000;0,0000;0,0000;0,0000;0,00;A11;K-Instituciones Bancarias;Z025;Financiero;;AMORTIZACION PAGARE 2967;8333333,33;USD;0,00
1000;70000005;BANCO DEL TESORO, C.A.;2180;PAGARE 2180;SA;Documento cta.mayor;0100093983;05.06.2018;;;0;05.06.2018;VEF;0,0000;0,0000;0,0000;0,0000;0,0000;0,0000;0,0000;0,00;A11;K-Instituciones Bancarias;Z025;Financiero;;AMORTIZACION PAGARE 2180;11111,11;USD;0,00
1000;70000005;BANCO DEL TESORO, C.A.;3129;PAGARE 3129;SA;Documento cta.mayor;0100093985;05.06.2018;;;0;05.06.2018;VEF;0,0000;0,0000;0,0000;0,0000;0,0000;0,0000;0,0000;0,00;A11;K-Instituciones Bancarias;Z025;Financiero;;AMORTIZACION PAGARE 3129;875000,00;USD;0,00
1000;70000005;BANCO DEL TESORO, C.A.;1739;PAGARE 1739;SA;Documento cta.mayor;0100093990;14.06.2018;;;0;14.06.2018;VEF;0,0000;0,0000;0,0000;0,0000;0,0000;0,0000;0,0000;0,00;A11;K-Instituciones Bancarias;Z025;Financiero;;AMORTIZACION PAGARE 1739;27777,78;USD;0,00
1000;70000005;BANCO DEL TESORO, C.A.;2655;PAGARE 2655;SA;Documento cta.mayor;0100093994;15.06.2018;;;0;15.06.2018;VEF;0,0000;0,0000;0,0000;0,0000;0,0000;0,0000;0,0000;0,00;A11;K-Instituciones Bancarias;Z025;Financiero;;AMORTIZACION PAGARE 2655;566666,67;USD;0,00
1000;70000005;BANCO DEL TESORO, C.A.;1708;PAGARE 1707-1708;SA;Documento cta.mayor;0100094009;18.06.2018;;;0;18.06.2018;VEF;0,0000;0,0000;0,0000;0,0000;0,0000;0,0000;0,0000;0,00;A11;K-Instituciones Bancarias;Z025;Financiero;;AMORTIZACION PAGARE 1707;24074,07;USD;0,00
1000;70000005;BANCO DEL TESORO, C.A.;1707;PAGARE 1707-1708;SA;Documento cta.mayor;0100094009;18.06.2018;;;0;18.06.2018;VEF;0,0000;0,0000;0,0000;0,0000;0,0000;0,0000;0,0000;0,00;A11;K-Instituciones Bancarias;Z025;Financiero;;AMORTIZACION PAGARE 1707;72916,67;USD;0,00
1000;70000005;BANCO DEL TESORO, C.A.;1832;PAGARE 1707-1708;SA;Documento cta.mayor;0100094009;18.06.2018;;;0;18.06.2018;VEF;0,0000;0,0000;0,0000;0,0000;0,0000;0,0000;0,0000;0,00;A11;K-Instituciones Bancarias;Z025;Financiero;;AMORTIZACION PAGARE 1707;9074,07;USD;0,00
1000;70000005;BANCO DEL TESORO, C.A.;1915;PAGARE 1915;SA;Documento cta.mayor;0100094010;19.06.2018;;;0;19.06.2018;VEF;0,0000;0,0000;0,0000;0,0000;0,0000;0,0000;0,0000;0,00;A11;K-Instituciones Bancarias;Z025;Financiero;;AMORTIZACION PAGARE 1915;111111,11;USD;0,00
1000;70000005;BANCO DEL TESORO, C.A.;2602;PAGARE 2602;SA;Documento cta.mayor;0100094141;22.06.2018;;;0;22.06.2018;VEF;0,0000;0,0000;0,0000;0,0000;0,0000;0,0000;0,0000;0,00;A11;K-Instituciones Bancarias;Z025;Financiero;;AMORTIZACION PAGARE 2602;95000,00;USD;0,00
1000;70000005;BANCO DEL TESORO, C.A.;2894;PAGARE 2894;SA;Documento cta.mayor;0100094764;29.06.2018;;;0;29.06.2018;VEF;0,0000;0,0000;0,0000;0,0000;0,0000;0,0000;0,0000;0,00;A11;K-Instituciones Bancarias;Z025;Financiero;;AMORTIZACION PAGARE 2894;427872,22;USD;0,00
1000;70000005;BANCO DEL TESORO, C.A.;2250;PAGARE 2894;SA;Documento cta.mayor;0100094764;29.06.2018;;;0;29.06.2018;VEF;0,0000;0,0000;0,0000;0,0000;0,0000;0,0000;0,0000;0,00;A11;K-Instituciones Bancarias;Z025;Financiero;;AMORTIZACION PAGARE 2894;24074,07;USD;0,00
1000;70000005;BANCO DEL TESORO, C.A.;2012;PAGARE 2894;SA;Documento cta.mayor;0100094764;29.06.2018;;;0;29.06.2018;VEF;0,0000;0,0000;0,0000;0,0000;0,0000;0,0000;0,0000;0,00;A11;K-Instituciones Bancarias;Z025;Financiero;;AMORTIZACION PAGARE 2894;18518,52;USD;0,00
1000;70000005;BANCO DEL TESORO, C.A.;2967;PAGARE 2894;SA;Documento cta.mayor;0100094764;29.06.2018;;;0;29.06.2018;VEF;0,0000;0,0000;0,0000;0,0000;0,0000;0,0000;0,0000;0,00;A11;K-Instituciones Bancarias;Z025;Financiero;;AMORTIZACION PAGARE 2894;8333333,33;USD;0,00
1000;70000005;BANCO DEL TESORO, C.A.;2122;PAGARE 2122;SA;Documento cta.mayor;0100094765;25.06.2018;;;0;25.06.2018;VEF;0,0000;0,0000;0,0000;0,0000;0,0000;0,0000;0,0000;0,00;A11;K-Instituciones Bancarias;Z025;Financiero;;AMORTIZACION PAGARE 2122;42592,59;USD;0,00
1000;70000005;BANCO DEL TESORO, C.A.;1525;1525;SA;Documento cta.mayor;0100094777;28.06.2018;;;0;28.06.2018;VEF;0,0000;0,0000;0,0000;0,0000;0,0000;0,0000;0,0000;0,00;A11;K-Instituciones Bancarias;Z025;Financiero;;AMORTIZACION 1525;173621,69;USD;0,00
1000;70000005;BANCO DEL TESORO, C.A.;1526;1525;SA;Documento cta.mayor;0100094777;28.06.2018;;;0;28.06.2018;VEF;0,0000;0,0000;0,0000;0,0000;0,0000;0,0000;0,0000;0,00;A11;K-Instituciones Bancarias;Z025;Financiero;;AMORTIZACION 1525;53916,67;USD;0,00
1000;70000005;BANCO DEL TESORO, C.A.;1750;1525;SA;Documento cta.mayor;0100094777;28.06.2018;;;0;28.06.2018;VEF;0,0000;0,0000;0,0000;0,0000;0,0000;0,0000;0,0000;0,00;A11;K-Instituciones Bancarias;Z025;Financiero;;AMORTIZACION 1525;242592,59;USD;0,00
1000;70000005;BANCO DEL TESORO, C.A.;3129;PAGARE 3129;SA;Documento cta.mayor;0100095172;03.07.2018;;;0;03.07.2018;VEF;0,0000;0,0000;0,0000;0,0000;0,0000;0,0000;0,0000;0,00;A11;K-Instituciones Bancarias;Z025;Financiero;;AMORTIZACION PAGARE 3129;875000,00;USD;0,00
1000;70000005;BANCO DEL TESORO, C.A.;2180;PAGARE 2180;SA;Documento cta.mayor;0100095173;06.07.2018;;;0;06.07.2018;VEF;0,0000;0,0000;0,0000;0,0000;0,0000;0,0000;0,0000;0,00;A11;K-Instituciones Bancarias;Z025;Financiero;;AMORTIZACION PAGARE 2180;11111,11;USD;0,00
1000;70000005;BANCO DEL TESORO, C.A.;1832;AMORTIZACION;SA;Documento cta.mayor;0100095600;16.07.2018;;;0;16.07.2018;VEF;0,0000;0,0000;0,0000;0,0000;0,0000;0,0000;0,0000;0,00;A11;K-Instituciones Bancarias;Z025;Financiero;;AMORTIZACION PAGARE 1739;9074,07;USD;0,00
1000;70000005;BANCO DEL TESORO, C.A.;1739;AMORTIZACION;SA;Documento cta.mayor;0100095600;16.07.2018;;;0;16.07.2018;VEF;0,0000;0,0000;0,0000;0,0000;0,0000;0,0000;0,0000;0,00;A11;K-Instituciones Bancarias;Z025;Financiero;;AMORTIZACION PAGARE 1739;27777,78;USD;0,00
1000;70000005;BANCO DEL TESORO, C.A.;2655;AMORTIZACION;SA;Documento cta.mayor;0100095600;16.07.2018;;;0;16.07.2018;VEF;0,0000;0,0000;0,0000;0,0000;0,0000;0,0000;0,0000;0,00;A11;K-Instituciones Bancarias;Z025;Financiero;;AMORTIZACION PAGARE 1739;566666,67;USD;0,00
1000;70000005;BANCO DEL TESORO, C.A.;1707;1707-1708;SA;Documento cta.mayor;0100095820;18.07.2018;;;0;18.07.2018;VEF;0,0000;0,0000;0,0000;0,0000;0,0000;0,0000;0,0000;0,00;A11;K-Instituciones Bancarias;Z025;Financiero;;AMORTIZACION PAGARE 1707-;72916,67;USD;0,00
1000;70000005;BANCO DEL TESORO, C.A.;1708;1707-1708;SA;Documento cta.mayor;0100095820;18.07.2018;;;0;18.07.2018;VEF;0,0000;0,0000;0,0000;0,0000;0,0000;0,0000;0,0000;0,00;A11;K-Instituciones Bancarias;Z025;Financiero;;AMORTIZACION PAGARE 1707-;24074,07;USD;0,00
1000;70000005;BANCO DEL TESORO, C.A.;1915;;SA;Documento cta.mayor;0100097077;31.07.2018;;;0;31.07.2018;VEF;0,0000;0,0000;0,0000;0,0000;0,0000;0,0000;0,0000;0,00;A11;K-Instituciones Bancarias;Z025;Financiero;;AMORTIZACION PAGARE;111111,11;USD;0,00
1000;70000005;BANCO DEL TESORO, C.A.;2602;;SA;Documento cta.mayor;0100097078;31.07.2018;;;0;31.07.2018;VEF;0,0000;0,0000;0,0000;0,0000;0,0000;0,0000;0,0000;0,00;A11;K-Instituciones Bancarias;Z025;Financiero;;AMORTIZACION PAGARE;95000,00;USD;0,00
1000;70000005;BANCO DEL TESORO, C.A.;2122;;SA;Documento cta.mayor;0100097118;25.07.2018;;;0;25.07.2018;VEF;0,0000;0,0000;0,0000;0,0000;0,0000;0,0000;0,0000;0,00;A11;K-Instituciones Bancarias;Z025;Financiero;;AMORTIZACION PAGARE;42592,59;USD;0,00
1000;70000005;BANCO DEL TESORO, C.A.;1525;1525;SA;Documento cta.mayor;0100097131;30.07.2018;;;0;30.07.2018;VEF;0,0000;0,0000;0,0000;0,0000;0,0000;0,0000;0,0000;0,00;A11;K-Instituciones Bancarias;Z025;Financiero;;AMORTIZACION;173621,69;USD;0,00
1000;70000005;BANCO DEL TESORO, C.A.;1750;1525;SA;Documento cta.mayor;0100097131;30.07.2018;;;0;30.07.2018;VEF;0,0000;0,0000;0,0000;0,0000;0,0000;0,0000;0,0000;0,00;A11;K-Instituciones Bancarias;Z025;Financiero;;AMORTIZACION;242592,59;USD;0,00
1000;70000005;BANCO DEL TESORO, C.A.;1526;1525;SA;Documento cta.mayor;0100097131;30.07.2018;;;0;30.07.2018;VEF;0,0000;0,0000;0,0000;0,0000;0,0000;0,0000;0,0000;0,00;A11;K-Instituciones Bancarias;Z025;Financiero;;AMORTIZACION;53916,67;USD;0,00
1000;70000005;BANCO DEL TESORO, C.A.;2250;1525;SA;Documento cta.mayor;0100097131;30.07.2018;;;0;30.07.2018;VEF;0,0000;0,0000;0,0000;0,0000;0,0000;0,0000;0,0000;0,00;A11;K-Instituciones Bancarias;Z025;Financiero;;AMORTIZACION;24074,07;USD;0,00
1000;70000005;BANCO DEL TESORO, C.A.;2894;2012;SA;Documento cta.mayor;0100097137;31.07.2018;;;0;31.07.2018;VEF;0,0000;0,0000;0,0000;0,0000;0,0000;0,0000;0,0000;0,00;A11;K-Instituciones Bancarias;Z025;Financiero;;AMORTIZACION 2012;427872,22;USD;0,00
1000;70000005;BANCO DEL TESORO, C.A.;2967;2012;SA;Documento cta.mayor;0100097137;31.07.2018;;;0;31.07.2018;VEF;0,0000;0,0000;0,0000;0,0000;0,0000;0,0000;0,0000;0,00;A11;K-Instituciones Bancarias;Z025;Financiero;;AMORTIZACION 2012;8333333,33;USD;0,00
1000;70000005;BANCO DEL TESORO, C.A.;2012;2012;SA;Documento cta.mayor;0100097137;31.07.2018;;;0;31.07.2018;VEF;0,0000;0,0000;0,0000;0,0000;0,0000;0,0000;0,0000;0,00;A11;K-Instituciones Bancarias;Z025;Financiero;;AMORTIZACION 2012;18518,52;USD;0,00
1000;70000005;BANCO DEL TESORO, C.A.;3514;APERTURA PAGARE;SA;Documento cta.mayor;0100097139;17.07.2018;;;0;17.07.2018;VEF;0,0000;0,0000;0,0000;0,0000;0,0000;0,0000;0,0000;-0,01;A11;K-Instituciones Bancarias;Z025;Financiero;;APERTURA PAGARE 3514;-80000000,00;USD;0,00
1000;70000005;BANCO DEL TESORO, C.A.;1739;903510001739;SA;Documento cta.mayor;0100098467;14.08.2018;;;0;14.08.2018;VEF;0,0000;0,0000;0,0000;0,0000;0,0000;0,0000;0,0000;0,00;A11;K-Instituciones Bancarias;Z025;Financiero;;AMORT.PAGARE 1739 TESORO;27777,78;USD;0,00
1000;70000005;BANCO DEL TESORO, C.A.;2655;903510002655;SA;Documento cta.mayor;0100098469;15.08.2018;;;0;15.08.2018;VEF;0,0000;0,0000;0,0000;0,0000;0,0000;0,0000;0,0000;0,00;A11;K-Instituciones Bancarias;Z025;Financiero;;AMORT.PAGARE 2655 TESORO;566666,67;USD;0,00
1000;70000005;BANCO DEL TESORO, C.A.;1832;903510001832;SA;Documento cta.mayor;0100098598;16.08.2018;;;0;16.08.2018;VEF;0,0000;0,0000;0,0000;0,0000;0,0000;0,0000;0,0000;0,00;A11;K-Instituciones Bancarias;Z025;Financiero;;AMORT.PAGARE 1832 TESORO;9074,07;USD;0,00
1000;70000005;BANCO DEL TESORO, C.A.;1707;903510001707;SA;Documento cta.mayor;0100099049;18.08.2018;;;0;18.08.2018;VES;0,0000;0,0000;0,0000;0,0000;0,0000;0,0000;0,0000;0,00;A11;K-Instituciones Bancarias;Z025;Financiero;;AMORT.PAGARE 1707 TESORO;0,73;USD;0,00
1000;70000005;BANCO DEL TESORO, C.A.;1708;903510001708;SA;Documento cta.mayor;0100099050;18.08.2018;;;0;18.08.2018;VES;0,0000;0,0000;0,0000;0,0000;0,0000;0,0000;0,0000;0,00;A11;K-Instituciones Bancarias;Z025;Financiero;;AMORT.PAGARE 1708 TESORO;0,24;USD;0,00
1000;70000005;BANCO DEL TESORO, C.A.;1915;903510001915;SA;Documento cta.mayor;0100099052;19.08.2018;;;0;19.08.2018;VES;0,0000;0,0000;0,0000;0,0000;0,0000;0,0000;0,0000;0,00;A11;K-Instituciones Bancarias;Z025;Financiero;;AMORT.PAGARE 1915 TESORO;1,11;USD;0,00
1000;70000005;BANCO DEL TESORO, C.A.;2602;903510002602;SA;Documento cta.mayor;0100099054;22.08.2018;;;0;22.08.2018;VES;0,0000;0,0000;0,0000;0,0000;0,0000;0,0000;0,0000;0,00;A11;K-Instituciones Bancarias;Z025;Financiero;;AMORT.PAGARE 2602 TESORO;0,95;USD;0,00
1000;70000005;BANCO DEL TESORO, C.A.;2122;9035510002122;SA;Documento cta.mayor;0100099211;27.08.2018;;;0;27.08.2018;VES;0,0000;0,0000;0,0000;0,0000;0,0000;0,0000;0,0000;0,00;A11;K-Instituciones Bancarias;Z025;Financiero;;AMORT.PAGARE 2122 TESORO;0,43;USD;0,00
1000;70000005;BANCO DEL TESORO, C.A.;1525;903510001525;SA;Documento cta.mayor;0100099352;28.08.2018;;;0;28.08.2018;VES;0,0000;0,0000;0,0000;0,0000;0,0000;0,0000;0,0000;0,00;A11;K-Instituciones Bancarias;Z025;Financiero;;AMORT.PAGARE 1525;1,74;USD;0,00
1000;70000005;BANCO DEL TESORO, C.A.;1750;903510001750;SA;Documento cta.mayor;0100099355;28.08.2018;;;0;28.08.2018;VES;0,0000;0,0000;0,0000;0,0000;0,0000;0,0000;0,0000;0,00;A11;K-Instituciones Bancarias;Z025;Financiero;;AMORT.PAGARE 1750 TESORO;2,43;USD;0,00
1000;70000005;BANCO DEL TESORO, C.A.;1526;903510001526;SA;Documento cta.mayor;0100099357;28.08.2018;;;0;28.08.2018;VES;0,0000;0,0000;0,0000;0,0000;0,0000;0,0000;0,0000;0,00;A11;K-Instituciones Bancarias;Z025;Financiero;;AMORT.PAGARE 1526;0,54;USD;0,00
1000;70000005;BANCO DEL TESORO, C.A.;2250;903510002250;SA;Documento cta.mayor;0100099604;30.08.2018;;;0;30.08.2018;VES;0,0000;0,0000;0,0000;0,0000;0,0000;0,0000;0,0000;0,00;A11;K-Instituciones Bancarias;Z025;Financiero;;AMORT.PAGARE 2250 TESORO;0,24;USD;0,00
1000;70000005;BANCO DEL TESORO, C.A.;2967;903510002967;SA;Documento cta.mayor;0100099605;31.08.2018;;;0;31.08.2018;VES;0,0000;0,0000;0,0000;0,0000;0,0000;0,0000;0,0000;0,00;A11;K-Instituciones Bancarias;Z025;Financiero;;AMORT.PAGARE 2967 TESORO;83,33;USD;0,00
1000;70000005;BANCO DEL TESORO, C.A.;2894;903510002894;SA;Documento cta.mayor;0100099607;31.08.2018;;;0;31.08.2018;VES;0,0000;0,0000;0,0000;0,0000;0,0000;0,0000;0,0000;0,00;A11;K-Instituciones Bancarias;Z025;Financiero;;AMORT.PAGARE 2894 TESORO;4,28;USD;0,00
1000;70000005;BANCO DEL TESORO, C.A.;2012;903510002012;SA;Documento cta.mayor;0100099608;31.08.2018;;;0;31.08.2018;VES;0,0000;0,0000;0,0000;0,0000;0,0000;0,0000;0,0000;0,00;A11;K-Instituciones Bancarias;Z025;Financiero;;AMORT.PAGARE 2012 TESORO;0,19;USD;0,00
1000;70000005;BANCO DEL TESORO, C.A.;3129;903510003129;SA;Documento cta.mayor;0100100030;03.09.2018;;;0;03.09.2018;VES;0,0000;0,0000;0,0000;0,0000;0,0000;0,0000;0,0000;0,00;A11;K-Instituciones Bancarias;Z025;Financiero;;AMORT.PAGARE 3129 TESORO;8,75;USD;0,00
1000;70000005;BANCO DEL TESORO, C.A.;2180;TESORO;SA;Documento cta.mayor;0100100031;07.09.2018;;;0;07.09.2018;VES;0,0000;0,0000;0,0000;0,0000;0,0000;0,0000;0,0000;0,00;A11;K-Instituciones Bancarias;Z025;Financiero;;RECLAS.SALDO PAGARE AGO18;0,11;USD;0,00
1000;70000005;BANCO DEL TESORO, C.A.;3514;TESORO;SA;Documento cta.mayor;0100100031;07.09.2018;;;0;07.09.2018;VES;0,0000;0,0000;0,0000;0,0000;0,0000;0,0000;0,0000;0,00;A11;K-Instituciones Bancarias;Z025;Financiero;;RECLAS.SALDO PAGARE AGO18;44,44;USD;0,00
1000;70000005;BANCO DEL TESORO, C.A.;3129;TESORO;SA;Documento cta.mayor;0100100031;07.09.2018;;;0;07.09.2018;VES;0,0000;0,0000;0,0000;0,0000;0,0000;0,0000;0,0000;0,00;A11;K-Instituciones Bancarias;Z025;Financiero;;RECLAS.SALDO PAGARE AGO18;8,75;USD;0,00
1000;70000005;BANCO DEL TESORO, C.A.;31.12.2016;TESORO;SA;Documento cta.mayor;0100100051;07.09.2018;;;0;07.09.2018;VES;0,0000;0,0000;0,0000;0,0000;0,0000;0,0000;0,0000;0,00;A11;K-Instituciones Bancarias;Z025;Financiero;;RECLAS.SALDO PAGARE AGO18;-296,33;USD;0,00
1000;70000005;BANCO DEL TESORO, C.A.;2012;TESORO;SA;Documento cta.mayor;0100100051;07.09.2018;;;0;07.09.2018;VES;0,0000;0,0000;0,0000;0,0000;0,0000;0,0000;0,0000;0,00;A11;K-Instituciones Bancarias;Z025;Financiero;;RECLAS.SALDO PAGARE AGO18;-9,44;USD;0,00
1000;70000005;BANCO DEL TESORO, C.A.;2180;903510002180;SA;Documento cta.mayor;0100100099;05.09.2018;;;0;05.09.2018;VES;0,0000;0,0000;0,0000;0,0000;0,0000;0,0000;0,0000;0,00;A11;K-Instituciones Bancarias;Z025;Financiero;;AMORT.PAGARE 2180 TESORO;0,11;USD;0,00
1000;70000005;BANCO DEL TESORO, C.A.;3514;903510003514;SA;Documento cta.mayor;0100100617;17.09.2018;;;0;17.09.2018;VES;0,0000;0,0000;0,0000;0,0000;0,0000;0,0000;0,0000;0,00;A11;K-Instituciones Bancarias;Z025;Financiero;;AMORT.PAGARE 3514 TESORO;44,44;USD;0,00
1000;70000005;BANCO DEL TESORO, C.A.;2655;903510002655;SA;Documento cta.mayor;0100100624;17.09.2018;;;0;17.09.2018;VES;0,0000;0,0000;0,0000;0,0000;0,0000;0,0000;0,0000;0,00;A11;K-Instituciones Bancarias;Z025;Financiero;;AMORT.PAGARE 2655 TESORO;5,67;USD;0,00
1000;70000005;BANCO DEL TESORO, C.A.;1832;903510001832;SA;Documento cta.mayor;0100100630;17.09.2018;;;0;17.09.2018;VES;0,0000;0,0000;0,0000;0,0000;0,0000;0,0000;0,0000;0,00;A11;K-Instituciones Bancarias;Z025;Financiero;;AMORT.PAGARE 1832 TESORO;0,09;USD;0,00
1000;70000005;BANCO DEL TESORO, C.A.;1739;903510001739;SA;Documento cta.mayor;0100100634;14.09.2018;;;0;14.09.2018;VES;0,0000;0,0000;0,0000;0,0000;0,0000;0,0000;0,0000;0,00;A11;K-Instituciones Bancarias;Z025;Financiero;;AMORT.PAGARE 1739 TESORO;0,28;USD;0,00
1000;70000005;BANCO DEL TESORO, C.A.;1707;903510001707;SA;Documento cta.mayor;0100100734;18.09.2018;;;0;18.09.2018;VES;0,0000;0,0000;0,0000;0,0000;0,0000;0,0000;0,0000;0,00;A11;K-Instituciones Bancarias;Z025;Financiero;;AMORT.PAGARE 1707 TESORO;0,73;USD;0,00
1000;70000005;BANCO DEL TESORO, C.A.;1708;903510001708;SA;Documento cta.mayor;0100100735;18.09.2018;;;0;18.09.2018;VES;0,0000;0,0000;0,0000;0,0000;0,0000;0,0000;0,0000;0,00;A11;K-Instituciones Bancarias;Z025;Financiero;;AMORT.PAGARE 1708 TESORO;0,24;USD;0,00
1000;70000005;BANCO DEL TESORO, C.A.;1915;903510001915;SA;Documento cta.mayor;0100100779;19.09.2018;;;0;19.09.2018;VES;0,0000;0,0000;0,0000;0,0000;0,0000;0,0000;0,0000;0,00;A11;K-Instituciones Bancarias;Z025;Financiero;;AMORT.PAGARE 1915 TESORO;1,11;USD;0,00
1000;70000005;BANCO DEL TESORO, C.A.;2602;903510002602;SA;Documento cta.mayor;0100100960;24.09.2018;;;0;24.09.2018;VES;0,0000;0,0000;0,0000;0,0000;0,0000;0,0000;0,0000;0,00;A11;K-Instituciones Bancarias;Z025;Financiero;;AMORT.PAGARE 2602 TESORO;0,95;USD;0,00
1000;70000005;BANCO DEL TESORO, C.A.;2122;903510002122;SA;Documento cta.mayor;0100101163;25.09.2018;;;0;25.09.2018;VES;0,0000;0,0000;0,0000;0,0000;0,0000;0,0000;0,0000;0,00;A11;K-Instituciones Bancarias;Z025;Financiero;;AMORT.PAGARE 2122 TESORO;0,43;USD;0,00
1000;70000005;BANCO DEL TESORO, C.A.;1526;28092018;SA;Documento cta.mayor;0100101563;28.09.2018;;;0;28.09.2018;VES;0,0000;0,0000;0,0000;0,0000;0,0000;0,0000;0,0000;0,00;A11;K-Instituciones Bancarias;Z025;Financiero;;AMORT.PAGARES TESORO;0,54;USD;0,00
1000;70000005;BANCO DEL TESORO, C.A.;2012;28092018;SA;Documento cta.mayor;0100101563;28.09.2018;;;0;28.09.2018;VES;0,0000;0,0000;0,0000;0,0000;0,0000;0,0000;0,0000;0,00;A11;K-Instituciones Bancarias;Z025;Financiero;;AMORT.PAGARES TESORO;0,19;USD;0,00
1000;70000005;BANCO DEL TESORO, C.A.;1750;28092018;SA;Documento cta.mayor;0100101563;28.09.2018;;;0;28.09.2018;VES;0,0000;0,0000;0,0000;0,0000;0,0000;0,0000;0,0000;0,00;A11;K-Instituciones Bancarias;Z025;Financiero;;AMORT.PAGARES TESORO;2,43;USD;0,00
1000;70000005;BANCO DEL TESORO, C.A.;2250;28092018;SA;Documento cta.mayor;0100101563;28.09.2018;;;0;28.09.2018;VES;0,0000;0,0000;0,0000;0,0000;0,0000;0,0000;0,0000;0,00;A11;K-Instituciones Bancarias;Z025;Financiero;;AMORT.PAGARES TESORO;0,24;USD;0,00
1000;70000005;BANCO DEL TESORO, C.A.;2967;28092018;SA;Documento cta.mayor;0100101563;28.09.2018;;;0;28.09.2018;VES;0,0000;0,0000;0,0000;0,0000;0,0000;0,0000;0,0000;0,00;A11;K-Instituciones Bancarias;Z025;Financiero;;AMORT.PAGARES TESORO;83,33;USD;0,00
1000;70000005;BANCO DEL TESORO, C.A.;1525;2807880;SA;Documento cta.mayor;0100102037;28.09.2018;;;0;28.09.2018;VES;0,0000;0,0000;0,0000;0,0000;0,0000;0,0000;0,0000;0,00;A11;K-Instituciones Bancarias;Z025;Financiero;;AMORT.PAGARE 1525 TESORO;1,74;USD;0,00
1000;70000005;BANCO DEL TESORO, C.A.;2655;TESORO;SA;Documento cta.mayor;0100102043;30.09.2018;;;0;30.09.2018;VES;0,0000;0,0000;0,0000;0,0000;0,0000;0,0000;0,0000;0,00;A11;K-Instituciones Bancarias;Z025;Financiero;;AJUSTE TESORO SEPT-18;0,01;USD;0,00
1000;70000005;BANCO DEL TESORO, C.A.;1832;TESORO;SA;Documento cta.mayor;0100102043;30.09.2018;;;0;30.09.2018;VES;0,0000;0,0000;0,0000;0,0000;0,0000;0,0000;0,0000;0,00;A11;K-Instituciones Bancarias;Z025;Financiero;;AJUSTE TESORO SEPT-18;-0,10;USD;0,00
1000;70000005;BANCO DEL TESORO, C.A.;2655;TESORO;SA;Documento cta.mayor;0100102053;30.09.2018;;;0;30.09.2018;VES;0,0000;0,0000;0,0000;0,0000;0,0000;0,0000;0,0000;0,00;A11;K-Instituciones Bancarias;Z025;Financiero;;AJUSTE TESORO SEPT-18;-0,01;USD;0,00
1000;70000005;BANCO DEL TESORO, C.A.;2655;TESORO;SA;Documento cta.mayor;0100102053;30.09.2018;;;0;30.09.2018;VES;0,0000;0,0000;0,0000;0,0000;0,0000;0,0000;0,0000;0,00;A11;K-Instituciones Bancarias;Z025;Financiero;;AJUSTE TESORO SEPT-18;-0,01;USD;0,00
1000;70000005;BANCO DEL TESORO, C.A.;2894;903510002894;SA;Documento cta.mayor;0100102056;01.10.2018;;;0;01.10.2018;VES;0,0000;0,0000;0,0000;0,0000;0,0000;0,0000;0,0000;0,00;A11;K-Instituciones Bancarias;Z025;Financiero;;CANC.PAGARE 2894;4,28;USD;0,00
1000;70000005;BANCO DEL TESORO, C.A.;2894;TESORO;SA;Documento cta.mayor;0100102058;01.10.2018;;;0;01.10.2018;VES;0,0000;0,0000;0,0000;0,0000;0,0000;0,0000;0,0000;0,00;A11;K-Instituciones Bancarias;Z025;Financiero;;AJUSTE TESORO 2894;0,00;USD;0,00
1000;70000005;BANCO DEL TESORO, C.A.;3129;903510003129;SA;Documento cta.mayor;0100102059;03.10.2018;;;0;03.10.2018;VES;0,0000;0,0000;0,0000;0,0000;0,0000;0,0000;0,0000;0,00;A11;K-Instituciones Bancarias;Z025;Financiero;;AMORT.PAGARE 3129 TESORO;8,75;USD;0,00
1000;70000005;BANCO DEL TESORO, C.A.;1832;903510001832;SA;Documento cta.mayor;0100102583;16.10.2018;;;0;16.10.2018;VES;0,0000;0,0000;0,0000;0,0000;0,0000;0,0000;0,0000;0,00;A11;K-Instituciones Bancarias;Z025;Financiero;;AMORT.PAGARE 1832 TESORO;0,09;USD;0,00
1000;70000005;BANCO DEL TESORO, C.A.;2180;903510002180;SA;Documento cta.mayor;0100102590;05.10.2018;;;0;05.10.2018;VES;0,0000;0,0000;0,0000;0,0000;0,0000;0,0000;0,0000;0,00;A11;K-Instituciones Bancarias;Z025;Financiero;;AMORT.PAGARE 2180 TESORO;0,11;USD;0,00
1000;70000005;BANCO DEL TESORO, C.A.;1739;AMORT.PAG.TESORO;SA;Documento cta.mayor;0100102591;15.10.2018;;;0;15.10.2018;VES;0,0000;0,0000;0,0000;0,0000;0,0000;0,0000;0,0000;0,00;A11;K-Instituciones Bancarias;Z025;Financiero;;AMORT.PAGARE TESORO 15-10;0,28;USD;0,00
1000;70000005;BANCO DEL TESORO, C.A.;2655;AMORT.PAG.TESORO;SA;Documento cta.mayor;0100102591;15.10.2018;;;0;15.10.2018;VES;0,0000;0,0000;0,0000;0,0000;0,0000;0,0000;0,0000;0,00;A11;K-Instituciones Bancarias;Z025;Financiero;;AMORT.PAGARE TESORO 15-10;5,67;USD;0,00
1000;70000005;BANCO DEL TESORO, C.A.;1707;903510001707;SA;Documento cta.mayor;0100102700;18.10.2018;;;0;18.10.2018;VES;0,0000;0,0000;0,0000;0,0000;0,0000;0,0000;0,0000;0,00;A11;K-Instituciones Bancarias;Z025;Financiero;;AMORT.PAGARE 1707 TESORO;0,73;USD;0,00
1000;70000005;BANCO DEL TESORO, C.A.;1708;903510007808;SA;Documento cta.mayor;0100102701;18.10.2018;;;0;18.10.2018;VES;0,0000;0,0000;0,0000;0,0000;0,0000;0,0000;0,0000;0,00;A11;K-Instituciones Bancarias;Z025;Financiero;;AMORT.PAGARE 1708 TESORO;0,24;USD;0,00
1000;70000005;BANCO DEL TESORO, C.A.;1915;1915;SA;Documento cta.mayor;0100102920;19.10.2018;;;0;19.10.2018;VES;0,0000;0,0000;0,0000;0,0000;0,0000;0,0000;0,0000;0,00;A11;K-Instituciones Bancarias;Z025;Financiero;;AMORT.PAGARE 1915 TESORO;1,11;USD;0,00
1000;70000005;BANCO DEL TESORO, C.A.;2602;2602;SA;Documento cta.mayor;0100102967;22.10.2018;;;0;22.10.2018;VES;0,0000;0,0000;0,0000;0,0000;0,0000;0,0000;0,0000;0,00;A11;K-Instituciones Bancarias;Z025;Financiero;;AMORT.PAGARE 2602 TESORO;0,95;USD;0,00
1000;70000005;BANCO DEL TESORO, C.A.;3514;3514;SA;Documento cta.mayor;0100103268;24.10.2018;;;0;24.10.2018;VES;0,0000;0,0000;0,0000;0,0000;0,0000;0,0000;0,0000;0,00;A11;K-Instituciones Bancarias;Z025;Financiero;;AMORT.PAGARE 3514 TESORO;44,44;USD;0,00
1000;70000005;BANCO DEL TESORO, C.A.;2122;2122;SA;Documento cta.mayor;0100103425;25.10.2018;;;0;25.10.2018;VES;0,0000;0,0000;0,0000;0,0000;0,0000;0,0000;0,0000;0,00;A11;K-Instituciones Bancarias;Z025;Financiero;;AMORT.PAGARE 2122 TESORO;0,43;USD;0,00
1000;70000005;BANCO DEL TESORO, C.A.;1525;1525;SA;Documento cta.mayor;0100103849;29.10.2018;;;0;29.10.2018;VES;0,0000;0,0000;0,0000;0,0000;0,0000;0,0000;0,0000;0,00;A11;K-Instituciones Bancarias;Z025;Financiero;;AMORT.PAGARE 1525 TESORO;1,74;USD;0,00
1000;70000005;BANCO DEL TESORO, C.A.;1526;1526;SA;Documento cta.mayor;0100103850;29.10.2018;;;0;29.10.2018;VES;0,0000;0,0000;0,0000;0,0000;0,0000;0,0000;0,0000;0,00;A11;K-Instituciones Bancarias;Z025;Financiero;;AMORT.PAGARE 1526 TESORO;0,54;USD;0,00
1000;70000005;BANCO DEL TESORO, C.A.;1750;1750;SA;Documento cta.mayor;0100103851;29.10.2018;;;0;29.10.2018;VES;0,0000;0,0000;0,0000;0,0000;0,0000;0,0000;0,0000;0,00;A11;K-Instituciones Bancarias;Z025;Financiero;;;2,43;USD;0,00
1000;70000005;BANCO DEL TESORO, C.A.;2250;2250;SA;Documento cta.mayor;0100103860;30.10.2018;;;0;30.10.2018;VES;0,0000;0,0000;0,0000;0,0000;0,0000;0,0000;0,0000;0,00;A11;K-Instituciones Bancarias;Z025;Financiero;;AMORT.PAGARE 2250 TESORO;0,24;USD;0,00
1000;70000005;BANCO DEL TESORO, C.A.;2967;31102018;SA;Documento cta.mayor;0100104178;31.10.2018;;;0;31.10.2018;VES;0,0000;0,0000;0,0000;0,0000;0,0000;0,0000;0,0000;0,00;A11;K-Instituciones Bancarias;Z025;Financiero;;AMORT.PAGARE TESORO;83,33;USD;0,00
1000;70000005;BANCO DEL TESORO, C.A.;2012;31102018;SA;Documento cta.mayor;0100104178;31.10.2018;;;0;31.10.2018;VES;0,0000;0,0000;0,0000;0,0000;0,0000;0,0000;0,0000;0,00;A11;K-Instituciones Bancarias;Z025;Financiero;;AMORT.PAGARE TESORO;0,19;USD;0,00
1000;70000005;BANCO DEL TESORO, C.A.;2180;2180;SA;Documento cta.mayor;0100106032;06.11.2018;;;0;06.11.2018;VES;0,0000;0,0000;0,0000;0,0000;0,0000;0,0000;0,0000;0,00;A11;K-Instituciones Bancarias;Z025;Financiero;;AMORT.PAGARE 2180TESORO;0,11;USD;0,00
1000;70000005;BANCO DEL TESORO, C.A.;3129;3129;SA;Documento cta.mayor;0100106033;06.11.2018;;;0;06.11.2018;VES;0,0000;0,0000;0,0000;0,0000;0,0000;0,0000;0,0000;0,00;A11;K-Instituciones Bancarias;Z025;Financiero;;AMORT.PAGARE 3129 TESORO;8,75;USD;0,00
1000;70000005;BANCO DEL TESORO, C.A.;1739;1739;SA;Documento cta.mayor;0100106034;14.11.2018;;;0;14.11.2018;VES;0,0000;0,0000;0,0000;0,0000;0,0000;0,0000;0,0000;0,00;A11;K-Instituciones Bancarias;Z025;Financiero;;AMORT.PAGARE 1739 TESORO;0,28;USD;0,00
1000;70000005;BANCO DEL TESORO, C.A.;2655;2655;SA;Documento cta.mayor;0100106035;15.11.2018;;;0;15.11.2018;VES;0,0000;0,0000;0,0000;0,0000;0,0000;0,0000;0,0000;0,00;A11;K-Instituciones Bancarias;Z025;Financiero;;AMORT.PAGARE 2655 TESORO;5,67;USD;0,00
1000;70000005;BANCO DEL TESORO, C.A.;1832;1832;SA;Documento cta.mayor;0100106036;16.11.2018;;;0;16.11.2018;VES;0,0000;0,0000;0,0000;0,0000;0,0000;0,0000;0,0000;0,00;A11;K-Instituciones Bancarias;Z025;Financiero;;AMORT.PAGARE 1832 TESORO;0,09;USD;0,00
1000;70000005;BANCO DEL TESORO, C.A.;1915;19112018;SA;Documento cta.mayor;0100106037;19.11.2018;;;0;19.11.2018;VES;0,0000;0,0000;0,0000;0,0000;0,0000;0,0000;0,0000;0,00;A11;K-Instituciones Bancarias;Z025;Financiero;;PAGARE TESORO;1,11;USD;0,00
1000;70000005;BANCO DEL TESORO, C.A.;3514;19112018;SA;Documento cta.mayor;0100106037;19.11.2018;;;0;19.11.2018;VES;0,0000;0,0000;0,0000;0,0000;0,0000;0,0000;0,0000;0,00;A11;K-Instituciones Bancarias;Z025;Financiero;;PAGARE TESORO;44,44;USD;0,00
1000;70000005;BANCO DEL TESORO, C.A.;1708;19112018;SA;Documento cta.mayor;0100106037;19.11.2018;;;0;19.11.2018;VES;0,0000;0,0000;0,0000;0,0000;0,0000;0,0000;0,0000;0,00;A11;K-Instituciones Bancarias;Z025;Financiero;;PAGARE TESORO;0,24;USD;0,00
1000;70000005;BANCO DEL TESORO, C.A.;1707;19112018;SA;Documento cta.mayor;0100106037;19.11.2018;;;0;19.11.2018;VES;0,0000;0,0000;0,0000;0,0000;0,0000;0,0000;0,0000;0,00;A11;K-Instituciones Bancarias;Z025;Financiero;;PAGARE TESORO;0,73;USD;0,00
1000;70000005;BANCO DEL TESORO, C.A.;2602;19112018;SA;Documento cta.mayor;0100106037;19.11.2018;;;0;19.11.2018;VES;0,0000;0,0000;0,0000;0,0000;0,0000;0,0000;0,0000;0,00;A11;K-Instituciones Bancarias;Z025;Financiero;;PAGARE TESORO;0,95;USD;0,00
1000;70000005;BANCO DEL TESORO, C.A.;2122;2122;SA;Documento cta.mayor;0100106039;26.11.2018;;;0;26.11.2018;VES;0,0000;0,0000;0,0000;0,0000;0,0000;0,0000;0,0000;0,00;A11;K-Instituciones Bancarias;Z025;Financiero;;AMORT.PAGARE 2122 TESORO;0,43;USD;0,00
1000;70000005;BANCO DEL TESORO, C.A.;1525;28112018;SA;Documento cta.mayor;0100106251;28.11.2018;;;0;28.11.2018;VES;0,0000;0,0000;0,0000;0,0000;0,0000;0,0000;0,0000;0,00;A11;K-Instituciones Bancarias;Z025;Financiero;;PAGARE TESORO;1,74;USD;0,00
1000;70000005;BANCO DEL TESORO, C.A.;1526;28112018;SA;Documento cta.mayor;0100106251;28.11.2018;;;0;28.11.2018;VES;0,0000;0,0000;0,0000;0,0000;0,0000;0,0000;0,0000;0,00;A11;K-Instituciones Bancarias;Z025;Financiero;;PAGARE TESORO;0,54;USD;0,00
1000;70000005;BANCO DEL TESORO, C.A.;1750;28112018;SA;Documento cta.mayor;0100106251;28.11.2018;;;0;28.11.2018;VES;0,0000;0,0000;0,0000;0,0000;0,0000;0,0000;0,0000;0,00;A11;K-Instituciones Bancarias;Z025;Financiero;;PAGARE TESORO;2,43;USD;0,00
1000;70000005;BANCO DEL TESORO, C.A.;2012;30112018;SA;Documento cta.mayor;0100107030;30.11.2018;;;0;30.11.2018;VES;0,0000;0,0000;0,0000;0,0000;0,0000;0,0000;0,0000;0,00;A11;K-Instituciones Bancarias;Z025;Financiero;;AMORT.PAGARE TESORO;0,19;USD;0,00
1000;70000005;BANCO DEL TESORO, C.A.;2250;30112018;SA;Documento cta.mayor;0100107030;30.11.2018;;;0;30.11.2018;VES;0,0000;0,0000;0,0000;0,0000;0,0000;0,0000;0,0000;0,00;A11;K-Instituciones Bancarias;Z025;Financiero;;AMORT.PAGARE TESORO;0,24;USD;0,00
1000;70000005;BANCO DEL TESORO, C.A.;3129;03122018;SA;Documento cta.mayor;0100108194;03.12.2018;;;0;03.12.2018;VES;0,0000;0,0000;0,0000;0,0000;0,0000;0,0000;0,0000;0,00;A11;K-Instituciones Bancarias;Z025;Financiero;;PAGARE TESORO;8,75;USD;0,00
1000;70000005;BANCO DEL TESORO, C.A.;2967;03122018;SA;Documento cta.mayor;0100108194;03.12.2018;;;0;03.12.2018;VES;0,0000;0,0000;0,0000;0,0000;0,0000;0,0000;0,0000;0,00;A11;K-Instituciones Bancarias;Z025;Financiero;;PAGARE TESORO;83,33;USD;0,00
1000;70000005;BANCO DEL TESORO, C.A.;2180;2180;SA;Documento cta.mayor;0100108195;05.12.2018;;;0;05.12.2018;VES;0,0000;0,0000;0,0000;0,0000;0,0000;0,0000;0,0000;0,00;A11;K-Instituciones Bancarias;Z025;Financiero;;AMORT.PAGARE TESORO;0,11;USD;0,00
1000;70000005;BANCO DEL TESORO, C.A.;1739;1739;SA;Documento cta.mayor;0100108821;14.12.2018;;;0;14.12.2018;VES;0,0000;0,0000;0,0000;0,0000;0,0000;0,0000;0,0000;0,00;A11;K-Instituciones Bancarias;Z025;Financiero;;AMORT.PAGARE TESORO;0,28;USD;0,00
1000;70000005;BANCO DEL TESORO, C.A.;3514;17122018;SA;Documento cta.mayor;0100108824;17.12.2018;;;0;17.12.2018;VES;0,0000;0,0000;0,0000;0,0000;0,0000;0,0000;0,0000;0,00;A11;K-Instituciones Bancarias;Z025;Financiero;;AMORT.PAGARE TESORO;44,44;USD;0,00
1000;70000005;BANCO DEL TESORO, C.A.;1832;17122018;SA;Documento cta.mayor;0100108824;17.12.2018;;;0;17.12.2018;VES;0,0000;0,0000;0,0000;0,0000;0,0000;0,0000;0,0000;0,00;A11;K-Instituciones Bancarias;Z025;Financiero;;AMORT.PAGARE TESORO;0,10;USD;0,00
1000;70000005;BANCO DEL TESORO, C.A.;2655;17122018;SA;Documento cta.mayor;0100108824;17.12.2018;;;0;17.12.2018;VES;0,0000;0,0000;0,0000;0,0000;0,0000;0,0000;0,0000;0,00;A11;K-Instituciones Bancarias;Z025;Financiero;;AMORT.PAGARE TESORO;5,67;USD;0,00
1000;70000005;BANCO DEL TESORO, C.A.;1707;18122018;SA;Documento cta.mayor;0100109083;18.12.2018;;;0;18.12.2018;VES;0,0000;0,0000;0,0000;0,0000;0,0000;0,0000;0,0000;0,00;A11;K-Instituciones Bancarias;Z025;Financiero;;AMORT.PAGARE TESORO;0,73;USD;0,00
1000;70000005;BANCO DEL TESORO, C.A.;1708;18122018;SA;Documento cta.mayor;0100109083;18.12.2018;;;0;18.12.2018;VES;0,0000;0,0000;0,0000;0,0000;0,0000;0,0000;0,0000;0,00;A11;K-Instituciones Bancarias;Z025;Financiero;;AMORT.PAGARE TESORO;0,24;USD;0,00
1000;70000005;BANCO DEL TESORO, C.A.;1915;1915;SA;Documento cta.mayor;0100109277;19.12.2018;;;0;19.12.2018;VES;0,0000;0,0000;0,0000;0,0000;0,0000;0,0000;0,0000;0,00;A11;K-Instituciones Bancarias;Z025;Financiero;;AMORT.PAGARE TESORO;1,11;USD;0,00
1000;70000005;BANCO DEL TESORO, C.A.;2602;26122018;SA;Documento cta.mayor;0100109592;26.02.2018;;;0;26.02.2018;VES;0,0000;0,0000;0,0000;0,0000;0,0000;0,0000;0,0000;0,00;A11;K-Instituciones Bancarias;Z025;Financiero;;AMORT.PAGARE TESORO;0,95;USD;0,00
1000;70000005;BANCO DEL TESORO, C.A.;2122;26122018;SA;Documento cta.mayor;0100109592;26.02.2018;;;0;26.02.2018;VES;0,0000;0,0000;0,0000;0,0000;0,0000;0,0000;0,0000;0,00;A11;K-Instituciones Bancarias;Z025;Financiero;;AMORT.PAGARE TESORO;0,43;USD;0,00
1000;70000005;BANCO DEL TESORO, C.A.;2250;29122018;SA;Documento cta.mayor;0100110121;29.12.2018;;;0;29.12.2018;VES;0,0000;0,0000;0,0000;0,0000;0,0000;0,0000;0,0000;0,00;A11;K-Instituciones Bancarias;Z025;Financiero;;AMORT.PAGARE TESORO;0,24;USD;0,00
1000;70000005;BANCO DEL TESORO, C.A.;1750;29122018;SA;Documento cta.mayor;0100110121;29.12.2018;;;0;29.12.2018;VES;0,0000;0,0000;0,0000;0,0000;0,0000;0,0000;0,0000;0,00;A11;K-Instituciones Bancarias;Z025;Financiero;;AMORT.PAGARE TESORO;2,43;USD;0,00
1000;70000005;BANCO DEL TESORO, C.A.;2012;29122018;SA;Documento cta.mayor;0100110121;29.12.2018;;;0;29.12.2018;VES;0,0000;0,0000;0,0000;0,0000;0,0000;0,0000;0,0000;0,00;A11;K-Instituciones Bancarias;Z025;Financiero;;AMORT.PAGARE TESORO;0,19;USD;0,00
1000;70000005;BANCO DEL TESORO, C.A.;3129;3129;SA;Documento cta.mayor;0100110428;03.01.2019;;;0;03.01.2019;VES;0,0000;0,0000;0,0000;0,0000;0,0000;0,0000;0,0000;0,00;A11;K-Instituciones Bancarias;Z025;Financiero;;AMORT.PAGARE TESORO;8,75;USD;0,00
1000;70000005;BANCO DEL TESORO, C.A.;2180;2180;SA;Documento cta.mayor;0100110429;07.01.2019;;;0;07.01.2019;VES;0,0000;0,0000;0,0000;0,0000;0,0000;0,0000;0,0000;0,00;A11;K-Instituciones Bancarias;Z025;Financiero;;AMORT.PAGARE TESORO;0,11;USD;0,00
1000;70000005;BANCO DEL TESORO, C.A.;1739;1739;SA;Documento cta.mayor;0100110454;14.01.2019;;;0;14.01.2019;VES;0,0000;0,0000;0,0000;0,0000;0,0000;0,0000;0,0000;0,00;A11;K-Instituciones Bancarias;Z025;Financiero;;AMORT.PAGARE TESORO;0,28;USD;0,00
1000;70000005;BANCO DEL TESORO, C.A.;2655;2655;SA;Documento cta.mayor;0100110535;15.01.2019;;;0;15.01.2019;VES;0,0000;0,0000;0,0000;0,0000;0,0000;0,0000;0,0000;0,00;A11;K-Instituciones Bancarias;Z025;Financiero;;AMORT.PAGARE TESORO;5,67;USD;0,00
1000;70000005;BANCO DEL TESORO, C.A.;1832;1832;SA;Documento cta.mayor;0100110625;16.01.2019;;;0;16.01.2019;VES;0,0000;0,0000;0,0000;0,0000;0,0000;0,0000;0,0000;0,00;A11;K-Instituciones Bancarias;Z025;Financiero;;AMORT.PAGARE TESORO;0,09;USD;0,00
1000;70000005;BANCO DEL TESORO, C.A.;3514;3514;SA;Documento cta.mayor;0100110702;17.01.2019;;;0;17.01.2019;VES;0,0000;0,0000;0,0000;0,0000;0,0000;0,0000;0,0000;0,00;A11;K-Instituciones Bancarias;Z025;Financiero;;AMORT.PAGARE TESORO;44,44;USD;0,00
1000;70000005;BANCO DEL TESORO, C.A.;1707;18012019;SA;Documento cta.mayor;0100110862;18.01.2019;;;0;18.01.2019;VES;0,0000;0,0000;0,0000;0,0000;0,0000;0,0000;0,0000;0,00;A11;K-Instituciones Bancarias;Z025;Financiero;;AMORT.PAGARE TESORO;0,73;USD;0,00
1000;70000005;BANCO DEL TESORO, C.A.;1708;18012019;SA;Documento cta.mayor;0100110862;18.01.2019;;;0;18.01.2019;VES;0,0000;0,0000;0,0000;0,0000;0,0000;0,0000;0,0000;0,00;A11;K-Instituciones Bancarias;Z025;Financiero;;AMORT.PAGARE TESORO;0,24;USD;0,00
1000;70000005;BANCO DEL TESORO, C.A.;1915;21012019;SA;Documento cta.mayor;0100110866;21.01.2019;;;0;21.01.2019;VES;0,0000;0,0000;0,0000;0,0000;0,0000;0,0000;0,0000;0,00;A11;K-Instituciones Bancarias;Z025;Financiero;;AMORT.PAGARE TESORO;1,11;USD;0,00
1000;70000005;BANCO DEL TESORO, C.A.;2602;2602;SA;Documento cta.mayor;0100110931;22.01.2019;;;0;22.01.2019;VES;0,0000;0,0000;0,0000;0,0000;0,0000;0,0000;0,0000;0,00;A11;K-Instituciones Bancarias;Z025;Financiero;;AMORT.PAGARE TESORO;0,95;USD;0,00
1000;70000005;BANCO DEL TESORO, C.A.;1750;1750;SA;Documento cta.mayor;0100111301;28.01.2019;;;0;28.01.2019;VES;0,0000;0,0000;0,0000;0,0000;0,0000;0,0000;0,0000;0,00;A11;K-Instituciones Bancarias;Z025;Financiero;;AMORT.PAGARE TESORO;2,43;USD;0,00
1000;70000005;BANCO DEL TESORO, C.A.;2250;2250;SA;Documento cta.mayor;0100111553;30.01.2019;;;0;30.01.2019;VES;0,0000;0,0000;0,0000;0,0000;0,0000;0,0000;0,0000;0,00;A11;K-Instituciones Bancarias;Z025;Financiero;;AMORT.PAGARE TESORO;0,24;USD;0,00
1000;70000005;BANCO DEL TESORO, C.A.;2012;2012;SA;Documento cta.mayor;0100111719;31.01.2019;;;0;31.01.2019;VES;0,0000;0,0000;0,0000;0,0000;0,0000;0,0000;0,0000;0,00;A11;K-Instituciones Bancarias;Z025;Financiero;;AMORT.PAGARE TESORO;0,19;USD;0,00
1000;70000005;BANCO DEL TESORO, C.A.;2122;2122;SA;Documento cta.mayor;0100111811;25.01.2019;;;0;25.01.2019;VES;0,0000;0,0000;0,0000;0,0000;0,0000;0,0000;0,0000;0,00;A11;K-Instituciones Bancarias;Z025;Financiero;;AMORT.PAGARE TESORO;0,43;USD;0,00
1000;70000005;BANCO DEL TESORO, C.A.;3129;3129;SA;Documento cta.mayor;0100112097;04.02.2019;;;0;04.02.2019;VES;0,0000;0,0000;0,0000;0,0000;0,0000;0,0000;0,0000;0,00;A11;K-Instituciones Bancarias;Z025;Financiero;;AMORT.PAGARE TESORO;8,75;USD;0,00
1000;70000005;BANCO DEL TESORO, C.A.;2180;2180;SA;Documento cta.mayor;0100112098;05.02.2019;;;0;05.02.2019;VES;0,0000;0,0000;0,0000;0,0000;0,0000;0,0000;0,0000;0,00;A11;K-Instituciones Bancarias;Z025;Financiero;;AMORT.PAGARE TESORO;0,11;USD;0,00
1000;70000005;BANCO DEL TESORO, C.A.;1739;1739;SA;Documento cta.mayor;0100112803;14.02.2019;;;0;14.02.2019;VES;0,0000;0,0000;0,0000;0,0000;0,0000;0,0000;0,0000;0,00;A11;K-Instituciones Bancarias;Z025;Financiero;;AMORT.PAGARE TESORO;0,28;USD;0,00
1000;70000005;BANCO DEL TESORO, C.A.;2655;2655;SA;Documento cta.mayor;0100112954;15.02.2019;;;0;15.02.2019;VES;0,0000;0,0000;0,0000;0,0000;0,0000;0,0000;0,0000;0,00;A11;K-Instituciones Bancarias;Z025;Financiero;;AMORT.PAGARE TESORO;5,67;USD;0,00
1000;70000005;BANCO DEL TESORO, C.A.;3514;18022018;SA;Documento cta.mayor;0100113008;18.02.2019;;;0;18.02.2019;VES;0,0000;0,0000;0,0000;0,0000;0,0000;0,0000;0,0000;0,00;A11;K-Instituciones Bancarias;Z025;Financiero;;AMORT.PAGARE TESORO;44,44;USD;0,00
1000;70000005;BANCO DEL TESORO, C.A.;1707;18022018;SA;Documento cta.mayor;0100113008;18.02.2019;;;0;18.02.2019;VES;0,0000;0,0000;0,0000;0,0000;0,0000;0,0000;0,0000;0,00;A11;K-Instituciones Bancarias;Z025;Financiero;;AMORT.PAGARE TESORO;0,73;USD;0,00
1000;70000005;BANCO DEL TESORO, C.A.;1708;18022018;SA;Documento cta.mayor;0100113008;18.02.2019;;;0;18.02.2019;VES;0,0000;0,0000;0,0000;0,0000;0,0000;0,0000;0,0000;0,00;A11;K-Instituciones Bancarias;Z025;Financiero;;AMORT.PAGARE TESORO;0,24;USD;0,00
1000;70000005;BANCO DEL TESORO, C.A.;1832;18022018;SA;Documento cta.mayor;0100113008;18.02.2019;;;0;18.02.2019;VES;0,0000;0,0000;0,0000;0,0000;0,0000;0,0000;0,0000;0,00;A11;K-Instituciones Bancarias;Z025;Financiero;;AMORT.PAGARE TESORO;0,09;USD;0,00
1000;70000005;BANCO DEL TESORO, C.A.;1915;1915;SA;Documento cta.mayor;0100113117;19.02.2019;;;0;19.02.2019;VES;0,0000;0,0000;0,0000;0,0000;0,0000;0,0000;0,0000;0,00;A11;K-Instituciones Bancarias;Z025;Financiero;;AMORT.PAGARE TESORO;1,11;USD;0,00
1000;70000005;BANCO DEL TESORO, C.A.;2250;TESORO;SA;Documento cta.mayor;0100113289;21.02.2019;;;0;21.02.2019;VES;0,0000;0,0000;0,0000;0,0000;0,0000;0,0000;0,0000;0,00;A11;K-Instituciones Bancarias;Z025;Financiero;;AMORT.PAGARE TESORO;4,81;USD;0,00
1000;70000005;BANCO DEL TESORO, C.A.;2012;TESORO;SA;Documento cta.mayor;0100113289;21.02.2019;;;0;21.02.2019;VES;0,0000;0,0000;0,0000;0,0000;0,0000;0,0000;0,0000;0,00;A11;K-Instituciones Bancarias;Z025;Financiero;;AMORT.PAGARE TESORO;2,59;USD;0,00
1000;70000005;BANCO DEL TESORO, C.A.;1707;TESORO;SA;Documento cta.mayor;0100113289;21.02.2019;;;0;21.02.2019;VES;0,0000;0,0000;0,0000;0,0000;0,0000;0,0000;0,0000;0,00;A11;K-Instituciones Bancarias;Z025;Financiero;;AMORT.PAGARE TESORO;2,92;USD;0,00
1000;70000005;BANCO DEL TESORO, C.A.;1739;TESORO;SA;Documento cta.mayor;0100113289;21.02.2019;;;0;21.02.2019;VES;0,0000;0,0000;0,0000;0,0000;0,0000;0,0000;0,0000;0,00;A11;K-Instituciones Bancarias;Z025;Financiero;;AMORT.PAGARE TESORO;1,39;USD;0,00
1000;70000005;BANCO DEL TESORO, C.A.;2122;TESORO;SA;Documento cta.mayor;0100113289;21.02.2019;;;0;21.02.2019;VES;0,0000;0,0000;0,0000;0,0000;0,0000;0,0000;0,0000;0,00;A11;K-Instituciones Bancarias;Z025;Financiero;;AMORT.PAGARE TESORO;7,24;USD;0,00
1000;70000005;BANCO DEL TESORO, C.A.;2180;TESORO;SA;Documento cta.mayor;0100113289;21.02.2019;;;0;21.02.2019;VES;0,0000;0,0000;0,0000;0,0000;0,0000;0,0000;0,0000;0,00;A11;K-Instituciones Bancarias;Z025;Financiero;;AMORT.PAGARE TESORO;2,00;USD;0,00
1000;70000005;BANCO DEL TESORO, C.A.;1708;TESORO;SA;Documento cta.mayor;0100113289;21.02.2019;;;0;21.02.2019;VES;0,0000;0,0000;0,0000;0,0000;0,0000;0,0000;0,0000;0,00;A11;K-Instituciones Bancarias;Z025;Financiero;;AMORT.PAGARE TESORO;0,96;USD;0,00
1000;70000005;BANCO DEL TESORO, C.A.;2250;TESORO;SA;Documento cta.mayor;0100113293;21.02.2019;;;0;21.02.2019;VES;0,0000;0,0000;0,0000;0,0000;0,0000;0,0000;0,0000;0,00;A11;K-Instituciones Bancarias;Z025;Financiero;;AMORT.PAGARE TESORO;-0,01;USD;0,00
1000;70000005;BANCO DEL TESORO, C.A.;1832;TESORO;SA;Documento cta.mayor;0100113293;21.02.2019;;;0;21.02.2019;VES;0,0000;0,0000;0,0000;0,0000;0,0000;0,0000;0,0000;0,00;A11;K-Instituciones Bancarias;Z025;Financiero;;AMORT.PAGARE TESORO;0,82;USD;0,00
1000;70000005;BANCO DEL TESORO, C.A.;2180;TESORO;SA;Documento cta.mayor;0100113293;21.02.2019;;;0;21.02.2019;VES;0,0000;0,0000;0,0000;0,0000;0,0000;0,0000;0,0000;0,00;A11;K-Instituciones Bancarias;Z025;Financiero;;AMORT.PAGARE TESORO;0,00;USD;0,00
1000;70000005;BANCO DEL TESORO, C.A.;1707;TESORO;SA;Documento cta.mayor;0100113293;21.02.2019;;;0;21.02.2019;VES;0,0000;0,0000;0,0000;0,0000;0,0000;0,0000;0,0000;0,00;A11;K-Instituciones Bancarias;Z025;Financiero;;AMORT.PAGARE TESORO;0,01;USD;0,00
1000;70000005;BANCO DEL TESORO, C.A.;2122;TESORO;SA;Documento cta.mayor;0100113293;21.02.2019;;;0;21.02.2019;VES;0,0000;0,0000;0,0000;0,0000;0,0000;0,0000;0,0000;0,00;A11;K-Instituciones Bancarias;Z025;Financiero;;AMORT.PAGARE TESORO;0,00;USD;0,00
1000;70000005;BANCO DEL TESORO, C.A.;1708;TESORO;SA;Documento cta.mayor;0100113293;21.02.2019;;;0;21.02.2019;VES;0,0000;0,0000;0,0000;0,0000;0,0000;0,0000;0,0000;0,00;A11;K-Instituciones Bancarias;Z025;Financiero;;AMORT.PAGARE TESORO;-0,01;USD;0,00
1000;70000005;BANCO DEL TESORO, C.A.;1739;TESORO;SA;Documento cta.mayor;0100113293;21.02.2019;;;0;21.02.2019;VES;0,0000;0,0000;0,0000;0,0000;0,0000;0,0000;0,0000;0,00;A11;K-Instituciones Bancarias;Z025;Financiero;;AMORT.PAGARE TESORO;-0,01;USD;0,00
1000;70000005;BANCO DEL TESORO, C.A.;2012;TESORO;SA;Documento cta.mayor;0100113293;21.02.2019;;;0;21.02.2019;VES;0,0000;0,0000;0,0000;0,0000;0,0000;0,0000;0,0000;0,00;A11;K-Instituciones Bancarias;Z025;Financiero;;AMORT.PAGARE TESORO;0,01;USD;0,00
1000;70000005;BANCO DEL TESORO, C.A.;2602;2602;SA;Documento cta.mayor;0100113363;22.02.2019;;;0;22.02.2019;VES;0,0000;0,0000;0,0000;0,0000;0,0000;0,0000;0,0000;0,00;A11;K-Instituciones Bancarias;Z025;Financiero;;AMORT.PAGARE TESORO;0,95;USD;0,00
1000;70000005;BANCO DEL TESORO, C.A.;1750;1750;SA;Documento cta.mayor;0100113913;28.02.2019;;;0;28.02.2019;VES;0,0000;0,0000;0,0000;0,0000;0,0000;0,0000;0,0000;0,00;A11;K-Instituciones Bancarias;Z025;Financiero;;AMORT.PAGARE TESORO;2,43;USD;0,00
1000;70000005;BANCO DEL TESORO, C.A.;3129;3129;SA;Documento cta.mayor;0100114217;06.03.2019;;;0;06.03.2019;VES;0,0000;0,0000;0,0000;0,0000;0,0000;0,0000;0,0000;0,00;A11;K-Instituciones Bancarias;Z025;Financiero;;AMORT.PAGARE TESORO;8,75;USD;0,00
1000;70000005;BANCO DEL TESORO, C.A.;2655;2655;SA;Documento cta.mayor;0100114383;15.03.2019;;;0;15.03.2019;VES;0,0000;0,0000;0,0000;0,0000;0,0000;0,0000;0,0000;0,00;A11;K-Instituciones Bancarias;Z025;Financiero;;AMORT.PAGARE TESORO;5,67;USD;0,00
1000;70000005;BANCO DEL TESORO, C.A.;3514;3514;SA;Documento cta.mayor;0100114511;18.03.2019;;;0;18.03.2019;VES;0,0000;0,0000;0,0000;0,0000;0,0000;0,0000;0,0000;0,00;A11;K-Instituciones Bancarias;Z025;Financiero;;AMORT.PAGARE TESORO;44,44;USD;0,00
1000;70000005;BANCO DEL TESORO, C.A.;1915;1915;SA;Documento cta.mayor;0100114643;20.03.2019;;;0;20.03.2019;VES;0,0000;0,0000;0,0000;0,0000;0,0000;0,0000;0,0000;0,00;A11;K-Instituciones Bancarias;Z025;Financiero;;AMORT.PAGARE TESORO;1,11;USD;0,00
1000;70000005;BANCO DEL TESORO, C.A.;2602;2602;SA;Documento cta.mayor;0100114818;22.03.2019;;;0;22.03.2019;VES;0,0000;0,0000;0,0000;0,0000;0,0000;0,0000;0,0000;0,00;A11;K-Instituciones Bancarias;Z025;Financiero;;AMORT.PAGARE TESORO;0,95;USD;0,00
1000;70000005;BANCO DEL TESORO, C.A.;1750;1750;SA;Documento cta.mayor;0100115065;28.03.2019;;;0;28.03.2019;VES;0,0000;0,0000;0,0000;0,0000;0,0000;0,0000;0,0000;0,00;A11;K-Instituciones Bancarias;Z025;Financiero;;AMORT.BANCO TESORO;2,43;USD;0,00
1000;70000005;BANCO DEL TESORO, C.A.;3129;3129;SA;Documento cta.mayor;0100115770;03.04.2019;;;0;03.04.2019;VES;0,0000;0,0000;0,0000;0,0000;0,0000;0,0000;0,0000;0,00;A11;K-Instituciones Bancarias;Z025;Financiero;;INTERESES TESORO;8,75;USD;0,00
1000;70000005;BANCO DEL TESORO, C.A.;1750;09042019;SA;Documento cta.mayor;0100115873;09.04.2019;;;0;09.04.2019;VES;0,0000;0,0000;0,0000;0,0000;0,0000;0,0000;0,0000;0,00;A11;K-Instituciones Bancarias;Z025;Financiero;;AMORT.TESORO;9,70;USD;0,00
1000;70000005;BANCO DEL TESORO, C.A.;1915;09042019;SA;Documento cta.mayor;0100115873;09.04.2019;;;0;09.04.2019;VES;0,0000;0,0000;0,0000;0,0000;0,0000;0,0000;0,0000;0,00;A11;K-Instituciones Bancarias;Z025;Financiero;;AMORT.TESORO;10,00;USD;0,00
1000;70000005;BANCO DEL TESORO, C.A.;2655;09042019;SA;Documento cta.mayor;0100115873;09.04.2019;;;0;09.04.2019;VES;0,0000;0,0000;0,0000;0,0000;0,0000;0,0000;0,0000;0,00;A11;K-Instituciones Bancarias;Z025;Financiero;;AMORT.TESORO;170,00;USD;0,00
1000;70000005;BANCO DEL TESORO, C.A.;3514;3514;SA;Documento cta.mayor;0100116209;17.04.2019;;;0;17.04.2019;VES;0,0000;0,0000;0,0000;0,0000;0,0000;0,0000;0,0000;0,00;A11;K-Instituciones Bancarias;Z025;Financiero;;AMORT. TESORO;44,44;USD;0,00
1000;70000005;BANCO DEL TESORO, C.A.;2602;2602;SA;Documento cta.mayor;0100116431;22.04.2019;;;0;22.04.2019;VES;0,0000;0,0000;0,0000;0,0000;0,0000;0,0000;0,0000;0,00;A11;K-Instituciones Bancarias;Z025;Financiero;;AMORT. TESORO;26,60;USD;0,00
1000;70000005;BANCO DEL TESORO, C.A.;3129;3129;SA;Documento cta.mayor;0100116432;22.04.2019;;;0;22.04.2019;VES;0,0000;0,0000;0,0000;0,0000;0,0000;0,0000;0,0000;0,00;A11;K-Instituciones Bancarias;Z025;Financiero;;AMORT.TESORO;52,50;USD;0,00
1000;70000005;BANCO DEL TESORO, C.A.;3514;3514;SA;Documento cta.mayor;0100116434;22.04.2019;;;0;22.04.2019;VES;0,0000;0,0000;0,0000;0,0000;0,0000;0,0000;0,0000;0,00;A11;K-Instituciones Bancarias;Z025;Financiero;;AMORT.TESORO;400,00;USD;0,00
1000;70000005;BANCO DEL TESORO, C.A.;30062019;30062019;SA;Documento cta.mayor;0100121483;30.06.2019;;;0;30.06.2019;VES;0,0000;0,0000;0,0000;0,0000;0,0000;0,0000;0,0000;0,00;A11;K-Instituciones Bancarias;Z025;Financiero;;junio 2019;0,02;USD;0,00
1000;70000006;BANCO MERCANTIL, C.A.;PREST.MERCANTIL #1;MERCANTIL #1;SA;Documento cta.mayor;0100245270;09.05.2024;NT00;Contado;  655;09.05.2024;USD;-1,000,000,0000;0,0000;0,0000;0,0000;0,0000;-1000000,0000;0,0000;-36582800,00;A11;K-Instituciones Bancarias;Z025;Financiero;;;-1000000,00;USD;-1000000,00
1000;70000006;BANCO MERCANTIL, C.A.;PREST.MERCANTIL #1;MERCANTIL #1;SA;Documento cta.mayor;0100260706;31.10.2024;NT00;Contado;  480;31.10.2024;USD;-140,486,1600;0,0000;0,0000;0,0000;0,0000;-140486,1600;0,0000;-5979400,00;A11;K-Instituciones Bancarias;Z025;Financiero;;Revalorizacion;-0,01;USD;-140486,16
1000;70000008;BANESCO BANCO UNIVERSA;2807880;17;SA;Documento cta.mayor;0100014864;26.05.2014;;;0;26.05.2014;VEF;0,0000;0,0000;0,0000;0,0000;0,0000;0,0000;0,0000;0,00;A11;K-Instituciones Bancarias;Z025;Financiero;;17;-3837000,00;USD;0,00
1000;70000008;BANESCO BANCO UNIVERSA;2807880;PAGARE 2807880;SA;Documento cta.mayor;0100028042;26.01.2016;;;0;26.01.2016;VEF;0,0000;0,0000;0,0000;0,0000;0,0000;0,0000;0,0000;0,00;A11;K-Instituciones Bancarias;Z025;Financiero;;AMORTIZACION PG 2807880;68417,77;USD;0,00
1000;70000008;BANESCO BANCO UNIVERSA;2807880;PAGARE 2807880;SA;Documento cta.mayor;0100032597;26.02.2016;;;0;26.02.2016;VEF;0,0000;0,0000;0,0000;0,0000;0,0000;0,0000;0,0000;0,00;A11;K-Instituciones Bancarias;Z025;Financiero;;AMORTIZACIPAGARE 2807880;69444,04;USD;0,00
1000;70000008;BANESCO BANCO UNIVERSA;2807880;PAGARE 2807880;SA;Documento cta.mayor;0100034322;28.03.2016;;;0;28.03.2016;VEF;0,0000;0,0000;0,0000;0,0000;0,0000;0,0000;0,0000;0,00;A11;K-Instituciones Bancarias;Z025;Financiero;;AMORTIZAC PAGARE 2807880;70485,70;USD;0,00
1000;70000008;BANESCO BANCO UNIVERSA;2807880;PAGARE 2807880;SA;Documento cta.mayor;0100036753;26.04.2016;;;0;26.04.2016;VEF;0,0000;0,0000;0,0000;0,0000;0,0000;0,0000;0,0000;0,00;A11;K-Instituciones Bancarias;Z025;Financiero;;AMORTIZACI PAGARE 2807880;45072,08;USD;0,00
1000;70000008;BANESCO BANCO UNIVERSA;2807880;PAGARE 2807880;SA;Documento cta.mayor;0100038242;26.05.2016;;;0;26.05.2016;VEF;0,0000;0,0000;0,0000;0,0000;0,0000;0,0000;0,0000;0,00;A11;K-Instituciones Bancarias;Z025;Financiero;;AMORTIZACION PAGE 2807880;45748,16;USD;0,00
1000;70000008;BANESCO BANCO UNIVERSA;2807880;PAGARE 2807880;SA;Documento cta.mayor;0100039977;27.06.2016;;;0;27.06.2016;VEF;0,0000;0,0000;0,0000;0,0000;0,0000;0,0000;0,0000;0,00;A11;K-Instituciones Bancarias;Z025;Financiero;;AMORTIZACION PGARE 280788;46434,38;USD;0,00
1000;70000008;BANESCO BANCO UNIVERSA;2807880;PAGARE 2807880;SA;Documento cta.mayor;0100041483;26.07.2016;;;0;26.07.2016;VEF;0,0000;0,0000;0,0000;0,0000;0,0000;0,0000;0,0000;0,00;A11;K-Instituciones Bancarias;Z025;Financiero;;AMORTIZACION PGARE 280788;47130,90;USD;0,00
1000;70000008;BANESCO BANCO UNIVERSA;2807880;PAGARE 2807880;SA;Documento cta.mayor;0100043676;26.08.2016;;;0;26.08.2016;VEF;0,0000;0,0000;0,0000;0,0000;0,0000;0,0000;0,0000;0,00;A11;K-Instituciones Bancarias;Z025;Financiero;;AMORTIZACION PGARE 280788;47837,86;USD;0,00
1000;70000008;BANESCO BANCO UNIVERSA;2807880;PAGARE 2807880;SA;Documento cta.mayor;0100045354;26.09.2016;;;0;26.09.2016;VEF;0,0000;0,0000;0,0000;0,0000;0,0000;0,0000;0,0000;0,00;A11;K-Instituciones Bancarias;Z025;Financiero;;AMORTIZACION PGRE 2807880;48555,43;USD;0,00
1000;70000008;BANESCO BANCO UNIVERSA;2807880;PAGARE 2807880;SA;Documento cta.mayor;0100048050;26.10.2016;;;0;26.10.2016;VEF;0,0000;0,0000;0,0000;0,0000;0,0000;0,0000;0,0000;0,00;A11;K-Instituciones Bancarias;Z025;Financiero;;AMORTIZACION PAGRE 280788;49283,76;USD;0,00
1000;70000008;BANESCO BANCO UNIVERSA;2807880;PAGARE 2807880;SA;Documento cta.mayor;0100050732;28.11.2016;;;0;28.11.2016;VEF;0,0000;0,0000;0,0000;0,0000;0,0000;0,0000;0,0000;0,00;A11;K-Instituciones Bancarias;Z025;Financiero;;AMORTIZACION PAGRE 280788;50023,02;USD;0,00
1000;70000008;BANESCO BANCO UNIVERSA;2807880;PAGARE 2807880;SA;Documento cta.mayor;0100052253;26.12.2016;;;0;26.12.2016;VEF;0,0000;0,0000;0,0000;0,0000;0,0000;0,0000;0,0000;0,00;A11;K-Instituciones Bancarias;Z025;Financiero;;AMORTIZACION PAGRE 280788;50773,36;USD;0,00
1000;70000008;BANESCO BANCO UNIVERSA;2807880;PAGARE 2807880;SA;Documento cta.mayor;0100052983;26.01.2017;;;0;26.01.2017;VEF;0,0000;0,0000;0,0000;0,0000;0,0000;0,0000;0,0000;0,00;A11;K-Instituciones Bancarias;Z025;Financiero;;AMORTIZACION PAGRE 280788;51534,96;USD;0,00
1000;70000008;BANESCO BANCO UNIVERSA;2807880;PAGARE 2807880;SA;Documento cta.mayor;0100055952;01.03.2017;;;0;01.03.2017;VEF;0,0000;0,0000;0,0000;0,0000;0,0000;0,0000;0,0000;0,00;A11;K-Instituciones Bancarias;Z025;Financiero;;AMORTIZACION PAGRE 280788;52307,99;USD;0,00
1000;70000008;BANESCO BANCO UNIVERSA;2807880;PAGARE 2807880;SA;Documento cta.mayor;0100057007;27.03.2017;;;0;27.03.2017;VEF;0,0000;0,0000;0,0000;0,0000;0,0000;0,0000;0,0000;0,00;A11;K-Instituciones Bancarias;Z025;Financiero;;AMORTIZACION PAGRE 280788;53092,61;USD;0,00
1000;70000008;BANESCO BANCO UNIVERSA;2807880;PAGARE 2807880;SA;Documento cta.mayor;0100058987;26.04.2017;;;0;26.04.2017;VEF;0,0000;0,0000;0,0000;0,0000;0,0000;0,0000;0,0000;0,00;A11;K-Instituciones Bancarias;Z025;Financiero;;AMORTIZACION PAGRE 280788;53889,00;USD;0,00
1000;70000008;BANESCO BANCO UNIVERSA;2807880;PAGARE 2807880;SA;Documento cta.mayor;0100061275;26.05.2017;;;0;26.05.2017;VEF;0,0000;0,0000;0,0000;0,0000;0,0000;0,0000;0,0000;0,00;A11;K-Instituciones Bancarias;Z025;Financiero;;AMORTIZACION PAGARE 28078;54697,33;USD;0,00
1000;70000008;BANESCO BANCO UNIVERSA;2807880;PAGARE 2807880;SA;Documento cta.mayor;0100065550;26.06.2017;;;0;26.06.2017;VEF;0,0000;0,0000;0,0000;0,0000;0,0000;0,0000;0,0000;0,00;A11;K-Instituciones Bancarias;Z025;Financiero;;AMORTIZACION PAGARE 28078;55517,79;USD;0,00
1000;70000008;BANESCO BANCO UNIVERSA;2807880;PAGARE 2807880;SA;Documento cta.mayor;0100068041;26.07.2017;;;0;26.07.2017;VEF;0,0000;0,0000;0,0000;0,0000;0,0000;0,0000;0,0000;0,00;A11;K-Instituciones Bancarias;Z025;Financiero;;AMORTIZACION PAGARE 28078;56350,56;USD;0,00
1000;70000008;BANESCO BANCO UNIVERSA;2807880;2807880;SA;Documento cta.mayor;0100071570;28.08.2017;;;0;28.08.2017;VEF;0,0000;0,0000;0,0000;0,0000;0,0000;0,0000;0,0000;0,00;A11;K-Instituciones Bancarias;Z025;Financiero;;AMORTIZACION 2807880;57195,82;USD;0,00
1000;70000008;BANESCO BANCO UNIVERSA;2807880;2807880;SA;Documento cta.mayor;0100074944;26.09.2017;;;0;26.09.2017;VEF;0,0000;0,0000;0,0000;0,0000;0,0000;0,0000;0,0000;0,00;A11;K-Instituciones Bancarias;Z025;Financiero;;AMORTIZACION;58053,76;USD;0,00
1000;70000008;BANESCO BANCO UNIVERSA;2807880;PAGARE 2807880;SA;Documento cta.mayor;0100077811;26.10.2017;;;0;26.10.2017;VEF;0,0000;0,0000;0,0000;0,0000;0,0000;0,0000;0,0000;0,00;A11;K-Instituciones Bancarias;Z025;Financiero;;AMORTIZACION PAGARE 28078;58924,56;USD;0,00
1000;70000008;BANESCO BANCO UNIVERSA;2807880;PAGARE 2807880;SA;Documento cta.mayor;0100080375;27.11.2017;;;0;27.11.2017;VEF;0,0000;0,0000;0,0000;0,0000;0,0000;0,0000;0,0000;0,00;A11;K-Instituciones Bancarias;Z025;Financiero;;AMORTIZACION PAGARE 28078;59808,43;USD;0,00
1000;70000008;BANESCO BANCO UNIVERSA;2807880;PAGARE 2807880;SA;Documento cta.mayor;0100083637;27.12.2017;;;0;27.12.2017;VEF;0,0000;0,0000;0,0000;0,0000;0,0000;0,0000;0,0000;0,00;A11;K-Instituciones Bancarias;Z025;Financiero;;AMORTIZACION PG 2807880;60705,56;USD;0,00
1000;70000008;BANESCO BANCO UNIVERSA;2807880;PAGARE 2807880;SA;Documento cta.mayor;0100084676;26.01.2018;;;0;26.01.2018;VEF;0,0000;0,0000;0,0000;0,0000;0,0000;0,0000;0,0000;0,00;A11;K-Instituciones Bancarias;Z025;Financiero;;AMORTIZACION PG 2807880;61616,14;USD;0,00
1000;70000008;BANESCO BANCO UNIVERSA;2807880;PAGARE 2807880;SA;Documento cta.mayor;0100086503;26.02.2018;;;0;26.02.2018;VEF;0,0000;0,0000;0,0000;0,0000;0,0000;0,0000;0,0000;0,00;A11;K-Instituciones Bancarias;Z025;Financiero;;AMORTIZACION PAGARE 28078;62540,38;USD;0,00
1000;70000008;BANESCO BANCO UNIVERSA;2807880;PAGARE 2807880;SA;Documento cta.mayor;0100088642;26.03.2018;;;0;26.03.2018;VEF;0,0000;0,0000;0,0000;0,0000;0,0000;0,0000;0,0000;0,00;A11;K-Instituciones Bancarias;Z025;Financiero;;AMORTIZACION 2807880;63478,49;USD;0,00
1000;70000008;BANESCO BANCO UNIVERSA;2807880;PAGARE 2807880;SA;Documento cta.mayor;0100090588;26.04.2018;;;0;26.04.2018;VEF;0,0000;0,0000;0,0000;0,0000;0,0000;0,0000;0,0000;0,00;A11;K-Instituciones Bancarias;Z025;Financiero;;AMORTIZACION 2807880;64430,67;USD;0,00
1000;70000008;BANESCO BANCO UNIVERSA;2807880;PAGARE 2807880;SA;Documento cta.mayor;0100092578;28.05.2018;;;0;28.05.2018;VEF;0,0000;0,0000;0,0000;0,0000;0,0000;0,0000;0,0000;0,00;A11;K-Instituciones Bancarias;Z025;Financiero;;AMORTIZACION PAGARE 28078;65397,13;USD;0,00
1000;70000008;BANESCO BANCO UNIVERSA;2807880;2807880;SA;Documento cta.mayor;0100094760;26.06.2018;;;0;26.06.2018;VEF;0,0000;0,0000;0,0000;0,0000;0,0000;0,0000;0,0000;0,00;A11;K-Instituciones Bancarias;Z025;Financiero;;AMORTIZACION 2807880;66378,08;USD;0,00
1000;70000008;BANESCO BANCO UNIVERSA;2807880;2807880;SA;Documento cta.mayor;0100097146;26.07.2018;;;0;26.07.2018;VEF;0,0000;0,0000;0,0000;0,0000;0,0000;0,0000;0,0000;0,00;A11;K-Instituciones Bancarias;Z025;Financiero;;AMORTIZACION  2807880;67373,75;USD;0,00
1000;70000008;BANESCO BANCO UNIVERSA;2807880;PR.00000280788;SA;Documento cta.mayor;0100099227;27.08.2018;;;0;27.08.2018;VES;0,0000;0,0000;0,0000;0,0000;0,0000;0,0000;0,0000;0,00;A11;K-Instituciones Bancarias;Z025;Financiero;;AMORT.PAG.280788 BANESCO;0,69;USD;0,00
1000;70000008;BANESCO BANCO UNIVERSA;2807880;PR.000002807880;SA;Documento cta.mayor;0100102036;26.09.2018;;;0;26.09.2018;VES;0,0000;0,0000;0,0000;0,0000;0,0000;0,0000;0,0000;0,00;A11;K-Instituciones Bancarias;Z025;Financiero;;AMORT.PAGARE 7880 BANESCO;0,69;USD;0,00
1000;70000008;BANESCO BANCO UNIVERSA;2807880;7880;SA;Documento cta.mayor;0100104227;26.10.2018;;;0;26.10.2018;VES;0,0000;0,0000;0,0000;0,0000;0,0000;0,0000;0,0000;0,00;A11;K-Instituciones Bancarias;Z025;Financiero;;AMORT.PAGARE 7880 BANESCO;0,71;USD;0,00
1000;70000008;BANESCO BANCO UNIVERSA;2807880;7880;SA;Documento cta.mayor;0100106554;26.11.2018;;;0;26.11.2018;VES;0,0000;0,0000;0,0000;0,0000;0,0000;0,0000;0,0000;0,00;A11;K-Instituciones Bancarias;Z025;Financiero;;AMORT.PAG.7880 BANESCO;0,72;USD;0,00
1000;70000008;BANESCO BANCO UNIVERSA;2807880;2807880;SA;Documento cta.mayor;0100109608;26.12.2018;;;0;26.12.2018;VES;0,0000;0,0000;0,0000;0,0000;0,0000;0,0000;0,0000;0,00;A11;K-Instituciones Bancarias;Z025;Financiero;;AMORT.PAGARE BANESCO;0,73;USD;0,00
1000;70000008;BANESCO BANCO UNIVERSA;2807880;2807880;SA;Documento cta.mayor;0100111813;28.01.2019;;;0;28.01.2019;VES;0,0000;0,0000;0,0000;0,0000;0,0000;0,0000;0,0000;0,00;A11;K-Instituciones Bancarias;Z025;Financiero;;AMORT.PAGARE BANESCO;0,74;USD;0,00
1000;70000008;BANESCO BANCO UNIVERSA;2807880;2807880;SA;Documento cta.mayor;0100113581;26.02.2019;;;0;26.02.2019;VES;0,0000;0,0000;0,0000;0,0000;0,0000;0,0000;0,0000;0,00;A11;K-Instituciones Bancarias;Z025;Financiero;;AMORT.PAGARE BANESCO;0,14;USD;0,00
1000;70000008;BANESCO BANCO UNIVERSA;2807880;2807880;SA;Documento cta.mayor;0100115430;26.03.2019;;;0;26.03.2019;VES;0,0000;0,0000;0,0000;0,0000;0,0000;0,0000;0,0000;0,00;A11;K-Instituciones Bancarias;Z025;Financiero;;AMORT.BANESCO;0,14;USD;0,00
1000;70000008;BANESCO BANCO UNIVERSA;2807880;2807880;SA;Documento cta.mayor;0100117013;26.04.2019;;;0;26.04.2019;VES;0,0000;0,0000;0,0000;0,0000;0,0000;0,0000;0,0000;0,00;A11;K-Instituciones Bancarias;Z025;Financiero;;AMORT.BANESCO;0,14;USD;0,00
1000;70000008;BANESCO BANCO UNIVERSA;2807880;2807880;SA;Documento cta.mayor;0100118810;27.05.2019;;;0;27.05.2019;VES;0,0000;0,0000;0,0000;0,0000;0,0000;0,0000;0,0000;0,00;A11;K-Instituciones Bancarias;Z025;Financiero;;AMORT. BANESCO;2,64;USD;0,00
1000;70000009;BANCO DE VENEZUELA S.A;1370;APERTURA PAGARE;SA;Documento cta.mayor;0100076384;06.10.2017;;;0;06.10.2017;VEF;-0,0200;-0,0200;0,0000;0,0000;0,0000;0,0000;0,0000;-0,07;A11;K-Instituciones Bancarias;Z025;Financiero;;APERTURA PAGARE 061017;-700000000,00;USD;-0,02
1000;70000009;BANCO DE VENEZUELA S.A;1479;APERTURA PAGARE;SA;Documento cta.mayor;0100079848;16.11.2017;NT00;Contado; 3021;16.11.2017;VEF;0,0000;0,0000;0,0000;0,0000;0,0000;0,0000;0,0000;-0,01;A11;K-Instituciones Bancarias;Z025;Financiero;;;-76400000,00;USD;0,00
1000;70000009;BANCO DE VENEZUELA S.A;1370;PAGARE 061017;SA;Documento cta.mayor;0100084258;06.01.2018;;;0;06.01.2018;VEF;0,0000;0,0000;0,0000;0,0000;0,0000;0,0000;0,0000;0,01;A11;K-Instituciones Bancarias;Z025;Financiero;;AMORTIZACION PAGARE 06101;87500000,00;USD;0,00
1000;70000009;BANCO DE VENEZUELA S.A;1479;PAGARE 161117;SA;Documento cta.mayor;0100086429;15.02.2018;;;0;15.02.2018;VEF;0,0000;0,0000;0,0000;0,0000;0,0000;0,0000;0,0000;0,00;A11;K-Instituciones Bancarias;Z025;Financiero;;AMORTIZACION PAGARE 16111;19100000,00;USD;0,00
1000;70000009;BANCO DE VENEZUELA S.A;1370;PAGARE 061017;SA;Documento cta.mayor;0100089380;06.04.2018;;;0;06.04.2018;VEF;0,0000;0,0000;0,0000;0,0000;0,0000;0,0000;0,0000;0,01;A11;K-Instituciones Bancarias;Z025;Financiero;;AMORTIZACION PAGARE 06101;87500000,00;USD;0,00
1000;70000009;BANCO DE VENEZUELA S.A;1479;PAGARE 161117;SA;Documento cta.mayor;0100091501;15.05.2018;;;0;15.05.2018;VEF;0,0000;0,0000;0,0000;0,0000;0,0000;0,0000;0,0000;0,00;A11;K-Instituciones Bancarias;Z025;Financiero;;APERTURA PAGARE 161117;19100000,00;USD;0,00
1000;70000009;BANCO DE VENEZUELA S.A;2085;APERTURA PAGARE;SA;Documento cta.mayor;0100096879;06.07.2018;NT00;Contado; 2789;06.07.2018;VEF;-0,1800;0,0000;0,0000;0,0000;0,0000;-0,1800;0,0000;-0,74;A11;K-Instituciones Bancarias;Z025;Financiero;;APERTURA PAGARE 060718;-7443637500,00;USD;-0,18
1000;70000009;BANCO DE VENEZUELA S.A;2085;APERTURA PAGARE;SA;Documento cta.mayor;0100096880;06.07.2018;NT00;Contado; 2789;06.07.2018;VEF;-0,1800;0,0000;0,0000;0,0000;0,0000;-0,1800;0,0000;-0,74;A11;K-Instituciones Bancarias;Z025;Financiero;;APERTURA PAGARE 060718;-7443637500,00;USD;-0,18
1000;70000009;BANCO DE VENEZUELA S.A;88644;;SA;Documento cta.mayor;0100097123;31.07.2018;NT00;Contado; 2764;31.07.2018;VEF;-0,2000;0,0000;0,0000;0,0000;0,0000;-0,2000;0,0000;-0,80;A11;K-Instituciones Bancarias;Z025;Financiero;;AMORTIZACION PAGARE;-8000000000,00;USD;-0,20
1000;70000009;BANCO DE VENEZUELA S.A;88644;;SA;Documento cta.mayor;0100097124;31.07.2018;NT00;Contado; 2764;31.07.2018;VEF;-0,2000;0,0000;0,0000;0,0000;0,0000;-0,2000;0,0000;-0,80;A11;K-Instituciones Bancarias;Z025;Financiero;;AMORTIZACION PAGARE;-8000000000,00;USD;-0,20
1000;70000009;BANCO DE VENEZUELA S.A;88644;;SA;Documento cta.mayor;0100097125;31.07.2018;NT00;Contado; 2764;31.07.2018;VEF;-0,2000;0,0000;0,0000;0,0000;0,0000;-0,2000;0,0000;-0,80;A11;K-Instituciones Bancarias;Z025;Financiero;;AMORTIZACION PAGARE;-8000000000,00;USD;-0,20
1000;70000009;BANCO DE VENEZUELA S.A;88644;;SA;Documento cta.mayor;0100097126;31.07.2018;NT00;Contado; 2764;31.07.2018;VEF;-0,2000;0,0000;0,0000;0,0000;0,0000;-0,2000;0,0000;-0,80;A11;K-Instituciones Bancarias;Z025;Financiero;;AMORTIZACION PAGARE;-8000000000,00;USD;-0,20
1000;70000009;BANCO DE VENEZUELA S.A;88644;;SA;Documento cta.mayor;0100097127;31.07.2018;NT00;Contado; 2764;31.07.2018;VEF;-0,2000;0,0000;0,0000;0,0000;0,0000;-0,2000;0,0000;-0,80;A11;K-Instituciones Bancarias;Z025;Financiero;;AMORTIZACION PAGARE;-8000000000,00;USD;-0,20
1000;70000009;BANCO DE VENEZUELA S.A;88644;;SA;Documento cta.mayor;0100097128;31.07.2018;NT00;Contado; 2764;31.07.2018;VEF;-0,2000;0,0000;0,0000;0,0000;0,0000;-0,2000;0,0000;-0,80;A11;K-Instituciones Bancarias;Z025;Financiero;;AMORTIZACION PAGARE;-8000000000,00;USD;-0,20
1000;70000009;BANCO DE VENEZUELA S.A;88644;;SA;Documento cta.mayor;0100097129;31.07.2018;NT00;Contado; 2764;31.07.2018;VEF;-0,2000;0,0000;0,0000;0,0000;0,0000;-0,2000;0,0000;-0,80;A11;K-Instituciones Bancarias;Z025;Financiero;;AMORTIZACION PAGARE;-8000000000,00;USD;-0,20
1000;70000009;BANCO DE VENEZUELA S.A;88644;;SA;Documento cta.mayor;0100097130;31.07.2018;NT00;Contado; 2764;31.07.2018;VEF;-0,2000;0,0000;0,0000;0,0000;0,0000;-0,2000;0,0000;-0,80;A11;K-Instituciones Bancarias;Z025;Financiero;;AMORTIZACION PAGARE;-8000000000,00;USD;-0,20
1000;70000009;BANCO DE VENEZUELA S.A;1370;61017;SA;Documento cta.mayor;0100098527;07.08.2018;;;0;07.08.2018;VEF;0,0000;0,0000;0,0000;0,0000;0,0000;0,0000;0,0000;0,01;A11;K-Instituciones Bancarias;Z025;Financiero;;AMORT.PAGARE 61017 VENEZU;87500000,00;USD;0,00
1000;70000009;BANCO DE VENEZUELA S.A;1479;102017;SA;Documento cta.mayor;0100098530;15.08.2018;;;0;15.08.2018;VEF;0,0000;0,0000;0,0000;0,0000;0,0000;0,0000;0,0000;0,00;A11;K-Instituciones Bancarias;Z025;Financiero;;AMORT.PAGARE 102017 VENEZ;19100000,00;USD;0,00
1000;70000009;BANCO DE VENEZUELA S.A;1370;PAGARE 061017;SA;Documento cta.mayor;0100100057;07.08.2018;;;0;07.08.2018;VES;0,0000;0,0000;0,0000;0,0000;0,0000;0,0000;0,0000;0,01;A11;K-Instituciones Bancarias;Z025;Financiero;;AMORT.PAGARE 61017 VENEZU;875,00;USD;0,00
1000;70000009;BANCO DE VENEZUELA S.A;1370;1370;SA;Documento cta.mayor;0100102063;06.10.2018;;;0;06.10.2018;VES;0,0000;0,0000;0,0000;0,0000;0,0000;0,0000;0,0000;0,01;A11;K-Instituciones Bancarias;Z025;Financiero;;AMORT.PAGARE 1370 VENEZUE;875,00;USD;0,00
1000;70000009;BANCO DE VENEZUELA S.A;2085;2085;SA;Documento cta.mayor;0100102064;06.10.2018;;;0;06.10.2018;VES;0,0900;0,0900;0,0000;0,0000;0,0000;0,0000;0,0000;0,37;A11;K-Instituciones Bancarias;Z025;Financiero;;AMORT.PAG.2085 VENEZUELA;37218,19;USD;0,09
1000;70000009;BANCO DE VENEZUELA S.A;2308;10000002308;SA;Documento cta.mayor;0100102264;13.09.2018;;;0;13.09.2018;VES;-12,3700;-12,3700;0,0000;0,0000;0,0000;0,0000;0,0000;-50,00;A11;K-Instituciones Bancarias;Z025;Financiero;;ABONO PRESTAMO VENEZUELA;-5000000,00;USD;-12,37
1000;70000009;BANCO DE VENEZUELA S.A;2355;10000002355;SA;Documento cta.mayor;0100102266;29.09.2018;;;0;29.09.2018;VES;-86,5900;-86,5900;0,0000;0,0000;0,0000;0,0000;0,0000;-350,00;A11;K-Instituciones Bancarias;Z025;Financiero;;LIQUID.PRESTAMO 2355 VENE;-35000000,00;USD;-86,59
1000;70000009;BANCO DE VENEZUELA S.A;1479;20181115;SA;Documento cta.mayor;0100105188;15.11.2018;;;0;15.11.2018;VES;0,0000;0,0000;0,0000;0,0000;0,0000;0,0000;0,0000;0,00;A11;K-Instituciones Bancarias;Z025;Financiero;;AMORT.PAGARE 1479 VENEZUE;191,00;USD;0,00
1000;70000009;BANCO DE VENEZUELA S.A;88644;2199;SA;Documento cta.mayor;0100106706;28.11.2018;;;0;28.11.2018;VES;1,5800;1,5800;0,0000;0,0000;0,0000;0,0000;0,0000;6,40;A11;K-Instituciones Bancarias;Z025;Financiero;;AMORT.PAG.2199 VENEZUELA;640000,00;USD;1,58
1000;70000009;BANCO DE VENEZUELA S.A;2085;190106;SA;Documento cta.mayor;0100110431;06.01.2019;;;0;06.01.2019;VES;0,0900;0,0900;0,0000;0,0000;0,0000;0,0000;0,0000;0,37;A11;K-Instituciones Bancarias;Z025;Financiero;;AMORT.PAGARE VENEZUELA;37218,19;USD;0,09
1000;70000009;BANCO DE VENEZUELA S.A;1370;190106;SA;Documento cta.mayor;0100110431;06.01.2019;;;0;06.01.2019;VES;0,0000;0,0000;0,0000;0,0000;0,0000;0,0000;0,0000;0,01;A11;K-Instituciones Bancarias;Z025;Financiero;;AMORT.PAGARE VENEZUELA;875,00;USD;0,00
1000;70000009;BANCO DE VENEZUELA S.A;2308;2308;SA;Documento cta.mayor;0100110720;17.01.2019;;;0;17.01.2019;VES;3,5900;3,5900;0,0000;0,0000;0,0000;0,0000;0,0000;14,53;A11;K-Instituciones Bancarias;Z025;Financiero;;AMORT.PAGARE VENEZUELA;1453266,25;USD;3,59
1000;70000009;BANCO DE VENEZUELA S.A;2308;190115;SA;Documento cta.mayor;0100110721;15.01.2019;;;0;15.01.2019;VES;0,3200;0,3200;0,0000;0,0000;0,0000;0,0000;0,0000;1,29;A11;K-Instituciones Bancarias;Z025;Financiero;;AMORT.PAGARE VENEZUELA;128677,71;USD;0,32
1000;70000009;BANCO DE VENEZUELA S.A;2308;22012019;SA;Documento cta.mayor;0100111336;22.01.2019;;;0;22.01.2019;VES;6,3500;6,3500;0,0000;0,0000;0,0000;0,0000;0,0000;25,65;A11;K-Instituciones Bancarias;Z025;Financiero;;AMORT.PAGARE VENEZUELA;2564582,29;USD;6,35
1000;70000009;BANCO DE VENEZUELA S.A;2308;22623;SA;Documento cta.mayor;0100111528;25.01.2019;;;0;25.01.2019;VES;2,1100;2,1100;0,0000;0,0000;0,0000;0,0000;0,0000;8,53;A11;K-Instituciones Bancarias;Z025;Financiero;;AMORT.PAGARE VENEZUELA;853473,75;USD;2,11
1000;70000009;BANCO DE VENEZUELA S.A;2355;9144520190206;SA;Documento cta.mayor;0100112379;06.02.2019;;;0;06.02.2019;VES;0,6800;0,6800;0,0000;0,0000;0,0000;0,0000;0,0000;2,75;A11;K-Instituciones Bancarias;Z025;Financiero;;AMORT.PAGARE VENEZUELA;275109,59;USD;0,68
1000;70000009;BANCO DE VENEZUELA S.A;2355;25022019;SA;Documento cta.mayor;0100113527;25.02.2019;;;0;25.02.2019;VES;85,9100;85,9100;0,0000;0,0000;0,0000;0,0000;0,0000;347,25;A11;K-Instituciones Bancarias;Z025;Financiero;;LIQ.PRESTAMO VENEZUELA;34724890,42;USD;85,91
1000;70000009;BANCO DE VENEZUELA S.A;2680;25022019;SA;Documento cta.mayor;0100113527;25.02.2019;;;0;25.02.2019;VES;-86,5900;-86,5900;0,0000;0,0000;0,0000;0,0000;0,0000;-350,00;A11;K-Instituciones Bancarias;Z025;Financiero;;LIQ.PRESTAMO VENEZUELA;-35000000,00;USD;-86,59
1000;70000009;BANCO DE VENEZUELA S.A;1370;09042019;SA;Documento cta.mayor;0100115874;09.04.2019;;;0;09.04.2019;VES;0,0000;0,0000;0,0000;0,0000;0,0000;0,0000;0,0000;0,01;A11;K-Instituciones Bancarias;Z025;Financiero;;PRESTAMOS VENEZUELA;875,00;USD;0,00
1000;70000009;BANCO DE VENEZUELA S.A;2085;09042019;SA;Documento cta.mayor;0100115874;09.04.2019;;;0;09.04.2019;VES;0,0900;0,0900;0,0000;0,0000;0,0000;0,0000;0,0000;0,37;A11;K-Instituciones Bancarias;Z025;Financiero;;PRESTAMOS VENEZUELA;37218,20;USD;0,09
1000;70000009;BANCO DE VENEZUELA S.A;2771;9305300088644;SA;Documento cta.mayor;0100115943;11.04.2019;NT00;Contado; 2510;11.04.2019;VES;-14,3500;0,0000;0,0000;0,0000;0,0000;-14,3500;0,0000;-58,00;A11;K-Instituciones Bancarias;Z025;Financiero;;PRESTAMO COMERCIAL;-5800000,00;USD;-14,35
1000;70000009;BANCO DE VENEZUELA S.A;2680;2680;SA;Documento cta.mayor;0100117596;07.05.2019;;;0;07.05.2019;VES;21,6500;21,6500;0,0000;0,0000;0,0000;0,0000;0,0000;87,50;A11;K-Instituciones Bancarias;Z025;Financiero;;AMORT. VENEZUELA;8750000,00;USD;21,65
1000;70000009;BANCO DE VENEZUELA S.A;1370;06072019;SA;Documento cta.mayor;0100121957;06.07.2019;;;0;06.07.2019;VES;0,0000;0,0000;0,0000;0,0000;0,0000;0,0000;0,0000;0,01;A11;K-Instituciones Bancarias;Z025;Financiero;;AMORT.VENEZUELA;875,00;USD;0,00
1000;70000009;BANCO DE VENEZUELA S.A;2085;06072019;SA;Documento cta.mayor;0100121957;06.07.2019;;;0;06.07.2019;VES;0,0900;0,0900;0,0000;0,0000;0,0000;0,0000;0,0000;0,37;A11;K-Instituciones Bancarias;Z025;Financiero;;AMORT.VENEZUELA;37218,19;USD;0,09
1000;70000009;BANCO DE VENEZUELA S.A;2771;2771;SA;Documento cta.mayor;0100122461;11.07.2019;;;0;11.07.2019;VES;3,5900;3,5900;0,0000;0,0000;0,0000;0,0000;0,0000;14,50;A11;K-Instituciones Bancarias;Z025;Financiero;;AMORT. VENEZUELA;1450000,00;USD;3,59
1000;70000009;BANCO DE VENEZUELA S.A;2085;2085;SA;Documento cta.mayor;0100122523;06.07.2019;NT00;Contado; 2424;06.07.2019;VES;0,0000;0,0000;0,0000;0,0000;0,0000;0,0000;0,0000;0,00;A11;K-Instituciones Bancarias;Z025;Financiero;;AMORT.VENEZUELA;-0,01;USD;0,00
1000;70000009;BANCO DE VENEZUELA S.A;2680;2680;SA;Documento cta.mayor;0100124592;06.08.2019;;;0;06.08.2019;VES;21,6500;21,6500;0,0000;0,0000;0,0000;0,0000;0,0000;87,50;A11;K-Instituciones Bancarias;Z025;Financiero;;AMORTIZACION PAGARE;8750000,00;USD;21,65
1000;70000009;BANCO DE VENEZUELA S.A;2771;2771;SA;Documento cta.mayor;0100132750;11.10.2019;;;0;11.10.2019;VES;3,5900;3,5900;0,0000;0,0000;0,0000;0,0000;0,0000;14,50;A11;K-Instituciones Bancarias;Z025;Financiero;;;1450000,00;USD;3,59
1000;70000009;BANCO DE VENEZUELA S.A;2680;95699201191105;SA;Documento cta.mayor;0100132979;05.11.2019;;;0;05.11.2019;VES;21,6500;21,6500;0,0000;0,0000;0,0000;0,0000;0,0000;87,50;A11;K-Instituciones Bancarias;Z025;Financiero;;AMORT.PAGARE VENEZUELA;8750000,00;USD;21,65
1000;70000009;BANCO DE VENEZUELA S.A;2680;975230088644;SA;Documento cta.mayor;0100132980;07.11.2019;;;0;07.11.2019;VES;21,6500;21,6500;0,0000;0,0000;0,0000;0,0000;0,0000;87,50;A11;K-Instituciones Bancarias;Z025;Financiero;;AMORT.PAGARE VENEZUELA;8750000,00;USD;21,65
1000;70000009;BANCO DE VENEZUELA S.A;2771;9752300088644;SA;Documento cta.mayor;0100132983;07.11.2019;;;0;07.11.2019;VES;7,1800;7,1800;0,0000;0,0000;0,0000;0,0000;0,0000;29,00;A11;K-Instituciones Bancarias;Z025;Financiero;;AMORT.PAGARE VENEZUELA;2900000,00;USD;7,18
1000;70000009;BANCO DE VENEZUELA S.A;19112019;19112019;SA;Documento cta.mayor;0100133236;19.11.2019;;;0;19.11.2019;VES;0,0000;0,0000;0,0000;0,0000;0,0000;0,0000;0,0000;0,01;A11;K-Instituciones Bancarias;Z025;Financiero;;RECLASIFICACION CUENTAS;875,00;USD;0,00
1000;70000009;BANCO DE VENEZUELA S.A;1370;19112019;SA;Documento cta.mayor;0100133236;19.11.2019;NT00;Contado; 2288;19.11.2019;VES;0,0000;0,0000;0,0000;0,0000;0,0000;0,0000;0,0000;-0,01;A11;K-Instituciones Bancarias;Z025;Financiero;;RECLASIFICACION CUENTAS;-875,00;USD;0,00
1000;70000009;BANCO DE VENEZUELA S.A;1370;19112019;SA;Documento cta.mayor;0100133240;19.11.2019;;;0;19.11.2019;VES;0,0000;0,0000;0,0000;0,0000;0,0000;0,0000;0,0000;0,00;A11;K-Instituciones Bancarias;Z025;Financiero;;RECLASIFICACION CP A LP;0,00;USD;0,00
1000;70000009;BANCO DE VENEZUELA S.A;Ajuste;;SA;Documento cta.mayor;0100153648;31.12.2020;;;0;31.12.2020;VES;0,0000;0,0000;0,0000;0,0000;0,0000;0,0000;0,0000;0,00;A11;K-Instituciones Bancarias;Z025;Financiero;;;0,01;USD;0,00
1000;70000009;BANCO DE VENEZUELA S.A;Ajuste Reconversio;AJUSTE RECONVERS;SA;Documento cta.mayor;0100176454;30.09.2021;;;0;30.09.2021;VED;0,0200;0,0200;0,0000;0,0000;0,0000;0,0000;0,0000;0,07;A11;K-Instituciones Bancarias;Z025;Financiero;;;0,02;USD;0,02
1000;91000014;SENCAMER;470394;;ZT;Cart.Transf.Proveed.;0700022019;08.11.2024;;;0;08.11.2024;VED;910,2200;910,2200;0,0000;0,0000;0,0000;0,0000;0,0000;40218,88;A41;K-Registros-Marcas-Permisos;Z026;Gubernamental - FI;;20241108-SF634;910,22;USD;910,22
1000;91000014;SENCAMER;5500011102;;ZT;Cart.Transf.Proveed.;0700022019;08.11.2024;;;0;08.11.2024;VED;413,7300;413,7300;0,0000;0,0000;0,0000;0,0000;0,0000;18281,31;A41;K-Registros-Marcas-Permisos;Z026;Gubernamental - FI;;20241108-SF634;413,73;USD;413,73
1000;91000014;SENCAMER;OC5500010970;;ZT;Cart.Transf.Proveed.;0700022064;14.11.2024;;;0;14.11.2024;VED;1,058,0000;1058,0000;0,0000;0,0000;0,0000;0,0000;0,0000;47666,07;A41;K-Registros-Marcas-Permisos;Z026;Gubernamental - FI;;20241114-SF649;1058,00;USD;1058,00
1000;91000014;SENCAMER;5500010971;;ZT;Cart.Transf.Proveed.;0700022084;15.11.2024;;;0;15.11.2024;VED;532,2600;532,2600;0,0000;0,0000;0,0000;0,0000;0,0000;24221,58;A41;K-Registros-Marcas-Permisos;Z026;Gubernamental - FI;;20241115-SF652;532,26;USD;532,26
1000;91000018;ANTONIO JOSE OCHOA SEQ;009824;009824;KR;Factura acreedor;1900019859;04.11.2024;NT00;Contado;  476;04.11.2024;VED;-150,5400;0,0000;0,0000;0,0000;0,0000;-150,5400;0,0000;-6429,44;A37;K-Gastos de Viaje;Z059;Viajes Y Traslados;;00-009824;-138,79;USD;-150,54
1000;91000022;C.A. HIDROLOGICA DEL C;AC-2024-4353181;;ZT;Cart.Transf.Proveed.;0700021900;21.10.2024;;;0;21.10.2024;VED;76,8100;76,8100;0,0000;0,0000;0,0000;0,0000;0,0000;3008,56;A42;K-Servicios Públicos;Z044;Serv. Públicos;;20241021-SF582;76,81;USD;76,81
1000;91000022;C.A. HIDROLOGICA DEL C;AC-2024-4298135;;ZT;Cart.Transf.Proveed.;0700021901;21.10.2024;;;0;21.10.2024;VED;702,9600;702,9600;0,0000;0,0000;0,0000;0,0000;0,0000;27534,72;A42;K-Servicios Públicos;Z044;Serv. Públicos;;20241021-SF583;702,96;USD;702,96
1000;91000033;DEIVIS ARNALDO DIAZ CA;001549;001549;KR;Factura acreedor;1900019695;17.10.2024;NT00;Contado;  494;17.10.2024;VED;-115,1200;0,0000;0,0000;0,0000;0,0000;-115,1200;0,0000;-4491,09;A37;K-Gastos de Viaje;Z059;Viajes Y Traslados;;00-001549;-114,62;USD;-115,12
1000;91000033;DEIVIS ARNALDO DIAZ CA;001546;001546;KR;Factura acreedor;1900019696;02.10.2024;NT00;Contado;  509;02.10.2024;VED;-14,1600;0,0000;0,0000;0,0000;0,0000;-14,1600;0,0000;-522,67;A37;K-Gastos de Viaje;Z059;Viajes Y Traslados;;00-001546;-13,34;USD;-14,16
1000;91000033;DEIVIS ARNALDO DIAZ CA;001548;001548;KR;Factura acreedor;1900019697;17.10.2024;NT00;Contado;  494;17.10.2024;VED;-79,9700;0,0000;0,0000;0,0000;0,0000;-79,9700;0,0000;-3119,68;A37;K-Gastos de Viaje;Z059;Viajes Y Traslados;;00-001548;-79,62;USD;-79,97
1000;91000033;DEIVIS ARNALDO DIAZ CA;001551;001551;KR;Factura acreedor;1900019770;01.11.2024;NT00;Contado;  479;01.11.2024;VED;-38,1400;0,0000;0,0000;0,0000;0,0000;-38,1400;0,0000;-1628,81;A37;K-Gastos de Viaje;Z059;Viajes Y Traslados;;00-001551;-37,48;USD;-38,14
1000;91000033;DEIVIS ARNALDO DIAZ CA;001554;001554;KR;Factura acreedor;1900019800;11.11.2024;NT00;Contado;  469;11.11.2024;VED;-45,2100;0,0000;0,0000;0,0000;0,0000;-45,2100;0,0000;-2021,15;A37;K-Gastos de Viaje;Z059;Viajes Y Traslados;;00-001554;-44,98;USD;-45,21
1000;91000033;DEIVIS ARNALDO DIAZ CA;001557;001557;KR;Factura acreedor;1900019828;11.11.2024;NT00;Contado;  469;11.11.2024;VED;-25,6300;0,0000;0,0000;0,0000;0,0000;-25,6300;0,0000;-1145,73;A37;K-Gastos de Viaje;Z059;Viajes Y Traslados;;00-001557;-25,17;USD;-25,63
1000;91000033;DEIVIS ARNALDO DIAZ CA;001556;001556;KR;Factura acreedor;1900019829;11.11.2024;NT00;Contado;  469;11.11.2024;VED;-35,6800;0,0000;0,0000;0,0000;0,0000;-35,6800;0,0000;-1594,90;A37;K-Gastos de Viaje;Z059;Viajes Y Traslados;;00-001556;-35,04;USD;-35,68
1000;91000034;SIMON ALMAQUI YUKADAR;REUNION GERENCIAL;;ZT;Cart.Transf.Proveed.;0700021988;05.11.2024;;;0;05.11.2024;VED;450,0000;450,0000;0,0000;0,0000;0,0000;0,0000;0,0000;19285,61;A37;K-Gastos de Viaje;Z059;Viajes Y Traslados;;20241105-SF614;450,00;USD;450,00
1000;91000034;SIMON ALMAQUI YUKADAR;003035;003035;KR;Factura acreedor;1900019860;12.11.2024;NT00;Contado;  468;12.11.2024;VED;-285,1800;0,0000;0,0000;0,0000;0,0000;-285,1800;0,0000;-12763,04;A37;K-Gastos de Viaje;Z059;Viajes Y Traslados;;00-003035;-275,49;USD;-285,18
1000;91000034;SIMON ALMAQUI YUKADAR;566;545;KR;Factura acreedor;1900019870;14.02.2025;NT00;Contado;  374;14.02.2025;VED;-1,891,5100;0,0000;0,0000;0,0000;0,0000;-1891,5100;0,0000;-116938,31;A37;K-Gastos de Viaje;Z059;Viajes Y Traslados;;7;-950,42;USD;-1891,51
1000;91000036;ALEX SALOMON VIZUETE S;002133;002133;KR;Factura acreedor;1900019740;28.10.2024;NT00;Contado;  483;28.10.2024;VED;-117,7800;0,0000;0,0000;0,0000;0,0000;-117,7800;0,0000;-4834,15;A37;K-Gastos de Viaje;Z059;Viajes Y Traslados;;00-002133;-113,58;USD;-117,78
1000;91000036;ALEX SALOMON VIZUETE S;002134;002134;KR;Factura acreedor;1900019771;01.11.2024;NT00;Contado;  479;01.11.2024;VED;-240,2800;0,0000;0,0000;0,0000;0,0000;-240,2800;0,0000;-10262,17;A37;K-Gastos de Viaje;Z059;Viajes Y Traslados;;00-002134;-236,14;USD;-240,28
1000;91000036;ALEX SALOMON VIZUETE S;002135;002135;KR;Factura acreedor;1900019772;05.11.2024;NT00;Contado;  475;05.11.2024;VED;-196,1800;0,0000;0,0000;0,0000;0,0000;-196,1800;0,0000;-8407,46;A37;K-Gastos de Viaje;Z059;Viajes Y Traslados;;00-002135;-193,47;USD;-196,18
1000;91000036;ALEX SALOMON VIZUETE S;002136;002136;KR;Factura acreedor;1900019798;07.11.2024;NT00;Contado;  473;07.11.2024;VED;-235,3700;0,0000;0,0000;0,0000;0,0000;-235,3700;0,0000;-10305,06;A37;K-Gastos de Viaje;Z059;Viajes Y Traslados;;00-002136;-230,26;USD;-235,37
1000;91000036;ALEX SALOMON VIZUETE S;002137;002137;KR;Factura acreedor;1900019799;12.11.2024;NT00;Contado;  468;12.11.2024;VED;-266,7300;0,0000;0,0000;0,0000;0,0000;-266,7300;0,0000;-11937,22;A37;K-Gastos de Viaje;Z059;Viajes Y Traslados;;00-002137;-265,69;USD;-266,73
1000;91000036;ALEX SALOMON VIZUETE S;002138;002138;KR;Factura acreedor;1900019857;18.11.2024;NT00;Contado;  462;18.11.2024;VED;-307,8200;0,0000;0,0000;0,0000;0,0000;-307,8200;0,0000;-14008,07;A37;K-Gastos de Viaje;Z059;Viajes Y Traslados;;00-002138;-302,38;USD;-307,82
1000;91000036;ALEX SALOMON VIZUETE S;002139;002139;KR;Factura acreedor;1900019858;19.11.2024;NT00;Contado;  461;19.11.2024;VED;-196,1600;0,0000;0,0000;0,0000;0,0000;-196,1600;0,0000;-8982,22;A37;K-Gastos de Viaje;Z059;Viajes Y Traslados;;00-002139;-193,89;USD;-196,16
1000;91000134;TESORO NACIONAL (SERV;ANTICIPO;ANTICIPO;KZ;Pago acreedor;1500009620;08.08.2023;;;0;08.08.2023;VED;97,2000;97,2000;0,0000;0,0000;0,0000;0,0000;0,0000;3010,04;A8;K-Impuesto Sobre la Renta, IVA;Z026;Gubernamental - FI;;ANTICIPO;96,79;USD;97,20
1000;91000134;TESORO NACIONAL (SERV;ANTICIPO;ANTICIPO;KZ;Pago acreedor;1500010439;13.11.2023;;;0;13.11.2023;VED;0,0500;0,0500;0,0000;0,0000;0,0000;0,0000;0,0000;1,60;A8;K-Impuesto Sobre la Renta, IVA;Z026;Gubernamental - FI;;ANTICIPO;0,05;USD;0,05
1000;91000134;TESORO NACIONAL (SERV;ANTICIPO;ANTICIPO;KZ;Pago acreedor;1500010440;13.11.2023;;;0;13.11.2023;VED;0,0500;0,0500;0,0000;0,0000;0,0000;0,0000;0,0000;1,60;A8;K-Impuesto Sobre la Renta, IVA;Z026;Gubernamental - FI;;ANTICIPO;0,05;USD;0,05
1000;91000134;TESORO NACIONAL (SERV;ANTICIPO;ANTICIPO;KZ;Pago acreedor;1500010904;02.02.2024;;;0;02.02.2024;VED;125,8500;125,8500;0,0000;0,0000;0,0000;0,0000;0,0000;4560,26;A8;K-Impuesto Sobre la Renta, IVA;Z026;Gubernamental - FI;;ANTICIPO;125,79;USD;125,85
1000;91000134;TESORO NACIONAL (SERV;OC 43-0550;OC 43-0550;KZ;Pago acreedor;1500011774;16.07.2024;;;0;16.07.2024;VED;188,9000;188,9000;0,0000;0,0000;0,0000;0,0000;0,0000;6894,96;A8;K-Impuesto Sobre la Renta, IVA;Z026;Gubernamental - FI;;OC 43-0550 ABSORBENTES;188,90;USD;188,90
1000;91000134;TESORO NACIONAL (SERV;OC 43-0550;OC 43-0550;KZ;Pago acreedor;1500011775;16.07.2024;;;0;16.07.2024;VED;7,261,4100;7261,4100;0,0000;0,0000;0,0000;0,0000;0,0000;265044,49;A8;K-Impuesto Sobre la Renta, IVA;Z026;Gubernamental - FI;;OC 43-0550 ABSORBENTES;7261,41;USD;7261,41
1000;91000134;TESORO NACIONAL (SERV;PLANILLAS;PLANILLAS;KZ;Pago acreedor;1500012064;05.09.2024;;;0;05.09.2024;VED;130,4300;130,4300;0,0000;0,0000;0,0000;0,0000;0,0000;4779,49;A8;K-Impuesto Sobre la Renta, IVA;Z026;Gubernamental - FI;;PLANILLAS;130,43;USD;130,43
1000;91000134;TESORO NACIONAL (SERV;PLANILLAS;PLANILLAS;KZ;Pago acreedor;1500012067;05.09.2024;;;0;05.09.2024;VED;23,5100;23,5100;0,0000;0,0000;0,0000;0,0000;0,0000;861,60;A8;K-Impuesto Sobre la Renta, IVA;Z026;Gubernamental - FI;;PLANILLAS;23,51;USD;23,51
1000;91000134;TESORO NACIONAL (SERV;OC 43-0605;OC 43-0605;KZ;Pago acreedor;1500012111;20.09.2024;;;0;20.09.2024;VED;93,3800;93,3800;0,0000;0,0000;0,0000;0,0000;0,0000;3436,66;A8;K-Impuesto Sobre la Renta, IVA;Z026;Gubernamental - FI;;OC 43-0605, 0612;93,38;USD;93,38
1000;91000134;TESORO NACIONAL (SERV;OC 43-0597;OC 43-0597;KZ;Pago acreedor;1500012113;20.09.2024;;;0;20.09.2024;VED;123,3100;123,3100;0,0000;0,0000;0,0000;0,0000;0,0000;4538,02;A8;K-Impuesto Sobre la Renta, IVA;Z026;Gubernamental - FI;;OC 43-0597;123,31;USD;123,31
1000;91000134;TESORO NACIONAL (SERV;OC 43-0590;OC 43-0590;KZ;Pago acreedor;1500012179;23.09.2024;;;0;23.09.2024;VED;162,1900;162,1900;0,0000;0,0000;0,0000;0,0000;0,0000;5972,32;A8;K-Impuesto Sobre la Renta, IVA;Z026;Gubernamental - FI;;OC 43-0590;162,23;USD;162,19
1000;91000134;TESORO NACIONAL (SERV;OC 43-0619;OC 43-0619;KZ;Pago acreedor;1500012242;07.10.2024;;;0;07.10.2024;VED;367,4900;367,4900;0,0000;0,0000;0,0000;0,0000;0,0000;13610,36;A8;K-Impuesto Sobre la Renta, IVA;Z026;Gubernamental - FI;;OC 43-0619;367,49;USD;367,49
1000;91000134;TESORO NACIONAL (SERV;OC 43-0619;OC 43-0619;KZ;Pago acreedor;1500012243;07.10.2024;;;0;07.10.2024;VED;14,126,4600;14126,4600;0,0000;0,0000;0,0000;0,0000;0,0000;523184,58;A8;K-Impuesto Sobre la Renta, IVA;Z026;Gubernamental - FI;;OC 43-0619;14126,46;USD;14126,46
1000;91000134;TESORO NACIONAL (SERV;4300000615;PLANILLAS;KZ;Pago acreedor;1500012254;14.10.2024;;;0;14.10.2024;VED;2,715,6700;2715,6700;0,0000;0,0000;0,0000;0,0000;0,0000;105600,81;A8;K-Impuesto Sobre la Renta, IVA;Z026;Gubernamental - FI;;PLANILLAS;2715,67;USD;2715,67
1000;91000134;TESORO NACIONAL (SERV;4300000615;PLANILLAS;KZ;Pago acreedor;1500012255;14.10.2024;;;0;14.10.2024;VED;264,5800;264,5800;0,0000;0,0000;0,0000;0,0000;0,0000;10288,25;A8;K-Impuesto Sobre la Renta, IVA;Z026;Gubernamental - FI;;PLANILLAS;264,58;USD;264,58
1000;91000134;TESORO NACIONAL (SERV;PAGO PLANILLA;PAGO PLANILLA;KZ;Pago acreedor;1500012257;16.10.2024;;;0;16.10.2024;VED;82,5300;82,5300;0,0000;0,0000;0,0000;0,0000;0,0000;3212,02;A8;K-Impuesto Sobre la Renta, IVA;Z026;Gubernamental - FI;;PAGO PLANILLA;82,53;USD;82,53
1000;91000134;TESORO NACIONAL (SERV;PAGO PLANILLA;PAGO PLANILLA;KZ;Pago acreedor;1500012258;16.10.2024;;;0;16.10.2024;VED;2,635,6600;2635,6600;0,0000;0,0000;0,0000;0,0000;0,0000;102574,22;A8;K-Impuesto Sobre la Renta, IVA;Z026;Gubernamental - FI;;PAGO PLANILLA;2635,66;USD;2635,66
1000;91000134;TESORO NACIONAL (SERV;43000000610;43000000610;KZ;Pago acreedor;1500012341;29.10.2024;;;0;29.10.2024;VED;84,2100;84,2100;0,0000;0,0000;0,0000;0,0000;0,0000;3514,70;A8;K-Impuesto Sobre la Renta, IVA;Z026;Gubernamental - FI;;43000000610;84,21;USD;84,21
1000;91000134;TESORO NACIONAL (SERV;43000000610;43000000610;KZ;Pago acreedor;1500012342;29.10.2024;;;0;29.10.2024;VED;3,444,1400;3444,1400;0,0000;0,0000;0,0000;0,0000;0,0000;143744,82;A8;K-Impuesto Sobre la Renta, IVA;Z026;Gubernamental - FI;;43000000610;3444,14;USD;3444,14
1000;91000134;TESORO NACIONAL (SERV;OC 43-0632;OC 43-0632;KZ;Pago acreedor;1500012404;07.11.2024;;;0;07.11.2024;VED;1,928,2600;1928,2600;0,0000;0,0000;0,0000;0,0000;0,0000;84423,30;A8;K-Impuesto Sobre la Renta, IVA;Z026;Gubernamental - FI;;OC 43-0632;1928,26;USD;1928,26
1000;91000134;TESORO NACIONAL (SERV;OC 43-0632;OC 43-0632;KZ;Pago acreedor;1500012405;07.11.2024;;;0;07.11.2024;VED;380,7600;380,7600;0,0000;0,0000;0,0000;0,0000;0,0000;16670,38;A8;K-Impuesto Sobre la Renta, IVA;Z026;Gubernamental - FI;;OC 43-0632;380,76;USD;380,76
1000;91000134;TESORO NACIONAL (SERV;OC 43-0608 Y 43-;OC 43-0608 Y 43-;KZ;Pago acreedor;1500012437;18.11.2024;;;0;18.11.2024;VED;166,4100;166,4100;0,0000;0,0000;0,0000;0,0000;0,0000;7572,87;A8;K-Impuesto Sobre la Renta, IVA;Z026;Gubernamental - FI;;OC 43-0608 Y 43-;166,41;USD;166,41
1000;91000134;TESORO NACIONAL (SERV;OC 43-0608 Y 43-;OC 43-0608 Y 43-;KZ;Pago acreedor;1500012438;18.11.2024;;;0;18.11.2024;VED;5,651,3700;5651,3700;0,0000;0,0000;0,0000;0,0000;0,0000;257176,87;A8;K-Impuesto Sobre la Renta, IVA;Z026;Gubernamental - FI;;OC 43-0608 Y 43-;5651,37;USD;5651,37
1000;91000134;TESORO NACIONAL (SERV;4642;4642;RE;Factura bruto;5100018807;28.03.2023;NT60;Crédito 60 Días; 1003;27.05.2023;VED;-3,955,0900;0,0000;0,0000;0,0000;0,0000;-3955,0900;0,0000;-96471,28;A8;K-Impuesto Sobre la Renta, IVA;Z026;Gubernamental - FI;;EXP 2023DAI482 OC 43-427;-3939,55;USD;-3955,09
1000;91000134;TESORO NACIONAL (SERV;XM-VN-28B;XM-VN-28B;RE;Factura bruto;5100019146;12.05.2023;NT00;Contado; 1018;12.05.2023;VED;-11,794,8300;0,0000;0,0000;0,0000;0,0000;-11794,8300;0,0000;-298980,08;A8;K-Impuesto Sobre la Renta, IVA;Z026;Gubernamental - FI;;OC 43-430/461 F-XM-VN28A;-11427,20;USD;-11794,83
1000;91000134;TESORO NACIONAL (SERV;XM-VN-28A;XM-VN-28A;RE;Factura bruto;5100019147;02.05.2023;NT00;Contado; 1028;02.05.2023;VED;-6,809,0600;0,0000;0,0000;0,0000;0,0000;-6809,0600;0,0000;-168526,29;A8;K-Impuesto Sobre la Renta, IVA;Z026;Gubernamental - FI;;OC 43-430/461 F-XM-VN28A;-6441,18;USD;-6809,06
1000;91000134;TESORO NACIONAL (SERV;EXP 20102930;EXP 20102930;RE;Factura bruto;5100020486;24.04.2023;NT01;Prepagado; 1036;24.04.2023;VED;-1,149,2500;0,0000;0,0000;0,0000;0,0000;-1149,2500;0,0000;-28327,12;A8;K-Impuesto Sobre la Renta, IVA;Z026;Gubernamental - FI;;OC 43-429 EXP 20102930;-817,09;USD;-1149,25
1000;91000134;TESORO NACIONAL (SERV;F-200781;F-200781;RE;Factura bruto;5100022979;28.06.2024;NT01;Prepagado;  605;28.06.2024;VED;-2,072,9500;0,0000;0,0000;0,0000;0,0000;-2072,9500;0,0000;-75472,83;A8;K-Impuesto Sobre la Renta, IVA;Z026;Gubernamental - FI;;OC 43/0585  EXP 20103072;-2068,38;USD;-2072,95
1000;91000134;TESORO NACIONAL (SERV;F-240501123;F-240501123;RE;Factura bruto;5100023009;28.06.2024;N180;Crédito 180 Días;  425;25.12.2024;VED;-5,484,7700;0,0000;0,0000;0,0000;0,0000;-5484,7700;0,0000;-199692,32;A8;K-Impuesto Sobre la Renta, IVA;Z026;Gubernamental - FI;;OC 43/0563  EXP 20103070;-5469,01;USD;-5484,77
1000;91000134;TESORO NACIONAL (SERV;F-XM-VN-41;F-XM-VN-41;RE;Factura bruto;5100023170;16.07.2024;NT60;Crédito 60 Días;  527;14.09.2024;VED;-12,216,8800;0,0000;0,0000;0,0000;0,0000;-12216,8800;0,0000;-445920,96;A8;K-Impuesto Sobre la Renta, IVA;Z026;Gubernamental - FI;;OC 43/0589  EXP 20103074;-12190,39;USD;-12216,88
1000;91000134;TESORO NACIONAL (SERV;F-123816-1;F-123816-1;RE;Factura bruto;5100023416;20.08.2024;NT01;Prepagado;  552;20.08.2024;VED;-4,912,8900;0,0000;0,0000;0,0000;0,0000;-4912,8900;0,0000;-180228,24;A8;K-Impuesto Sobre la Renta, IVA;Z026;Gubernamental - FI;;OC 43/0569   EXP 20103083;-4925,78;USD;-4912,89
1000;91000134;TESORO NACIONAL (SERV;F-XM-VN-4;F-XM-VN-4;RE;Factura bruto;5100023509;02.06.2024;NT00;Contado;  631;02.06.2024;VED;-15,341,0100;0,0000;0,0000;0,0000;0,0000;-15341,0100;0,0000;-560517,40;A8;K-Impuesto Sobre la Renta, IVA;Z026;Gubernamental - FI;;OC 43/0559  EXP 20103078;-15274,70;USD;-15341,01
1000;91000134;TESORO NACIONAL (SERV;EXP 20240126;EXP 20240126;RE;Factura bruto;5100023565;06.09.2024;NT00;Contado;  535;06.09.2024;VED;-419,9100;0,0000;0,0000;0,0000;0,0000;-419,9100;0,0000;-15404,18;A8;K-Impuesto Sobre la Renta, IVA;Z026;Gubernamental - FI;;OC - 43-596 EXP 20240126;-419,36;USD;-419,91
1000;91000134;TESORO NACIONAL (SERV;EXP 20103077;EXP 20103077;RE;Factura bruto;5100023581;09.09.2024;NT01;Prepagado;  532;09.09.2024;VED;-2,560,7500;0,0000;0,0000;0,0000;0,0000;-2560,7500;0,0000;-93968,85;A8;K-Impuesto Sobre la Renta, IVA;Z026;Gubernamental - FI;;OC - 43-570 EXP20103077;-2557,60;USD;-2560,75
1000;91000134;TESORO NACIONAL (SERV;F-XM-VN-42A;F-XM-VN-42A;RE;Factura bruto;5100023688;10.09.2024;NT00;Contado;  531;10.09.2024;VED;-3,746,4700;0,0000;0,0000;0,0000;0,0000;-3746,4700;0,0000;-137440,65;A8;K-Impuesto Sobre la Renta, IVA;Z026;Gubernamental - FI;;OC - 43-602 EXP 20103089;-3729,66;USD;-3746,47
1000;91000134;TESORO NACIONAL (SERV;EXP 20240141;EXP 20240141;RE;Factura bruto;5100023698;23.09.2024;NT00;Contado;  518;23.09.2024;VED;-562,8100;0,0000;0,0000;0,0000;0,0000;-562,8100;0,0000;-20724,43;A8;K-Impuesto Sobre la Renta, IVA;Z026;Gubernamental - FI;;OC - 43-600 EXP 20240141;-562,39;USD;-562,81
1000;91000134;TESORO NACIONAL (SERV;F-200875;F-200875;RE;Factura bruto;5100023734;16.09.2024;NT00;Contado;  525;16.09.2024;VED;-1,369,4300;0,0000;0,0000;0,0000;0,0000;-1369,4300;0,0000;-50314,37;A8;K-Impuesto Sobre la Renta, IVA;Z026;Gubernamental - FI;;OC 43/0594  EXP 20103084;-1364,81;USD;-1369,43
1000;91000134;TESORO NACIONAL (SERV;F-200900;F-200900;RE;Factura bruto;5100023761;25.09.2024;NT00;Contado;  516;25.09.2024;VED;-686,4000;0,0000;0,0000;0,0000;0,0000;-686,4000;0,0000;-25266,71;A8;K-Impuesto Sobre la Renta, IVA;Z026;Gubernamental - FI;;OC 43/0603  EXP 20103092;-684,58;USD;-686,40
1000;91000134;TESORO NACIONAL (SERV;EXP3030521889TI;EXP3030521889TI;RE;Factura bruto;5100024012;16.10.2024;N180;Crédito 180 Días;  315;14.04.2025;VED;-2,635,6600;0,0000;0,0000;0,0000;0,0000;-2635,6600;0,0000;-102574,22;A8;K-Impuesto Sobre la Renta, IVA;Z026;Gubernamental - FI;;OC-43-599 DUA3030521889TI;-2509,14;USD;-2635,66
1000;91000134;TESORO NACIONAL (SERV;EXP DUA7718TI;EXP DUA7718TI;RE;Factura bruto;5100024128;14.10.2024;;;0;14.10.2024;VED;-2,715,6700;-2715,6700;0,0000;0,0000;0,0000;0,0000;0,0000;-105600,81;A8;K-Impuesto Sobre la Renta, IVA;Z026;Gubernamental - FI;;OC-43- 615 EXP DUA7718TI;-2500,87;USD;-2715,67
1000;91000134;TESORO NACIONAL (SERV;EXP 20240164;EXP 20240164;RE;Factura bruto;5100024166;31.10.2024;NT01;Prepagado;  480;31.10.2024;VED;-5,488,1400;0,0000;0,0000;0,0000;0,0000;-5488,1400;0,0000;-233587,43;A8;K-Impuesto Sobre la Renta, IVA;Z026;Gubernamental - FI;;OC - 43-613 EXP 20240164;-5335,21;USD;-5488,14
1000;91000134;TESORO NACIONAL (SERV;F-167632;F-167632;RE;Factura bruto;5100024203;28.10.2024;NT00;Contado;  483;28.10.2024;VED;-3,502,3100;0,0000;0,0000;0,0000;0,0000;-3502,3100;0,0000;-143744,82;A8;K-Impuesto Sobre la Renta, IVA;Z026;Gubernamental - FI;;OC - 43-610  F-167632;-3253,17;USD;-3502,31
1000;91000134;TESORO NACIONAL (SERV;F-XM-VN-43;F-XM-VN-43;RE;Factura bruto;5100024248;28.10.2024;NT00;Contado;  483;28.10.2024;VED;-10,931,9200;0,0000;0,0000;0,0000;0,0000;-10931,9200;0,0000;-448677,58;A8;K-Impuesto Sobre la Renta, IVA;Z026;Gubernamental - FI;;F-XM-VN-43 OC- 43-617;-10025,33;USD;-10931,92
1000;91000134;TESORO NACIONAL (SERV;EXP DUA7783TI;EXP DUA7783TI;RE;Factura bruto;5100024269;07.11.2024;NT01;Prepagado;  473;07.11.2024;VED;-1,928,2600;0,0000;0,0000;0,0000;0,0000;-1928,2600;0,0000;-84423,30;A8;K-Impuesto Sobre la Renta, IVA;Z026;Gubernamental - FI;;OC - 43-632 EXP DUA7783TI;-1855,17;USD;-1928,26
1000;91000134;TESORO NACIONAL (SERV;F-200901;F-200901;RE;Factura bruto;5100024283;05.10.2024;NT01;Prepagado;  506;05.10.2024;VED;-1,594,4600;0,0000;0,0000;0,0000;0,0000;-1594,4600;0,0000;-58971,94;A8;K-Impuesto Sobre la Renta, IVA;Z026;Gubernamental - FI;;F-200901 OC- 43/609;-1295,89;USD;-1594,46
1000;91000157;INVERSIONES EL CREPUSC;A-86232;A-86232;KR;Factura acreedor;1900019678;01.10.2024;NT00;Contado;  510;01.10.2024;VED;-641,0000;0,0000;0,0000;0,0000;0,0000;-641,0000;0,0000;-23667,31;A36;K-Servicios Contratados;Z058;Contrato Colectivo;;00-334326;-606,67;USD;-641,00
1000;91000157;INVERSIONES EL CREPUSC;A-86378;A-86378;KR;Factura acreedor;1900019784;01.11.2024;NT00;Contado;  479;01.11.2024;VED;-641,1800;0,0000;0,0000;0,0000;0,0000;-641,1800;0,0000;-27384,73;A36;K-Servicios Contratados;Z058;Contrato Colectivo;;00-334504;-619,76;USD;-641,18
1000;91000315;MARION ELIANA RAMIREZ;BECA;BECA;SA;Documento cta.mayor;0100260043;30.10.2024;NT00;Contado;  481;30.10.2024;VED;-44,5000;0,0000;0,0000;0,0000;0,0000;-44,5000;0,0000;-1879,24;A21;K-Otros gastos de personal;Z014;Centro Educativo;;BECA;-44,00;USD;-44,50
1000;91000315;MARION ELIANA RAMIREZ;BECA;BECA;SA;Documento cta.mayor;0100260044;30.10.2024;NT00;Contado;  481;30.10.2024;VED;-44,5000;0,0000;0,0000;0,0000;0,0000;-44,5000;0,0000;-1879,24;A21;K-Otros gastos de personal;Z014;Centro Educativo;;BECA;-44,00;USD;-44,50
1000;91000345;LUIS ANTONIO MARQUEZ;ANTICIPO;;ZT;Cart.Transf.Proveed.;0700021468;03.09.2024;;;0;03.09.2024;VED;25,0000;25,0000;0,0000;0,0000;0,0000;0,0000;0,0000;916,14;A37;K-Gastos de Viaje;Z059;Viajes Y Traslados;;20240903-SF419;25,00;USD;25,00
1000;91000345;LUIS ANTONIO MARQUEZ;ANTICIPO;;ZT;Cart.Transf.Proveed.;0700021469;03.09.2024;;;0;03.09.2024;VED;60,0000;60,0000;0,0000;0,0000;0,0000;0,0000;0,0000;2198,32;A37;K-Gastos de Viaje;Z059;Viajes Y Traslados;;20240903-SF420;60,00;USD;60,00
1000;91000380;JENFRY ANTONIO ROJAS T;000534;000534;KR;Factura acreedor;1900019736;25.10.2024;NT00;Contado;  486;25.10.2024;VED;-89,6200;0,0000;0,0000;0,0000;0,0000;-89,6200;0,0000;-3663,88;A33;K-Transporte de Personal;Z050;Transporte;;00-000534;-86,08;USD;-89,62
1000;91000428;SG BOLEITA´S. C.A;;;SA;Documento cta.mayor;0100261887;15.11.2024;NT00;Contado;  465;15.11.2024;VED;-7,9300;0,0000;0,0000;0,0000;0,0000;-7,9300;0,0000;-360,87;A36;K-Servicios Contratados;Z056;Ser. Y Mantenimiento;;;-7,93;USD;-7,93
1000;91000428;SG BOLEITA´S. C.A;A 0908;A 0908;KR;Factura acreedor;1900019810;11.11.2024;NT00;Contado;  469;11.11.2024;VED;-266,2000;0,0000;0,0000;0,0000;0,0000;-266,2000;0,0000;-11900,04;A36;K-Servicios Contratados;Z056;Ser. Y Mantenimiento;;01-001158;-264,87;USD;-266,20
1000;91000428;SG BOLEITA´S. C.A;A 0922;A 0922;KR;Factura acreedor;1900019848;18.11.2024;NT00;Contado;  462;18.11.2024;VED;-269,9300;0,0000;0,0000;0,0000;0,0000;-269,9300;0,0000;-12283,62;A36;K-Servicios Contratados;Z056;Ser. Y Mantenimiento;;01-001172;-266,69;USD;-269,93
1000;91000428;SG BOLEITA´S. C.A;A 0929;A 0929;KR;Factura acreedor;1900019852;19.11.2024;NT00;Contado;  461;19.11.2024;VED;-377,4000;0,0000;0,0000;0,0000;0,0000;-377,4000;0,0000;-17281,14;A36;K-Servicios Contratados;Z056;Ser. Y Mantenimiento;;01-001179;-373,02;USD;-377,40
1000;91000428;SG BOLEITA´S. C.A;A 0939;A 0939;KR;Factura acreedor;1900019853;19.11.2024;NT00;Contado;  461;19.11.2024;VED;-240,7200;0,0000;0,0000;0,0000;0,0000;-240,7200;0,0000;-11022,57;A36;K-Servicios Contratados;Z056;Ser. Y Mantenimiento;;01-001189;-237,92;USD;-240,72
1000;91000451;ESCUDERIA BOA SORTE VI;000006;000006;KR;Factura acreedor;1900019481;05.08.2024;NT00;Contado;  567;05.08.2024;VED;-47,2500;0,0000;0,0000;0,0000;0,0000;-47,2500;0,0000;-1731,98;A37;K-Gastos de Viaje;Z059;Viajes Y Traslados;;00-000006;-47,19;USD;-47,25
1000;91000451;ESCUDERIA BOA SORTE VI;000012;000012;KR;Factura acreedor;1900019482;12.05.2024;NT00;Contado;  652;12.05.2024;VED;-78,7800;0,0000;0,0000;0,0000;0,0000;-78,7800;0,0000;-2882,42;A37;K-Gastos de Viaje;Z059;Viajes Y Traslados;;00-000012;-78,54;USD;-78,78
1000;91000451;ESCUDERIA BOA SORTE VI;000019;000019;KR;Factura acreedor;1900019483;19.08.2024;NT00;Contado;  553;19.08.2024;VED;-78,6300;0,0000;0,0000;0,0000;0,0000;-78,6300;0,0000;-2884,00;A37;K-Gastos de Viaje;Z059;Viajes Y Traslados;;00-000019;-78,59;USD;-78,63
1000;91000451;ESCUDERIA BOA SORTE VI;000028;000028;KR;Factura acreedor;1900019496;26.08.2024;NT00;Contado;  546;26.08.2024;VED;-78,6100;0,0000;0,0000;0,0000;0,0000;-78,6100;0,0000;-2876,16;A37;K-Gastos de Viaje;Z059;Viajes Y Traslados;;00-000028;-78,61;USD;-78,61
1000;91000451;ESCUDERIA BOA SORTE VI;000036;000036;KR;Factura acreedor;1900019553;02.09.2024;NT00;Contado;  539;02.09.2024;VED;-77,6100;0,0000;0,0000;0,0000;0,0000;-77,6100;0,0000;-2844,04;A37;K-Gastos de Viaje;Z059;Viajes Y Traslados;;00-000036;-77,40;USD;-77,61
1000;91000451;ESCUDERIA BOA SORTE VI;000043;000043;KR;Factura acreedor;1900019554;09.09.2024;NT00;Contado;  532;09.09.2024;VED;-77,6100;0,0000;0,0000;0,0000;0,0000;-77,6100;0,0000;-2847,92;A37;K-Gastos de Viaje;Z059;Viajes Y Traslados;;00-000043;-77,51;USD;-77,61
1000;91000451;ESCUDERIA BOA SORTE VI;000050;000050;KR;Factura acreedor;1900019595;16.09.2024;NT00;Contado;  525;16.09.2024;VED;-77,6800;0,0000;0,0000;0,0000;0,0000;-77,6800;0,0000;-2854,13;A37;K-Gastos de Viaje;Z059;Viajes Y Traslados;;00-000050;-77,55;USD;-77,68
1000;91000451;ESCUDERIA BOA SORTE VI;000058;000058;KR;Factura acreedor;1900019619;23.09.2024;NT00;Contado;  518;23.09.2024;VED;-75,2100;0,0000;0,0000;0,0000;0,0000;-75,2100;0,0000;-2769,62;A37;K-Gastos de Viaje;Z059;Viajes Y Traslados;;00-000058;-74,71;USD;-75,21
1000;91000451;ESCUDERIA BOA SORTE VI;000060;000060;KR;Factura acreedor;1900019632;23.09.2024;NT00;Contado;  518;23.09.2024;VED;-315,4600;0,0000;0,0000;0,0000;0,0000;-315,4600;0,0000;-11616,18;A37;K-Gastos de Viaje;Z059;Viajes Y Traslados;;00-000060;-314,73;USD;-315,46
1000;91000451;ESCUDERIA BOA SORTE VI;000066;000066;KR;Factura acreedor;1900019633;30.09.2024;NT00;Contado;  511;30.09.2024;VED;-77,6000;0,0000;0,0000;0,0000;0,0000;-77,6000;0,0000;-2864,21;A37;K-Gastos de Viaje;Z059;Viajes Y Traslados;;00-000066;-77,60;USD;-77,60
1000;91000451;ESCUDERIA BOA SORTE VI;000070;000070;KR;Factura acreedor;1900019662;07.10.2024;NT00;Contado;  504;07.10.2024;VED;-77,6100;0,0000;0,0000;0,0000;0,0000;-77,6100;0,0000;-2874,31;A37;K-Gastos de Viaje;Z059;Viajes Y Traslados;;00-000070;-77,53;USD;-77,61
1000;91000455;ADRIANA VICMAR PAEZ AL;000255;000255;KR;Factura acreedor;1900019866;21.11.2024;NT00;Contado;  459;21.11.2024;VED;-235,3200;0,0000;0,0000;0,0000;0,0000;-235,3200;0,0000;-10838,46;A37;K-Gastos de Viaje;Z059;Viajes Y Traslados;;00-000255;-233,95;USD;-235,32
