Cod. Cliente;Nombre Sol.;Cond. Pago;Descripción Cond Pag;Ramo;Descripción Ramo;Gr Clientes;Descripción Gr Clien;Dirección;Telefono;RIF;Ruta Transp.;Poblacion;Zona Ventas;Descripción Zona;Grupo Vend.;Descripción Grupo Ve;Descrip. Estado;Fecha de creacion;AG. RET.;Ult.Fact;Fecha Fact;Doc.Ult.Pago;Fecha Pago;Nombre persona conta;Teléfono móvil;Cod.Vend;Nombre_vendedor;Cód.Ger.Reg.;Nombre Gte. Regional;Moneda;Lista;Denominacion;Canal
10000085;FARMATODO, C.A.;NT15;Crédito 15 Días;Z068;Cadena Nacional;11;Cadena Nacional;AV LOS GUAYABITOS CC EXPRESOBARUTA NIVEL 5 OF ÚNICAURB LA TRINIDAD (SECTOR PIEDRA AZUL);0424-2873261;J000202001;ZMIR000019;CARACAS;ZVE004;Zona Metropolitana;120;GV ClReg. Ampofr.;Miranda;03.12.2015;SI;7000011530;31.07.2025;1600005072;29.08.2025;DAYANA VILLALOBOS;0212-9030645;100017;GARCIA F  SAMANTHA G;100134;GUZMAN P  LUIS E;VED;17;Precio Base General;60
10000143;VIVERES DE CANDIDO, C.A. (VIDECA);NT00;Contado;Z069;Cadena Regional;12;Cadena Regional;AV 16 CON CALLE 13 CARRETERA VIAEL MOJAN NRO. A2-3 SECTOR CANCHANCHA;0261-7973029;J070201525;ZZUL000013;MARACAIBO;ZVE001;Zona Occidente;120;GV ClReg. Ampofr.;Zulia;03.12.2015;;7000005645;28.09.2021;;;KATHERINA DOMINGUEZ/ARACELYS LOPEZ;0414-6506258;100105;MORILLO V  RICHIE K;100022;CASTRO A  RICHARD A;VED;10;Cadenas;60
10000164;EURO MARKET, C.A.;NT01;Prepagado;Z047;Supermercado;26;Detal;AV LAS DELICIAS CC LAS AMERICASNIVEL B NIVEL PB LOCAL 237URB LAS DELICIAS, MARACAY EDO ARAGUA;0243-2690625;J311716793;ZARA000004;MARACAY;ZVE003;Zona Centro;120;GV ClReg. Ampofr.;Aragua;03.12.2015;SI;7000006049;19.01.2022;1600003089;09.12.2022;JOHANA MONTESINOS;0414-3450109;100144;GONZALEZ O  JHONATAN A;100134;GUZMAN P  LUIS E;VED;17;Precio Base General;60
10000729;TYLL LOGISTIC C.A.;NT00;Contado;Z065;Detal;21;Independiente;AV MARACAY LOCAL GALPON S/N OFIC M-ZONA INDUSTRIAL SAN VICENTE;0243-2421002;J296544816;ZARA000004;MARACAY;ZVE003;Zona Centro;120;GV ClReg. Ampofr.;Aragua;03.12.2015;;7000000558;19.04.2016;1400000632;29.06.2016;DAYSIS RODRIGUEZ;0414-4151307;100033;OFICINA VENDEDOR;0;;VED;17;Precio Base General;60
10000747;CONSORCIO AGROINDUSTRIAL DEL;NT00;Contado;Z006;Alimentos;24;Manufactura;CARRETERA NACIONAL BARBACOAS;0246-6267143;J303623964;ZARA000017;MARACAY;ZVE003;Zona Centro;120;GV ClReg. Ampofr.;Aragua;03.12.2015;SI;7000012036;12.12.2025;1400002994;30.01.2026;Yolimar Hernandez;S/N;120003;HERNANDEZ HORACIO;0;;USD;17;Precio Base General;60
10000748;DISERKHAT, C.A.;NT00;Contado;Z015;Comercializadora;15;Distribuidores Enf.;CR 23 ENTRE CALLES 33 Y 34 LOCALNRO 33-32 SECTOR EL MANTECO;(0251)-2334570;J314161237;ZLAR000003;BARQUISIMETO-EDO. LARA;ZVE007;Zona Centro Occid.;120;GV ClReg. Ampofr.;Lara;03.12.2015;SI;7000012172;11.02.2026;1600005278;18.02.2026;Orlando Daza;S/N;120005;REYES SANCHEZ JORGE;0;;VED;17;Precio Base General;60
10000749;LABORATORIOS FARMA S.A;NT00;Contado;Z035;Medicina Humana;23;Laboratorios;AV PRINCIPAL DE LOS RUICES EDIFFARMA PISO P.B. APT PB URB LOS RUICES;0243-2015900;J000133930;ZMIR000019;CARACAS;ZVE004;Zona Metropolitana;120;GV ClReg. Ampofr.;Distrito Federal;03.12.2015;SI;7000011833;16.10.2025;1600005152;30.10.2025;GABRIEL ROJAS;;100107;ALVAREZ R  ELIAS;100107;ALVAREZ R  ELIAS;USD;17;Precio Base General;60
10000750;YILL, C.A.;NT00;Contado;Z006;Alimentos;24;Manufactura;CR 1 ENTRE 6 Y 7 LOCAL GALPONNRO 50 ZONA INDUSTRIAL 3;0251-2692331;J317477812;ZLAR000003;BARQUISIMETO;ZVE007;Zona Centro Occid.;120;GV ClReg. Ampofr.;Lara;03.12.2015;SI;7000001906;24.10.2017;1400001955;16.01.2018;Gloria Navarro;S/N;120002;AMPOFRASCA OFICINA;0;;VED;17;Precio Base General;60
10000751;LABORATORIO NATURAL PREMIUM, C.A;NT00;Contado;Z035;Medicina Humana;23;Laboratorios;URB LAS MAYAS CALLE JOSE FELIXRIVAS Nº 9-4 EL LIMON;0243-2179580;J305512310;ZARA000009;MARACAY;ZVE003;Zona Centro;120;GV ClReg. Ampofr.;Aragua;03.12.2015;;7000011244;13.05.2025;1600004928;28.05.2025;Celida Rodriguez;S/N;120005;REYES SANCHEZ JORGE;0;;VED;17;Precio Base General;60
10000752;ROPAK, C.A.;NT00;Contado;Z018;Cuidado Personal;24;Manufactura;AVENIDA PRINCIPAL DE SAN JOSE EDIFSILVIA Nº226 GALPON H OFICINA 6 Y 7;0243-2358385;J301498321;ZARA000004;MARACAY;ZVE003;Zona Centro;120;GV ClReg. Ampofr.;Aragua;03.12.2015;SI;7000001290;29.03.2017;1400001225;08.05.2017;Salvadore Spataro;S/N;120002;AMPOFRASCA OFICINA;0;;VED;17;Precio Base General;60
10000753;PROQUIMAVAL, C.A.;NT00;Contado;Z015;Comercializadora;15;Distribuidores Enf.;AVENIDA LISANDRO ALVARADO LOCALNRO 91-62-A SECTOR EL CANDELERO;0241-8354880;J308380440;ZCAR000014;VALENCIA;ZVE003;Zona Centro;120;GV ClReg. Ampofr.;Carabobo;03.12.2015;;;;1400000089;31.01.2016;Nayle Pandares;S/N;120002;AMPOFRASCA OFICINA;0;;VED;17;Precio Base General;60
10000754;BIOQUIMICA INTERNACIONAL, C.A.;NT00;Contado;Z030;Industria Química;16;Distribuidores Trad.;CALLE 10, ENTE AV. 4 Y 5 EDIFBIOQUIMICA INTERNACIONAL PISO 1 LOCALS/N URB LA MATA CABUDARE;0251-2632245;J304232063;ZLAR000006;CABUDARE;ZVE007;Zona Centro Occid.;120;GV ClReg. Ampofr.;Lara;03.12.2015;SI;7000012186;20.02.2026;1600004904;15.05.2025;lic YELEINA GONZALEZ;S/N;120005;REYES SANCHEZ JORGE;0;;VED;17;Precio Base General;60
10000755;ARCO IRIS LABORATORIO C.A.;NT00;Contado;Z035;Medicina Humana;23;Laboratorios;C.C. LA CANDELARIA, LOCAL Nº19GALPON 42-43;0243-2837690;J306744746;ZARA000009;MARACAY;ZVE003;Zona Centro;120;GV ClReg. Ampofr.;Aragua;03.12.2015;SI;7000008543;24.08.2023;1600003794;30.08.2023;Leomar Blanco;S/N;120004;DAZA RAMON;0;;VED;17;Precio Base General;60
10000756;LABORATORIO SILVESTRI. C.A.;NT00;Contado;Z036;Medicina Veterinaria;23;Laboratorios;ZONA INDUSTRIAL SAN PABLOGALPON 42-43;0244-6632269;J306319247;ZARA000013;TURMERO;ZVE003;Zona Centro;120;GV ClReg. Ampofr.;Aragua;03.12.2015;SI;7000009556;12.04.2024;1600004210;30.04.2024;Antonio López;S/N;120003;HERNANDEZ HORACIO;0;;VED;17;Precio Base General;60
10000757;SERIPLASTIC, C.A.;NT00;Contado;Z006;Alimentos;24;Manufactura;CALLE CAMEJO CRUCE CON RICAURTE,LOCAL NRO  125 SECTORANDRES ELOY BLANCO;0414-4572664;J316654338;ZARA000004;MARACAY;ZVE003;Zona Centro;120;GV ClReg. Ampofr.;Aragua;03.12.2015;;7000003824;20.03.2020;1600001395;09.09.2020;Maribel De Sousa;S/N;120005;REYES SANCHEZ JORGE;0;;VED;17;Precio Base General;60
10000758;LABORATORIOS HERBAPLANT, C.A.;NT00;Contado;Z035;Medicina Humana;23;Laboratorios;CALLE MONTES DE OCA CENTROCOMERCIAL CARIBBEAN PLAZA;0414-4120486;J311761420;ZCAR000014;VALENCIA;ZVE003;Zona Centro;120;GV ClReg. Ampofr.;Carabobo;03.12.2015;;7000011128;31.03.2025;1600004866;03.04.2025;Luisa Rodriguez;S/N;120005;REYES SANCHEZ JORGE;0;;VED;17;Precio Base General;60
10000759;ALIMENTOS LA YAYA 0313, C.A.;NT00;Contado;Z001;Aceites;24;Manufactura;CALLE DE SERVICIOS CC INDUSTRIALLUFE, C.A. NIVEL PB LOCAL 1 ZONAINDUSTRIAL TERRAZAS DE CASTILLITO;0424-1681601;J400349168;ZCAR000014;VALENCIA;ZVE003;Zona Centro;120;GV ClReg. Ampofr.;Carabobo;03.12.2015;;7000007455;29.11.2022;1600002969;15.11.2022;Loly Lourido;S/N;120002;AMPOFRASCA OFICINA;0;;VED;17;Precio Base General;60
10000760;QUIMICAS OROCOLOR, C.A.;NT00;Contado;Z030;Industria Química;24;Manufactura;AV ANTON PHILLIPS NRO S/NSECTOR ZONA IND. SAN VICENTE I;0424-3297156;J300178102;ZARA000004;MARACAY;ZVE003;Zona Centro;120;GV ClReg. Ampofr.;Aragua;03.12.2015;SI;7000003323;27.08.2019;1600000883;30.08.2019;Dora Bazarte;S/N;120003;HERNANDEZ HORACIO;0;;VED;17;Precio Base General;60
10000761;C.A. LABORATORIOS ASOCIADOS;NT00;Contado;Z036;Medicina Veterinaria;23;Laboratorios;AV. ANTHON PHILLIPS EDIF CALAPISO PB LOCAL S/N ZONA INDUSTRIALLA HAMACA;0243-2179165;J000406545;ZARA000004;MARACAY;ZVE003;Zona Centro;120;GV ClReg. Ampofr.;Aragua;03.12.2015;;7000002151;07.03.2018;1600000435;05.10.2018;Giomarsa Vegas;S/N;120004;DAZA RAMON;0;;VED;17;Precio Base General;60
10000762;ENVASES DOMPER ARAGUA, C.A.;NT00;Contado;Z015;Comercializadora;15;Distribuidores Enf.;AV BOLIVAR ESTE LOCAL NRO 160SECTOR LA BARRACA, MARACAY;0243-2333724;J302942322;ZARA000004;MARACAY;ZVE003;Zona Centro;120;GV ClReg. Ampofr.;Aragua;03.12.2015;SI;7000012128;28.01.2026;1400002991;30.01.2026;María Teresa Suárez;S/N;120005;REYES SANCHEZ JORGE;0;;VED;17;Precio Base General;60
10000763;ENVASES DEL CENTRO, C.A.;NT00;Contado;Z015;Comercializadora;15;Distribuidores Enf.; MARACAY ARAGUAAV MIRANDA OESTE LOCAL NRO 158SECTOR CASCO CENTRAL;0243-2458765;J075355075;ZARA000004;MARACAY;ZVE003;Zona Centro;120;GV ClReg. Ampofr.;Aragua;03.12.2015;SI;7000012045;16.12.2025;1600005257;29.01.2026;Michelle Pellino;S/N;120005;REYES SANCHEZ JORGE;0;;VED;17;Precio Base General;60
10000764;PRODUCTOS QUIMICOS ACARIGUA, C.A.;NT00;Contado;Z015;Comercializadora;15;Distribuidores Enf.;CALLE 23 ENTRE AV 33 Y 34 NRO 99SECTOR CENTRO;0255-6153050;J303014526;ZPOR000008;ACARIGUA;ZVE007;Zona Centro Occid.;120;GV ClReg. Ampofr.;Portuguesa;03.12.2015;;;;;;Andy Graterol;S/N;120002;AMPOFRASCA OFICINA;0;;VED;17;Precio Base General;60
10000765;C.M.G, C.A.;NT00;Contado;Z036;Medicina Veterinaria;23;Laboratorios;AV 68 AVENIDA 101 CC BULEVARNIVEL P/B LOCAL 9 URB ZONAINDUSTRIAL CASTILLITO;0414-2852525;J304784589;ZCAR000014;VALENCIA;ZVE003;Zona Centro;120;GV ClReg. Ampofr.;Carabobo;03.12.2015;;;;;;Abraham Renginfo;S/N;120002;AMPOFRASCA OFICINA;0;;VED;17;Precio Base General;60
10000766;ENVASES DOMPER CARABOBO, C.A.;NT00;Contado;Z015;Comercializadora;15;Distribuidores Enf.;AV LISANDRO ALVARADO LOCALNRO 87-25 ZONA VALENCIA EDO CARABOBO;0241-8352724;J302902282;ZCAR000014;VALENCIA;ZVE003;Zona Centro;120;GV ClReg. Ampofr.;Carabobo;03.12.2015;;7000011741;19.09.2025;1400002719;22.09.2025;María Teresa Suárez;S/N;120005;REYES SANCHEZ JORGE;0;;VED;17;Precio Base General;60
10000767;ALIMENTOS INDAECA, C.A.;NT07;Crédito 07 Días;Z006;Alimentos;24;Manufactura;CALLE A, CONG. MANUEL OLIVARES BLOCAL PARCELAS NRO 6 Y 7ZONA INDUSTRIAL SANVICENTE II;0243-5515185;J075032080;ZARA000004;MARACAY;ZVE003;Zona Centro;120;GV ClReg. Ampofr.;Aragua;03.12.2015;SI;7000007780;09.03.2023;1600003451;20.03.2023;Tamara González;S/N;120003;HERNANDEZ HORACIO;0;;VED;17;Precio Base General;60
10000767;ALIMENTOS INDAECA, C.A.;NT00;Contado;Z006;Alimentos;24;Manufactura;CALLE A, CONG. MANUEL OLIVARES BLOCAL PARCELAS NRO 6 Y 7ZONA INDUSTRIAL SANVICENTE II;0243-5515185;J075032080;ZARA000004;MARACAY;ZVE003;Zona Centro;120;GV ClReg. Ampofr.;Aragua;03.12.2015;SI;7000007780;09.03.2023;1600003451;20.03.2023;Tamara González;S/N;120003;HERNANDEZ HORACIO;0;;VED;17;Precio Base General;60
10000768;INDUSTRIAS IBERIA, C.A;NT00;Contado;Z006;Alimentos;24;Manufactura;CALLE PREVENCA EDIF IBERIA PISO 1LOCAL 1 ZONA INDUSTRIAL LAS VEGAS;0244-3958801;J000195820;ZARA000015;CAGUA;ZVE003;Zona Centro;120;GV ClReg. Ampofr.;Aragua;03.12.2015;SI;7000006683;08.06.2022;1600003218;28.12.2022;JENNY QUINTERO;0414-4922256;100099;MARCA PRIVADA;100099;MARCA PRIVADA;VED;17;Precio Base General;60
10000769;LABORATORIOS FURANFEDER, C.A.;NT00;Contado;Z036;Medicina Veterinaria;23;Laboratorios;AV MAÑONGO CC PATIO TRIGALSECTOR 6 NIVEL OF OFICINA 6A-1URB EL TRIGAL NORTE;0414-4213527;J298383550;ZCAR000014;BEJUMA;ZVE003;Zona Centro;120;GV ClReg. Ampofr.;Carabobo;03.12.2015;;7000003322;27.08.2019;1400000666;19.07.2016;Adriana Tovar;S/N;120003;HERNANDEZ HORACIO;0;;VED;17;Precio Base General;60
10000770;ULTRAGROVET, C.A.;NT00;Contado;Z036;Medicina Veterinaria;23;Laboratorios;2 DA TRANSV. PARCELA  N-E 65-AZONA INDUSTRIAL SANTA CRUZ;0243 2616166;J312913894;ZARA000005;MARACAY;ZVE003;Zona Centro;120;GV ClReg. Ampofr.;Aragua;03.12.2015;;7000012114;26.01.2026;1600005256;29.01.2026;Carmen Castro;S/N;120003;HERNANDEZ HORACIO;0;;VED;17;Precio Base General;60
10000771;LABORATORIOS VETERINARIOS;NT00;Contado;Z036;Medicina Veterinaria;23;Laboratorios;AVENIDA 6TA EDIF LA CARIDAD PISO 2OF 2 URB LA SOLEDAD;0246-4157150;J300647714;ZARA000004;MARACAY;ZVE003;Zona Centro;120;GV ClReg. Ampofr.;Aragua;03.12.2015;;7000001950;06.11.2017;1400001931;29.12.2017;Jenny Cardenas;S/N;120002;AMPOFRASCA OFICINA;0;;VED;17;Precio Base General;60
10000772;PHARMAPLANT CASA DE;NT00;Contado;Z035;Medicina Humana;23;Laboratorios;AV PPAL MANZANA 6 LOCAL NRO 1-BURB CIUDAD ALIANZA 1ERA ETAPA;0414- 4614809;J304783973;ZCAR000014;VALENCIA;ZVE003;Zona Centro;120;GV ClReg. Ampofr.;Carabobo;03.12.2015;;;;;;Morelia López;S/N;120002;AMPOFRASCA OFICINA;0;;VED;17;Precio Base General;60
10000773;PRODUCTOS INDOTEL, C.A.;NT00;Contado;Z018;Cuidado Personal;24;Manufactura;CTRA NACIONAL VIA YAGUA GALPONNRO 3 SECTOR LOS NARANJILLOS;0245-5715055;J075773160;ZCAR000014;VALENCIA;ZVE003;Zona Centro;120;GV ClReg. Ampofr.;Carabobo;03.12.2015;;7000001539;21.06.2017;1400001455;31.07.2017;Monica Parra;S/N;120002;AMPOFRASCA OFICINA;0;;VED;17;Precio Base General;60
10000774;LABORATORIO R & R COSMETICOS, C.A.;NT00;Contado;Z018;Cuidado Personal;24;Manufactura;CALLE 25 ENTRE CARRERAS 1 Y 2LOCAL GALPON NRO 3 ZONA INDUSTRIAL I;0414-5335938;J296279306;ZLAR000003;BARQUISIMETO;ZVE007;Zona Centro Occid.;120;GV ClReg. Ampofr.;Lara;03.12.2015;SI;7000010214;22.08.2024;1600004475;23.08.2024;Helen Sánchez;S/N;120005;REYES SANCHEZ JORGE;0;;VED;17;Precio Base General;60
10000775;STANHOME PANAMERICANA, C.A.;NT00;Contado;Z018;Cuidado Personal;24;Manufactura;AV PROLONGACION ARAGUA CC PROF.CELTIC CENTER NIVEL 2 LOCAL S/NZONA ASENT. CAMPESINO LA MORITA I;0243-2017300;J000819793;ZARA000004;MARACAY;ZVE003;Zona Centro;120;GV ClReg. Ampofr.;Aragua;03.12.2015;SI;;;;;Marlis Casasbuenas;S/N;120002;AMPOFRASCA OFICINA;0;;VED;17;Precio Base General;60
10000776;DISTRIBUIDORA MM & AD 2011 C.A.;NT00;Contado;Z018;Cuidado Personal;24;Manufactura;ESQ AV. 6 ESQUINA CALLE 10 LOCALNRO 2 SECTOR LA MATA, ZONAINDUSTRIAL VIA TARABANA. CABUDARE;0251-2681311;J316797295;ZLAR000006;CABUDARE;ZVE007;Zona Centro Occid.;120;GV ClReg. Ampofr.;Lara;03.12.2015;SI;7000002271;18.05.2018;1400001873;30.11.2017;Jean Mariet Gardedieu;S/N;120005;REYES SANCHEZ JORGE;0;;VED;17;Precio Base General;60
10000777;INVERSIONES HERMANOS LUENGO;NT00;Contado;Z006;Alimentos;24;Manufactura;CALLE CALLEJON N°1 CASA NRO 22-15SECTOR SAN VICENTE;0414-8870158;J404606327;ZMON000008;MATURIN;ZVE003;Zona Centro;120;GV ClReg. Ampofr.;Monagas;03.12.2015;;7000000532;12.04.2016;1600000264;28.04.2016;Neomar Luengo;S/N;120002;AMPOFRASCA OFICINA;0;;VED;17;Precio Base General;60
10000778;PAZAM INDUSTRIA ALIMENTICIA, C.A;NT00;Contado;Z006;Alimentos;24;Manufactura;AV. PRINCIPAL SANTA INES CASAPARCELA NRO 10. SECTOR COROPO II;0243-6156951;J298121106;ZARA000003;SANTA RITA- EDO. ARAGUA;ZVE003;Zona Centro;120;GV ClReg. Ampofr.;Aragua;03.12.2015;;7000000664;02.06.2016;1400000627;27.06.2016;María Páez;S/N;120002;AMPOFRASCA OFICINA;0;;VED;17;Precio Base General;60
10000779;DOLCE DONNA, C.A;NT00;Contado;Z018;Cuidado Personal;24;Manufactura;CALLE 93 SILVA LOCAL NRO 110-107SECTOR LA CANDELARIA;0414-4185171;J294245498;ZCAR000014;VALENCIA-EDO CARABOBO;ZVE003;Zona Centro;120;GV ClReg. Ampofr.;Carabobo;03.12.2015;SI;7000001584;30.06.2017;1400001459;31.07.2017;Aldo Rodriguez;S/N;120002;AMPOFRASCA OFICINA;0;;VED;17;Precio Base General;60
10000780;ALIMENTOS LA GIRALDA, C.A;NT00;Contado;Z006;Alimentos;24;Manufactura;CTRA NACIONAL CAGUA LA VILLAEDIF PLANTA DE PRODUCCION PISO 1OF ADMINISTRATIVA ZONAINDUSTRIAL OESTE;0414-1860292;J001626867;ZARA000015;CAGUA-EDO.ARAGUA;ZVE003;Zona Centro;120;GV ClReg. Ampofr.;Aragua;03.12.2015;SI;7000003325;28.08.2019;1600000891;06.09.2019;Francys Matos;S/N;120003;HERNANDEZ HORACIO;0;;VED;17;Precio Base General;60
10000781;BRANDO PRODUCTOS ALIMENTICIOS , C,A;NT00;Contado;Z006;Alimentos;24;Manufactura;CALLE COSNTITUCION LOCAL GALPONNRO 59-69 SECTOR SAN AGUSTINSANTA ROSA;0241-8594093;J311091840;ZCAR000014;VALENCIA;ZVE003;Zona Centro;120;GV ClReg. Ampofr.;Carabobo;03.12.2015;;7000000662;02.06.2016;1400000635;30.06.2016;Karina López;S/N;120002;AMPOFRASCA OFICINA;0;;VED;17;Precio Base General;60
10000782;LABORATORIOS REVEEX DE;NT00;Contado;Z035;Medicina Humana;23;Laboratorios;AV. ANTON PHILLIPS C/EL CANALSUR GALPON NRO 3-A ZONA INDUSTRIALLA HAMACA;0243-5515432;J075247450;ZARA000004;MARACAY;ZVE003;Zona Centro;120;GV ClReg. Ampofr.;Aragua;03.12.2015;;7000011977;25.11.2025;1600005210;05.12.2025;Axelis Moreno;S/N;120004;DAZA RAMON;0;;VED;17;Precio Base General;60
10000783;ANGEL RUBEN CUEVA RONDON;NT00;Contado;Z015;Comercializadora;17;Embotelladoras;TACHIRACALLE 2 CC 1-39 NIVEL PB LOCAL 1A BARRIOLAS FLORES SAN CRISTOBAL;0276-3477709;V032492947;ZTAC000023;SAN CRISTOBAL;ZVE008;Zona Andina;120;GV ClReg. Ampofr.;Tachira;03.12.2015;;7000007504;15.12.2022;1600002454;15.04.2022;Teresa Diaz;S/N;120005;REYES SANCHEZ JORGE;0;;VED;17;Precio Base General;60
10000784;CASA DE REPRESENTACIONES;NT00;Contado;Z015;Comercializadora;15;Distribuidores Enf.;AV. 101 EDIF RESD. TORRE PLAZAPISO PB SECTOR LA CANDELARIA;0426-2691954;J297009760;ZCAR000014;VALENCIA;ZVE003;Zona Centro;120;GV ClReg. Ampofr.;Carabobo;03.12.2015;;7000000364;08.03.2016;1400000389;13.04.2016;Raquel Pimentel;S/N;120001;GONZALEZ ALAN;0;;VED;17;Precio Base General;60
10000785;COMERCIALIZADORA FUCELIS , C.A.;NT00;Contado;Z018;Cuidado Personal;24;Manufactura;CARRETA VIA CABITO C.C. EL FERROLGALPON NRO 05 ZONA INDUSTRIALEL TIGRE;0426-9454985;J299218154;ZCAR000004;GUACARA;ZVE003;Zona Centro;120;GV ClReg. Ampofr.;Carabobo;03.12.2015;;;;1400000059;26.01.2016;Gregorio Fuentes;S/N;120001;GONZALEZ ALAN;0;;VED;17;Precio Base General;60
10000786;COMERCIALIZADORA OSMA, C.A.;NT00;Contado;Z015;Comercializadora;15;Distribuidores Enf.;AV PEDRO MELIAN CASA MERCADOLOS GUAJIROS, PASILLO NRO 2 LOCAL74 SECTOR SAMBILITO;0241-857-5455;J308029211;ZCAR000014;VALENCIA;ZVE003;Zona Centro;120;GV ClReg. Ampofr.;Carabobo;03.12.2015;;;;;;Hernando Caicedo;S/N;120001;GONZALEZ ALAN;0;;VED;17;Precio Base General;60
10000787;INDUSTRIAS VETERINARIASINVET, C.A.;NT00;Contado;Z036;Medicina Veterinaria;23;Laboratorios;CTRA VIA PAZARA A 500 MTSPASANDO LA E/S PIEDRITAS ELANCASENTRADA HACIENDA ELANCASENTRADA HACIENDA EL PILAR SECTORLAS PIEDRAS;0255-6226324;J313430196;ZTAC000023;ACARIGUA;ZVE007;Zona Centro Occid.;120;GV ClReg. Ampofr.;Portuguesa;03.12.2015;SI;;;1400000072;27.01.2016;Yohancy Martínez;S/N;120001;GONZALEZ ALAN;0;;VED;17;Precio Base General;60
10000788;LABORATORIO BIONECTAR DE;NT00;Contado;Z035;Medicina Humana;23;Laboratorios;CALLE 2 SEC.BELLA VISTA TUCAPECASA N.1-58;0276-3915140;J308767182;ZTAC000023;SAN CRISTOBAL;ZVE008;Zona Andina;120;GV ClReg. Ampofr.;Tachira;03.12.2015;SI;7000001867;10.10.2017;;;Teolinda De Davinz;S/N;120001;GONZALEZ ALAN;0;;VED;17;Precio Base General;60
10000789;LABORATORIO PRO-SALUD C.A.;NT00;Contado;Z035;Medicina Humana;23;Laboratorios;CALLE 1 C/C CARRETERA 6# 5-78B/EL CARMEN SOCOPO;0273-9281574;J301653513;ZBAR000005;BARINAS;ZVE006;Zona Llanos;120;GV ClReg. Ampofr.;Barinas;03.12.2015;SI;7000002913;20.03.2019;1600000683;04.04.2019;Yusmary Villa;S/N;120005;REYES SANCHEZ JORGE;0;;VED;17;Precio Base General;60
10000790;GRAN GURU INTERNACIONAL, C.A.;NT00;Contado;Z018;Cuidado Personal;24;Manufactura;AV. URDANETA NRO 85-41SECTOR SANTA ROSA;0241-8359220;J313709468;ZCAR000014;VALENCIA;ZVE003;Zona Centro;120;GV ClReg. Ampofr.;Carabobo;03.12.2015;;;;;;Rafael Henriquez;S/N;120001;GONZALEZ ALAN;0;;VED;17;Precio Base General;60
10000791;DISTRIBUIDORA CAPSUPLAST, C.A.;NT00;Contado;Z015;Comercializadora;15;Distribuidores Enf.;CALLE SOUBLETTE ENTRECANTAURA Y SILVA CC VALENCIA CENTERNIVEL PB LOCAL 18 SECTOR LACANDELARIA;0241-8353489;J315533561;ZCAR000014;VALENCIA;ZVE003;Zona Centro;120;GV ClReg. Ampofr.;Carabobo;03.12.2015;;7000006261;10.03.2022;;;María Briceño;S/N;120001;GONZALEZ ALAN;0;;VED;17;Precio Base General;60
10000792;PRIBANIC DENTAL, C.A;NT00;Contado;Z035;Medicina Humana;23;Laboratorios;CALLE BEJARANO QTA CAROLINANRO S/N URB POTRERITOSAN ANTONIO DE LOS ALTOS;0212-3723242;J400001986;ZMIR000013;ESTADO MIRANDA;ZVE004;Zona Metropolitana;120;GV ClReg. Ampofr.;Miranda;03.12.2015;;7000011575;13.08.2025;1600005055;19.08.2025;Ana Monrroy;S/N;120003;HERNANDEZ HORACIO;0;;VED;17;Precio Base General;60
10000793;MARISELA GUADALUPE A. TOPLAK;NT00;Contado;Z015;Comercializadora;15;Distribuidores Enf.;ESQUINA SANTA ELENA ACORAZON DE JESUS CASA NRO 14-1A.URB LA PASTORA;0416-4162292;V115563455;ZDC0000001;CARACAS;ZVE004;Zona Metropolitana;120;GV ClReg. Ampofr.;Distrito Federal;03.12.2015;;;;;;Marisela Toplak;S/N;120001;GONZALEZ ALAN;0;;VED;17;Precio Base General;60
10000794;KATHRIN NAILS STUDIOS, C.A.;NT00;Contado;Z018;Cuidado Personal;24;Manufactura;ESO JABILLO CC EL POZO NIVEL 1LOCAL 22 SECTOR MAIQUETIA;0212-3322955;J297358382;ZVAR000001;LA GUAIRA;ZVE004;Zona Metropolitana;120;GV ClReg. Ampofr.;Vargas;03.12.2015;;;;;;Billy Acosta;S/N;120001;GONZALEZ ALAN;0;;VED;17;Precio Base General;60
10000795;KALIFORNIA DEL CARIBE, C.A.;NT00;Contado;Z006;Alimentos;24;Manufactura;CALLE RIVERO, CASA No 09,SECTOR CENTRO.;0293-4172036;J296357366;ZSUC000014;CUMANA;ZVE002;Zona Oriente;120;GV ClReg. Ampofr.;Sucre;03.12.2015;;7000010682;28.11.2024;1400000343;31.03.2016;Rafael Castro;S/N;120005;REYES SANCHEZ JORGE;0;;VED;17;Precio Base General;60
10000796;GERONIMO, VALENTIN FELIX;NT00;Contado;Z015;Comercializadora;15;Distribuidores Enf.;CALLE PRINCIPAL CASA NRO 1A-14 URB.EL HIMALAYA LA GRITA;0426-8784927;V226792690;ZTAC000009;LA FRIA;ZVE008;Zona Andina;120;GV ClReg. Ampofr.;Tachira;03.12.2015;;;;;;Valentín Geronimo;S/N;120001;GONZALEZ ALAN;0;;VED;17;Precio Base General;60
10000797;JOSE ANTONIO PULIDO RAMIREZ;NT00;Contado;Z015;Comercializadora;15;Distribuidores Enf.;CTRA VIA PREGONERO CASA NRO S/NSECTOR LAS PORQUERAS;0426-2751236;V122333392;ZTAC000012;LA GRITA;ZVE008;Zona Andina;120;GV ClReg. Ampofr.;Tachira;03.12.2015;;7000010379;20.09.2024;1400002308;11.12.2018;Jose Pulido;S/N;120005;REYES SANCHEZ JORGE;0;;VED;17;Precio Base General;60
10000798;DROGUERIA SALUD, C.A.;NT00;Contado;Z035;Medicina Humana;23;Laboratorios;AV PRINCIPAL ESQUINA C/8NRO B-551-D BASE SUCRE;0243-6729652;J294648738;ZARA000004;MARACAY;ZVE003;Zona Centro;120;GV ClReg. Ampofr.;Aragua;03.12.2015;;7000011686;09.09.2025;1400002712;18.09.2025;Gerardo Soto;S/N;120005;REYES SANCHEZ JORGE;0;;VED;17;Precio Base General;60
10000799;INVERSIONES SERVIGARRGEL C.A;NT00;Contado;Z015;Comercializadora;15;Distribuidores Enf.;CALLE E CASA NRO 202 URB LA FUENTE;0424-3298368;J402651066;ZARA000013;TURMERO-EDO.ARAGUA;ZVE003;Zona Centro;120;GV ClReg. Ampofr.;Aragua;03.12.2015;;7000012124;27.01.2026;1400003015;12.02.2026;jorge silva;S/N;120005;REYES SANCHEZ JORGE;0;;VED;17;Precio Base General;60
10000800;OCA OLIVA, JUAN MANUEL;NT00;Contado;Z015;Comercializadora;15;Distribuidores Enf.;CR 1 CON CALLE 8 Y 9 CASA NRO 11URB LOMAS VERDES SECTOR EL CERCADO;0412-3134280;V173063543;ZLAR000003;BARQUISIMETO;ZVE007;Zona Centro Occid.;120;GV ClReg. Ampofr.;Lara;03.12.2015;;;;;;Gustavo Pinto;S/N;120001;GONZALEZ ALAN;0;;VED;17;Precio Base General;60
10000801;JAVIER ALFREDO CUEVAS VARELA;NT00;Contado;Z015;Comercializadora;15;Distribuidores Enf.;CALLE 6 CASA NRO 4-52 SECTORLA CONCORDIA;0276-3471504;V101709996;ZTAC000023;SAN CRISTOBAL;ZVE008;Zona Andina;120;GV ClReg. Ampofr.;Tachira;03.12.2015;;7000009662;06.05.2024;1400001899;18.12.2017;Javier Cuevas;S/N;120005;REYES SANCHEZ JORGE;0;;VED;17;Precio Base General;60
10000802;JUAN CARLOS PIZZO CARCIONE;NT00;Contado;Z015;Comercializadora;15;Distribuidores Enf.;CALLE 24 CASA Nº 90 URB. EL PASEOEL LIMON;0414-3871449;V071991470;ZARA000004;MARACAY;ZVE003;Zona Centro;120;GV ClReg. Ampofr.;Aragua;03.12.2015;;;;;;Juan Pizzo;S/N;120001;GONZALEZ ALAN;0;;VED;17;Precio Base General;60
10000803;INPROVIT,C.A.;NT00;Contado;Z035;Medicina Humana;23;Laboratorios;CALLE ACUARIO NUMERO 24 EL LIMON;0243-2831714;J002150904;ZARA000004;MARACAY;ZVE003;Zona Centro;120;GV ClReg. Ampofr.;Aragua;03.12.2015;SI;7000002728;10.12.2018;1600000582;22.01.2019;María Piña;S/N;120003;HERNANDEZ HORACIO;0;;VED;17;Precio Base General;60
10000804;FABIO MEJIA OSPINA;NT00;Contado;Z035;Medicina Humana;23;Laboratorios;CALLE 8 BIS NO. 8-80;0277-5460583;V174971389;ZTAC000019;COLONCITO;ZVE008;Zona Andina;120;GV ClReg. Ampofr.;Tachira;03.12.2015;;7000006289;16.03.2022;;;Yesica Mora;S/N;120005;REYES SANCHEZ JORGE;0;;VED;17;Precio Base General;60
10000805;DEIVI ISAAC CHACON MANRIQUE;NT00;Contado;Z015;Comercializadora;15;Distribuidores Enf.;AV. GUAYANA CASA NRO.71SECTOR LOS KIOSKOS;0414-7216561;V094688260;ZTAC000023;SAN CRISTOBAL;ZVE008;Zona Andina;120;GV ClReg. Ampofr.;Tachira;03.12.2015;;7000006957;04.08.2022;1400002349;18.10.2019;Deivi Chacon;S/N;120005;REYES SANCHEZ JORGE;0;;VED;17;Precio Base General;60
10000806;CASA DE REPRESENTACIONES;NT00;Contado;Z035;Medicina Humana;23;Laboratorios;CALLE MANZANA 7 LOCAL NRO 23URB LAGO JARDIN;0414-4709975;J299684260;ZCAR000014;VALENCIA;ZVE003;Zona Centro;120;GV ClReg. Ampofr.;Carabobo;03.12.2015;;7000005230;14.06.2021;1400000504;06.05.2016;Wilmer Rodriguez;S/N;120005;REYES SANCHEZ JORGE;0;;VED;17;Precio Base General;60
10000807;REPRESENTACIONES EL TRIUNFO, C.A.;NT00;Contado;Z015;Comercializadora;15;Distribuidores Enf.;CALLE 79B ENTRE AV 102 Y 103CASA 102-51 SECTOR EL MARITE;0261-7551147;J313488941;ZZUL000013;MARACAIBO;ZVE001;Zona Occidente;120;GV ClReg. Ampofr.;Zulia;03.12.2015;;7000000283;25.02.2016;1400000207;29.02.2016;Edgar Viñan;S/N;120001;GONZALEZ ALAN;0;;VED;17;Precio Base General;60
10000808;VINAN JACHERO, EDGAR ENRIQUE;NT00;Contado;Z015;Comercializadora;15;Distribuidores Enf.;CALLE 79B CON AV 102 Y 103 CASANRO 102-5 URB EL MARITE;0261-7551147;V126385400;ZZUL000013;MARACAIBO;ZVE001;Zona Occidente;120;GV ClReg. Ampofr.;Zulia;03.12.2015;;7000005383;21.07.2021;1600000260;28.04.2016;Edgar Viñan;S/N;120005;REYES SANCHEZ JORGE;0;;VED;17;Precio Base General;60
10000809;CENTRO MEDICO HIPERBARICO Y DE;NT00;Contado;Z035;Medicina Humana;23;Laboratorios;CALLE PROLONGACION MIRANDA NRO3-05 ZONA CAGUA;0414-4558740;J296560030;ZARA000015;CAGUA;ZVE003;Zona Centro;120;GV ClReg. Ampofr.;Aragua;03.12.2015;;;;;;Victor Fuentes;S/N;120001;GONZALEZ ALAN;0;;VED;17;Precio Base General;60
10000810;INVERSIONES DUO NATURAL 2030, C.A.;NT00;Contado;Z015;Comercializadora;15;Distribuidores Enf.;CALLE PROLONGACION CANTAURACASA NRO 112-B-48 BARRIOLA GUACAMAYA;0412-4969059;J295612974;ZCAR000014;VALENCIA;ZVE003;Zona Centro;120;GV ClReg. Ampofr.;Carabobo;03.12.2015;;7000000365;08.03.2016;1400000244;10.03.2016;Alejandro Saavedra;S/N;120001;GONZALEZ ALAN;0;;VED;17;Precio Base General;60
10000811;DISTRIBUIDORA ENVIDRIOPLAST, C.A;NT00;Contado;Z015;Comercializadora;15;Distribuidores Enf.;AV LAS FERIAS C/C RANGELEDIF FAIGU PISO PB LOCAL 10ZONA LA CANDELARIA;0416-0245478;J401027016;ZCAR000014;VALENCIA;ZVE003;Zona Centro;120;GV ClReg. Ampofr.;Carabobo;03.12.2015;;7000000763;05.08.2016;1600000292;26.08.2016;Maria Elena Arias;S/N;120001;GONZALEZ ALAN;0;;VED;17;Precio Base General;60
10000812;INVERSIONES SAOS, C.A.;NT00;Contado;Z015;Comercializadora;15;Distribuidores Enf.;CALLE LUIS H. HIGUERA CASA NRO 15URB PIÑONAL;0414-3443256;J296726205;ZARA000004;MARACAY;ZVE003;Zona Centro;120;GV ClReg. Ampofr.;Aragua;03.12.2015;;7000009842;05.06.2024;1600000259;28.04.2016;Sandro Roman;S/N;120005;REYES SANCHEZ JORGE;0;;VED;17;Precio Base General;60
10000813;INVERSIONES CEDEÑO Y GUERRA, C.A;NT00;Contado;Z015;Comercializadora;15;Distribuidores Enf.;CALLE PRINCIPAL LOCAL NRO 20CONJUNTO RESIDENCIAL VILLA VICTORIALA VICTORIA- EDO. ARAGUA;0412-0349149;J403180318;ZARA000006;LA VICTORIA;ZVE003;Zona Centro;120;GV ClReg. Ampofr.;Aragua;03.12.2015;SI;7000000815;26.08.2016;1400000764;26.08.2016;Arnoldo Cedeño;S/N;120001;GONZALEZ ALAN;0;;VED;17;Precio Base General;60
10000814;CASA DE REPRESENTACIONE;NT00;Contado;Z035;Medicina Humana;23;Laboratorios;CALLE 111-B. CASA NRO 111-10.URB TERRAZAS DE LOS NISPEROS;0414-4208751;J313076805;ZCAR000014;VALENCIA;ZVE003;Zona Centro;120;GV ClReg. Ampofr.;Carabobo;03.12.2015;;;;;;Myriam Rodenas;S/N;120001;GONZALEZ ALAN;0;;VED;17;Precio Base General;60
10000815;ENVASES SAN GERONIMO II, C.A;NT00;Contado;Z015;Comercializadora;15;Distribuidores Enf.;AV 99-A CASA NRO 30. SECTORLA BARRACA;0416-6435015;J403680892;ZARA000004;MARACAY;ZVE003;Zona Centro;120;GV ClReg. Ampofr.;Aragua;03.12.2015;;;;;;Jaime León;S/N;120001;GONZALEZ ALAN;0;;VED;17;Precio Base General;60
10000816;DROGUERIA RP PHARMA, C.A.;NT00;Contado;Z018;Cuidado Personal;24;Manufactura;CALLE EL DELEITE LOCAL NRO 13SECTOR LA COOPERATIVA,MARACAY ESTADO ARAGUA;0424-3135392;J401715630;ZARA000004;MARACAY;ZVE003;Zona Centro;120;GV ClReg. Ampofr.;Aragua;03.12.2015;;7000007638;03.02.2023;1600003751;10.08.2023;Jorge Ruan;S/N;120003;HERNANDEZ HORACIO;0;;VED;17;Precio Base General;60
10000817;PLASTIVAR C.A.;NT00;Contado;Z015;Comercializadora;15;Distribuidores Enf.;AV. SOUBLETTE CC VALENCIA CENTERNIVEL PB LOCAL 8 SECTORLA CANDELARIA VALENCIA CARABOBO;0414-9580770;J402547080;ZCAR000014;VALENCIA;ZVE003;Zona Centro;120;GV ClReg. Ampofr.;Carabobo;03.12.2015;;7000001763;05.09.2017;1400001581;11.09.2017;Andrea Vargas;S/N;120001;GONZALEZ ALAN;0;;VED;17;Precio Base General;60
10000818;INVERSIONES JARIAC, C.A;NT00;Contado;Z018;Cuidado Personal;24;Manufactura;AV PRINCIPAL DE LA HACIENDA EDIFBLOQUE 10 PISO 7 APT 7-A-03URB UD-3;0416-6321100;J400614449;ZDC0000001;CARACAS;ZVE004;Zona Metropolitana;120;GV ClReg. Ampofr.;Distrito Federal;03.12.2015;;7000002444;06.08.2018;1600000408;25.09.2018;Yarima Lovera;S/N;120004;DAZA RAMON;0;;VED;17;Precio Base General;60
10000819;MONICA DEL VALLE ALEMAN MENDEZ;NT00;Contado;Z018;Cuidado Personal;24;Manufactura;CALLE TRANSVERSAL 2 CASA NRO 13URB VILLA CARIBE;0414 8284237;V133077193;ZNE0000008;PORLAMAR;ZVE002;Zona Oriente;120;GV ClReg. Ampofr.;Nueva Esparta;03.12.2015;;;;;;Monica Aleman;S/N;120001;GONZALEZ ALAN;0;;VED;17;Precio Base General;60
10000820;MINERVA MONSERRAT PACHANO TORRES;NT00;Contado;Z018;Cuidado Personal;24;Manufactura;AV LOS PROCERES CASA MONTEDUMARNRO S/N. URB SAN ISIDROMENDOZA FRIA;0412-0663900;V158279769;ZTRU000020;VALERA;ZVE008;Zona Andina;120;GV ClReg. Ampofr.;Trujillo;03.12.2015;;;;;;Minerva Pachano;S/N;120001;GONZALEZ ALAN;0;;VED;17;Precio Base General;60
10000821;OSCAR R. GONZALEZ H.;NT00;Contado;Z006;Alimentos;24;Manufactura;AV. BOLIVAR ENTRE CALLE 46 Y 47URB RANCHO GRANDE CASACHALET DE TECHO VERDE;0412-4142135;V086002635;ZCAR000014;VALENCIA;ZVE003;Zona Centro;120;GV ClReg. Ampofr.;Carabobo;03.12.2015;;;;;;Oscar Gonzalez;S/N;120001;GONZALEZ ALAN;0;;VED;17;Precio Base General;60
10000822;PRODUCTOS DAWGUT, C.A.;NT00;Contado;Z018;Cuidado Personal;24;Manufactura;TURMERO ARAGUACALLE CARREÑO EDIF SAN ANTONIO PISO 1APTO 2 SECTOR CASCO CENTRAL DE TURMERO;0424-3689364;J311506640;ZARA000004;TURMERO;ZVE003;Zona Centro;120;GV ClReg. Ampofr.;Aragua;03.12.2015;;7000011782;02.10.2025;1600005123;07.10.2025;Waldo Gutierrez;S/N;120005;REYES SANCHEZ JORGE;0;;VED;17;Precio Base General;60
10000823;COSMETICOS MEGA INTERNACIONAL, C.A.;NT00;Contado;Z018;Cuidado Personal;24;Manufactura;CALLE MINERVA QUINTAMANETH URB LAS ACACIAS;0212-8988639;J310645540;ZDC0000001;CARACAS;ZVE004;Zona Metropolitana;120;GV ClReg. Ampofr.;Distrito Federal;03.12.2015;;;;;;Annei Pérez;S/N;120001;GONZALEZ ALAN;0;;VED;17;Precio Base General;60
10000824;INDUSTRIAS MARCE COSMETICS, C.A;NT00;Contado;Z018;Cuidado Personal;24;Manufactura;AV CANONIGO UZCATEGUICASA NRO 6-19. SECTOR LA PARROQUIA;0274-4145480;J404140840;ZMER000012;MERIDA;ZVE008;Zona Andina;120;GV ClReg. Ampofr.;Merida;03.12.2015;;7000000871;13.09.2016;1400000171;24.02.2016;Carlos Diaz;S/N;120005;REYES SANCHEZ JORGE;0;;VED;17;Precio Base General;60
10000825;LABORATORIO FARMAGENIK, C.A.;NT00;Contado;Z035;Medicina Humana;23;Laboratorios;AV. BOYACA C/C ARISMENDI.EDIF LA FLORIDA PISO PB 106-8.SECTOR CATEDRAL.;0241-8580764;J298843845;ZCAR000014;VALENCIA;ZVE003;Zona Centro;120;GV ClReg. Ampofr.;Carabobo;03.12.2015;;7000011751;23.09.2025;1400002765;06.10.2025;Nelyssa Alvarado;S/N;120003;HERNANDEZ HORACIO;0;;VED;17;Precio Base General;60
10000826;CRISTOMEDICAL, C.A;NT00;Contado;Z035;Medicina Humana;24;Manufactura;AV. RAMON NARVAEZ CALLE 102EDIF CAPCIMIDE PISO MEZZANINA 2 LOCAL 1SC URB LA COROMOTO.;0243-2185931;J299120251;ZARA000004;MARACAY;ZVE003;Zona Centro;120;GV ClReg. Ampofr.;Aragua;03.12.2015;;7000004132;13.07.2020;1600001345;11.08.2020;Gustavo Gutiérrez;S/N;120004;DAZA RAMON;0;;VED;17;Precio Base General;60
10000827;FERTICON, C.A;NT00;Contado;Z036;Medicina Veterinaria;23;Laboratorios;AV INTERCOMUNAL TURMERO- MARACAY LOCAL NRO 36 SECTOR LA HERREREÑA.SAN JUAQUIN DE TURMERO.;0243-7729144;J297452400;ZARA000013;TURMERO;ZVE003;Zona Centro;120;GV ClReg. Ampofr.;Aragua;03.12.2015;;7000011785;03.10.2025;1400002766;06.10.2025;Rafael Díaz;S/N;120003;HERNANDEZ HORACIO;0;;VED;17;Precio Base General;60
10000828;PRODUCTOS EL NEGRITO, C.A.;NT00;Contado;Z006;Alimentos;24;Manufactura;CALLE BOLIVAR, Nº87 CUARTA VEREDA-VEREDA- CAUCHUCHU FLORIDO SECTOR LOSALMENDRONES;0414-7653556;J313537144;ZSUC000005;CARUPANO;ZVE002;Zona Oriente;120;GV ClReg. Ampofr.;Sucre;03.12.2015;;7000011876;28.10.2025;1600005159;04.11.2025;Arturo Rivas;S/N;120003;HERNANDEZ HORACIO;0;;VED;17;Precio Base General;60
10000829;SALSAS Y CONDIMENTOS MANEIRO, C.A;NT00;Contado;Z006;Alimentos;24;Manufactura;CALLE PRINCIPAL CASA NRO S/NSECTOR CUMBRE;0412-7528681;J402714939;ZGUA000007;SAN JUAN DE LOS MORROS;ZVE006;Zona Llanos;120;GV ClReg. Ampofr.;Guarico;03.12.2015;;7000005178;28.05.2021;1600001800;31.05.2021;Abraham Aranguibel;S/N;120003;HERNANDEZ HORACIO;0;;VED;17;Precio Base General;60
10000830;INVERSIONES LA SABROSITA, C.A.;NT00;Contado;Z006;Alimentos;24;Manufactura;CALLE 1 NRO 039 URB LA MULERA;0416-8435912;J296330921;ZARA000004;MARACAY;ZVE003;Zona Centro;120;GV ClReg. Ampofr.;Aragua;03.12.2015;;7000006172;16.02.2022;1600000265;28.04.2016;Humberto Fernandez;S/N;120001;GONZALEZ ALAN;0;;VED;17;Precio Base General;60
10000831;C.A. INDUSTRIAS EL MAGO;NT00;Contado;Z006;Alimentos;24;Manufactura;CTRA NACIONAL VIA CAPACHOVIA PRINCIPAL  CRUCE Nº 1-ASECTOR CAMPO C;0276-3821432;J309895001;ZTAC000023;SAN CRISTOBAL;ZVE008;Zona Andina;120;GV ClReg. Ampofr.;Tachira;03.12.2015;SI;7000000544;13.04.2016;1400000491;30.04.2016;Ana Marquez;S/N;120001;GONZALEZ ALAN;0;;VED;17;Precio Base General;60
10000832;INDUSTRIAS LA FAVORITA ANCP, C.A.;NT00;Contado;Z006;Alimentos;24;Manufactura;CALLE PRINCIPAL CASA NRO E-10URB LOS NARANJOS ZONA 2;0212-9355034;J311594396;ZMIR000021;GUATIRE;ZVE004;Zona Metropolitana;120;GV ClReg. Ampofr.;Miranda;03.12.2015;;7000011086;21.03.2025;1600004843;24.03.2025;Clidsalvi Perez;S/N;120003;HERNANDEZ HORACIO;0;;VED;17;Precio Base General;60
10000833;INVERSIONES CULINARIAS, C.A.;NT00;Contado;Z006;Alimentos;24;Manufactura;AV INTERCOMUNAL TURMERO- MARACAYGALPON N° 19 URB NICOLAS FARMELUTURMERO;0244-6611042;J297677879;ZARA000013;TURMERO;ZVE003;Zona Centro;120;GV ClReg. Ampofr.;Aragua;03.12.2015;;;;;;Jesús Ramirez;S/N;120001;GONZALEZ ALAN;0;;VED;17;Precio Base General;60
10000834;INDUSTRIAS DON PEPE, C.A.;NT00;Contado;Z006;Alimentos;24;Manufactura;AV PINTO SALINAS EDIF DOÑA EMMAPISO 1 APT 3 C ZONA PARCELAMIENTOLOS INFANTES;0412-0151774;J402035993;ZFAL000006;CORO;ZVE007;Zona Centro Occid.;120;GV ClReg. Ampofr.;Falcon;03.12.2015;;;;;;Carlos Perez;S/N;120001;GONZALEZ ALAN;0;;VED;17;Precio Base General;60
10000835;FRANK ANTONIO RANGEL GELVEZ;NT00;Contado;Z006;Alimentos;24;Manufactura;CARRETERA PRINCIPAL DEL JUNCOSECTOR EL CAIMAN VEREDA SAN FRANCISCOLOCAL S/N SECTOR EL CAIMAN PALO GORDO;0276-4215890;V146060419;ZTAC000004;TACHIRA;ZVE008;Zona Andina;120;GV ClReg. Ampofr.;Tachira;03.12.2015;;7000011516;31.07.2025;1400002549;28.07.2025;Frank Rangel;S/N;120003;HERNANDEZ HORACIO;0;;VED;17;Precio Base General;60
10000836;CONDORE FRANCO EMILY BETZABE;NT00;Contado;Z006;Alimentos;24;Manufactura;CALLE TUBORES C/AV A DE MAYOCASA RESD DIAZDISTRIBUIDORA EMILY'S F.PNRO 23-110 SECTOR GENOVES MUN;0424-8455958;V060395477;ZNE0000008;PORLAMAR;ZVE002;Zona Oriente;120;GV ClReg. Ampofr.;Nueva Esparta;03.12.2015;;;;;;Gustavo Garcia;S/N;120001;GONZALEZ ALAN;0;;VED;17;Precio Base General;60
10000837;PROCESADORA DE ALIMENTOS LA;NT00;Contado;Z006;Alimentos;24;Manufactura;AV. PRINCIPAL, CASA N° 81,URB BOSQUE VERDE SECTOR VEGA ARRIBA;0212-4357126;J296696209;ZMIR000021;GUATIRE;ZVE004;Zona Metropolitana;120;GV ClReg. Ampofr.;Miranda;03.12.2015;SI;7000000258;23.02.2016;1600000238;26.02.2016;Mariann Mendoza;S/N;120001;GONZALEZ ALAN;0;;VED;17;Precio Base General;60
10000838;DISTRIBUIDORA JOSMAL MEDICAL, C.A.;NT00;Contado;Z035;Medicina Humana;15;Distribuidores Enf.;CALLE SUR 2 ESQUINAS MIRACIELOSA HOSPITAL EDIF CJTO. RES.DON GERMAN  TORRE B-1PISO 7 APT 26 SECTOR;0212-3112793;J309723952;ZDC0000001;CARACAS;ZVE004;Zona Metropolitana;120;GV ClReg. Ampofr.;Distrito Federal;03.12.2015;;7000011553;07.08.2025;1400002593;07.08.2025;Jose Betancourt;S/N;120005;REYES SANCHEZ JORGE;0;;VED;17;Precio Base General;60
10000839;INVERSIONES MI GOCHITA, C.A;NT00;Contado;Z006;Alimentos;24;Manufactura;CALLE 150 ENTRE AV 67A Y 68LOCAL NRO 149-148. ZONA INDUSTRIALSEGUNDA ETAPA EL SILENCIO.;0261-7369246;J309801333;ZZUL000013;MARACAIBO;ZVE001;Zona Occidente;120;GV ClReg. Ampofr.;Zulia;03.12.2015;;7000010470;10.10.2024;1600004601;16.10.2024;Richard Mendez;S/N;120003;HERNANDEZ HORACIO;0;;VED;17;Precio Base General;60
10000840;CONDIMENTOS DEL CAMPO, C.A;NT00;Contado;Z006;Alimentos;24;Manufactura;CALLE 140 CON AV 58 LOCALGALPON NRO L-9. ZONA INDUSTRIAL;0261-7360590;J070087030;ZZUL000013;MARACAIBO;ZVE001;Zona Occidente;120;GV ClReg. Ampofr.;Zulia;03.12.2015;;7000002250;12.04.2018;1600000442;10.10.2018;Jose Berrueta;S/N;120003;HERNANDEZ HORACIO;0;;VED;17;Precio Base General;60
10000841;COSECHAS SAN JOSE, C.A;NT00;Contado;Z006;Alimentos;24;Manufactura;CALLE CECILIO ACOSTA CASA HACIENDALA CULEBRILLA NRO S/N CASERIO.URB. LA CULEBRILLA;0212-4285592;J299674486;ZMIR000010;LOS TEQUES;ZVE004;Zona Metropolitana;120;GV ClReg. Ampofr.;Miranda;03.12.2015;;7000002518;25.09.2018;1600000416;27.09.2018;José Montesinos;S/N;120004;DAZA RAMON;0;;VED;17;Precio Base General;60
10000842;MOLINOS EL ZULIANO, C.A.;NT00;Contado;Z006;Alimentos;24;Manufactura;CALLE APON C/A LA MARINACASA NRO 75 SECTOR CENTRAL;0426-2615319;J299870226;ZZUL000011;MACHIQUES;ZVE001;Zona Occidente;120;GV ClReg. Ampofr.;Zulia;03.12.2015;;;;;;Yohana Martinez;S/N;120001;GONZALEZ ALAN;0;;VED;17;Precio Base General;60
10000843;GABELER COSMETICOS, C.A.;NT00;Contado;Z018;Cuidado Personal;24;Manufactura;CALLE LOS ANGELES EDIF INCAPISO 1 OF 11 URB CHACAO;0212-8144515;J313547018;ZDC0000001;CARACAS;ZVE004;Zona Metropolitana;120;GV ClReg. Ampofr.;Distrito Federal;03.12.2015;;7000008052;09.05.2023;1600003673;21.06.2023;Maria Mogollon;S/N;120004;DAZA RAMON;0;;VED;17;Precio Base General;60
10000844;ATENCIO PARRA ENRIQUE GUZMAN;NT00;Contado;Z015;Comercializadora;15;Distribuidores Enf.;CALLE 13 CASA NRO 9-20URB SIERRA MAESTRA;0424-1674626;V194086241;ZZUL000013;MARACAIBO;ZVE001;Zona Occidente;120;GV ClReg. Ampofr.;Zulia;03.12.2015;;7000005212;08.06.2021;1400001346;20.06.2017;Enrique Atencio;S/N;120005;REYES SANCHEZ JORGE;0;;VED;17;Precio Base General;60
10000845;INDUSTRIAS YURUBIANAS, C.A.;NT00;Contado;Z005;Agua;24;Manufactura;CALLEJON SAN MIGUEL;0414-5460325;J085007563;ZYAR000011;SAN FELIPE;ZVE007;Zona Centro Occid.;120;GV ClReg. Ampofr.;Yaracuy;03.12.2015;;;;;;Gineth Majano;S/N;100095;FARFAR CAMACHO GLISNEIDY ISABE;0;;VED;17;Precio Base General;60
10000846;EMBOTELLADORA LOS CHORRITOS C.A;NT00;Contado;Z005;Agua;24;Manufactura;CALLE BOLIVAR NORTE CASA NRO5-189 SECTOR BARRIO BUENOLOS CHORRITOS;0424-4176270;J298206446;ZCAR000006;TOCUYITO;ZVE003;Zona Centro;120;GV ClReg. Ampofr.;Carabobo;03.12.2015;SI;7000000697;09.06.2016;1400000636;11.07.2016;Margelly Calofre;S/N;120001;GONZALEZ ALAN;0;;VED;17;Precio Base General;60
10000847;PICO MUENTES WILMER RICARDO;NT00;Contado;Z015;Comercializadora;15;Distribuidores Enf.;AV PRINCIPAL EL CUJI. AV LAS TUNASC/LOS ALGARROBOS CASA NRO 1B-11 URBLOS CARDONES;0414-4317736;V245533280;ZCAR000014;VALENCIA;ZVE003;Zona Centro;120;GV ClReg. Ampofr.;Carabobo;03.12.2015;;7000000013;14.01.2016;1600000141;31.12.2015;Wilmer Pico;S/N;120001;GONZALEZ ALAN;0;;VED;17;Precio Base General;60
10000848;EDGAR ENRIQUE MORALES AQUINO;NT00;Contado;Z015;Comercializadora;15;Distribuidores Enf.;CALLE CHACON ROJAS, CASA NRO 86-18BARRIO LOS JARDINES;0416-6422851;V195252234;ZCAR000014;VALENCIA;ZVE003;Zona Centro;120;GV ClReg. Ampofr.;Carabobo;03.12.2015;;;;;;Edgar Morales;S/N;120001;GONZALEZ ALAN;0;;VED;17;Precio Base General;60
10000849;DIAZ OSPINO, MARIA EUGENIA;NT00;Contado;Z015;Comercializadora;15;Distribuidores Enf.;CALLE EZEQUIEL ZAMORACASA NRO 108-38 SECTOR SAN JOSEDE LOS CHORRITOS;0414-3412923;V071473895;ZCAR000014;VALENCIA;ZVE003;Zona Centro;120;GV ClReg. Ampofr.;Carabobo;03.12.2015;;7000000079;25.01.2016;1400000021;22.01.2016;Maria Diaz;S/N;120001;GONZALEZ ALAN;0;;VED;17;Precio Base General;60
10000850;L´ACQUA, C.A.;NT00;Contado;Z021;Embotelladora;24;Manufactura;CRTA NAC VILLA DE CURA - SAN JUANDE LOS MORROS LOCAL NRO 6B2SECTOR EL SAMAN, VILLA DECURA, EDO. ARA;0244-3868142;J308599590;ZARA000018;VILLA DE CURA;ZVE003;Zona Centro;120;GV ClReg. Ampofr.;Aragua;03.12.2015;;7000000711;11.07.2016;1400000654;12.07.2016;Karen Agreda;S/N;120001;GONZALEZ ALAN;0;;VED;17;Precio Base General;60
10000851;INVERSIONES LOS DOS RAMIREZ, C.A.;NT00;Contado;Z021;Embotelladora;24;Manufactura;CALLE GUARICO CASA NRO S/NSECTOR CASERIO INDEPENDENCIAOCUMARE DE LA COSTA;0412-1837634;J295353120;ZARA000010;CUYAGUA;ZVE003;Zona Centro;120;GV ClReg. Ampofr.;Aragua;03.12.2015;;;;;;Felix Ramirez;S/N;120001;GONZALEZ ALAN;0;;VED;17;Precio Base General;60
10000852;LUIS RAFAEL PAEZ LOPEZ;NT00;Contado;Z015;Comercializadora;15;Distribuidores Enf.;AV INTERCOMUNAL SAN DIEGOEDIF 5 PISO 2 APT 52-A. URB YUMA;0424-4075496;V120299782;ZCAR000014;VALENCIA;ZVE003;Zona Centro;120;GV ClReg. Ampofr.;Carabobo;03.12.2015;;7000000707;10.06.2016;1400000624;27.06.2016;Luis Paez;S/N;120001;GONZALEZ ALAN;0;;VED;17;Precio Base General;60
10000853;ROSA LINA DA COSTA ACACIO;NT00;Contado;Z021;Embotelladora;24;Manufactura;CALLE 4 CASA PARCELA NRO 124-125URB EL ORTICEÑO, PALO NEGRO,EDO. ARAGUA;0424-3689616;V072302199;ZARA000004;MARACAY;ZVE003;Zona Centro;120;GV ClReg. Ampofr.;Aragua;03.12.2015;;;;1400000523;23.05.2016;Rosa Da Acacio;S/N;120001;GONZALEZ ALAN;0;;VED;17;Precio Base General;60
10000854;PLANTA ENVASADORA DE AGUA MINERAL;NT00;Contado;Z005;Agua;24;Manufactura;CTRA PANAMERICANA LOCAL NRO S/NSECTOR LA CONGA, EL JAGUITO MUN. ANDRESBELLO EDO. TRUJILLO;0416-5039694;J312402024;ZTRU000020;VALERA;ZVE008;Zona Andina;120;GV ClReg. Ampofr.;Trujillo;03.12.2015;;;;;;Eugenio Bravo;S/N;120001;GONZALEZ ALAN;0;;VED;17;Precio Base General;60
10000855;CASA NATURISTA JORKAM, C.A;NT00;Contado;Z015;Comercializadora;15;Distribuidores Enf.;AV MUNICIPAL LOCAL PASILLO CENTRALNRO 58 SECTOR MERCADO MUNICIPALDE PUERTO LA CRUZ;0281-2687070;J297396926;ZANZ000010;PUERTO LA CRUZ;ZVE002;Zona Oriente;120;GV ClReg. Ampofr.;Anzoategui;03.12.2015;;7000002837;18.02.2019;;;Josefina Pernalete;S/N;120005;REYES SANCHEZ JORGE;0;;VED;17;Precio Base General;60
10000856;VICTOR LACENIO OLLARVES;NT00;Contado;Z015;Comercializadora;15;Distribuidores Enf.;CALLE LARA CASA NRO 21 BARRIOPIÑONAL;0412-9650712;V162699845;ZARA000004;MARACAY;ZVE003;Zona Centro;120;GV ClReg. Ampofr.;Aragua;03.12.2015;;7000000641;27.05.2016;1600000275;31.05.2016;Victor Ollarves;S/N;120001;GONZALEZ ALAN;0;;VED;17;Precio Base General;60
10000857;REPRESENTACIONES BANDRES &;NT00;Contado;Z021;Embotelladora;24;Manufactura;CALLE MARACAY CASA NRO 06NO APLICA SECTOR EL PARAISO,LA MORITA II;0414-3454011;J402172672;ZARA000004;MARACAY;ZVE003;Zona Centro;120;GV ClReg. Ampofr.;Aragua;03.12.2015;;;;;;Lila Bandres;S/N;120001;GONZALEZ ALAN;0;;VED;17;Precio Base General;60
10000858;DEVORAH A DIAZ HERNANDEZ;NT07;Crédito 07 Días;Z015;Comercializadora;15;Distribuidores Enf.;AV 9B CASA NRO 62-24. SECTOR;0424-4062205;V149159360;ZZUL000013;MARACAIBO;ZVE001;Zona Occidente;120;GV ClReg. Ampofr.;Zulia;03.12.2015;;7000000834;31.08.2016;1400000797;08.09.2016;Devorah Diaz;S/N;120001;GONZALEZ ALAN;0;;VED;17;Precio Base General;60
10000859;SAID ANTONIO MORA ABRAHAM;NT00;Contado;Z015;Comercializadora;15;Distribuidores Enf.;CALLE INFANTIL CASA NRO 120TIERRA NEGRA BARRIO 23 DE ENERO;0414-5905788;V199472344;ZARA000004;MARACAY;ZVE003;Zona Centro;120;GV ClReg. Ampofr.;Aragua;03.12.2015;;7000000048;19.01.2016;1400000014;22.01.2016;Said Mora;S/N;120001;GONZALEZ ALAN;0;;VED;17;Precio Base General;60
10000860;ARNELIS RODRIGUEZ;NT00;Contado;Z015;Comercializadora;15;Distribuidores Enf.;CALLE PPAL MANZ C-10-2 ARMIYENRO 14 URB. LA ESMERALDA;0414-1425118;V132316755;ZCAR000014;VALENCIA;ZVE003;Zona Centro;120;GV ClReg. Ampofr.;Carabobo;03.12.2015;;7000000702;10.06.2016;1600000290;26.08.2016;Arnelis Rodriguez;S/N;120001;GONZALEZ ALAN;0;;VED;17;Precio Base General;60
10000861;CARLOS RODOLFO REYES;NT00;Contado;Z015;Comercializadora;15;Distribuidores Enf.;CALLE LAS ACACIAS CASA 105-43URB LOS BUCARES. FLOR AMARILLO;0416-3314450;V070662465;ZCAR000014;VALENCIA;ZVE003;Zona Centro;120;GV ClReg. Ampofr.;Carabobo;03.12.2015;;7000000008;14.01.2016;1600000100;31.12.2015;Carlos Reyes;S/N;120001;GONZALEZ ALAN;0;;VED;17;Precio Base General;60
10000862;LEONARDO JOSE ORDOÑEZ;NT00;Contado;Z015;Comercializadora;15;Distribuidores Enf.;CALLE PRINCIPAL CASA NRO 130.SECTOR CENTRO EL CARTON.;0424-4106030;V160704760;ZBAR000005;BARINAS;ZVE006;Zona Llanos;120;GV ClReg. Ampofr.;Barinas;03.12.2015;;;;;;Jose Luis Ordoñez;S/N;120001;GONZALEZ ALAN;0;;VED;17;Precio Base General;60
10000863;INVERSIONES TECNICAS D.T. C.A;NT00;Contado;Z006;Alimentos;24;Manufactura;AV 101 CALLE 70 C.C CASA NRO 22ZONA INDUSTRIAL CASTILLITO;0414-4262038;J315168375;ZCAR000014;VALENCIA;ZVE003;Zona Centro;120;GV ClReg. Ampofr.;Carabobo;03.12.2015;;7000001759;31.08.2017;1400001556;31.08.2017;Fernando Dominguez;S/N;120001;GONZALEZ ALAN;0;;VED;17;Precio Base General;60
10000864;ASOCIACIÓN COOPERATIVA SUPER;NT00;Contado;Z018;Cuidado Personal;24;Manufactura;AV 4TA AV LOCAL NRO S/NSECTOR EL FILO DE CARVAJALMUNICIPIO SAN RAFAELDE CARVAJAL VALERA- EDO. TRUJILLO;0271-9951821;J403843520;ZTRU000020;VALERA;ZVE008;Zona Andina;120;GV ClReg. Ampofr.;Trujillo;03.12.2015;;;;1600000257;25.04.2016;Miguel Delgado;S/N;120001;GONZALEZ ALAN;0;;VED;17;Precio Base General;60
10000865;LABORATORIOS BIOFARCO, C.A;NT00;Contado;Z035;Medicina Humana;23;Laboratorios;CALLE PRINCIPAL MESA SECALOCAL GALPON NRO 2 Y 3. SECTORMESA SECA;0274-2458481;J312549513;ZMER000006;EJIDO;ZVE008;Zona Andina;120;GV ClReg. Ampofr.;Merida;03.12.2015;;7000010879;31.01.2025;1600004782;12.02.2025;Maygualida Dugarte;S/N;120005;REYES SANCHEZ JORGE;0;;VED;17;Precio Base General;60
10000866;VETERIAGRO IMPORT, C.A;NT00;Contado;Z036;Medicina Veterinaria;23;Laboratorios;CTRA CAGUA- SAN MATEO. C.C CENTROEMPRESARIAL MITOS. NIVEL PB LOCAL7-A Y 7-B. SECTOR LA ENCRUCIJADA;0244-4474346;J300823806;ZARA000013;CAGUA;ZVE003;Zona Centro;120;GV ClReg. Ampofr.;Aragua;03.12.2015;;7000001285;29.03.2017;1400001152;31.03.2017;Susana Alves;S/N;120001;GONZALEZ ALAN;0;;VED;17;Precio Base General;60
10000867;A&B MAX DE VENEZUELA, C.A;NT00;Contado;Z018;Cuidado Personal;24;Manufactura;AV. LECUNA. EDIF. TORRE PROFESIONALDEL CENTRO PISO 5 OF 501.URB SANTA ROSALIA;0414-4390973;J402850514;ZDC0000001;CARACAS;ZVE004;Zona Metropolitana;120;GV ClReg. Ampofr.;Distrito Federal;03.12.2015;;7000003208;15.07.2019;;;Blosmer Leon;S/N;120003;HERNANDEZ HORACIO;0;;VED;17;Precio Base General;60
10000868;OMNI DISTRIBUCION, C.A.;NT00;Contado;Z018;Cuidado Personal;24;Manufactura;AV HENRY FORD CC POLIGONOINDUSTRIAL NIVEL ALTA,LOCAL 90-AZONA INDUSTRIAL;0424-3022436;J297585478;ZCAR000014;VALENCIA;ZVE003;Zona Centro;120;GV ClReg. Ampofr.;Carabobo;03.12.2015;;;;;;Gustavo Torres;S/N;120001;GONZALEZ ALAN;0;;VED;17;Precio Base General;60
10000869;LUIS ALFONSO CUEVAS;NT00;Contado;Z015;Comercializadora;15;Distribuidores Enf.;CALLE PRINCIPAL CASA NRO 1-14SECTOR LA PROVIDENCIA;0416-7002867;V062488227;ZMER000012;MERIDA;ZVE008;Zona Andina;120;GV ClReg. Ampofr.;Merida;03.12.2015;;7000000460;30.03.2016;1400000387;13.04.2016;Luis Cuevas;S/N;120001;GONZALEZ ALAN;0;;VED;17;Precio Base General;60
10000870;LUIS ANIBAL RAMIREZ JARA;NT00;Contado;Z035;Medicina Humana;23;Laboratorios;AV 71-1 CASA NRO 996-1-07 BARRIOSAN MIGUEL DE ARCANGEL;0426-5656595;V155684816;ZZUL000013;MARACAIBO;ZVE001;Zona Occidente;120;GV ClReg. Ampofr.;Zulia;03.12.2015;;;;;;Luis Ramirez;S/N;120001;GONZALEZ ALAN;0;;VED;17;Precio Base General;60
10000871;DEYVI YULIAN GAMARRA CONTRERAS;NT00;Contado;Z021;Embotelladora;24;Manufactura;CTRA NACIONAL VIA EL SOCORROSANTA MARIA CASA NRO SN.SECTOR EL MANGUITO;0412-4833765;V163253557;ZGUA000015;SANTA MARIA DE IPIRE;ZVE006;Zona Llanos;120;GV ClReg. Ampofr.;Guarico;03.12.2015;;;;;;Deyvi Gamarra;S/N;120001;GONZALEZ ALAN;0;;VED;17;Precio Base General;60
10000872;CHANGO IMPORT, C.A;NT00;Contado;Z018;Cuidado Personal;24;Manufactura;CALLE LIBERTAD CASA NRO 10SECTOR CENTRO;0414-4490908;J312628170;ZARA000004;MARACAY;ZVE003;Zona Centro;120;GV ClReg. Ampofr.;Aragua;03.12.2015;;7000000596;29.04.2016;1400000568;31.05.2016;Gamaliel Cossio;S/N;120001;GONZALEZ ALAN;0;;VED;17;Precio Base General;60
10000873;PLASTICOS  Y ANIMES PACA, C.A;NT00;Contado;Z018;Cuidado Personal;24;Manufactura;CALLE 500 DE QUINTA CRESPOEDIF ELEFANTE PISO 3 OF 12 URB.QUINTA CRESPO;0414-3075101;J403264120;ZDC0000001;CARACAS;ZVE004;Zona Metropolitana;120;GV ClReg. Ampofr.;Distrito Federal;03.12.2015;;;;;;Belkys Segovia;S/N;120001;GONZALEZ ALAN;0;;VED;17;Precio Base General;60
10000874;PEREZ PEREZ YENNY JACKELIN;NT00;Contado;Z015;Comercializadora;15;Distribuidores Enf.;AV PRINCIPAL LA CAPILLA, KM12 QTANRO 3 URB LUIS HURTADO SAN JOSE;0414-2428399;V160778985;ZDC0000001;CARACAS;ZVE004;Zona Metropolitana;120;GV ClReg. Ampofr.;Distrito Federal;03.12.2015;;7000002896;14.03.2019;1400002320;21.06.2019;Yenny Perez;S/N;120005;REYES SANCHEZ JORGE;0;;VED;17;Precio Base General;60
10000875;PEREZ GONZALEZ ORESTE;NT00;Contado;Z006;Alimentos;24;Manufactura;CALLE RAFAEL SANCHEZ LOPEZ E/CSAN BOSCO Y JURADO CASA NRO S/NSECTOR SAN BOSCO CORO MCPIO MIRANDA;0414-0665012;V116838644;ZFAL000006;CORO;ZVE007;Zona Centro Occid.;120;GV ClReg. Ampofr.;Falcon;03.12.2015;;;;;;Oreste Perez;S/N;120001;GONZALEZ ALAN;0;;VED;17;Precio Base General;60
10000876;ASOCIACION COOPERATIVA PRODUCTORES;NT00;Contado;Z036;Medicina Veterinaria;23;Laboratorios;CALLE CALLEJON 2 VIA LA ROJEÑACASA PARCELA LAR NRO 39 SECTORLA ROJEÑA RIO ACARIGUA ARAURE;0414-5560613;J314840037;ZPOR000002;ARAURE;ZVE007;Zona Centro Occid.;120;GV ClReg. Ampofr.;Portuguesa;03.12.2015;;;;;;Ivan Scobino;S/N;120001;GONZALEZ ALAN;0;;VED;17;Precio Base General;60
10000877;MUNDO CREATIVO LM, C.A;NT00;Contado;Z015;Comercializadora;15;Distribuidores Enf.;ESQ SANTA ISABEL EDIF RESIDENCIACALLE LA PALMA FRENTE AL ABASTOCAPOTE LOCAL 49;0412-9541934;J402222483;ZDC0000001;CARACAS;ZVE004;Zona Metropolitana;120;GV ClReg. Ampofr.;Distrito Federal;03.12.2015;;7000000599;29.04.2016;1400000617;15.06.2016;William Lara;S/N;120001;GONZALEZ ALAN;0;;VED;17;Precio Base General;60
10000878;LABORATORIOS PHARMAKUM DE;NT00;Contado;Z035;Medicina Humana;23;Laboratorios;ZONA IND.SAN VICENTE II CALLE L.CONGLOMERADO MANUEL OLIVARESBETANCOURT;0243-5537775;J312067497;ZARA000004;MARACAY;ZVE003;Zona Centro;120;GV ClReg. Ampofr.;Aragua;03.12.2015;SI;7000003305;22.08.2019;1600000881;30.08.2019;Genesis Laino;S/N;120003;HERNANDEZ HORACIO;0;;VED;17;Precio Base General;60
10000879;DISTRIBUIDORA DH VITAL, C.A.;NT00;Contado;Z018;Cuidado Personal;24;Manufactura;AV LAS INDUSTRIAS LOCALGALPON NRO S/N ZONA INDUSTRIAL;0246-4318824;J294607691;ZGUA000007;SAN JUAN DE LOS MORROS;ZVE006;Zona Llanos;120;GV ClReg. Ampofr.;Guarico;03.12.2015;;;;;;Francisco Diaz;S/N;120001;GONZALEZ ALAN;0;;VED;17;Precio Base General;60
10000880;COSMETICOS HUELLAS VERDES, C.A;NT00;Contado;Z018;Cuidado Personal;24;Manufactura;CALLE VALENCIA CON AV.BARTOLOME SALON, MANZANA A-26CASA PARCELAS 1 Y 2 ZONAPARQUE AGRINCO VALENCIA;0424-4142212;J401662749;ZCAR000006;TOCUYITO;ZVE003;Zona Centro;120;GV ClReg. Ampofr.;Carabobo;03.12.2015;;;;;;Julio Blanco;S/N;120001;GONZALEZ ALAN;0;;VED;17;Precio Base General;60
10000881;ALIMENTOS FERGO´S, C.A;NT00;Contado;Z006;Alimentos;24;Manufactura;CALLE PEÑALVER GALPON ANEXOLOCAL PARCELA NRO 57. SECTORINDUSTRIAL GUANARITO;0244-6611042;J403768293;ZARA000013;TURMERO;ZVE003;Zona Centro;120;GV ClReg. Ampofr.;Aragua;03.12.2015;;7000002224;05.04.2018;1400002154;18.04.2018;Jesús Ramirez;S/N;120003;HERNANDEZ HORACIO;0;;VED;17;Precio Base General;60
10000882;DISTRIBUIDORA TRES PODEROSOS, C.A;NT00;Contado;Z015;Comercializadora;24;Manufactura;CALLE PAEZ ESTE LOCAL NRO 04SECTOR CASCO CENTRAL;0412-5008163;J310373892;ZARA000004;VALENCIA;ZVE003;Zona Centro;120;GV ClReg. Ampofr.;Carabobo;03.12.2015;;;;;;Freddy Romero;S/N;120001;GONZALEZ ALAN;0;;VED;17;Precio Base General;60
10000883;PROALI ABBA, C.A;NT00;Contado;Z006;Alimentos;24;Manufactura;AV. PPAL CON CALLE EL PROVENIRLOCAL NRO 172-1. SECTOR EL LIMON;0424-3141358;J402727739;ZARA000004;MARACAY;ZVE003;Zona Centro;120;GV ClReg. Ampofr.;Aragua;03.12.2015;;;;;;Yumel Ojeda;S/N;120001;GONZALEZ ALAN;0;;VED;17;Precio Base General;60
10000884;LACTEOS LA BERACA, C.A;NT00;Contado;Z006;Alimentos;24;Manufactura;CTRA VIA BIRUAQUITA CASA FINCALOS CEDROS NRO S/N SECTOR RABANAL;0414-1466049;J404967303;ZAPU000002;BIRUACA;ZVE006;Zona Llanos;120;GV ClReg. Ampofr.;Apure;03.12.2015;;;;;;Joel Perez;S/N;120001;GONZALEZ ALAN;0;;VED;17;Precio Base General;60
10000885;GENVEN GENERICOS VENEZOLANOS, S.A;NT00;Contado;Z062;Manufactura;23;Laboratorios;AV 2, MANZANA M, CALLE D Y E EDIFGENVEN PISO PB  ZONA INDUSTRIAL DEL ESTE;0212-3622424;J003441570;ZMIR000017;GUARENAS;ZVE004;Zona Metropolitana;120;GV ClReg. Ampofr.;Miranda;03.12.2015;;7000010494;15.10.2024;1600004702;11.12.2024;JOSE SEGOVIA;;100107;ALVAREZ R  ELIAS;100107;ALVAREZ R  ELIAS;VED;17;Precio Base General;60
10000886;PURISSIMA DE VENEZUELA I C.A.;NT07;Crédito 07 Días;Z018;Cuidado Personal;24;Manufactura;CTRA NACIONAL GUARENAS- GUATIREEDIF OLIVAR PISO PB LOCAL ASECTOR EL INGENIO;0212-3811571;J312726431;ZMIR000021;GUATIRE;ZVE004;Zona Metropolitana;120;GV ClReg. Ampofr.;Miranda;03.12.2015;SI;7000005043;26.04.2021;1600001681;30.04.2021;SIMON MISHALI;S/N;120004;DAZA RAMON;0;;VED;17;Precio Base General;60
10000887;MOLINOS NACIONALES C.A. (MONACA);NT00;Contado;Z006;Alimentos;24;Manufactura;URB. LA SORPRESA, CALLE LOS MOLINOS;0212-2079316;J000255431;ZCAR000011;PUERTO CABELLO;ZVE003;Zona Centro;120;GV ClReg. Ampofr.;Carabobo;03.12.2015;;7000012165;10.02.2026;1400002975;23.01.2026;Lilian Briceño;S/N;120003;HERNANDEZ HORACIO;0;;VED;17;Precio Base General;60
10000888;THERMO GROUP, C.A.;NT00;Contado;Z018;Cuidado Personal;24;Manufactura;SEGUNDA AVENIDA ZONA IND DEL ESTE,EDIF ORION;0212-3631612;J310727937;ZMIR000017;GUARENAS;ZVE004;Zona Metropolitana;120;GV ClReg. Ampofr.;Miranda;03.12.2015;;7000003258;07.08.2019;1600000847;21.08.2019;NODDY BORGES;S/N;120004;DAZA RAMON;0;;VED;17;Precio Base General;60
10000889;COMPAÑIA ANONIMA PRODUCTOS RONAVA;NT00;Contado;Z035;Medicina Humana;23;Laboratorios;AV DON DIEGO CISNEROS EDIF SIEMENSPISO 2 OF TORRE NORTE URB LOS RUICESCARACAS MIRANDA;0212-2398489;J000301573;ZDC0000001;MIRANDA;ZVE004;Zona Metropolitana;120;GV ClReg. Ampofr.;Distrito Federal;03.12.2015;;7000005647;28.09.2021;1600002012;15.10.2021;ELIZABETH FERREIRA;S/N;120000;DAZA RAMON;0;;VED;17;Precio Base General;60
10000890;ENVASES METROPOLITANOS MM 1, C.A.;NT00;Contado;Z015;Comercializadora;15;Distribuidores Enf.;CALLE EL REFUGIO ALTAVISTACATIA EDF PALUMBO PISO 2 LOC 2;0212- 8616504;J305947570;ZDC0000001;CATIA;ZVE004;Zona Metropolitana;120;GV ClReg. Ampofr.;Distrito Federal;03.12.2015;SI;7000012148;05.02.2026;1600005270;09.02.2026;MANUEL DIAZ;S/N;120004;DAZA RAMON;0;;VED;17;Precio Base General;60
10000891;LABORATORIOS SPEFAR;NT00;Contado;Z035;Medicina Humana;23;Laboratorios;CALLE LAS PIEDRITAS EDIF SPEFARPISO PB OF LABORATORIOS SPEFARURB LA TRINIDAD;0212-9450531;J000215278;ZDC0000001;CARACAS;ZVE004;Zona Metropolitana;120;GV ClReg. Ampofr.;Distrito Federal;03.12.2015;SI;7000000719;13.07.2016;1400000794;08.09.2016;Maria Delli;S/N;120000;DAZA RAMON;0;;VED;17;Precio Base General;60
10000892;VENEALIÑOS ALIÑOS VENEZOLANOS, C.A.;NT00;Contado;Z006;Alimentos;24;Manufactura;CTRA PANAMERICANA KM35 LOCALGALPON NRO 1 ZONA SECTORCUMBRE ROJA ZONA INDUSTRIALLOS TEQUES MIRANDA;0212-9924940;J002291753;ZMIR000010;LOS TEQUES;ZVE004;Zona Metropolitana;120;GV ClReg. Ampofr.;Miranda;03.12.2015;SI;7000004684;16.12.2020;1600001779;26.05.2021;SRITA.ANGELICA DIAZ;S/N;120003;HERNANDEZ HORACIO;0;;VED;17;Precio Base General;60
10000893;EURO GRUPO PESTANA, C.A;NT00;Contado;Z006;Alimentos;24;Manufactura;CTRA PETARE SANTA LUCIAFILAS DE MARICHES KM 9 EDIFSAN ANTONIO PISO SOTANO 1LOCAL S/N URB LA HACIEN;0212-5320661;J298718099;ZMIR000019;CARACAS;ZVE004;Zona Metropolitana;120;GV ClReg. Ampofr.;Distrito Federal;03.12.2015;;7000000588;28.04.2016;1400000566;31.05.2016;JENY GONCALVEZ;S/N;120000;DAZA RAMON;0;;VED;17;Precio Base General;60
10000894;SM PHARMA, C.A.;NT00;Contado;Z035;Medicina Humana;23;Laboratorios;AV. 59-A NR.99L-20 CIRCUNVALACIONNRO.2  AL LADO  INSPECTORIATRANSITO.;0261-7869777;J070131390;ZZUL000013;MARACAIBO;ZVE001;Zona Occidente;120;GV ClReg. Ampofr.;Zulia;03.12.2015;SI;7000002511;18.09.2018;1600000471;31.10.2018;LENIS DE AÑEZ;S/N;120005;REYES SANCHEZ JORGE;0;;VED;17;Precio Base General;60
10000895;COSMETICOS THERMI CORP, C.A.;NT00;Contado;Z018;Cuidado Personal;24;Manufactura;DESARROLLO VEGA ARRIBACALLE II ETAPA DEL DESARROLLOVEGA ARRIBA LOCAL G NRO 6 ZONA;0212-3636765;J311405836;ZMIR000017;GUATIRE;ZVE004;Zona Metropolitana;120;GV ClReg. Ampofr.;Miranda;03.12.2015;;7000011996;28.11.2025;1600005211;05.12.2025;YULSY QUIÑONES;S/N;120004;DAZA RAMON;0;;VED;17;Precio Base General;60
10000896;ATA ALTA TECNOLOGIA;NT00;Contado;Z006;Alimentos;24;Manufactura;CARRETERA NACIONAL SAN JOSESAN DIEGO DE LOS ALTOS GALPONES 1;0212-3952663;J002504005;ZMIR000010;LOS TEQUES;ZVE004;Zona Metropolitana;120;GV ClReg. Ampofr.;Miranda;03.12.2015;SI;7000012027;10.12.2025;1600005253;26.01.2026;Janeth Avila;S/N;120004;DAZA RAMON;0;;VED;17;Precio Base General;60
10000897;INVERSIONES OLI-VITA 2009, C.A.;NT00;Contado;Z018;Cuidado Personal;24;Manufactura;CTRA EL JUNQUITO KM 10QTA ISABELA NRO S/N LOCAL S/NURB LOS NISPEROS;0212-5198948;J297648984;ZDC0000001;CARACAS;ZVE004;Zona Metropolitana;120;GV ClReg. Ampofr.;Distrito Federal;03.12.2015;SI;7000006204;23.02.2022;1600003002;25.11.2022;CEFERINO OMAÑA;S/N;120004;DAZA RAMON;0;;VED;17;Precio Base General;60
10000898;LOSSIMPORT, C.A.;NT00;Contado;Z036;Medicina Veterinaria;23;Laboratorios;AV. URDANETA C.C. CANTORAL.MEZZANINS. OFICINA 73.LA CANDELARIA;0212-5741076;J001347917;ZDC0000001;CARACAS;ZVE004;Zona Metropolitana;120;GV ClReg. Ampofr.;Distrito Federal;03.12.2015;;7000009318;23.02.2024;1600004186;22.04.2024;HUGO LOSSADA;S/N;120000;DAZA RAMON;0;;VED;17;Precio Base General;60
10000899;LABORATORIO HOMEOPATICO VIHOM C.A.;NT00;Contado;Z036;Medicina Veterinaria;23;Laboratorios;AVENIDA ROTARIA CON AV 25 SCTAV. ROTARIA EDIF. VIHOM.;0255-6239666;J305425086;ZPOR000008;ACARIGUA;ZVE007;Zona Centro Occid.;120;GV ClReg. Ampofr.;Portuguesa;03.12.2015;;7000005533;31.08.2021;1400002350;23.10.2019;SR. NELSON RODRIGUEZ;S/N;120005;REYES SANCHEZ JORGE;0;;VED;17;Precio Base General;60
10000900;LABORATORIOS LA SANTE, C.A.;NT00;Contado;Z035;Medicina Humana;23;Laboratorios;PISO 5 OF 51 Y 52 ZONACALLE 4TA TRANSVERSALEDIF CENTRO INDUSTRIAL BOLEITABOLEITA SUR CARACAS MIRANDA;0212-2377696;J000154937;ZDC0000001;CARACAS;ZVE004;Zona Metropolitana;120;GV ClReg. Ampofr.;Miranda;03.12.2015;SI;7000010357;17.09.2024;1600004570;27.09.2024;YELITZA SALCEDO;S/N;120004;DAZA RAMON;0;;VED;17;Precio Base General;60
10000901;LABORATORIOS ELMOR S.A.;NT00;Contado;Z035;Medicina Humana;23;Laboratorios;AV EUGENIO MENDOZA EDIF CENTROLETONIA PISO 16 OF 1 URB LA CASTELLANACARACAS (CHACAO) MIRANDA;0212-7715311;J002191953;ZDC0000001;CARACAS;ZVE004;Zona Metropolitana;120;GV ClReg. Ampofr.;Distrito Federal;03.12.2015;SI;7000008462;09.08.2023;1600003826;11.09.2023;ISABEL PINEDA;S/N;120004;DAZA RAMON;0;;VED;17;Precio Base General;60
10000902;CALOX INTERNATIONAL, C.A.;NT00;Contado;Z035;Medicina Humana;23;Laboratorios;AV. DON DIEGO CISNEROSEDIF CALOX LOS RUICES.;0212-3182500;J000214670;ZDC0000001;CARACAS;ZVE004;Zona Metropolitana;120;GV ClReg. Ampofr.;Distrito Federal;03.12.2015;SI;;;;;Ana Villegas;S/N;120000;DAZA RAMON;0;;VED;17;Precio Base General;60
10000903;PRODUCTOS DEL SUR 3000, C.A.;NT00;Contado;Z006;Alimentos;24;Manufactura;CALLE MACHILLANDA CASA NRO 04NO APLICA SECTOR EL RODEO;0416-8141779;J400349621;ZMIR000012;OCUMARE DEL TUY;ZVE004;Zona Metropolitana;120;GV ClReg. Ampofr.;Miranda;03.12.2015;;7000000464;30.03.2016;1400000316;30.03.2016;Orangel Vivas;S/N;120000;DAZA RAMON;0;;VED;17;Precio Base General;60
10000904;INDUSTRIAS SOMOS COSMETICOS;NT00;Contado;Z018;Cuidado Personal;24;Manufactura;AV PRINCIPAL TERRINCA EDIF PARQUEINDUSTRIAL TERREINCA PISO 1 LOCAL GALPONNRO 8 ZONA INDUSTRIAL URB PARQUEINDUSTRIAL TERREINCA;0212-9154767;J401474934;ZMIR000021;GUATIRE- EDO MIRANDA;ZVE004;Zona Metropolitana;120;GV ClReg. Ampofr.;Miranda;03.12.2015;SI;7000002310;28.05.2018;1400002174;31.05.2018;OSCAR GUERRERO;S/N;120004;DAZA RAMON;0;;VED;17;Precio Base General;60
10000905;INVERSIONES TREATMENTS SPA;NT00;Contado;Z018;Cuidado Personal;24;Manufactura;ENTRE LAS ESQUINAS DE PARADEROSA VENUS, PARROQUIA LA CANDELARIAEDF SILCO P B B-2.;0212-5777259;J307576065;ZDC0000001;CARACAS;ZVE004;Zona Metropolitana;120;GV ClReg. Ampofr.;Distrito Federal;03.12.2015;;7000007802;15.03.2023;1600003667;19.06.2023;SR. ENRIQUE MORENO;S/N;120003;HERNANDEZ HORACIO;0;;VED;17;Precio Base General;60
10000906;LABORATORIOS POLITECNICOS;NT00;Contado;Z035;Medicina Humana;23;Laboratorios;SUR CARACAS MIRANDACALLE 2DA TRANSVERSAL; PARCELA  NRO 2EDIF CIPI PISO 4 OF UNICA URB BOLEITA;0212-5423148;J000413002;ZDC0000001;CARACAS;ZVE004;Zona Metropolitana;120;GV ClReg. Ampofr.;Distrito Federal;03.12.2015;;7000009292;21.02.2024;1600004122;31.03.2024;MARIA ROJAS;S/N;120004;DAZA RAMON;0;;VED;17;Precio Base General;60
10000907;LABORATORIOS VINCENTI, C.A.;NT00;Contado;Z035;Medicina Humana;23;Laboratorios;CALLE ROMA GUARENASURB SANTA CRUZ SECTORLOS NARANJOS EDIFICIOCENTRO PROA P-2;0212-3632455;J000215405;ZDC0000001;GUARENAS;ZVE004;Zona Metropolitana;120;GV ClReg. Ampofr.;Miranda;03.12.2015;;7000007599;26.01.2023;1600003416;15.03.2023;Anibal Maurea;S/N;120004;DAZA RAMON;0;;VED;17;Precio Base General;60
10000908;IMPORTACIONES CANTEK, C.A.;NT00;Contado;Z018;Cuidado Personal;24;Manufactura;CTRA CARRIZAL VIA SAN DIEGOGALPON NRO 5 URB INDUSTRIALLOS VECINOS;0212-3830603;J001650784;ZMIR000010;LOS TEQUES;ZVE004;Zona Metropolitana;120;GV ClReg. Ampofr.;Miranda;03.12.2015;;;;;;Mariela Giron;S/N;120000;DAZA RAMON;0;;VED;17;Precio Base General;60
10000909;QUIMATECH DERIVADOS, C.A.;NT00;Contado;Z018;Cuidado Personal;24;Manufactura;AV SUR 10 CASA NRO 32-8SECTOR QUINTA CRESPO;0212-4811658;J317647718;ZDC0000001;CARACAS;ZVE004;Zona Metropolitana;120;GV ClReg. Ampofr.;Distrito Federal;03.12.2015;;7000000467;30.03.2016;1400000329;31.03.2016;ELIZABETH JAIMES;S/N;120000;DAZA RAMON;0;;VED;17;Precio Base General;60
10000910;COSMETICOS AMODIO, C.A.;NT00;Contado;Z018;Cuidado Personal;24;Manufactura;AVENIDA INDUSTRIAL ZONAINDUSTRIAL DE PALO VERDE ,EDIF ERMAN,PISO 3 LOCAL 3;0212-2519502;J311424920;ZDC0000001;CARACAS;ZVE004;Zona Metropolitana;120;GV ClReg. Ampofr.;Distrito Federal;03.12.2015;SI;7000009678;09.05.2024;1600004293;31.05.2024;Celia Montenegro;S/N;120000;DAZA RAMON;0;;VED;17;Precio Base General;60
10000911;UNIVERSO ARTESANAL, C.A.;NT00;Contado;Z018;Cuidado Personal;24;Manufactura;CALLE MARACAY QTA RENATANRO S/N NO APLICA URB EL MARQUES;0416-8333538;J400594529;ZDC0000001;CARACAS;ZVE004;Zona Metropolitana;120;GV ClReg. Ampofr.;Distrito Federal;03.12.2015;;;;;;Angel Femenias;S/N;120000;DAZA RAMON;0;;VED;17;Precio Base General;60
10000912;EURO MC COSMETICS, C.A.;NT00;Contado;Z018;Cuidado Personal;24;Manufactura;V. AV ESTE 1 PARCELA 73-NGALPON NRO 73N URBINDUSTRIAL CLORIS;0416-8333538;J309338250;ZDC0000001;GUARENAS;ZVE004;Zona Metropolitana;120;GV ClReg. Ampofr.;Miranda;03.12.2015;;;;1600000087;31.12.2015;Angel Femenias;S/N;120000;DAZA RAMON;0;;VED;17;Precio Base General;60
10000913;LINTAPLAS, C.A.;NT00;Contado;Z015;Comercializadora;15;Distribuidores Enf.;KM 3 CARRETERA SAN PEDRODE LOS ALTOS URB. IND. SAN IGNACIO;0212-3225355;J001182152;ZMIR000010;LOS TEQUES;ZVE004;Zona Metropolitana;120;GV ClReg. Ampofr.;Miranda;03.12.2015;SI;;;;;Enrique Texeira;S/N;120000;DAZA RAMON;0;;VED;17;Precio Base General;60
10000914;GRUPO BAY SAVA, C.A.;NT00;Contado;Z018;Cuidado Personal;24;Manufactura;AV ROMULO GALLEGOS, EDIF VISTAPISO 6 LOCAL 6-5 SECTOR BOLEITA;0212-2382831;J295579187;ZDC0000001;CARACAS;ZVE004;Zona Metropolitana;120;GV ClReg. Ampofr.;Distrito Federal;03.12.2015;SI;;;;;ARNOLD PAVLIC;S/N;120000;DAZA RAMON;0;;VED;17;Precio Base General;60
10000915;LABORATORIO SIGMA, C.A.;NT00;Contado;Z035;Medicina Humana;23;Laboratorios;CALLE ARISMENDI CC NICOLASYANEZ NIVEL P/B LOCAL D,E Y FURB EL CENTRO;0212-3224479;J001520023;ZMIR000010;LOS TEQUES;ZVE004;Zona Metropolitana;120;GV ClReg. Ampofr.;Miranda;03.12.2015;;;;;;Narquis De Torres;S/N;120000;DAZA RAMON;0;;VED;17;Precio Base General;60
10000916;VESUVIANA COSMETICS, C.A.;NT00;Contado;Z018;Cuidado Personal;24;Manufactura;CALLE GUAIQUERA, EDIF. LLANOALTO PISO SOTANO DEL OF S7NURB.LA TROPICAL;0212-2343039;J315102005;ZGUA000007;SAN JUAN DE LOS MORROS;ZVE006;Zona Llanos;120;GV ClReg. Ampofr.;Guarico;03.12.2015;;7000011961;20.11.2025;1400002941;29.12.2025;TAMARA MARTINO;S/N;120004;DAZA RAMON;0;;VED;17;Precio Base General;60
10000917;DIARTIPEL, C.A;NT00;Contado;Z018;Cuidado Personal;24;Manufactura;CALLE 9 EDIF RENZO PISO 1LOCAL P1-A URB LA URBINA;0212-2410787;J001481869;ZDC0000001;CARACAS;ZVE004;Zona Metropolitana;120;GV ClReg. Ampofr.;Distrito Federal;03.12.2015;;;;1400000565;31.05.2016;GLADYS HUALLPACUSI;S/N;120000;DAZA RAMON;0;;VED;17;Precio Base General;60
10000918;INVERSIONES JASAG COSMETICS, C.A;NT00;Contado;Z018;Cuidado Personal;24;Manufactura;AV. PRINCIPAL LA HACIENDA CERCADEL COLEGIO M VANEGAS, EDIFBLOQ 13, ESCALERA 2 PISO 01APTO 06 URB CARICUAO;0212-2278732;J403719020;ZDC0000001;CARACAS;ZVE004;Zona Metropolitana;120;GV ClReg. Ampofr.;Distrito Federal;03.12.2015;;;;;;JUAN GUERRERO;S/N;120000;DAZA RAMON;0;;VED;17;Precio Base General;60
10000919;INVERSIONES PERFUMESSENCE, C.A;NT00;Contado;Z018;Cuidado Personal;24;Manufactura;AV. FINAL AVENIDA TAMANACO,parcelamiento industrial la tinaja,Centro Industrial Ilesa Pb.El Llanito;0212-2571919;J003329479;ZDC0000001;CARACAS;ZVE004;Zona Metropolitana;120;GV ClReg. Ampofr.;Distrito Federal;03.12.2015;;7000011703;12.09.2025;1600005107;26.09.2025;Nayzareth Graterol;S/N;120004;DAZA RAMON;0;;VED;17;Precio Base General;60
10000920;FUN COSMETICS, C.A;NT00;Contado;Z018;Cuidado Personal;24;Manufactura;ESQ CHORRO A DR. PAULEDIF PLAZA EL VENEZOLANO PISO 4OF-A-B-C SECTOR LA HOYADA;0212-4353309;J310441120;ZDC0000001;CARACAS;ZVE004;Zona Metropolitana;120;GV ClReg. Ampofr.;Distrito Federal;03.12.2015;;;;;;Jose Ziade;S/N;120000;DAZA RAMON;0;;VED;17;Precio Base General;60
10000921;DELFIN HERIBERTO PERDOMO BORDON;NT15;Crédito 15 Días;Z015;Comercializadora;15;Distribuidores Enf.;CALLE EL CEMENTERIOAvenida Julio CentenoCC el remanso PB,Variedades Urimare.;0416-2948149;V032058228;ZCAR000014;VALENCIA;ZVE003;Zona Centro;120;GV ClReg. Ampofr.;Carabobo;03.12.2015;SI;7000002183;21.03.2018;1400002075;09.03.2018;Delfin Perdomo;S/N;120005;REYES SANCHEZ JORGE;0;;VED;17;Precio Base General;60
10000922;INVERSIONES EL COTARO, C.A.;NT00;Contado;Z045;Soplado;24;Manufactura;CALLE 104 LOCAL GALPON NRO 1URB TERRAZA DE CASTILLITO;0414-1450782;J403011478;ZCAR000014;VALENCIA;ZVE003;Zona Centro;120;GV ClReg. Ampofr.;Carabobo;03.12.2015;;7000000207;15.02.2016;1400000285;28.03.2016;Eduardo Romero;S/N;120002;AMPOFRASCA OFICINA;0;;VED;17;Precio Base General;60
10000923;MUNDO FERRARI, C.A;NT00;Contado;Z018;Cuidado Personal;24;Manufactura;CALLE AUTOCINEMA , QUINTACORAZON DE JESUS # 83-341;0416-7106282;J298582618;ZCAR000014;VALENCIA;ZVE003;Zona Centro;120;GV ClReg. Ampofr.;Carabobo;03.12.2015;;;;;;Jose Dominguez;S/N;120002;AMPOFRASCA OFICINA;0;;VED;17;Precio Base General;60
10000924;BEL AROMA, C.A.;NT00;Contado;Z018;Cuidado Personal;24;Manufactura;CALLE VALENCIA CONCALLE RONDON SAN DIEGO CASA Nº66;0241-8710928;J312672609;ZCAR000014;VALENCIA;ZVE003;Zona Centro;120;GV ClReg. Ampofr.;Carabobo;03.12.2015;;;;;;JAIRO SARIN;S/N;120000;DAZA RAMON;0;;VED;17;Precio Base General;60
10000925;INDUSTRIAS NUTRIVE LAB, C.A.;NT00;Contado;Z018;Cuidado Personal;24;Manufactura;CTRA CARACAS SANTA LUCIAKILOMETRO 4 EDIF BREOGAN 1 PISO 3 OF 1URB CONJUNTO INDUSTRIAL DEL ESTECARACAS (PETARE) MIRANDA;0212-2421442;J306841164;ZCAR000008;CARACAS;ZVE004;Zona Metropolitana;120;GV ClReg. Ampofr.;Miranda;03.12.2015;SI;7000000604;04.05.2016;1400001009;15.12.2016;DANIELA DE PASCUALI;S/N;120000;DAZA RAMON;0;;VED;17;Precio Base General;60
10000926;LABORATORIOS LETI S.A.V.;NT07;Crédito 07 Días;Z062;Manufactura;23;Laboratorios;INDUSTRIAL DEL ESTEAV 2 MANZANA J PARCELA 3. EDIFLETI PISO PB OF PRINCIPAL ZONA;0212-3622424;J000215006;ZMIR000017;GUARENAS;ZVE004;Zona Metropolitana;120;GV ClReg. Ampofr.;Miranda;03.12.2015;;7000011214;06.05.2025;1600005118;30.09.2025;JOSE SEGOVIA;0412-9071197;100017;GARCIA F  SAMANTHA G;100017;GARCIA F  SAMANTHA G;USD;17;Precio Base General;60
10000927;LABORATORIOS PHARMATEST, C.A.;NT00;Contado;Z035;Medicina Humana;23;Laboratorios;ZONA IND. DEL ESTE MANZANA A,PARCELA 4-A;0414-0489318;J001482504;ZMIR000017;GUARENAS;ZVE004;Zona Metropolitana;120;GV ClReg. Ampofr.;Miranda;03.12.2015;;7000002182;20.03.2018;1400002099;23.03.2018;Ana López;S/N;120005;REYES SANCHEZ JORGE;0;;VED;17;Precio Base General;60
10000928;CORPORACION AGROPECUARIA;NT00;Contado;Z001;Aceites;24;Manufactura;VDA PRINCIPAL EDIF CAICA PISO PBOF 1 ZONA INDUSTRIAL PARCELA FSAN CARLOS COJEDES;0212-2379726;J080289943;ZDC0000001;SAN CARLOS;ZVE004;Zona Metropolitana;120;GV ClReg. Ampofr.;Cojedes;03.12.2015;SI;;;;;Sandra;S/N;130001;GEDLER AMADA;0;;VED;17;Precio Base General;60
10000929;ENVASADORA DAKAS C.A.;NT00;Contado;Z005;Agua;24;Manufactura;ZONA IND.SAN MIGUEL AV.ARAGUA C/CPROLONGACION VARGAS;0424- 3689616;J310411301;ZARA000004;MARACAY;ZVE003;Zona Centro;120;GV ClReg. Ampofr.;Aragua;03.12.2015;;;;;;Rosa Da Acacio;S/N;130005;PROYECTOS PET OFICINA;0;;VED;17;Precio Base General;60
10000930;FULLER INTERAMERICANA, C.A.;NT00;Contado;Z039;Productos De Limpiez;24;Manufactura;AV LAS ACACIAS, EDIF ATLANTIDAPISO 2 OF 2-1, URB. SABANA GRANDE;0212-7317111;J000417350;ZDC0000001;CARACAS;ZVE004;Zona Metropolitana;120;GV ClReg. Ampofr.;Distrito Federal;03.12.2015;;;;;;Erika Ripoll;S/N;130005;PROYECTOS PET OFICINA;0;;VED;17;Precio Base General;60
10000931;INDUSTRIAS EL CARMEN, C.A.;NT00;Contado;Z045;Soplado;24;Manufactura;ZONA IND.CARABOBO 8VA.TRANSVERSAL PARCELA Q3 - Q4 Y Q5;0241-8326544;J000195676;ZCAR000014;VALENCIA;ZVE003;Zona Centro;120;GV ClReg. Ampofr.;Carabobo;03.12.2015;;;;;;Carmen Castro;S/N;130001;GEDLER AMADA;0;;VED;17;Precio Base General;60
10000932;INDUSTRIAS MONTERREY, C.A.;NT00;Contado;Z034;Licores;24;Manufactura;CARRETERA PANAMERICANA KM 12 1/2SECTOR  LAS    SALIAS;0212-3710022;J000222606;ZDC0000001;CARACAS;ZVE004;Zona Metropolitana;120;GV ClReg. Ampofr.;Distrito Federal;03.12.2015;;;;;;Jose Useche;S/N;120001;GONZALEZ ALAN;0;;VED;17;Precio Base General;60
10000933;YRENE JOSEFINA MORENO MELENDEZ;NT00;Contado;Z018;Cuidado Personal;24;Manufactura;URB. LA ESMERALDA, MANZANA P Nº 31;0243-2722060;V086271687;ZARA000004;MARACAY;ZVE003;Zona Centro;120;GV ClReg. Ampofr.;Aragua;03.12.2015;;;;;;Yrene Moreno;S/N;120001;GONZALEZ ALAN;0;;VED;17;Precio Base General;60
10000934;COSMETICOS RAWYL, C.A.;NT00;Contado;Z018;Cuidado Personal;24;Manufactura;CALLE LA TINAJAS PARCELAMIENTOINDUSTRIAL LAS COSTANCIASEL LLANITO EDF N#  16 SOTANO 1;0212-2580056;J313294861;ZDC0000001;CARACAS;ZVE004;Zona Metropolitana;120;GV ClReg. Ampofr.;Distrito Federal;03.12.2015;SI;7000000580;25.04.2016;1400000545;26.05.2016;FERNANDO MEDINA;S/N;120000;DAZA RAMON;0;;VED;17;Precio Base General;60
10000935;LABORATORIO PENTALFA, C.A.;NT00;Contado;Z035;Medicina Humana;23;Laboratorios;COMUNIDAD HIMALAYA LA GRITACALLE 1 NRO 1-175;0414-3795286;J310709831;ZTAC000012;LA GRITA;ZVE008;Zona Andina;120;GV ClReg. Ampofr.;Tachira;03.12.2015;;;;;;Moises Marquez;S/N;120001;GONZALEZ ALAN;0;;VED;17;Precio Base General;60
10000936;COSMETICOS COSVEN, C.A.;NT00;Contado;Z018;Cuidado Personal;24;Manufactura;CALLE GUALQUERA EDIF LLANO;0212-3467865;J296177864;ZGUA000007;SAN JUAN DE LOS MORROS;ZVE006;Zona Llanos;120;GV ClReg. Ampofr.;Guarico;03.12.2015;;;;;;Eliana Helix;S/N;120001;GONZALEZ ALAN;0;;VED;17;Precio Base General;60
10000937;AMPOLLAS Y FRASCOS;NT00;Contado;Z032;Intercompañia;22;Intercompañias;CALLE G GALPON Nro 3, ZONAINDUSTRIAL SAN VICENTE II;0243-2007286;J075254864-1;ZARA000004;MARACAY;ZVE003;Zona Centro;120;GV ClReg. Ampofr.;Aragua;03.12.2015;;7000004789;29.01.2021;;;Milagros Hernandez;S/N;120001;GONZALEZ ALAN;0;;VED;17;Precio Base General;60
10000938;MIKE ADAMO COSMETICS C.A.;NT00;Contado;Z018;Cuidado Personal;24;Manufactura;CALLE 3 AV GARCI GONZALEZDE SILVA LOCAL PARCELA 2A, BLOQUENRO 1 URB INDUSTRIAL LA YAGUARA;0212-4713278;J313810053;ZDC0000001;CARACAS;ZVE004;Zona Metropolitana;120;GV ClReg. Ampofr.;Distrito Federal;03.12.2015;SI;7000003141;20.06.2019;1600000666;07.03.2019;Susana Fernandez;S/N;120004;DAZA RAMON;0;;VED;17;Precio Base General;60
10000939;INVERSIONES EMARLIM C.A.;NT00;Contado;Z060;Reciclaje;24;Manufactura;AV PROLONGACION SANCHEZ CARREROGALPON NRO 3 ZONA IND. SAN MIGUELMARACAY EDO ARAGUA;0424-4633751;J311725237;ZARA000004;MARACAY;ZVE003;Zona Centro;120;GV ClReg. Ampofr.;Aragua;03.12.2015;;7000001100;23.11.2016;1400000993;08.12.2016;Heidi Gonzalez;S/N;130005;PROYECTOS PET OFICINA;0;;VED;17;Precio Base General;60
10000940;ENVASVEN, C.A;NT00;Contado;Z045;Soplado;24;Manufactura;CALLE PRINCIPAL CC INDUSTRIALLA UNION, PARCELA L8-V NIVEL P/B LOCAL13 Y 14 ZONA FUNDO LA UNION;0241-8715850;J402004753;ZCAR000014;VALENCIA;ZVE003;Zona Centro;120;GV ClReg. Ampofr.;Carabobo;03.12.2015;;;;;;Juan Arteaga;S/N;130001;GEDLER AMADA;0;;VED;17;Precio Base General;60
10000941;LIMPIEZA ALIANZA HERMANOS, C.A;NT00;Contado;Z039;Productos De Limpiez;24;Manufactura;CALLE EL PARQUE CRUCE CON CALLEHERNANDEZ NADAL LOCAL NRO 03-23BARRIO PATROCINIO PEÑUELA RUIZ;0243-2611335;J400843944;ZARA000018;MARACAY;ZVE003;Zona Centro;120;GV ClReg. Ampofr.;Aragua;03.12.2015;;;;;;Lian Shen;S/N;130001;GEDLER AMADA;0;;VED;17;Precio Base General;60
10000942;PRODUCTOS QUIMICOS ZOAROMA C.A;NT00;Contado;Z030;Industria Química;24;Manufactura;CALLE EL PEGON SECTOR LA CUMACALOCAL GALPON NRO 2 URB INDUSTRIAL;0414-2319817;J301128869;ZDC0000001;CARACAS;ZVE004;Zona Metropolitana;120;GV ClReg. Ampofr.;Distrito Federal;03.12.2015;SI;;;;;Fanny Rojas;S/N;120001;GONZALEZ ALAN;0;;VED;17;Precio Base General;60
10000943;GAMAENVASES, C.A.;NT00;Contado;Z018;Cuidado Personal;24;Manufactura;CTRA CARRIZAL A SAN ANTONIOEDIF SPADARO PISO 1 LOCAL S/NSECTOR DESARROLLO INDUSTRIALLOS VECINOS;0212-3617841;J402888970;ZMIR000013;SAN ANTONIO DE LOS ALTOS;ZVE004;Zona Metropolitana;120;GV ClReg. Ampofr.;Miranda;03.12.2015;;;;;;Jennifer Lopez;S/N;120001;GONZALEZ ALAN;0;;VED;17;Precio Base General;60
10000944;CRISTOBAL CELESTINO MUJICA ALFONZO;NT00;Contado;Z018;Cuidado Personal;24;Manufactura;CALLE CARABOBO CASA NRO 18ZONA CENTRO CARUPANO;0424-64457985;V042970766;ZANZ000010;CARUPANO;ZVE002;Zona Oriente;120;GV ClReg. Ampofr.;Sucre;03.12.2015;;;;;;Cristobal Celestino;S/N;120001;GONZALEZ ALAN;0;;VED;17;Precio Base General;60
10000945;C´LESTE DETALLES, C.A;NT00;Contado;Z018;Cuidado Personal;24;Manufactura;AV 20 ENTRE CALLES 22 Y 23 CCBARQUICENTER NIVEL PB LOCAL MNA-6;0426-3747107;J401493416;ZLAR000003;BARQUISIMETO;ZVE007;Zona Centro Occid.;120;GV ClReg. Ampofr.;Lara;03.12.2015;SI;;;;;Danny Parra;S/N;120001;GONZALEZ ALAN;0;;VED;17;Precio Base General;60
10000946;DISTRIBUIDORA ARTESANAL FF, C.A;NT00;Contado;Z018;Cuidado Personal;24;Manufactura;CALLE MARACAY QTA RENATA NROS/N NO APLICA URB EL MARQUES;0416-8333538;J402803109;ZMIR000019;CARACAS;ZVE004;Zona Metropolitana;120;GV ClReg. Ampofr.;Distrito Federal;03.12.2015;;;;;;Angel Femenias;S/N;120002;AMPOFRASCA OFICINA;0;;VED;17;Precio Base General;60
10000947;COMERCIALIZADORA LA RIBEREÑA, C.A;NT00;Contado;Z015;Comercializadora;15;Distribuidores Enf.;AV 111 CASA NRO 193-109 URBEL NARANJAL I NAGUANAGUA;0416-6409472;J314436902;ZCAR000014;VALENCIA;ZVE003;Zona Centro;120;GV ClReg. Ampofr.;Carabobo;03.12.2015;;;;;;Ricardo Barrios;S/N;120001;GONZALEZ ALAN;0;;VED;17;Precio Base General;60
10000948;INVERSIONES BAEZA, C.A;NT00;Contado;Z018;Cuidado Personal;24;Manufactura;AV.108 EDIF RES. DI ANGI PISO 5APT 5-B URB TERRAZA DE LOS NISPEROS;0424-4443864;J314511394;ZCAR000014;VALENCIA;ZVE003;Zona Centro;120;GV ClReg. Ampofr.;Carabobo;03.12.2015;SI;;;;;Antonio Da Silva;S/N;120000;DAZA RAMON;0;;VED;17;Precio Base General;60
10000949;ENVASADORA DE SALSAS, ADEREZOS Y;NT00;Contado;Z006;Alimentos;24;Manufactura;AV MARACAY EDIF CENTRO INDUSTRIALROMANO PISO PB LOCAL GALPON# 03 ZONA INDUSTRIAL SAN VICENTE;0424-3566671;J401819770;ZARA000004;MARACAY;ZVE003;Zona Centro;120;GV ClReg. Ampofr.;Aragua;03.12.2015;;;;;;Adefer Martinez;S/N;120002;AMPOFRASCA OFICINA;0;;VED;17;Precio Base General;60
10000950;MIDAS PUBLICIDAD, C.A;NT00;Contado;Z023;Esporádico;24;Manufactura;C.C PROFESIONAL MONTEBIANCOCALLE 137 NIVEL 1 LOCAL 39;0424-3476898;J401186793;ZCAR000014;VALENCIA;ZVE003;Zona Centro;120;GV ClReg. Ampofr.;Carabobo;03.12.2015;;;;;;Fabio Ramirez;S/N;120001;GONZALEZ ALAN;0;;VED;17;Precio Base General;60
10000951;COOPERATIVA PRODUCTORA DE ALIMENTOS;NT00;Contado;Z006;Alimentos;24;Manufactura;SIN CALLE;0277-8811124;J311166190;ZTAC000012;LA GRITA;ZVE008;Zona Andina;120;GV ClReg. Ampofr.;Tachira;03.12.2015;;;;;;Rosalba Mora de Riaño;S/N;120001;GONZALEZ ALAN;0;;VED;17;Precio Base General;60
10000952;KAROL COSMETIC'S, C.A;NT00;Contado;Z018;Cuidado Personal;24;Manufactura;AV. 2DA LOCAL NRO 6 ZONAINDUSTRIAL DEL ESTE;0212-6302302;J402396171;ZDC0000001;GUARENAS;ZVE004;Zona Metropolitana;120;GV ClReg. Ampofr.;Miranda;03.12.2015;;;;;;Peter Omaña;S/N;120001;GONZALEZ ALAN;0;;VED;17;Precio Base General;60
10000953;INVERSIONES MIDA, C.A;NT00;Contado;Z018;Cuidado Personal;24;Manufactura;CALLE I PARCELA N° 61. LOCALGALPON NRO 61-F. SECTOR LA MORITA 1;0243-2695142;J307567090;ZARA000013;TURMERO;ZVE003;Zona Centro;120;GV ClReg. Ampofr.;Aragua;03.12.2015;SI;7000012077;09.01.2026;1400002986;27.01.2026;Roselis Castro Osvaldo Huerca;S/N;120003;HERNANDEZ HORACIO;0;;VED;17;Precio Base General;60
10000954;RENE DESSES DE VENEZUELA, C.A;NT00;Contado;Z018;Cuidado Personal;24;Manufactura;AV. SEGUNDA EDIF RENE DESSESPISO 3 OF 1. ZONA INDUSTRIAL DEL ESTE;0212-3628180;J000936692;ZMIR000017;GUARENAS;ZVE004;Zona Metropolitana;120;GV ClReg. Ampofr.;Miranda;03.12.2015;SI;7000012188;20.02.2026;1600004896;09.05.2025;BELKYS CHANG;S/N;120004;DAZA RAMON;0;;VED;17;Precio Base General;60
10000957;AGUA MINERAL MIBRISA, C.A.;NT00;Contado;Z005;Agua;17;Embotelladoras;CARRETERA AGUA FRIA  # 155,SECTOR POZO DE ROSA;0212-3221121;J304178190;ZMIR000010;LOS TEQUES;ZVE004;Zona Metropolitana;120;GV ClReg. Ampofr.;Miranda;03.12.2015;SI;;;;;JUVER ORNELAS;0414-2713289;120003;HERNANDEZ HORACIO;0;;VED;17;Precio Base General;60
10000962;COCA-COLA FEMSA DE VENEZUELA, S.A;NT07;Crédito 07 Días;Z011;Bebidas;17;Embotelladoras;AV PPAL DE LOS CORTIJOS 4TATRANSVERSAL EDIF OCAAT PISO PB OFPRINCIPAL URB LOS CORTIJOS DE LOURDES;0212-2036426;J303836216;ZDC0000001;CARACAS;ZVE004;Zona Metropolitana;120;GV ClReg. Ampofr.;Distrito Federal;03.12.2015;;;;1600004888;30.04.2025;LEONOR CASTILLO;0412-2238965;100099;MARCA PRIVADA;100099;MARCA PRIVADA;VED;17;Precio Base General;60
10000990;SURTIDORA RECORD, C.A.;NT00;Contado;Z034;Licores;17;Embotelladoras;CCTRA NACIONAL VIA ACARIGUACASA NRO S/N SECTOR LOSNARAJILLOS;0251-2621191;J297288031;ZLAR000003;BARQUISIMETO;ZVE007;Zona Centro Occid.;120;GV ClReg. Ampofr.;Lara;03.12.2015;;7000006400;11.04.2022;1600004553;24.09.2024;JHONNY MERCHAN;;100095;FARFAR CAMACHO GLISNEIDY ISABE;0;;VED;17;Precio Base General;60
10000995;DESTILERIAS UNIDAS, S.A.;NT00;Contado;Z034;Licores;17;Embotelladoras;CTRA BARQUISIMETO ACARIGUA KM44 PLANTA INDUSTRIAL NRO S/NSECTOR LA MIEL;0414-4626649;J309407830;ZLAR000003;BARQUISIMETO;ZVE007;Zona Centro Occid.;120;GV ClReg. Ampofr.;Lara;03.12.2015;SI;;;;;CARLOS PEREZ;;130001;GEDLER AMADA;0;;VED;17;Precio Base General;60
10000996;MULTINACIONAL DE SABORES C.A;NT00;Contado;Z006;Alimentos;24;Manufactura;CALLE PRINCIPAL PARCELA DETERRENO FINCA GUAYABAL CASA NROS/N SECTOR VILLA DE CURA;0244-3868401;J298350440;ZARA000018;MARACAY;ZVE003;Zona Centro;120;GV ClReg. Ampofr.;Aragua;03.12.2015;SI;7000002083;23.01.2018;1600004165;17.04.2024;SIKIU MACERO;;120002;AMPOFRASCA OFICINA;0;;VED;17;Precio Base General;60
10001009;CONSORCIO OLEAGINOSO;NT00;Contado;Z001;Aceites;17;Embotelladoras;CTRA VIA PAYARA LOCAL NRO S/NSECTOR PIEDRAS BLANCAS;0255-6002300;J085020217;ZPOR000008;ACARIGUA;ZVE007;Zona Centro Occid.;120;GV ClReg. Ampofr.;Portuguesa;03.12.2015;SI;7000007035;17.08.2022;1600003058;08.12.2022;ANGELINA ROJAS;;120002;AMPOFRASCA OFICINA;0;;VED;17;Precio Base General;60
10001012;DALF GROUP, C.A;NT00;Contado;Z006;Alimentos;17;Embotelladoras;CALLE-LOCAL COMPLEJO INDUTRIALNUEVO CENTURY GALPON NRO B-3 ZONAINDUTRIAL SAN VICENTE II MARACAY;0412-4130086;J299851981;ZARA000004;MARACAY;ZVE003;Zona Centro;120;GV ClReg. Ampofr.;Aragua;03.12.2015;;7000006229;25.02.2022;1600003156;16.12.2022;;;120003;HERNANDEZ HORACIO;0;;VED;17;Precio Base General;60
10001019;PRODUCTOS LA CHINA CA.;NT00;Contado;Z006;Alimentos;17;Embotelladoras;CALLE LA ESTRELLA LOCAL NRO 63SECTOR LA ESTRELLA;0264-2415683;J305664811;ZZUL000003;CABIMAS;ZVE001;Zona Occidente;120;GV ClReg. Ampofr.;Zulia;03.12.2015;SI;;;;;YOLIMAR ROMERO;0264-2414066;130005;PROYECTOS PET OFICINA;0;;VED;17;Precio Base General;60
10001020;NATURAL SON HELP, C.A.;NT00;Contado;Z006;Alimentos;17;Embotelladoras;CALLE ZARAZA CASA NRO 9URB LA CANDELARIA II CAÑA DE AZUCAR;0414-4784173;J400728606;ZARA000004;MARACAY;ZVE003;Zona Centro;120;GV ClReg. Ampofr.;Aragua;03.12.2015;;7000011088;21.03.2025;;;JOSE ROMERO;;120005;REYES SANCHEZ JORGE;0;;VED;17;Precio Base General;60
10001023;VENEZOLANA DE SOPLADO, INYECCION;NT00;Contado;Z045;Soplado;24;Manufactura;TURMERO ARAGUA.CALLE BERMIDEZ  CASA NRO S/NSECTOR PROLONGACION;0424-3388135;J403323798;ZARA000004;MARACAY;ZVE003;Zona Centro;120;GV ClReg. Ampofr.;Aragua;03.12.2015;;7000004731;14.01.2021;1600001569;15.01.2021;ISBETH  MARTINEZ;;100095;FARFAR CAMACHO GLISNEIDY ISABE;0;;VED;17;Precio Base General;60
10001040;EMBOTELLADORA ACTIVA, C.A.;NT00;Contado;Z005;Agua;17;Embotelladoras;CERRETERA VIEJA TOCUYITOLOCAL Nro 4/5 URB. CARIALINDA ET 2SECTOR ZANJON DULCE;0424-4167415;J299079600;ZCAR000014;VALENCIA;ZVE003;Zona Centro;120;GV ClReg. Ampofr.;Carabobo;03.12.2015;;7000011697;10.09.2025;1600005105;23.09.2025;DAIRIN HERNANDEZ;0424-4013084;120003;HERNANDEZ HORACIO;0;;VED;17;Precio Base General;60
10001066;HENRY ALEXANDER PAREDES MIJARES;NT00;Contado;Z015;Comercializadora;16;Distribuidores Trad.;AV. GUZMAN BLANCO CASA NRO59 BARRIO LOS OLIVOS NUEVOS;0424-3253725;V194683037;ZARA000004;MARACAY;ZVE003;Zona Centro;120;GV ClReg. Ampofr.;Aragua;03.12.2015;;;;;;HENRY PAREDES;;130005;PROYECTOS PET OFICINA;0;;VED;17;Precio Base General;60
10001076;NEGROPRO SOLUCIONES TECNICAS, S.A.;NT00;Contado;Z039;Productos De Limpiez;15;Distribuidores Enf.;PISO 1 APT 3 URB CATIACALLE 2DA  CALLE DE LOS FLORESDE CATIA  EDIF EZIO PISO 1CARACAS;0212-5154215;J313674281;ZDC0000001;CARABOBO;ZVE004;Zona Metropolitana;120;GV ClReg. Ampofr.;Distrito Federal;03.12.2015;;7000012146;04.02.2026;1600005272;11.02.2026;ENRY ASUJE;0412-5635984;120005;REYES SANCHEZ JORGE;0;;USD;17;Precio Base General;60
10001082;PROCESADORA INDUSTRIAL;NT00;Contado;Z045;Soplado;24;Manufactura;CARRETERA TRONCAL 10, AL LADODE ALMACENADORA ADUANAL LOCAL NRO 500SECTOR SANTA ELENA DE UAIREN AKURITAO AKURIKEEN;0289-4176071;J402929943;ZBOL000004;SANTA ELENA;ZVE005;Zona Oriente Sur;120;GV ClReg. Ampofr.;Bolívar;03.12.2015;;;;;;ROBERTO GUIMARAES;0424-8967777;130005;PROYECTOS PET OFICINA;0;;VED;17;Precio Base General;60
10001085;ALPLA DE VENEZUELA, S.A.;NT00;Contado;Z045;Soplado;24;Manufactura;CARRETERA NACIONAL SAN JOAQUIN;0245-5520210;J000622787;ZCAR000004; GUACARA;ZVE003;Zona Centro;120;GV ClReg. Ampofr.;Carabobo;03.12.2015;;7000003230;19.07.2019;1600000720;10.05.2019;;;120003;HERNANDEZ HORACIO;0;;VED;17;Precio Base General;60
10001094;GRUPO AGRONOTA C.A;NT00;Contado;Z015;Comercializadora;16;Distribuidores Trad.;CALLE RIO CASTANO QTA GLANILEDNRO 32-3 URB FUNDACION MENDOZA;0243-6728795;J401514871;ZARA000004;MARACAY;ZVE003;Zona Centro;120;GV ClReg. Ampofr.;Aragua;03.12.2015;;7000008137;26.05.2023;1600001353;07.08.2020;LUIS MARTINEZ;0412-2311810;120005;REYES SANCHEZ JORGE;0;;VED;17;Precio Base General;60
10001108;ASOCIACION COOPERATIVA SUPER;NT00;Contado;Z030;Industria Química;24;Manufactura;AV 4TA AV LOCAL NRO S/NSECTOR EL FILO DE CARVAJAL. MUNICIPIOSAN RAFAEL DE CARVAJAL;0271-9951821;J-40384352-0;ZTRU000016;VALERA;ZVE008;Zona Andina;120;GV ClReg. Ampofr.;Trujillo;05.01.2016;;7000000541;13.04.2016;1600000257;25.04.2016;Miguel Delgado;;120001;GONZALEZ ALAN;0;;VED;17;Precio Base General;60
10001109;SUMINISTROS Y TRANSPORTE;NT00;Contado;Z005;Agua;17;Embotelladoras;CALLE 13 MANZANA 45B CASA NRO6-35 BARRIO SIERRA MAESTRA SC 10SIERRA MAESTRA (MARACAIBO);0261-6355685;J-40694081-0;ZZUL000013;MARACAIBO;ZVE001;Zona Occidente;120;GV ClReg. Ampofr.;Zulia;05.01.2016;;7000003313;26.08.2019;;;ENRIQUE ATENCIO;0424-1674626;120005;REYES SANCHEZ JORGE;0;;VED;17;Precio Base General;60
10001111;57 GROUP, C.A;NT00;Contado;Z018;Cuidado Personal;24;Manufactura;AV 1ERA SUR EDIF DUMAS PISO 3 APT13.URB ALTAMIRA CARACAS (CHACAO) MIRANDA;0212-2565812;J299647985;ZMIR000007;CARACAS;ZVE004;Zona Metropolitana;120;GV ClReg. Ampofr.;Distrito Federal;05.01.2016;;7000005843;15.11.2021;1600003012;25.11.2022;Sandra de Medina;;120000;DAZA RAMON;0;;VED;17;Precio Base General;60
10001112;LABORATORIOS ETICO;NT00;Contado;Z018;Cuidado Personal;23;Laboratorios;AV INTERCOMUNAL BARQUISIMETOCABUDARE KM3 EDIF ETIFAR PISO 1LOCAL S/N SECTOR CENTRO DE CABUDARECABUDARE-EDO. LARA;0251-2540069;J-08503654-7;ZLAR000006;BARQUISIMETO;ZVE007;Zona Centro Occid.;120;GV ClReg. Ampofr.;Lara;05.01.2016;;7000004874;04.03.2021;1600001646;15.03.2021;Kasana Murzi;;120003;HERNANDEZ HORACIO;0;;VED;17;Precio Base General;60
10001113;GLORIA DESIREE NAVARRO BARROS;NT00;Contado;Z015;Comercializadora;15;Distribuidores Enf.;CALLE 6 CASA NRO 12URB 24 DE JULIO;0426-4203732;V-16294251-0;ZPOR000002;ARAURE- PORTUGUESA;ZVE007;Zona Centro Occid.;120;GV ClReg. Ampofr.;Portuguesa;05.01.2016;;7000000413;16.03.2016;1400000250;11.03.2016;;;120002;AMPOFRASCA OFICINA;0;;VED;17;Precio Base General;60
10001114;INDUSTRIA COSMETICA LOS ANDES. C.A;NT00;Contado;Z018;Cuidado Personal;24;Manufactura;AV. SANTA BARBARA CASA NRO S/NLA MARCHANTICA;0424-7818964;J-40498066-0;ZTRU000020;VALERA-EDO.TRUJILLO;ZVE008;Zona Andina;120;GV ClReg. Ampofr.;Trujillo;05.01.2016;;;;;;Minerva Pachano;;120001;GONZALEZ ALAN;0;;VED;17;Precio Base General;60
10001115;CASA DE REPRESENTACIONES;NT00;Contado;Z035;Medicina Humana;23;Laboratorios;URB. LA ESMERALDA, AV 02 MANZANAN° 31;0424-3228820;J-29418671-8;ZARA000004;MARACAY-EDO.ARAGUA;ZVE003;Zona Centro;120;GV ClReg. Ampofr.;Aragua;05.01.2016;;7000000725;19.07.2016;1400000656;13.07.2016;Yrene Moreno;;120001;GONZALEZ ALAN;0;;VED;17;Precio Base General;60
10001116;ENVAPRIMOL, C.A;NT00;Contado;Z006;Alimentos;24;Manufactura;AV MARACAY. EDIF CENTRO INDUSTRIALROMANA PISO PB. LOCAL GALPON # 03ZONA INDUSTRIA SAN VICENTE I;0424-3566671;J-40181977-0;ZARA000004;MARACAY-EDO.ARAGUA;ZVE003;Zona Centro;120;GV ClReg. Ampofr.;Aragua;05.01.2016;;7000002446;06.08.2018;1400000631;29.06.2016;Adefer Martinez;;120003;HERNANDEZ HORACIO;0;;VED;17;Precio Base General;60
10001117;LABORATORIOS FC PHARMA, C.A;NT00;Contado;Z018;Cuidado Personal;23;Laboratorios;CALLE REAL DE CAMPO RICO CRUCECON AV FRANCISCO DE MIRANDA LOCAL NRO 12URB PETARE SUCRE CARACAS ( PETARE);0212-6353252;J-40042225-6;ZMIR000019;PETARE-EDO. MIRANDA;ZVE004;Zona Metropolitana;120;GV ClReg. Ampofr.;Miranda;05.01.2016;;7000002099;07.02.2018;1400002034;21.02.2018;Carlos Torres;0412-5432993;120004;DAZA RAMON;0;;VED;17;Precio Base General;60
10001118;DISREMO13, C.A;NT00;Contado;Z006;Alimentos;24;Manufactura;AV CIRCUNVALACION NORTE LOCALGALPON NRO 2 ZONA NORTE ACARICUA;0414-5558103;J-40312128-1;ZPOR000002;PORTUGUESA;ZVE007;Zona Centro Occid.;120;GV ClReg. Ampofr.;Portuguesa;05.01.2016;;7000011136;03.04.2025;1600004869;07.04.2025;;;120003;HERNANDEZ HORACIO;0;;VED;17;Precio Base General;60
10001119;LABORATORIO COFASA, S.A;NT15;Crédito 15 Días;Z035;Medicina Humana;23;Laboratorios;AV PRINCIPAL  EDIF COFASAPISO 4 OF 4toURB INDUSTRIAL LEBRUN;02122566344;J-00087626-6;ZMIR000019;PETARE-EDO. MIRANDA;ZVE004;Zona Metropolitana;120;GV ClReg. Ampofr.;Miranda;05.01.2016;;7000008393;27.07.2023;1600003754;11.08.2023;Yelitza Brito;02122566922;120004;DAZA RAMON;0;;VED;17;Precio Base General;60
10001120;LABORATORIOS VARGAS, S.A;NT00;Contado;Z035;Medicina Humana;23;Laboratorios;AV NORTE SUR EDIF LABORATORIOSVARGAS PISO 2 LOCAL 171 URBQUINTA CRESPO;0212-4090601;J-00021536-7;ZDC0000001;CARACAS-DISTRITO CAPITAL;ZVE004;Zona Metropolitana;120;GV ClReg. Ampofr.;Distrito Federal;05.01.2016;;;;1400000506;06.05.2016;Iraima Gonzalez;0212-4090511;120000;DAZA RAMON;0;;VED;17;Precio Base General;60
10001121;PEDRO NUÑEZ;NT00;Contado;Z015;Comercializadora;15;Distribuidores Enf.;AV. LECUNA ESQUINA REDUCTO  AMIRANDA EDIF ALMIFER PISO 4APT 2 URB VISTA ALEGRE;0426-5363552;V-06216706-4;ZDC0000001;CARACAS-DISTRITO CAPITAL;ZVE004;Zona Metropolitana;120;GV ClReg. Ampofr.;Distrito Federal;05.01.2016;;7000000163;31.01.2016;1400000425;20.04.2016;Pedro Nuñez;;120002;AMPOFRASCA OFICINA;0;;VED;17;Precio Base General;60
10001122;DISTRIBUICIONES Y ENVASADOS;NT00;Contado;Z006;Alimentos;24;Manufactura;AV 67A LOCAL NRO 690000 SECTORPARCELAMIENTO LOMAS DEL VALLE;02617788095;J-40487532-8;ZZUL000013;MARACAIBO-EDO.ZULIA;ZVE001;Zona Occidente;120;GV ClReg. Ampofr.;Zulia;05.01.2016;;7000000438;18.03.2016;1400000294;28.03.2016;Stephanny Martinez;;120001;GONZALEZ ALAN;0;;VED;17;Precio Base General;60
10001124;ALIMENTOS CALVEN, C.A;NT00;Contado;Z006;Alimentos;24;Manufactura;CALLE 110A LOCAL NUMERO 17B-290 GALPONNRO 3 BARRIO EL CHOCOLATE, SECTOR LOSHATICOS;0261-7235355;J-29863072-8;ZZUL000013;MARACAIBO;ZVE001;Zona Occidente;120;GV ClReg. Ampofr.;Zulia;05.01.2016;;7000011944;14.11.2025;1600005193;25.11.2025;Jorge Briñez;;120003;HERNANDEZ HORACIO;0;;VED;17;Precio Base General;60
10001125;GUSTAVO JOSE PINTO RAMOS;NT00;Contado;Z015;Comercializadora;15;Distribuidores Enf.;CR 18 ENTRE CALLE 30 Y 31 EDIFSANTA LUCIA PISO2 APT 2-B ZONACENTRO;0251-2323546;V-07421687-7;ZLAR000003;BARQUISIMETO;ZVE007;Zona Centro Occid.;120;GV ClReg. Ampofr.;Lara;06.01.2016;;7000012187;20.02.2026;1400003011;09.02.2026;Gustavo Pinto;0412-3134280;120005;REYES SANCHEZ JORGE;0;;VED;17;Precio Base General;60
10001126;INGSERQUIM, C.A;NT00;Contado;Z018;Cuidado Personal;24;Manufactura;AV 51-B CON CALLE 16 LOCALNRO 16-05. BARRIO SAN VICENTESECTOR 1;0255-6157733;J-40680597-1;ZPOR000008;ACARIGUA-EDO.PORTUGUESA;ZVE007;Zona Centro Occid.;120;GV ClReg. Ampofr.;Portuguesa;06.01.2016;;7000000459;29.03.2016;1400000292;28.03.2016;Gloria Navarro;0416-1222340;120002;AMPOFRASCA OFICINA;0;;VED;17;Precio Base General;60
10001137;JULIA YADIRA OSORIO BERBESI;NT00;Contado;Z015;Comercializadora;08;Mayoristas;CARRERA 9 ENTRE CALLE 7 Y 8CASA Nº 1-24;;E-82261203-5;ZTAC000023;SAN CRISTOBAL;ZVE008;Zona Andina;120;GV ClReg. Ampofr.;Tachira;06.01.2016;;;;;;;;0;;0;;VED;17;Precio Base General;60
10001138;ASOCIACION COOPERATIVA LLANEROS;NT00;Contado;Z015;Comercializadora;25;Mayoristas;CALLE AREVALO GONZALEZ SAN BLASCASA Nª 97-47;;J-31495499-7;ZCAR000014;VALENCIA;ZVE003;Zona Centro;120;GV ClReg. Ampofr.;Carabobo;06.01.2016;;;;1400000065;26.01.2016;;;0;;0;;VED;17;Precio Base General;60
10001139;LABORATORIOS VALMOR, C.A.;NT00;Contado;Z035;Medicina Humana;23;Laboratorios;AV. BOLIVAR EDIFICIO VALMORCA  NRONUMERO 242 SECTOR MONTALBAN;;J-07002946-3;ZMER000012;LOS ANDES;ZVE008;Zona Andina;120;GV ClReg. Ampofr.;Merida;06.01.2016;SI;;;1400000435;25.04.2016;;;0;;0;;VED;17;Precio Base General;60
10001140;SATURIA MAHECHA MESA (PRODUCTOS ALI;NT00;Contado;Z006;Alimentos;21;Independiente;CTRA PRINCIPAL COMUNIDAD ELPARAISO CASA S/N SECTOR ALDEALA COLORADA;;V-25058032-7;ZTAC000003;COLON;ZVE008;Zona Andina;120;GV ClReg. Ampofr.;Tachira;06.01.2016;;;;;;;;0;;0;;VED;17;Precio Base General;60
10001141;PEDRO ALCIDES GARCIA VEGA;NT00;Contado;Z015;Comercializadora;08;Mayoristas;CALLE LA DIFICULTAD CASA NRO S/NSECTOR AGUACATAL;;V223506310;ZMIR000010;LOS TEQUES;ZVE004;Zona Metropolitana;120;GV ClReg. Ampofr.;Miranda;06.01.2016;;;;;;;;0;;0;;VED;17;Precio Base General;60
10001142;CASA DE REPRESENTACIONES;NT00;Contado;Z035;Medicina Humana;23;Laboratorios;CALLE MONTES DE OCA CCCARIBBEAN PLAZA NIVEL 2 LOCAL 37MODULO 2 URB SANTA CECILIA;0241 825 42 19;J-31600985-8;;VALENCIA;ZVE003;Zona Centro;120;GV ClReg. Ampofr.;Carabobo;06.01.2016;;;;;;;;0;;0;;VED;17;Precio Base General;60
10001143;JOSE LUIS ROMAN VERGEL;NT00;Contado;Z035;Medicina Humana;21;Independiente;AV PRINCIPAL CASA NRO 123-BURB. LA PUNTA;;V-13239612-0;ZARA000004;MARACAY- EDO ARAGUA;ZVE003;Zona Centro;120;GV ClReg. Ampofr.;Aragua;06.01.2016;;;;;;;;0;;0;;VED;17;Precio Base General;60
10001144;ALIMENTOS GRUPO BAVI 121, C.A;NT00;Contado;Z006;Alimentos;21;Independiente;CTRA NACIONAL GUATIRE-GUARENASLOCAL PARCELAMIENTO INDUSTRIAL LAANGUSTIA NRO 1. SECTOR LAS FLORES;0212-3107331;J299851876;;;ZVE004;Zona Metropolitana;120;GV ClReg. Ampofr.;Miranda;06.01.2016;;;;;;;0424-1056718;0;;0;;VED;17;Precio Base General;60
10001145;INDUSTRIAS ROME-KIN, C.A.;NT00;Contado;Z015;Comercializadora;23;Laboratorios;AV PCPAL LOS HIGUERONES CCGALPON NIVEL S/N LOCAL SIN SECTORLOS HIGUERONES, EJIDO;0274-4172234;J309479873;ZMER000006;MERIDA;ZVE008;Zona Andina;120;GV ClReg. Ampofr.;Merida;06.01.2016;;;;;;;04265735679;0;;0;;VED;17;Precio Base General;60
10001146;AGROCHEMICALS, C.A;NT00;Contado;Z004;Agroindustrial;23;Laboratorios;YARACUYAV SORTE LOCAL NRO S/N SECTOR ZONAINDUSTRIAL CHIVACOA;0251-2553671;J402689969;ZYAR000003;BARQUISIMETO;ZVE007;Zona Centro Occid.;120;GV ClReg. Ampofr.;Yaracuy;06.01.2016;;7000006410;12.04.2022;1600003013;25.11.2022;;0416-6556689;120005;REYES SANCHEZ JORGE;0;;VED;17;Precio Base General;60
10001153;INVERSIONES JDC, C.A.;NT00;Contado;Z056;Ser. Y Mantenimiento;15;Distribuidores Enf.;CALLE LAZO NRO 2, LOCAL PARCELANRO 3, GALPON NRO 4.ZONA IND. CORINSA;0244-9724765;J298942398;;CAGUA-EDO.ARAGUA;ZVE003;Zona Centro;120;GV ClReg. Ampofr.;Aragua;19.01.2016;;7000003736;27.02.2020;;;;;120005;REYES SANCHEZ JORGE;0;;VED;;;60
10001153;INVERSIONES JDC, C.A.;NT00;Contado;Z056;Ser. Y Mantenimiento;;;CALLE LAZO NRO 2, LOCAL PARCELANRO 3, GALPON NRO 4.ZONA IND. CORINSA;0244-9724765;J298942398;;CAGUA-EDO.ARAGUA;;;120;GV ClReg. Ampofr.;Aragua;19.01.2016;;7000003736;27.02.2020;;;;;120005;REYES SANCHEZ JORGE;0;;VED;;;60
10001154;ALIMENTOS POLAR COMERCIAL, C.A.;NT15;Crédito 15 Días;Z006;Alimentos;24;Manufactura;AV 4TA TRANSVERSAL CON 2DA AVENIDAEDIF CENTRO EMPRESARIAL POLAR PISO 1 OFPRINCIPAL URB LOS CORTIJOS DE LOURDESCARACAS (PETARE) MIRANDA;0212-2027135;J000413126;ZMIR000019;PETARE;ZVE004;Zona Metropolitana;120;GV ClReg. Ampofr.;Miranda;20.01.2016;;7000012185;18.02.2026;1400003016;13.02.2026;CLAUDINA GARCIA;0212-2027216;120002;AMPOFRASCA OFICINA;0;;USD;17;Precio Base General;60
10001156;COMERCIALIZADORA ROYALTY C.A.;NT00;Contado;Z015;Comercializadora;16;Distribuidores Trad.;CALLE PADRE TORRES ENTRE CALLEPADRE PACHECO Y SANCHEZ,QUINTA NUMERO17-4 URB OBISPO ALVARADO,SAN FELIPE;0254-2312842;J406671983;ZYAR000011;SAN FELIPE;ZVE007;Zona Centro Occid.;120;GV ClReg. Ampofr.;Yaracuy;20.01.2016;;7000011995;28.11.2025;1400002910;30.11.2025;RAQUEL PIMENTEL;;120003;HERNANDEZ HORACIO;0;;VED;17;Precio Base General;60
10001158;DISTRIBUIDORA CRISOL DE;NT00;Contado;Z015;Comercializadora;16;Distribuidores Trad.;CALLE JON 3 LOCAL NRO S/N CASERIOEL PLACER SECTOR LA MENDOZERALOS RASTROJOS LARA;0251-4350986;J403276960;ZLAR000003;BARQUISIMETO;ZVE007;Zona Centro Occid.;120;GV ClReg. Ampofr.;Lara;20.01.2016;;7000000688;07.06.2016;1400000598;10.06.2016;JORGE VILLEGAS;0414-5160743;120001;GONZALEZ ALAN;0;;VED;17;Precio Base General;60
10001159;PROYECTOS Y SERVICIOS C3RI, C.A.;NT00;Contado;Z060;Reciclaje;24;Manufactura;CALLE 87 LAS ACACIAS CASA NRO 105-42URBANIZACION LOS BUCARES, PARROQUIARAFAEL URDANETA;0416-3314450;J316614700;ZCAR000014;VALENCIA;ZVE003;Zona Centro;120;GV ClReg. Ampofr.;Carabobo;21.01.2016;;7000000439;18.03.2016;1400000416;19.04.2016;CARLOS REYES;;130005;PROYECTOS PET OFICINA;0;;VED;17;Precio Base General;60
10001161;YANAURINI RIVERA SARMIENTO;NT00;Contado;Z015;Comercializadora;15;Distribuidores Enf.;AV.FUERZAS AEREAS EDIFCAMORUCO PISO 2 APT 2-5 URBNUEVO BOSQUE ALTO;0243- 2359538;V-13530375-1;ZARA000004;MARACAY-EDO.ARAGUA;ZVE003;Zona Centro;120;GV ClReg. Ampofr.;Aragua;21.01.2016;;7000000400;16.03.2016;1400000283;15.03.2016;YANAURINI RIVERA;0424- 3066981;0;;0;;VED;17;Precio Base General;60
10001162;INDUSTRIAS CHEPEL, C.A;NT00;Contado;Z006;Alimentos;24;Manufactura;AV TAGLIAFERRO LOCAL PARCELA NRO5-A ZONA IND. CARMEN SANCHEZ DE JELAMBI-SAN LUIS MUN. VALERA;0271-2210974;J-30558766-3;ZTRU000018;EDO TRUJILLO SAN LUIS (VALERA);VE0003;Zona Occidente;120;GV ClReg. Ampofr.;Trujillo;25.01.2016;SI;7000010085;25.07.2024;1600004419;06.08.2024;Yajaira Gonzalez;0426-2761807;120003;HERNANDEZ HORACIO;0;;VED;17;Precio Base General;60
10001163;BELLEZA VITAL 2002 C.A.;NT00;Contado;Z018;Cuidado Personal;;;Paradero a Venus, Edif. SILCO,Local B-1, La Candelaria;(0212) 5717091;J-30914313-1;ZDC0000001;;ZVE003;Zona Centro;120;GV ClReg. Ampofr.;Distrito Federal;28.01.2016;;7000000167;31.01.2016;1400000234;08.03.2016;;(0212)5716780;0;;0;;VED;17;Precio Base General;60
10001168;MEGALABS VZL, C.A.;NT00;Contado;Z035;Medicina Humana;24;Manufactura;AV PPAL PARCELAMIENTOS INDLA FE EDIF PROTON  PISO 3 OFS/N URB EL MACARAO;02127007693;J000214956;ZDC0000005;CARACAS- DTTO CAPITAL;ZVE003;Zona Centro;120;GV ClReg. Ampofr.;Distrito Federal;15.02.2016;SI;7000011388;27.06.2025;1400002502;09.07.2025;YAJAIRA RIVAS;;120004;DAZA RAMON;0;;VED;14;Intercompañías;60
10001168;MEGALABS VZL, C.A.;NT00;Contado;Z035;Medicina Humana;24;Manufactura;AV PPAL PARCELAMIENTOS INDLA FE EDIF PROTON  PISO 3 OFS/N URB EL MACARAO;02127007693;J000214956;ZDC0000005;CARACAS- DTTO CAPITAL;ZVE004;Zona Metropolitana;120;GV ClReg. Ampofr.;Distrito Federal;15.02.2016;SI;7000011388;27.06.2025;1400002502;09.07.2025;YAJAIRA RIVAS;;120004;DAZA RAMON;0;;VED;17;Precio Base General;60
10001171;MIRACLES EVOLUTIONS, C.A;NT00;Contado;Z015;Comercializadora;15;Distribuidores Enf.;CALLE EL REFUGIO EDIF BEGONZAPISO PB LOCAL 3 URB ALTA VISTA;02123113330;J405116242;ZDC0000001;CARACAS- DTTO CAPITAL;ZVE004;Zona Metropolitana;120;GV ClReg. Ampofr.;Distrito Federal;22.02.2016;;7000000638;19.05.2016;1600000277;31.05.2016;ISMAEL ROJAS;04141095987;0;;0;;VED;17;Precio Base General;60
10001172;INQUIANDES, C.A;NT00;Contado;Z018;Cuidado Personal;14;Cuidado Personal;CTRA EJE VIAL LOCAL GALPON NROK-3 SECTOR SANTA INES, PQUIA ANTONIONICOLAS BRICEÑO MCPIO SAN RAFAEL DECARVAJAL TRUJILLO;02712318210;J406762415;ZTRU000020;VALERA-EDO. TRUJILLO;ZVE008;Zona Andina;120;GV ClReg. Ampofr.;Trujillo;22.02.2016;;7000001355;21.04.2017;1400001199;26.04.2017;MINERVA PACHANO;04247818964;0;;0;;VED;17;Precio Base General;60
10001181;GRUPO AKON, C.A;NT00;Contado;Z018;Cuidado Personal;24;Manufactura;AV AVENIDA FRANCISCO DE MIRANDACON CALLE "A" EDIF. IRENE PISO 15 APTO151 URB LOS CORTIJOS DE LOURDES;0212-9773176;J-40602128-8;ZDC0000001;CARACAS- DISTRITO CAPITAL;ZVE004;Zona Metropolitana;120;GV ClReg. Ampofr.;Distrito Federal;04.03.2016;;;;;;;0412-3676943;0;;0;;VED;17;Precio Base General;60
10001183;ALIMENTOS MONGAR, C.A;NT00;Contado;Z006;Alimentos;24;Manufactura;CALLE 1 ENTRE CARRERAS 2 Y 3EDIF LOS OLIVOS, PISO 01 LOCAL 2-41SECTOR LA EMERITA SAN CRISTOBAL;02763414881;J404822623;ZTAC000023;SAN CRISTOBAL - EDO TACHIRA;ZVE008;Zona Andina;120;GV ClReg. Ampofr.;Tachira;16.03.2016;;7000000560;19.04.2016;1400000289;28.03.2016;ANAIS VERDUGO;04247382272;0;;0;;VED;;;60
10001184;DARAGUA CRISTAL C.A.;NT00;Contado;Z045;Soplado;24;Manufactura;CALLE EL PARQUE CRUCE CON CALLEHERNANDEZ NADAL LOCAL NRO 03-23BARRIO PATROCINIO PEÑUELA RUIZSANTA CRUZ;0414-4918268;J299952168;ZARA000018;;ZVE003;Zona Centro;120;GV ClReg. Ampofr.;Aragua;29.03.2016;;7000000674;03.06.2016;1400000663;18.07.2016;LIANG YUEPING;0243-2611335;0;;0;;VED;17;Precio Base General;60
10001186;ALIMENTOS PROCESADOS;NT00;Contado;Z006;Alimentos;24;Manufactura;CALLE NEGRO PRIMERO LOCAL72-1. URB LA CANDELARIAEL LIMON;0243-2195390;J298227184;ZARA000004;MARACAY- EDO. ARAGUA;ZVE003;Zona Centro;120;GV ClReg. Ampofr.;Aragua;01.04.2016;;7000000575;25.04.2016;1400000432;25.04.2016;;0414-4537704;0;;0;;VED;17;Precio Base General;60
10001189;INSUPLASTIC, C.A.;NT00;Contado;Z054;Maquinarias Y Equipo;24;Manufactura;CALLE 86 AV CIRCUNVALACION SUROESTE LOCAL CONGLOMERADOINDUSTRIAL LA QUIZANDA NRO DEGALPON 113 URB LA QUIZANDA;0414-2279205;J317304713;ZCAR000014;VALENCIA;ZVE003;Zona Centro;120;GV ClReg. Ampofr.;Carabobo;05.04.2016;;7000001487;31.05.2017;1400002031;21.02.2018;;0416-6289648;0;;0;;VED;17;Precio Base General;60
10001190;TYLL LOGISTIC, C.A;NT00;Contado;Z023;Esporádico;21;Independiente;AV MARACAY LOCAL GALPON S/NOFIC, M-1. ZONA INDUSTRIAL SAN VICENTE 1;;J-29654481-6;;MARACAY- EDO. ARAGUA;ZVE003;Zona Centro;120;GV ClReg. Ampofr.;Aragua;06.04.2016;;;;;;;;0;;0;;VED;17;Precio Base General;60
10001193;JAYIM 18 INTERNATIONAL, C.A.;NT00;Contado;Z018;Cuidado Personal;17;Embotelladoras;AV PATROCINIO PEÑUELA, EDIF DRAZAPISO PB LOCAL 1. URB. BOLEITA NORTEPETARE;0414-3360007;J-29626530-5;ZMIR000019;CARACAS- DISTRITO CAPITAL;ZVE004;Zona Metropolitana;120;GV ClReg. Ampofr.;Distrito Federal;20.04.2016;;;;1400000426;20.04.2016;GRACIELA PORTUGAL;;120000;DAZA RAMON;0;;VED;17;Precio Base General;60
10001194;DERNIER COSMETICS, S.A;NT00;Contado;Z018;Cuidado Personal;24;Manufactura;ARAGUACALLE B CASA PARCELA R-34 Y R-35 ZONAINDUSTRIAL LAS TEJERIAS;0244-3341708;J-002032120;ZARA000014;ARAGUA;ZVE003;Zona Centro;120;GV ClReg. Ampofr.;Aragua;20.04.2016;SI;7000012164;10.02.2026;1600005241;19.01.2026;;04148140088;120005;REYES SANCHEZ JORGE;0;;VED;17;Precio Base General;60
10001197;VENEZOLANA DE RECICLAJE, C.A.;NT00;Contado;Z060;Reciclaje;24;Manufactura;INDUSTRIAL LA MONTAÑITA FINALCTRA VIEJA LARA-YARACUYEDIF S/N PISO S/N OF S/N ZONACALLE 1 , GALPON S/N LOS RASTROJOS LARA;0251-7170744;J312211261;ZLAR000003;BARQUISIMETO;ZVE007;Zona Centro Occid.;120;GV ClReg. Ampofr.;Lara;12.05.2016;;7000010653;21.11.2024;1600004704;13.12.2024;ZULAY BRICEÑO;0251-7175844;120002;AMPOFRASCA OFICINA;0;;VED;17;Precio Base General;60
10001200;VENEZOLANA DE RECICLAJE,C.A;NT00;Contado;Z060;Reciclaje;24;Manufactura;AV CARLOS GIFFONI CC GILROD NIVEL 1 OF NO 23 ZONA INDUSTRIALIII;0251-7170744;J-31221126-1;;BARQUISIMETO- EDO. LARA;ZVE007;Zona Centro Occid.;120;GV ClReg. Ampofr.;Lara;13.05.2016;;;;;;;;0;;0;;VED;10;Cadenas;60
10001201;DISTRIBUIDORA & EMBOTELLADORA;NT00;Contado;Z005;Agua;17;Embotelladoras;CALLE 21 CASA NRO B-12. URBEL PORTAL II, ZONA INDUSTRIAL EL RECREO;0241-4350781;J-40704915-1;ZCAR000014;;ZVE003;Zona Centro;120;GV ClReg. Ampofr.;Carabobo;16.05.2016;;;;;;;;0;;0;;VED;17;Precio Base General;60
10001203;S.A NACIONAL FARMACEUTICA (SANFAR);NT15;Crédito 15 Días;Z018;Cuidado Personal;24;Manufactura;CALLE 3 A DE LA ZONA 4 EDIF TORREDEL ESTE PISO PB OF PB MEZZ, TERRAZA2,4,5 Y 6. URB LA URBINA SUR CARACAS(PETARE) MIRANDA;02126006220;J-00026349-3;ZMIR000019;PETARE- EDO MIRANDA;ZVE003;Zona Centro;120;GV ClReg. Ampofr.;Miranda;24.05.2016;;7000001276;28.03.2017;1400001396;11.07.2017;;02126006270;0;;0;;VED;17;Precio Base General;60
10001205;FABRICA DE ALIMENTOS RANGEL;NT00;Contado;Z006;Alimentos;24;Manufactura;CTRA VIA SANTA ANA, PASAJEPEÑALOZA LOCAL GALPON NRO 1-01SECTOR VERA CRUZ;0276-4211028;J-40418885-1;ZTAC000023;VERACRUZ- TACHIRA;ZVE008;Zona Andina;120;GV ClReg. Ampofr.;Tachira;09.06.2016;;7000000705;10.06.2016;1600000282;05.07.2016;;;0;;0;;VED;17;Precio Base General;60
10001206;PRIMERA AISVE 2010 IMPORTADORA, C.A;NT00;Contado;Z011;Bebidas;16;Distribuidores Trad.;AV LA ESTANCIA EDIF CCCTPRIMERA ETAPA PISO 6 OF 622URB CHUAO BARUTA;0212-2830052;J-30804075-4;ZMIR000032;CARACAS - DTTO. CAPITAL;ZVE004;Zona Metropolitana;120;GV ClReg. Ampofr.;Miranda;13.06.2016;;;;;;;0212-2830043;0;;0;;VED;17;Precio Base General;60
10001211;REPRESENTACIONES 3 K, C.A.;NT00;Contado;Z016;Cosmetica;24;Manufactura;CTRA VIA EL LLANO LOCAL GALPON10 SECTOR II ETAPA INDUSTRIAL YCOMERCIAL SAN FRANCISCO;0414-7432606;J-406786314;ZTAC000023;SAN CRISTOBAL;ZVE008;Zona Andina;120;GV ClReg. Ampofr.;Tachira;22.07.2016;;7000000832;31.08.2016;1400000775;31.08.2016;;;0;;0;;VED;;;60
10001216;COSMETIC'S LK, C.A.;NT00;Contado;Z017;Cuidado Del Hogar;24;Manufactura;CALLE 4TA CASA NRO 78 BARRIOSANTA ROSA;0424-3010042;J405904780;ZARA000004;MARACAY;ZVE003;Zona Centro;120;GV ClReg. Ampofr.;Aragua;28.07.2016;;7000008193;08.06.2023;1600002862;27.09.2022;;0424-3474428;120005;REYES SANCHEZ JORGE;0;;VED;;;60
10001217;QUIMIECOLOGI, C.A.;NT00;Contado;Z030;Industria Química;24;Manufactura;AV LAS AMERICAS CC PASEO LASAMERICAS NIVEL 2 LOCAL 4 SECTORSANTA BARBARA MERIDA;0274-2631632;J-40000109-9;ZMER000012;MERIDA;ZVE008;Zona Andina;120;GV ClReg. Ampofr.;Merida;28.07.2016;;;;;;;0414-7453476;0;;0;;VED;17;Precio Base General;60
10001220;FOMAR 2106, C.A.;NT00;Contado;Z018;Cuidado Personal;24;Manufactura;CALLE 34 ENTRE CARRERAS 22 Y 23CASA NRO 22-58 ZONA CENTRO;0251-4157322;J404127658;ZLAR000003;BARQUISIMETO;VE0003;Zona Occidente;120;GV ClReg. Ampofr.;Lara;03.08.2016;SI;7000006256;08.03.2022;1400002276;10.10.2018;;0412-6768540;120003;HERNANDEZ HORACIO;0;;VED;17;Precio Base General;60
10001221;TODO ENVASES, C.A.;NT00;Contado;Z016;Cosmetica;21;Independiente;AV BOLIVAR LOCAL NRO 310 ZONAPUERTO LA CRUZ;0281-2671076;J-40436147-2;ZANZ000010;PUERTO LA CRUZ;ZVE002;Zona Oriente;120;GV ClReg. Ampofr.;Anzoategui;04.08.2016;;;;;;;0424-8174579;0;;0;;VED;17;Precio Base General;60
10001235;CHEMICAL MERU J & L 26, C.A.;NT00;Contado;Z018;Cuidado Personal;24;Manufactura;CALLE CALLE PRINCIPAL CASANRO TH-13 URB EL BOSQUE VERDE;0212-6429125;J-40642250-9;;GUATIRE;ZVE004;Zona Metropolitana;120;GV ClReg. Ampofr.;Miranda;19.08.2016;;7000000798;22.08.2016;1600000285;26.08.2016;;0412-8563836;0;;0;;VED;17;Precio Base General;60
10001236;INDUSTRIAS DESDE LO ALTO, C.A.;NT00;Contado;Z018;Cuidado Personal;24;Manufactura;AV CARABOBO ENTRE CARRERAS 32 Y33 LOCAL NRO 32-105 SECTOR CENTRODE BARQUISIMETO;0251-2738520;J401744931;ZLAR000003;BARQUISIMETO;ZVE007;Zona Centro Occid.;120;GV ClReg. Ampofr.;Lara;22.08.2016;;7000004828;12.02.2021;1400000750;23.08.2016;;0416-6508270;120005;REYES SANCHEZ JORGE;0;;VED;17;Precio Base General;60
10001239;EL UNIVERSO DEL TINTE, C.A.;NT00;Contado;Z018;Cuidado Personal;24;Manufactura;AV ENRIQUE TEJERA, LOCAL 1 CASANRO 109-49 SECTOR LA CANDELARIA;0414-4235537;J-31551324-2;ZCAR000014;VALENCIA;ZVE003;Zona Centro;120;GV ClReg. Ampofr.;Carabobo;25.08.2016;SI;7000009031;08.12.2023;1400001898;18.12.2017;;;0;;0;;VED;17;Precio Base General;60
10001240;ALIMENTOS BAEZA, C.A.;NT00;Contado;Z006;Alimentos;24;Manufactura;CALLE ARVELO ENTRE AVENIDABOLIVAR SUR Y AVENIDA URDANETACC SEINCA CUATRO NIVEL N/A LOCAL 3SECTOR SANTA ROSA;0424-4660849;J-407921215;ZCAR000014;VALENCIA;ZVE003;Zona Centro;120;GV ClReg. Ampofr.;Carabobo;25.08.2016;;7000010166;14.08.2024;1400000778;31.08.2016;;;120003;HERNANDEZ HORACIO;0;;VED;17;Precio Base General;60
10001260;GENSA INVERSIONES, C.A.;NT00;Contado;Z019;Distribuidores;16;Distribuidores Trad.;AV 79 CASA NRO 12-40 URB ELMORRO 2;0261-4350742;J408343975;ZCAR000014;VALENCIA;ZVE003;Zona Centro;120;GV ClReg. Ampofr.;Carabobo;22.09.2016;SI;7000007935;13.04.2023;1600003494;15.04.2023;;0414-4721578;120004;DAZA RAMON;0;;VED;17;Precio Base General;60
10001295;INVERSIONES ARIVAL, C.A;NT00;Contado;Z053;Materia Prima;;;AVENIDA LICENCIADO SANZ CONRAFAEL MARIA BARALT, EDIF RESD. GRANADAPISO 4, APT. 4-A, URB. SAN BERNARDINO.;;J316513440;;CARACAS;ZVE004;Zona Metropolitana;;;Distrito Federal;25.01.2017;;;;;;;;0;;0;;VED;;;60
10001298;SERVICIOS INTEGRALES GLOBAL;NT00;Contado;Z035;Medicina Humana;24;Manufactura;AV 6 CON CALLE 3 LOCAL NRO 60URB JACINTO LARA SECTOR CABUDARE;0251-2670569;J-40081526-6;;CABUDARE;ZVE007;Zona Centro Occid.;120;GV ClReg. Ampofr.;Lara;31.01.2017;;;;;;;0414-5098407;0;;0;;VED;17;Precio Base General;60
10001300;INVERVAR GT, C.A.;NT00;Contado;Z015;Comercializadora;16;Distribuidores Trad.;CALLE GOMEZ CON CALLE 5 DE JULIOLOCAL PARCELA NRO 4 SECTORGUASIMAL;0243-5545195;J-40571080-2;;MARACAY;VE0005;Zona Centro;120;GV ClReg. Ampofr.;Aragua;15.02.2017;SI;7000004207;31.07.2020;1400002310;11.12.2018;;0414-3584571;120003;HERNANDEZ HORACIO;0;;VED;17;Precio Base General;60
10001303;AGRO HERMES, C.A.;NT00;Contado;Z036;Medicina Veterinaria;24;Manufactura;CALLE CALLE 3 LOCAL NRO 54 ZONAINDUSTRIAL GUERE, SECTOR LA JULIA;;J-00099439-0;ZARA000013;TURMERO;VE0003;Zona Occidente;120;GV ClReg. Ampofr.;Aragua;17.02.2017;;7000001212;23.02.2017;1400001074;09.03.2017;;;0;;0;;VED;17;Precio Base General;60
10001311;AIDA DEL CARMEN DAZA MUJICA;NT00;Contado;Z015;Comercializadora;16;Distribuidores Trad.;CR 23 ENTRE CALLES 33 Y 34 LOCALNRO 33-30 ZONA CENTRO SECTOR MANTECO;;V-07326560-2;ZLAR000003;BARQUISIMETO;ZVE001;Zona Occidente;120;GV ClReg. Ampofr.;Lara;22.03.2017;;7000012173;11.02.2026;1600005277;18.02.2026;;;120005;REYES SANCHEZ JORGE;0;;VED;17;Precio Base General;60
10001319;FERREQUIMICOS Y ENVASES, C.A.;NT00;Contado;Z019;Distribuidores;24;Manufactura;CALLE PEÑALVER LOCAL NRO 51SECTOR GUANARITO, TURMEROEDO ARAGUA ROSARIO DE PAYA;02446610128;J-30925586-0;ZARA000013;TURMERO;ZVE003;Zona Centro;120;GV ClReg. Ampofr.;Aragua;20.04.2017;SI;7000009706;13.05.2024;1400002462;23.06.2025;;04144911495;120002;AMPOFRASCA OFICINA;0;;VED;17;Precio Base General;60
10001330;PLASTIC SOCO C.A.;NT00;Contado;Z015;Comercializadora;24;Manufactura;AV ROMA CRUCE CON CALLE ESTELOCAL GALPON NUMERO 3 NIVEL 1OFICINA 1-A ZONA INDUSTRIAL SOCOLA VICTORIA ARAGUA;0424-4195894;J-40650619-2;ZARA000006;LA VICTORIA;ZVE003;Zona Centro;120;GV ClReg. Ampofr.;Aragua;11.05.2017;;7000002116;15.02.2018;;;;0414-2612113;0;;0;;VED;17;Precio Base General;60
10001331;EMPAQUES PEREIRA, C.A.;NT00;Contado;Z015;Comercializadora;24;Manufactura;AV 2 LOCAL PARCELA (GALPON)NRO B-17-1 ZONA INDUSTRIAL SANTACRUZ DE ARAGUA;0244-6637415;J-30321470-3;ZARA000005;SANTA CRUZ;ZVE003;Zona Centro;120;GV ClReg. Ampofr.;Aragua;11.05.2017;;7000002113;15.02.2018;1400002016;16.02.2018;;0424-3325455;0;;0;;VED;17;Precio Base General;60
10001332;AGROPECUARIA AGRIQUIMVET, C.A.;NT00;Contado;Z015;Comercializadora;24;Manufactura;AV 2 LOCAL PARCELA D-09 SECTORSECTOR D ZONA INDUSTRIAL SANTA CRUZ;;J-30298710-5;ZARA000005;SANTA CRUZ;ZVE003;Zona Centro;120;GV ClReg. Ampofr.;Aragua;12.05.2017;;7000001446;19.05.2017;1400001277;31.05.2017;;;0;;0;;VED;17;Precio Base General;60
10001334;COMERCIALIZADORA DREMILAJ, C.A;NT00;Contado;Z035;Medicina Humana;23;Laboratorios;CALLE 1 CASA MAITA NRO N/ABARRIO EL SILENCIO;;J400329167;ZLAR000008;AGUADA GRANDE;ZVE007;Zona Centro Occid.;120;GV ClReg. Ampofr.;Lara;26.05.2017;SI;7000001566;28.06.2017;;;;;0;;0;;VED;17;Precio Base General;60
10001339;LABORATORIOS L.O. OFTALMI,C.A;NT00;Contado;Z035;Medicina Humana;24;Manufactura;CALLE 6 EDIF CENTRO EMPRESARIAL R.SPISO PB LOCAL S/N URB ZONA INDUSTRIALLA URBINA CARACAS (PETARE)MIRANDA;0212-2424104;J002030640;ZMIR000019;LA URBINA-PETARE;ZVE003;Zona Centro;120;GV ClReg. Ampofr.;Distrito Federal;07.06.2017;SI;7000007031;16.08.2022;1600003044;07.12.2022;;0414-3083518;120004;DAZA RAMON;0;;VED;17;Precio Base General;60
10001359;MRC GROUP, C.A;NT00;Contado;Z018;Cuidado Personal;24;Manufactura;CALLE EL DELEITE LOCAL NRO 13SECTOR LA COOPERATIVA;0243-5515555;J-40762569-1;ZARA000004;MARACAY-EDO.ARAGUA;ZVE003;Zona Centro;120;GV ClReg. Ampofr.;Aragua;16.06.2017;SI;7000002666;20.11.2018;1400002290;31.10.2018;;0424-3262663;120003;HERNANDEZ HORACIO;0;;VED;17;Precio Base General;60
10001362;LIVING DERMOCOSMETICA;NT00;Contado;Z018;Cuidado Personal;24;Manufactura;CTRA LA VICTORIA LA COLONIATOVAR LOCAL CAÑAVERAL NRO 5SECTOR SARAYAUTA;0244-4193576;J-40239065-3;ZARA000006;LA VICTORIA-EDO.ARAGUA;ZVE003;Zona Centro;120;GV ClReg. Ampofr.;Aragua;20.06.2017;SI;7000001743;29.08.2017;1400001557;31.08.2017;;0414-4606803;0;;0;;VED;17;Precio Base General;60
10001367;COSMETICOS LARENSE, C.A;NT00;Contado;Z018;Cuidado Personal;24;Manufactura;CR 5 ESQUINA  CALLE 28 LOCALGALPON NO. 79 NRO 79 NRO 28-30ZONA INDUSTRIAL;0251-2370869;J085021353;;BARQUISIMETO-EDO LARA;ZVE001;Zona Occidente;120;GV ClReg. Ampofr.;Lara;21.06.2017;SI;7000011960;20.11.2025;1400002855;11.11.2025;;;120005;REYES SANCHEZ JORGE;0;;VED;17;Precio Base General;60
10001427;INDUVAR, S.A.;NT00;Contado;Z018;Cuidado Personal;24;Manufactura;C/ PRINCIPALCALLE PRINCIPAL CURIEPEZ/ INDUSTRIAL LAS GUAYAS LAS TEJERIAS;;J075229967;ZARA000014;MARACAY;ZVE003;Zona Centro;120;GV ClReg. Ampofr.;Aragua;19.07.2017;SI;7000012010;05.12.2025;1600005250;23.01.2026;JOHANNA BELLO;;120004;DAZA RAMON;0;;VED;17;Precio Base General;60
10001499;KAWI, C.A;NT00;Contado;Z060;Reciclaje;16;Distribuidores Trad.;AV 112-C (MATA RICA) LOCAL NROCIVICO 93-257 BARRIO 1ERO DE MAYO;0241-8319639;J401504302;ZCAR000014;VALENCIA;ZVE003;Zona Centro;120;GV ClReg. Ampofr.;Carabobo;17.08.2017;;7000003013;10.05.2019;1400002314;18.12.2018;OSCAR JAVIER GARCIA;0414-3487531;100033;OFICINA VENDEDOR;0;;VED;10;Cadenas;60
10001546;SALERM LATINA, C.A.;NT00;Contado;Z018;Cuidado Personal;24;Manufactura;GALPON SALERM URB IND. Y COMERCIAL CASTILLETE, VALENCIA. EDO;;J306606653;;VALENCIA, EDO. CARABOBO;ZVE003;Zona Centro;120;GV ClReg. Ampofr.;Carabobo;18.09.2017;;;;;;DUZNI MENDEZ;;0;;0;;VED;17;Precio Base General;60
10001624;C.A.QUIMICAS QUIMSA;NT00;Contado;Z018;Cuidado Personal;24;Manufactura;CAGUA  ARAGUAZONA INDUSTRIAL VALLE ABAJOVIA LA SEGUNDERA;;J000702888;ZARA000015;;ZVE003;Zona Centro;120;GV ClReg. Ampofr.;Aragua;29.11.2017;;7000009427;19.03.2024;1600004153;11.04.2024;GLORIA DICKSON;;120003;HERNANDEZ HORACIO;0;;VED;17;Precio Base General;60
10001633;NUVILLE INTERNATIONAL, C.A.;NT00;Contado;Z018;Cuidado Personal;24;Manufactura;AV. TEREPAIMA SECTORLARAVALLECITO AGUA VIVA;;J405249021;ZLAR000006;;ZVE003;Zona Centro;120;GV ClReg. Ampofr.;Lara;14.12.2017;;7000005501;19.08.2021;1600001741;30.04.2021;JOHAN TOVAR;;120003;HERNANDEZ HORACIO;0;;VED;17;Precio Base General;60
10001636;SUPREM´S PLASTIC.C,A;NT00;Contado;Z015;Comercializadora;16;Distribuidores Trad.;VALENCIA CARABOBOLOCAL 42 Y 43URB EL REMANSO;;J410464380;ZCAR000014;;ZVE003;Zona Centro;120;GV ClReg. Ampofr.;Carabobo;10.01.2018;SI;7000002883;12.03.2019;1400002311;13.12.2018;JULIO CESAR CHIVICO ALVAREZ;;120005;REYES SANCHEZ JORGE;0;;VED;17;Precio Base General;60
10001642;INVERSIONES VENCHIPLAST 2013, C.A.;NT00;Contado;Z006;Alimentos;24;Manufactura;CALLE PPAL LOCAL NRO 2ZONA INDUSTRIAL LA MINAESTADO ARAGUA VILLA DE CURA;;J401890709;;;ZVE003;Zona Centro;120;GV ClReg. Ampofr.;Aragua;25.01.2018;SI;7000002159;09.03.2018;;;;;130001;GEDLER AMADA;0;;VED;17;Precio Base General;60
10001656;LABORATORIO QUIM-FAR, C.A.;NT00;Contado;Z018;Cuidado Personal;24;Manufactura;DISTRITO CAPITALURB BELLO MONTECARACAS;;J001134980;ZDC0000001;;ZVE004;Zona Metropolitana;120;GV ClReg. Ampofr.;Distrito Federal;15.02.2018;SI;7000010895;04.02.2025;1600004828;17.03.2025;;;120004;DAZA RAMON;0;;VED;17;Precio Base General;60
10001660;CORPORACION DROVECA, C.A.;NT00;Contado;Z018;Cuidado Personal;24;Manufactura;ZONA INDUSTRIAL IICALLE 68 ESTE ENTRE CALLES 150 Y 151EDIF GALPON PISO 150-148 OF PRINCIPALETAPA SAN FRANCISCO ZULIA;;J302725437;ZZUL000017;;ZVE001;Zona Occidente;120;GV ClReg. Ampofr.;Zulia;21.02.2018;SI;7000007910;31.03.2023;1600003755;11.08.2023;MARIA COLINA;;120003;HERNANDEZ HORACIO;0;;VED;17;Precio Base General;60
10001662;PMF SOLUCIONES SRL;NT00;Contado;Z019;Distribuidores;16;Distribuidores Trad.;VALENCIA CARABOBOVDA MANZANA A CASA SANTA EDUVIGIS158 URB LOS JARALES SAN DIEGO;;J304557817;ZCAR000012;;ZVE003;Zona Centro;120;GV ClReg. Ampofr.;Carabobo;26.02.2018;SI;;;;;;;0;;0;;VED;17;Precio Base General;60
10001663;INVERSIONES CJ21, C.A.;NT00;Contado;Z018;Cuidado Personal;24;Manufactura;INDUSTRIAL CASTILLITOCALLE NORTE SUR - SAN DIEGO CC ELINDUSTRIAL NIVEL PB LOCAL L-4 URBVALENCIA CARABOBO;;J314456920;ZCAR000012;I;ZVE003;Zona Centro;120;GV ClReg. Ampofr.;Carabobo;27.02.2018;SI;7000012135;29.01.2026;1400002992;30.01.2026;;;120005;REYES SANCHEZ JORGE;0;;VED;17;Precio Base General;60
10001666;DISTRIBUIDORA GADUCA C.A;NT00;Contado;Z072;Distribuidores Trad.;24;Manufactura;CTRA NACIONAL BIRUACA ACHAGUASEDIF G&D PISO 01 OF B SECTOR LAARROCERA BIRUACA APURE;0247-3645251;J296936927;ZAPU000002;BIRUACA;ZVE003;Zona Centro;120;GV ClReg. Ampofr.;Apure;02.03.2018;;7000011060;12.03.2025;1600004895;09.05.2025;MILAGROS SILVA;0414-5436280;100139;SANCHEZ S  MARVIN J;100145;ORTIZ K  HENRY A;VED;17;Precio Base General;60
10001674;ALIMENTOS AURORA, C.A.;NT00;Contado;Z006;Alimentos;24;Manufactura;TURMERO ARAGUACALLE ESTE I LOCAL NULLS/N NRO 60 SECTOR LA MORITA, PARCELA 60;;J299586706;ZARA000013;TURMERO ARAGUA;ZVE003;Zona Centro;120;GV ClReg. Ampofr.;Aragua;16.03.2018;SI;7000002367;26.06.2018;;;;;120003;HERNANDEZ HORACIO;0;;VED;17;Precio Base General;60
10001681;ALIMENTOS Q´ DELICIAS , C.A.;NT00;Contado;Z006;Alimentos;10;Accionistas / Socios; LOCAL GALPON N-05 SECTORAV MARACAY EDIFCENTRO INDUSTRIAL  ROMANO PISO PBZONA INDUSTRIAL SAN VICENTE IMARACAY ARAGUA;;J410775068;ZARA000004;;ZVE003;Zona Centro;120;GV ClReg. Ampofr.;Aragua;26.03.2018;SI;7000007341;04.11.2022;1600003072;08.12.2022;;;120003;HERNANDEZ HORACIO;0;;VED;17;Precio Base General;60
10001682;ALIMENTOS XCALIBUR, C.A.;NT00;Contado;Z006;Alimentos;24;Manufactura; GOLF CABUDARE LARAAV PRINCIPAL LOCAL GALPON NRO 01 LOCAL1-A ZONA INDUSTRIAL SECTOR PRADOS DEL;;J406397946;ZLAR000006;CABUDARE LARA;ZVE007;Zona Centro Occid.;120;GV ClReg. Ampofr.;Lara;26.03.2018;SI;7000002227;03.04.2018;;;;;120003;HERNANDEZ HORACIO;0;;VED;17;Precio Base General;60
10001683;UNION VIDRIERA, C.A.;NT00;Contado;Z015;Comercializadora;24;Manufactura;EDIFICIO UNVICACAGUA AVENIDA PRINCIPAL ZONAINDUSTRIAL LAS VEGAS EDO ARAGUA;02444471920;J000545790;ZARA000015;;ZVE003;Zona Centro;120;GV ClReg. Ampofr.;Aragua;05.04.2018;SI;7000002264;26.04.2018;;;;;0;;0;;VED;17;Precio Base General;60
10001698;SNC PHARMA, C.A;NT00;Contado;Z017;Cuidado Del Hogar;24;Manufactura;214 URB PREBO VALENCIA CARABOBOAV. ANDRES ELOY BLANCO CC CENTROPROFESIONAL PREBO NIVEL PISO 2 OF;;J-298555629;ZCAR000014;;ZVE007;Zona Centro Occid.;120;GV ClReg. Ampofr.;Carabobo;07.06.2018;SI;7000004944;30.03.2021;1600001743;30.04.2021;;;120005;REYES SANCHEZ JORGE;0;;VED;17;Precio Base General;60
10001699;DISTRIBUIDORA Y CREACIONES;NT00;Contado;Z017;Cuidado Del Hogar;24;Manufactura;EL LIMON ARAGUACALLE EL PORVENIR CASA NRO 4-A SECTOREL PROGRESO;;J405837144;ZMON000009;;ZVE003;Zona Centro;120;GV ClReg. Ampofr.;Aragua;07.06.2018;SI;;;;;;;0;;0;;VED;17;Precio Base General;60
10001703;COSMEPAC DE VENEZUELA, C.A.;NT00;Contado;Z006;Alimentos;24;Manufactura; LOCAL NRO 38CALLE DOCTOR ANSELMO CERROT PARCELA N° 38. LA VICTORIA.CONJUNTO RESIDENCIAL LA VICTORIA;0244-9960008;J409011771;ZARA000006;;ZVE003;Zona Centro;120;GV ClReg. Ampofr.;Aragua;19.06.2018;SI;;;;;CARLOS A. HOYO;0416-4399525;120003;HERNANDEZ HORACIO;0;;VED;17;Precio Base General;60
10001704;BIOTECNOLOGIA 3000, C.A.;NT00;Contado;Z015;Comercializadora;24;Manufactura;CARACASCALLE COMERCIO CC PASEO EL HATILLONIVEL PISO 9 OF 09 URB  LA LAGUNITA;04142274170;J400426537;ZDC0000001;;ZVE004;Zona Metropolitana;120;GV ClReg. Ampofr.;Distrito Federal;25.06.2018;SI;7000002920;25.03.2019;1400002266;24.08.2018;;;120004;DAZA RAMON;0;;VED;17;Precio Base General;60
10001714;PRODUCTOS ALIMENTICIOS CALIXPES;NT00;Contado;Z006;Alimentos;24;Manufactura;PROLONGACION AV.CTRA VIEJA DE TOCUYITO LOCALGRANJA  GIRARDOT NRO S/N SECTORFARRIAR TOCUYITOCARABOBO;0241-8943256;J312126418;ZCAR000006;CARABOBO;ZVE003;Zona Centro;120;GV ClReg. Ampofr.;Carabobo;10.07.2018;SI;7000010243;27.08.2024;1600004493;28.08.2024;YESSICA ESPINOZA;0424-4408577;120003;HERNANDEZ HORACIO;0;;VED;17;Precio Base General;60
10001733;INDUFERCA, C.A.;NT00;Contado;Z006;Alimentos;24;Manufactura;LAS LEONAS DE SANTIAGO 1ERACALLE 3 PROLONGACION CASA NRO S/N URBETAPA SANTA RITA ZULIA;02648086114;J297247807;ZCAR000012;;ZVE003;Zona Centro;120;GV ClReg. Ampofr.;Zulia;08.08.2018;SI;7000006670;07.06.2022;1600000771;13.06.2019;;04265615417;120003;HERNANDEZ HORACIO;0;;VED;17;Precio Base General;60
10001736;LABORATORIOS VIMOFARM C.A;NT00;Contado;Z015;Comercializadora;24;Manufactura;EDO. LARACALLE ARICHUNA PARCELA 183 CASA NRO 183URB LA HACIENDA, CABUDARE;;J316102629;ZLAR000003;;ZVE007;Zona Centro Occid.;120;GV ClReg. Ampofr.;Lara;09.08.2018;SI;7000008820;27.10.2023;1600003073;08.12.2022;;;120005;REYES SANCHEZ JORGE;0;;VED;17;Precio Base General;60
10001738;H.R COLECCIE DISTRIBUCIONES, C.A.;NT00;Contado;Z015;Comercializadora;24;Manufactura;LOS NARANJO EL NARANJALAV. ENTRE 1ERA Y 2DA AVENIDA LOS NARANJOEDIF ALPONE PISO 3 OF ALPONE ZONA (GUARENAS) MIRANDA;0212-3614038;J-407906216;ZMIR000017;;VE0003;Zona Occidente;120;GV ClReg. Ampofr.;Miranda;15.08.2018;SI;7000003218;17.07.2019;1400002333;26.08.2019;;0414-3229888;120004;DAZA RAMON;0;;VED;17;Precio Base General;60
10001745;ALIMENTOS LA FONTANA, C.A.;NT00;Contado;Z006;Alimentos;24;Manufactura;SECTOR CASCO CENTRALAV ARAGUA CON BERMUDEZ CC MARACAYNIVEL P.B.  LOCAL 120JMARACAY ARAGUA;0243-2352250;J317478380;ZCAR000001;MARACAY ARAGUA;ZVE003;Zona Centro;120;GV ClReg. Ampofr.;Aragua;30.08.2018;SI;;;;;MONICA SANTANA;0414-4435484;0;;0;;VED;17;Precio Base General;60
10001746;INDUSTRIAS CORPAÑAL, C.A.;NT01;Prepagado;Z060;Reciclaje;24;Manufactura;AV PRINCIPAL, PARCELA 12 Y 13EDIF CORPAÑAL PISO 1 OF S/N ZONAINDUSTRIAL GUAYABAL;0212-8239100;J300706206-;ZMIR000017;GUARENAS;ZVE004;Zona Metropolitana;120;GV ClReg. Ampofr.;Miranda;30.08.2018;SI;7000006193;22.02.2022;1600002869;28.09.2022;DAVELIS GUIA;;100033;OFICINA VENDEDOR;0;;VED;17;Precio Base General;60
10001757;PLASTIAGRO, C.A;NT00;Contado;Z006;Alimentos;24;Manufactura;AV. CIRCUNVALACION SUR ESTESALIENDO POR AVENIDA 68 LOCAL NROG-113 URB LA QUIZANDA;0241-8322901;J402894813;ZCAR000012;VALENCIA;ZVE003;Zona Centro;120;GV ClReg. Ampofr.;Carabobo;19.09.2018;;7000002963;23.04.2019;1600000417;27.09.2018;VIRGINIA FLORES;0414-4384175;120003;HERNANDEZ HORACIO;0;;VED;17;Precio Base General;60
10001758;LABORATORIO YANEZ TORRES, C.A.;NT00;Contado;Z006;Alimentos;23;Laboratorios;RESIDENCIAL EL AJIBE VALENCIAAV PRINCIPAL, CASA PARCELA 65 URB VALLEDE ORO, SAN DIEGO, CONJUNTOCARABOBO;0241-8765483;J407478605;ZCAR000012;;ZVE003;Zona Centro;120;GV ClReg. Ampofr.;Carabobo;24.09.2018;SI;7000003073;31.05.2019;;;NILO YANEZ;0414-7451457;120003;HERNANDEZ HORACIO;0;;VED;17;Precio Base General;60
10001759;LABORATORIO VITAPLUS C.A.;NT00;Contado;Z006;Alimentos;24;Manufactura;PISO PB LOCAL NRO 6 TIPO B URBCALLE UNO PARCELA F6-BC2A EDIF CENTRO CENTRO  EMPRESARIAL FRANCISQUIINDUSTRIAL CARACARITA LOS GUAYOSCARABOBO;0424-3571783;J407327755;ZCAR000012;;ZVE003;Zona Centro;120;GV ClReg. Ampofr.;Carabobo;26.09.2018;;7000003508;08.11.2019;1400002288;25.10.2018;YANNYS LEDEZMA;04142959754;120003;HERNANDEZ HORACIO;0;;VED;17;Precio Base General;60
10001762;PROCONPLAG, C.A;NT00;Contado;Z030;Industria Química;24;Manufactura;ZONA INDUSTRIAL I SAN VICENTECALLE MARACAY, CENTRO INDUSTRIALROMANO LOCAL GALPON NRO 14MARACAY, ARAGUA;0243-8728529;J406448095;ZARA000004;;ZVE003;Zona Centro;120;GV ClReg. Ampofr.;Aragua;05.10.2018;SI;7000002558;11.10.2018;1600000475;31.10.2018;JESMIR ZAMBRANO;04243306135;120003;HERNANDEZ HORACIO;0;;VED;17;Precio Base General;60
10001765;INDUSTRIA Y DISTRIBUCION DE;NT00;Contado;Z006;Alimentos;24;Manufactura;Araguacalle lote 26 casa 4-9 URB La CiudadelaCagua;0424-3439342-...;J407457225;ZARA000015;;ZVE003;Zona Centro;120;GV ClReg. Ampofr.;Aragua;18.10.2018;;7000012178;13.02.2026;1600005275;18.02.2026;Milagros de Olivares;0412-8995335;120003;HERNANDEZ HORACIO;0;;VED;17;Precio Base General;60
10001769;COMERCIALIZADORA NATTEX, C.A.;NT00;Contado;Z006;Alimentos;24;Manufactura;CARACAS DISTRITO CAPITALCALLE PRINCIPAL CASA PISO 1 NRO  S/NSECTOR MARACAO;0212-4339358;J317261518;ZCAR000012;CARACAS DISTRITO CAPITAL;ZVE003;Zona Centro;120;GV ClReg. Ampofr.;Distrito Federal;08.11.2018;SI;7000002641;09.11.2018;1400002297;12.11.2018;DUBRASKA ROSALES;0424-1312925;120005;REYES SANCHEZ JORGE;0;;VED;17;Precio Base General;60
10001771;QUIMICOS CHORONI C.A.;NT00;Contado;Z039;Productos De Limpiez;24;Manufactura;SAN VICENTE II EDO.CALLE E LOCAL GALPON NRO 70 URBCONGLOMERADO MANUEL O. BETANCOURT- Z.I.ARAGUA MARACAY;0243-6735724;J-313102180;ZARA000004;;ZVE003;Zona Centro;120;GV ClReg. Ampofr.;Aragua;15.11.2018;SI;7000003926;24.04.2020;1600001164;24.04.2020;PAOLA CORONEL;0414-4522343;120003;HERNANDEZ HORACIO;0;;VED;17;Precio Base General;60
10001773;GRUPO ARCOVECA INC, C.A.;NT00;Contado;Z006;Alimentos;24;Manufactura;URB INDUSTRIAL SANTA CRUZAV ZULIA ESQ CON CALLE COMERCIOGALPON ONCE LOCAL GALPON 11 NRO 11GUARENAS MIRANDA;0212-8147475;J402001525;ZMIR000017;GALPON ONCE LOCAL GALPON 11 NRO 11;ZVE004;Zona Metropolitana;120;GV ClReg. Ampofr.;Distrito Federal;16.11.2018;SI;7000003800;13.03.2020;1600000984;25.11.2019;NELSON SILVESTRE;0412-7985521;120005;REYES SANCHEZ JORGE;0;;VED;17;Precio Base General;60
10001774;TOMADO, C.A.;NT00;Contado;Z039;Productos De Limpiez;24;Manufactura;EDO. ARAGUA PALO NEGRO ARAGUAAV PPAL CASA NRO 42 ZONA INDUSTRIALCOROPO SECTOR SAN LUIS. MARACAY;0243- 4312340;J-314934856;ZARA000004;ARAGUA;ZVE003;Zona Centro;120;GV ClReg. Ampofr.;Aragua;19.11.2018;SI;7000007542;28.12.2022;1600001939;31.08.2021;EUKARLYS ARTEAGA;;100095;FARFAR CAMACHO GLISNEIDY ISABE;0;;VED;17;Precio Base General;60
10001776;INVESTIGACIONES BOTANICAS;NT00;Contado;Z024;Farmacia;24;Manufactura;ARAGUAAV PRINCIPAL PARCELA LOCAL NROE-50 ZONA INDUSTRIAL SANTA CRUZ;0243-2617065;J301851560;ZARA000005;E;ZVE003;Zona Centro;120;GV ClReg. Ampofr.;Aragua;23.11.2018;SI;7000011284;27.05.2025;1600004951;09.06.2025;LINDA MORA;0424-3427663;120005;REYES SANCHEZ JORGE;0;;VED;17;Precio Base General;60
10001777;DESARROLLO Y DISTRIBUCION INDUS;NT00;Contado;Z006;Alimentos;24;Manufactura;EDO.ZULIASECTOR MONTE BELLOMARACAIBO ZULIA;0414-6869103;J409500446;ZZUL000013;;ZVE001;Zona Occidente;120;GV ClReg. Ampofr.;Zulia;04.12.2018;SI;7000002805;31.01.2019;1600000644;22.02.2019;ALBERTO MOLINA;;120003;HERNANDEZ HORACIO;0;;VED;17;Precio Base General;60
10001778;PINTURAS FLAMUKO C A;NT00;Contado;Z039;Productos De Limpiez;24;Manufactura;GUACARA CARABOBOCALLE PRINCIPAL LOCAL GALPONNRO H ZONA INDUSTRIAL EL TIGRE;0245 4000431;J075412680;ZCAR000014;;ZVE003;Zona Centro;120;GV ClReg. Ampofr.;Carabobo;04.12.2018;SI;7000004060;12.06.2020;1600001422;15.09.2020;ZULAY GALVIZ;;120005;REYES SANCHEZ JORGE;0;;VED;17;Precio Base General;60
10001781;H.A ESPOSITO, C.A.;NT15;Crédito 15 Días;Z066;Mayorista;14;Cuidado Personal;AV CUARTA TRANSVERSAL LOCALGALPON S/N, SECTOR EL FILO COLORADO,FRENTE A LA CANCHA DEPORTIVA DE LAESCUELA "LA LLANADA";0416-5034960;J303525938;ZTRU000020;VALERA;ZVE001;Zona Occidente;120;GV ClReg. Ampofr.;Trujillo;07.12.2018;SI;7000006210;24.02.2022;1600003269;15.01.2023;AMALIO ALEXANDER ESPOSITO ANAYA;;100122;YEPEZ P  EDUARDO R;100146;MONTERO P  DANNY O;VED;17;Precio Base General;60
10001784;DEPOSITOS SIN IDENTIFICAR;NT00;Contado;Z032;Intercompañia;22;Intercompañias;VENEZUELAINDUSTRIAL SAN VICENTE II,MARACAY , EDO ARAGUA;0243-2007272;J07525486-4;ZARA000004;;ZVE003;Zona Centro;120;GV ClReg. Ampofr.;Aragua;07.01.2019;;;;;;;0243-2007252;0;;0;;VED;14;Intercompañías;60
10001785;MARA M. BOSNJAK S.;NT00;Contado;Z016;Cosmetica;24;Manufactura;APT 7-3 URB PALMA REALAV. CENTRO EDIF CONJUNTO RESDVALLE JARDIN TORRE C PISO 7-NAGUANAGUA CARABOBO;0241-8587244;V137544152;ZCAR000010;;ZVE003;Zona Centro;120;GV ClReg. Ampofr.;Carabobo;09.01.2019;;;;;;Mara Milenka Bosnjak S;0414-4188402;120005;REYES SANCHEZ JORGE;0;;VED;17;Precio Base General;60
10001787;SHINE GROUP, C.A.;NT00;Contado;Z018;Cuidado Personal;24;Manufactura;CARACAS (CHACAO) MIRANDAAV. SANTA TERESA DE JESUS LOCAL CERPECENTRO JAVIER N° PB URB LA CASTELLANA;0212-2658525;J400068525;ZMIR000057;;ZVE004;Zona Metropolitana;120;GV ClReg. Ampofr.;Distrito Federal;25.01.2019;;;;;; CECILIA RIOS;0424-2518505;120005;REYES SANCHEZ JORGE;0;;VED;17;Precio Base General;60
10001808;INDUSTRIA PROCESADORA CONDIBLUE;NT00;Contado;Z004;Agroindustrial;24;Manufactura;CABUDARE LARACTRA. PRINCIPAL COCO DE MONO LOCALGALPON NRO 12-B SECTOR EL PLACER;0251-4189714;J412060287;ZLAR000006;;ZVE007;Zona Centro Occid.;120;GV ClReg. Ampofr.;Lara;30.01.2019;SI;7000011418;04.07.2025;1600005012;22.07.2025;Syeffany Jaimes;0424-5292621;120003;HERNANDEZ HORACIO;0;;VED;17;Precio Base General;60
10001809;MEDITERRANEO 2012, C.A;NT00;Contado;Z006;Alimentos;24;Manufactura;CARACHE TINAQUILLO COJEDESAV JOSE ANTONIO PAEZ VIA VALLECITOCASA PARCELA MI JAGUAR NRO S/N SECTOR;02587660621;J401199046;ZCOJ000008;;ZVE006;Zona Llanos;120;GV ClReg. Ampofr.;Cojedes;31.01.2019;SI;7000009742;20.05.2024;1600004518;10.09.2024;ISMAR TOVAR;;100095;FARFAR CAMACHO GLISNEIDY ISABE;0;;VED;17;Precio Base General;60
10001811;KLEANCOLOR DE VENEZUELA, C.A.;NT00;Contado;Z006;Alimentos;24;Manufactura;DE MIRANDACALLE 80/ CON AVENIDA 61CASA 61 NRO 15 BARRIO FRANCISCO;0261 7543557;J299111350;ZZUL000013;;VE0003;Zona Occidente;120;GV ClReg. Ampofr.;Zulia;06.02.2019;;7000003055;24.05.2019;;;JEANETTE GONZALEZ;0424 6009567;120003;HERNANDEZ HORACIO;0;;VED;17;Precio Base General;60
10001815;INVERSIONES PRIMONT C.A.;NT00;Contado;Z035;Medicina Humana;24;Manufactura;VALENCIA CARABOBOAV 74 CC ORFI NIVEL PB LOCAL1 ZONA INDUSTRIAL TERRAZAS DE CASTILLITO;0241-8715436;J313475815;ZCAR000014;;ZVE003;Zona Centro;120;GV ClReg. Ampofr.;Carabobo;13.02.2019;SI;7000003042;22.05.2019;;;DAVID PEREZ;0414-4115272;120003;HERNANDEZ HORACIO;0;;VED;17;Precio Base General;60
10001819;MAYERLING DEL CARMEN PEREZ ACEVEDO;NT00;Contado;Z006;Alimentos;24;Manufactura;CAGUA ARAGUAVDA 26 CASA NRO. 26 URB. RAFAEL URDANETASECTOR II;0414-4555322;V212028688;ZARA000015;;ZVE003;Zona Centro;120;GV ClReg. Ampofr.;Aragua;15.02.2019;;7000002859;21.02.2019;;;MAYERLING PEREZ ACEVEDO;;120003;HERNANDEZ HORACIO;0;;VED;17;Precio Base General;60
10001823;AGROINDUSTRIA PUPPY & PETS, C.A.;NT00;Contado;Z004;Agroindustrial;24;Manufactura;LOS RASTROROJOS LARACALLE 4 CASA NRO. C1-20 URB.LAGUNA VIEJA;0412-5253178;J403950580;ZLAR000006;BARQUISIMETO;ZVE007;Zona Centro Occid.;120;GV ClReg. Ampofr.;Lara;20.02.2019;;7000012123;27.01.2026;1600005280;18.02.2026;ALEJANDRO CARVAJAL;0424-5948899;120005;REYES SANCHEZ JORGE;0;;VED;17;Precio Base General;60
10001824;NATURA FRUIT & JUICE COMPANY, C.A;NT00;Contado;Z015;Comercializadora;24;Manufactura;LOCAL 28 SECTOR CENTROAV. BOLIVAR CC PARQUE ARAGUANIVEL SOTANO NIVEL 6MARACAY;0243-2331504;J410970286;ZARA000004;MARACAY;ZVE003;Zona Centro;120;GV ClReg. Ampofr.;Aragua;20.02.2019;;;;;;JESUS SUMOZA;0416-5432452;120005;REYES SANCHEZ JORGE;0;;VED;17;Precio Base General;60
10001827;INVERSIONES SOVALMA, C.A.;NT00;Contado;Z006;Alimentos;24;Manufactura;LA TRINIDAD CARACAS MIRANDAAV. GONZALEZ RINCONES QTATECNOTENDENCIA ZONA ZONA INDUSTRIAL;0212-9450007;J401571506;ZCAR000008;CARACAS;ZVE004;Zona Metropolitana;120;GV ClReg. Ampofr.;Distrito Federal;25.02.2019;;7000002898;15.03.2019;;;FABIO DANIEL SOTO VIVAS;0412-9126480;120005;REYES SANCHEZ JORGE;0;;VED;17;Precio Base General;60
10001830;COSMETICOS SATIN LISS, C.A;NT00;Contado;Z024;Farmacia;24;Manufactura;SAN JOSE DE LOS ALTOS MIRANDACALLE JUANCHO MADRID LOCAL NRO 28SECTOR PEÑA ADMIRABLE;0424-1640670;J404435280;ZCAR000008;MIRANDA;ZVE004;Zona Metropolitana;120;GV ClReg. Ampofr.;Miranda;27.02.2019;;7000007383;14.11.2022;1600002928;27.10.2022;ARLENE GUILLE;;120005;REYES SANCHEZ JORGE;0;;VED;17;Precio Base General;60
10001832;CRISTOBAL ERNESTO BRICENO ORTIZ;NT00;Contado;Z006;Alimentos;24;Manufactura; CAGUA ARAGUACALLE 13 CASA NRO 13/36 URB. EL BOSQUESECTOR LOS NARANJOS;0414-4890457;V093442322;ZARA000015;MARACAY;ZVE003;Zona Centro;120;GV ClReg. Ampofr.;Aragua;06.03.2019;;7000003402;24.09.2019;1400002356;31.10.2019;CRISTOBAL BRICEÑO;0414-4890460;120003;HERNANDEZ HORACIO;0;;VED;17;Precio Base General;60
10001843;SERMATGEN, C.A.;NT00;Contado;Z015;Comercializadora;24;Manufactura;GUACARA CARABOBOSECTOR LOS GIRASOLES DEGUACARA;0245-4159275;J412131877;ZCAR000004;VALENCIA;ZVE001;Zona Occidente;120;GV ClReg. Ampofr.;Carabobo;25.03.2019;;7000002967;24.04.2019;;;JAVIER ALARCON;0414-409077;120005;REYES SANCHEZ JORGE;0;;VED;17;Precio Base General;60
10001848;MULTITIENDAS LIND´S COFFE, C.A;NT00;Contado;Z015;Comercializadora;24;Manufactura;1° DE MAYO CABIMASAV 32 CON CALLE ZARAZALOCAL N A NRO S/N SECTORZULIA;0264-2611017;J412125354;ZZUL000003;ZULIA;ZVE001;Zona Occidente;120;GV ClReg. Ampofr.;Zulia;04.04.2019;SI;7000002974;26.04.2019;;;MARGUELIS GUERERE;0412-0733365;120003;HERNANDEZ HORACIO;0;;VED;17;Precio Base General;60
10001849;COSMETICOS BELLE FILLE, C.A.;NT00;Contado;Z016;Cosmetica;24;Manufactura; BOLIVAR NORTE VALENCIA CARABOBOLOPEZ LATOUCHE CC PASEO LASACACIAS NIVEL PB LOCAL 09 ZONA AVENIDA;0414-4284713;J411387495;ZCAR000014;VALENCIA;ZVE003;Zona Centro;120;GV ClReg. Ampofr.;Carabobo;04.04.2019;SI;7000010639;19.11.2024;;;CIRA ALICIA HUMPHREY;0424-4453392;120005;REYES SANCHEZ JORGE;0;;VED;17;Precio Base General;60
10001868;EPOXIL DE VENEZUELA, C.A.;NT00;Contado;Z030;Industria Química;24;Manufactura;SECTOR EL REMANSO VALENCIAPORTA PORTESE PARCELA18-A NIVEL B LOCAL G-4;0241-6119412;J316122174;ZCAR000012;VALENCIA;ZVE003;Zona Centro;120;GV ClReg. Ampofr.;Carabobo;24.04.2019;;7000007950;14.04.2023;1600000741;24.05.2019;LIZETH VASQUEZ;0424-4294196;120003;HERNANDEZ HORACIO;0;;VED;17;Precio Base General;60
10001869;INVERSIONES AGUA CLARA 2018, C.A.;NT00;Contado;Z006;Alimentos;24;Manufactura;ARAGUSNRO 03 URB LOS NISPEROSTURMERO;0414-1162589;J411468401;ZARA000013;MARACAY;ZVE003;Zona Centro;120;GV ClReg. Ampofr.;Aragua;24.04.2019;;7000003031;17.05.2019;;;ROBERT IZAGUIRRE;;120005;REYES SANCHEZ JORGE;0;;VED;17;Precio Base General;60
10001870;EL CONDIMENTO BLANDIN, C.A.;NT00;Contado;Z006;Alimentos;24;Manufactura;CARACAS DTTO. CAPITALKM 9 LOCAL NRO. 15SECTOR LOS NISPEROS EL AGUACATE;0212-4223681;J311755241;ZMIR000009;MIRANDA;ZVE004;Zona Metropolitana;120;GV ClReg. Ampofr.;Miranda;24.04.2019;;7000003480;29.10.2019;1600000917;30.09.2019;EDGAR RAMIREZ;0412-3956828;120003;HERNANDEZ HORACIO;0;;VED;17;Precio Base General;60
10001876;SOTO GLOBAL GROUP, C.A.;NT00;Contado;Z039;Productos De Limpiez;17;Embotelladoras;URB LA TRINIDAD CARACAS MIRANDAAV GONZALEZ RINCONESQTA TECNOTENDENCIA;0212 9450007;J412556088;ZCAR000008;;ZVE004;Zona Metropolitana;120;GV ClReg. Ampofr.;Miranda;10.05.2019;;7000012166;10.02.2026;1600005281;18.02.2026;FABIO SOTO;;120005;REYES SANCHEZ JORGE;0;;VED;17;Precio Base General;60
10001880;IPS DE VENEZUELA DE VENEZUELA;NT00;Contado;Z018;Cuidado Personal;24;Manufactura;NIVEL 1 OF N 11-1AV INTERCOMUNAL  BARQUISIMETOACARIGUA CC EMPRESARIAL LOS ANDESSECTOR LOS RASTROJOSLOS RASTROJOS LARA;0251- 2614823;J294750850;ZLAR000003;;VE0003;Zona Occidente;120;GV ClReg. Ampofr.;Lara;16.05.2019;SI;;;;;YARELIS GIMENEZ;0424-5035612;0;;0;;VED;17;Precio Base General;60
10001881;DROGUERIA BRIMEDC;NT00;Contado;Z018;Cuidado Personal;24;Manufactura;EMPRESARIAL LOS ANDES  NRO 12AV.  INTERCOMUNAL CON CALLE PADREAULAR CARRERA 1  LOCAL CENTRO SECTOR CAÑA BRAVA, PALAVECINOLOS RASTROJOS LARA;0251- 2614823;J311942270;ZLAR000003;;VE0003;Zona Occidente;120;GV ClReg. Ampofr.;Lara;16.05.2019;SI;;;;;YARELIS GIMENEZ;0424-5242929;0;;0;;VED;17;Precio Base General;60
10001886;INNOVA BUSINESS CORPORATION, C.A;NT00;Contado;Z018;Cuidado Personal;24;Manufactura;LARALOCAL GALPON NRO 73075SECTOR OESTE BARQUISIMETO;0251-4181916;J405463414;ZLAR000003;LARA;ZVE007;Zona Centro Occid.;120;GV ClReg. Ampofr.;Lara;22.05.2019;SI;7000003050;23.05.2019;;;MARIA ORTIZ;;120005;REYES SANCHEZ JORGE;0;;VED;17;Precio Base General;60
10001888;INVERSIONES KARIMAR C.A.;NT00;Contado;Z015;Comercializadora;24;Manufactura;MARACAYLOCAL NRO. 54 SECTORCENTRO DE;0243-2461005;J294318568;ZARA000004;MARACAY;ZVE003;Zona Centro;120;GV ClReg. Ampofr.;Aragua;23.05.2019;;;;;;JUAN BADRA;0414-3462531;120005;REYES SANCHEZ JORGE;0;;VED;17;Precio Base General;60
10001893;POLIPLASTIC MARACAY C.A;NT00;Contado;Z019;Distribuidores;24;Manufactura;MARACAY ARAGUA104 BARRIO ANDRESELOY BLANCO;0243-2362385;J407895303;ZARA000004;MARACAY;ZVE003;Zona Centro;120;GV ClReg. Ampofr.;Aragua;30.05.2019;;7000005476;12.08.2021;1400002332;22.08.2019;HECTOR MENDEZ;0416-4436077;120005;REYES SANCHEZ JORGE;0;;VED;17;Precio Base General;60
10001897;DISTALCA, C.A.;NT00;Contado;Z015;Comercializadora;24;Manufactura;INDUSTRIAL CALABOZO GUARICOAV FRANCISCO DE MIRANDA FRENTEAL AEROPUERTO LOCAL NRO SIN NRO ZONA;0414-3841852;J-411148229;ZGUA000004;CALABOZO GUARICO;ZVE006;Zona Llanos;120;GV ClReg. Ampofr.;Guarico;03.06.2019;SI;7000003333;28.08.2019;;;;;120005;REYES SANCHEZ JORGE;0;;VED;17;Precio Base General;60
10001898;YAJAIRA JOSEFINA ALFONZO LOPEZ;NT00;Contado;Z017;Cuidado Del Hogar;24;Manufactura;LOS FLAMINGOS MARACAYEDIF B PISO 1 APT 1-3URB. BASE ARAGUA CONJUNTO RESIDENCIAL;0416-6439640;V068952359;ZARA000004;MARACAY;ZVE003;Zona Centro;120;GV ClReg. Ampofr.;Aragua;04.06.2019;;7000003191;10.07.2019;;;YAJAIRA ALFONZO;;120005;REYES SANCHEZ JORGE;0;;VED;17;Precio Base General;60
10001899;REPRESENTACIONES CARCA, C.A.;NT00;Contado;Z030;Industria Química;24;Manufactura;ARAGUASECTOR SANTAANA MARACAY;0414-4508863;J411750069;ZARA000004;MARACAY;ZVE003;Zona Centro;120;GV ClReg. Ampofr.;Aragua;05.06.2019;;;;;;CARMEN CAIFA;;120003;HERNANDEZ HORACIO;0;;VED;17;Precio Base General;60
10001900;PLASTIFARMA, C.A.;NT00;Contado;Z024;Farmacia;24;Manufactura;EDO ARAGUA TURMEROGALPON NRO 5 SECTORLA PROVIDENCIA TURMERO;0243-2192064;J310987645;ZARA000013;MARACAY;ZVE003;Zona Centro;120;GV ClReg. Ampofr.;Aragua;05.06.2019;;7000003180;03.07.2019;1600000772;13.06.2019;JORGE ROYER;;0;;0;;VED;17;Precio Base General;60
10001901;PAOLA RAQUEL LOPEZ GAMBOA;NT00;Contado;Z030;Industria Química;24;Manufactura;126-48-11 URB CORINSA CAGUAAV ALEJANDRO JIMENEZ SUR CRUCE CONCALLE CUYUNI CASA DE LA ESQUINA NROARAGUA;0244-3961665;E819914772;ZARA000004;CAGUA;ZVE003;Zona Centro;120;GV ClReg. Ampofr.;Aragua;07.06.2019;;7000003226;18.07.2019;1400002323;19.07.2019;;0424-3273517;120003;HERNANDEZ HORACIO;0;;VED;17;Precio Base General;60
10001903;FABRICA DE PRODUCTOS COSMETOLOGICOS;NT00;Contado;Z018;Cuidado Personal;24;Manufactura; CONJUNTO RESIDENCIAL CARIBBEANAV MILAGRO NORTE CASA NRO 17CONJUNTO RESIDENCIAL VILLAGE MARACIBO ZULIA;0414-6222492;J410005181;ZZUL000013;MARACAIBO;ZVE001;Zona Occidente;120;GV ClReg. Ampofr.;Zulia;10.06.2019;;7000004339;10.09.2020;1400002411;11.09.2020;JESUS HERNANDEZ;;120005;REYES SANCHEZ JORGE;0;;VED;17;Precio Base General;60
10001906;CRISTIAN JESUS SANCHEZ SANCHEZ;NT00;Contado;Z015;Comercializadora;24;Manufactura;CARABOBOCALLE MORONCITO CASA NRO 14-60ZONA CASCO CENTRAL PUERTO CABELLO;0412-4000280;V158624440;ZCAR000011;PTO. CABELLO;ZVE003;Zona Centro;120;GV ClReg. Ampofr.;Carabobo;12.06.2019;;7000003108;12.06.2019;;;DANIELA CURE;;120005;REYES SANCHEZ JORGE;0;;VED;11;Distribuidores;60
10001907;DEVENALSA DESHIDRATADORA VENEZOLANA;NT00;Contado;Z006;Alimentos;11;Cadena Nacional;P1-OFC-05 URB LOS RUICES CARACASAV. PRINCIPAL DE LOS RUICES EDIF CENTROCORPORATIVO LOS RUICES PISO 1 OF;0212-9356566;J298481900;ZDC0000001;MIRANDA;ZVE004;Zona Metropolitana;120;GV ClReg. Ampofr.;Miranda;13.06.2019;SI;7000004230;12.08.2020;1600001404;14.09.2020;;;120003;HERNANDEZ HORACIO;0;;VED;17;Precio Base General;60
10001912;CARLOS JOSE TEJERA BOLIVAR;NT00;Contado;Z018;Cuidado Personal;24;Manufactura;COJEDESCALLE PRINCIPAL VIA LAS ROSALIASCASA NRO S/N SECTOR SABANETA LA AGUADITA;0258-766-0622;V191828166;ZCOJ000009;COJEDES;ZVE007;Zona Centro Occid.;120;GV ClReg. Ampofr.;Cojedes;18.06.2019;;7000003397;23.09.2019;;;CARLOS TEJERA;0424-434-7740;120003;HERNANDEZ HORACIO;0;;VED;17;Precio Base General;60
10001914;CORPORACION TERRA MARE, C.A.;NT00;Contado;Z006;Alimentos;24;Manufactura;MIRANDAAV LA INDUSTRIA EDIF ENRIQUE IV PISO 4 OF 4 URD PALO VERDE CARACAS (PETARE);0212-2516102;J404507418;ZMIR000019;MIRANDA;ZVE004;Zona Metropolitana;120;GV ClReg. Ampofr.;Miranda;18.06.2019;SI;;;;;LILIANA GONZALEZ;;0;;0;;VED;17;Precio Base General;60
10001916;57 GROUP, C.A.;NT00;Contado;Z015;Comercializadora;24;Manufactura; MIRANDAAV 1ERA SUR EDIF DUMAS PISO 3 APT 13URB ALTAMIMIRA CARACAS (CHACAO);0412-2836598;J299647985;ZMIR000007;;ZVE004;Zona Metropolitana;120;GV ClReg. Ampofr.;Miranda;18.06.2019;SI;;;;;SANDRA BERTINI;;0;;0;;VED;17;Precio Base General;60
10001918;ODRES C. A.;NT00;Contado;Z021;Embotelladora;24;Manufactura;VALENCIA CARABOBOAV POCATERRACASA NRO 69-10 URB TRIGAL CENTRO;0424-1152698;J408075385;ZCAR000014;CARABOBO;ZVE003;Zona Centro;120;GV ClReg. Ampofr.;Carabobo;19.06.2019;;7000003523;15.11.2019;1400002342;30.09.2019;;;120005;REYES SANCHEZ JORGE;0;;VED;17;Precio Base General;60
10001919;CORPORACION EMPRESARIAL LAUMAR C.A.;NT00;Contado;Z015;Comercializadora;24;Manufactura;MARACAY EDO. ARAGUAVDA 95 CASA NRO 07 URB LAS ACACIAS,MARACAY EDO. ARAGUA;;J294297552;ZARA000005;MARACAY;ZVE003;Zona Centro;120;GV ClReg. Ampofr.;Aragua;20.06.2019;;7000009734;20.05.2024;;;RAFAEL G. HERNANDEZ A;;120005;REYES SANCHEZ JORGE;0;;VED;17;Precio Base General;60
10001920;INVERSIONES DHANTONE, C.A.;NT00;Contado;Z021;Embotelladora;24;Manufactura; LOCAL SECTOR  NAGUANAGUACALLE NAGUANAGUA Y HERMOGENESLOPEZ CC COMERCIAL NRO 5 NIVEL -CARABOBO;0414-4050661;J409160815;ZCAR000010;LOPEZ CC COMERCIAL;ZVE003;Zona Centro;120;GV ClReg. Ampofr.;Carabobo;21.06.2019;;7000003171;28.06.2019;;;;;120005;REYES SANCHEZ JORGE;0;;VED;17;Precio Base General;60
10001924;MELPCOMP TECNOLOGY, C.A.;NT00;Contado;Z024;Farmacia;24;Manufactura;MARACAIBO  ZULIACALLE 62 A CASA NRO 79-76 BARRIO BAJO SECO;0424-6401653;J402320370;ZARA000005;MARACAIBO;ZVE003;Zona Centro;120;GV ClReg. Ampofr.;Zulia;28.06.2019;;;;;;;0424-6404786;0;;0;;VED;17;Precio Base General;60
10001925;LICORERIA SAN JOSE C.A.;NT00;Contado;Z034;Licores;24;Manufactura;BARQUISIMETO LARACALLE 6 AL FINAL EDIF NRO S/N PISONO INDICA SECTOR EL ALAMBIQUE;0251-2730792;J085043063;ZLAR000003;;ZVE007;Zona Centro Occid.;120;GV ClReg. Ampofr.;Lara;02.07.2019;SI;7000007648;06.02.2023;1600003642;08.06.2023;RAUL A. CAMARGO;0414-5134929;120005;REYES SANCHEZ JORGE;0;;VED;17;Precio Base General;60
10001926;ALCOHOLES Y AÑEJOS MONAGAS, C.A.;NT00;Contado;Z034;Licores;24;Manufactura; MATURIN MONAGASCALLE 4 ENTRE 10-A Y10-B MANZANA27 LOCAL NRO S/N ZONA INDUSTRIAL;0291-3160718;J403651639;ZMON000008;MONAGAS;VE0005;Zona Centro;120;GV ClReg. Ampofr.;Monagas;02.07.2019;SI;7000003228;19.07.2019;1600000853;21.08.2019;SORENNIS RODRIGUEZ;;120005;REYES SANCHEZ JORGE;0;;VED;17;Precio Base General;60
10001927;INDUSTRIAS FLAMANTE, C.A;NT00;Contado;Z030;Industria Química;24;Manufactura;BARQUISIMETO LARACALLE 36 ENTRE  CARRERAS 28 Y 29CASA NRO S/N 28-72 SECTOR EL MALECON;0412-7679135;J412603183;ZLAR000003;BARQUISIMETO;ZVE007;Zona Centro Occid.;120;GV ClReg. Ampofr.;Lara;03.07.2019;;7000011980;26.11.2025;1400002799;22.10.2025;AMYLCAR GARCIA;0251-9925532;120005;REYES SANCHEZ JORGE;0;;VED;17;Precio Base General;60
10001928;ALIMENTOS DOÑA DIGNA C.A.;NT00;Contado;Z006;Alimentos;24;Manufactura;LA VICTORIA ARAGUAAV GRAN COLOMBIA LOCAL GALPONNRO S/N ZONA INDUSTRIAL LA CHAPA;0244-3222491;J-294399118;ZARA000006;;ZVE003;Zona Centro;120;GV ClReg. Ampofr.;Aragua;10.07.2019;SI;7000007554;09.01.2023;1400002823;30.10.2025;;;120003;HERNANDEZ HORACIO;0;;VED;17;Precio Base General;60
10001929;PASBENQUIM C A;NT00;Contado;Z017;Cuidado Del Hogar;24;Manufactura;ESTELA PISO PB LOCAL 20CALLE CARABOBO C/C SANTOSMICHELENA EDIF RES. BENNYSECTOR CENTRO MARACAY;0424-3725668;J075551788;ZARA000004;MARACAY;ZVE003;Zona Centro;120;GV ClReg. Ampofr.;Aragua;16.07.2019;SI;7000003558;27.11.2019;1600000998;04.12.2019;BENNY SCAVO;0424-3725668;120003;HERNANDEZ HORACIO;0;;VED;17;Precio Base General;60
10001935;INVERSIONES CONDI RICO, C.A.;NT00;Contado;Z006;Alimentos;24;Manufactura;NORTE LA ASUNCIONCALLE CALLEJON VILLALBA 3LOCAL NRO S/N SECTOR ATAMONUEVA ESPARTA;0424-8120537;J311949020;ZNE0000008;NUEVA ESPARTA;ZVE002;Zona Oriente;120;GV ClReg. Ampofr.;Nueva Esparta;26.07.2019;SI;7000011300;03.06.2025;1600004978;30.06.2025;CARLA CASTRO;0414-8421500;120003;HERNANDEZ HORACIO;0;;VED;17;Precio Base General;60
10001938;DISTRIBUIDORA MAYA 3076 C.A;NT00;Contado;Z019;Distribuidores;24;Manufactura;CENTER NIVEL 1 LOCAL 1-4 SECTORAV. INTERCOMUNAL SENTIDOMARACAY-TURMERO CC INTERCOMUNALLA MORITA TURMERO;;J406550833;ZARA000013;MARACAY;ZVE003;Zona Centro;120;GV ClReg. Ampofr.;Aragua;31.07.2019;;7000004462;16.10.2020;;;;;120003;HERNANDEZ HORACIO;0;;VED;17;Precio Base General;60
10001939;SOLINVET SOLUCIONES INNOVADORAS;NT00;Contado;Z036;Medicina Veterinaria;23;Laboratorios;VILLA DE CURA ARAGUAAV. BOLIVAR OESTE LOCALNRO. 131 SECTOR LOS COLORADOS,;0244-3880149;J404974679;ZARA000018;VILLA DE CURA;ZVE003;Zona Centro;120;GV ClReg. Ampofr.;Aragua;01.08.2019;;7000003259;07.08.2019;1600000846;21.08.2019;AUSULLYMAR PEREZ;0424-3881049;120005;REYES SANCHEZ JORGE;0;;VED;17;Precio Base General;60
10001940;MULTISERVICIOS LAYNA IMPORT C.A.;NT00;Contado;Z043;Salud;23;Laboratorios;CALLE NEVERI CC LOS CHAGUARAMOSNIVEL PISO 14 OF 14-2  URB LOSCHAGUARAMOS;0212-6721444;J401861075;ZDC0000001;CARACAS;ZVE004;Zona Metropolitana;120;GV ClReg. Ampofr.;Distrito Federal;01.08.2019;;7000005844;16.11.2021;;;MIGUEL SANSANO;0414-1786116;100082;MOSES M  MERY S;100041;GARCIA M  VICTOR J;VED;17;Precio Base General;60
10001945;INVERSIONES PULGAR ARIAS, C.A;NT00;Contado;Z019;Distribuidores;24;Manufactura;MARACAYCALLE 2 EDIF LOS SAMANES PISO7 APT 73 URB BASE ARAGUA;0243-2334960;J409324745;ZARA000004;MARACAY;ZVE003;Zona Centro;120;GV ClReg. Ampofr.;Aragua;08.08.2019;;7000011720;16.09.2025;1400002711;17.09.2025;RICARDO JOSE PULGAR;0424-315678;120005;REYES SANCHEZ JORGE;0;;VED;17;Precio Base General;60
10001949;INVERSIONES LATIF 2018, C.A.;NT00;Contado;Z016;Cosmetica;24;Manufactura;CALLE LAS FLORES LOCAL LOCAL NRO10 LOCAL 10 SECTOR PUENTE HIERROCARACAS DISTRITO CAPITAL;0212-5420695;J-412296400;ZMIR000003;;ZVE004;Zona Metropolitana;120;GV ClReg. Ampofr.;Distrito Federal;15.08.2019;SI;;;;;;0424-2114187;0;;0;;VED;17;Precio Base General;60
10001951;SAMI LUX, C.A;NT00;Contado;Z018;Cuidado Personal;24;Manufactura;Y 02 SECTOR CENTRO SAN RAFAELAV. 03 BOLIVAR ENTRE CALLES 03 Y 04 EDIFCRISTIAN 2 PISO PLANTA ALTA LOCAL 01DE ONOTO PORTUGUESA;0424-5914 041;J411284980;ZPOR000011;PORTUGUESA;ZVE007;Zona Centro Occid.;120;GV ClReg. Ampofr.;Portuguesa;20.08.2019;;;;;;;;0;;0;;VED;17;Precio Base General;60
10001954;BETTY ELIDE CASTILLO;NT00;Contado;Z018;Cuidado Personal;24;Manufactura;ARAGUA SANTA RITA ARAGUACALLE MANAURE CASA NRO 3 URB MORITAII, SECTOR LA CANDELARIA, ESTADO;0243-2716259;V101463334;ZARA000004;;ZVE003;Zona Centro;120;GV ClReg. Ampofr.;Aragua;20.08.2019;;7000006922;27.07.2022;1400002432;23.10.2020;;0412-4205933;120003;HERNANDEZ HORACIO;0;;VED;17;Precio Base General;60
10001957;LE SAVON 702, C.A.;NT00;Contado;Z018;Cuidado Personal;24;Manufactura;CAPITALCALLE COMERCIO QTA SONIA NRO  S/N URBPRADO DE MARIA CARACAS DISTRITO;0212-6317884;J408308932;ZDC0000001;DISTRITO CAPITAL;ZVE004;Zona Metropolitana;120;GV ClReg. Ampofr.;Distrito Federal;22.08.2019;;7000004598;19.11.2020;;;ADRIANA PEREZ;0212-6315885;120005;REYES SANCHEZ JORGE;0;;VED;17;Precio Base General;60
10001960;BIO DETERGENTES BARINAS, C.A.;NT00;Contado;Z024;Farmacia;24;Manufactura;CENTRO BARINAS BARINASAV LIBERTAD CON CALLE EL SOL EDIF12-14 PISO PLANTA BAJA LOCAL B SECTOR;0414-398-45-50;J412611917;ZARA000005;;ZVE003;Zona Centro;120;GV ClReg. Ampofr.;Barinas;29.08.2019;;7000012127;28.01.2026;1400003015;12.02.2026;WILMER BRICEÑO;;120005;REYES SANCHEZ JORGE;0;;VED;17;Precio Base General;60
10001971;EL REY DEL PLASTICO, C.A.;NT00;Contado;Z019;Distribuidores;24;Manufactura;CTRA TURMERO-MARACAYLOCAL CENTRO INDUSTRIAL SALADINONRO 2 SECTRO LA PROVIDENCIA TURMERO;0414-4940652;J305549974;ZARA000013;MARACAY;ZVE003;Zona Centro;120;GV ClReg. Ampofr.;Aragua;03.09.2019;;7000003356;06.09.2019;;;;;120005;REYES SANCHEZ JORGE;0;;VED;17;Precio Base General;60
10001976;CATAPLAS CA;NT00;Contado;Z019;Distribuidores;24;Manufactura;LARACR VIA QUIBOR KM-13 CASA NRO 13URB VILLA CREPUSCULAR BARQUISIMETO;0414-3520432;J-404459030;ZLAR000003;BARQUISIMETO;ZVE007;Zona Centro Occid.;120;GV ClReg. Ampofr.;Lara;09.09.2019;;7000003363;11.09.2019;;;JOAQUIN DE FREITAS;;120003;HERNANDEZ HORACIO;0;;VED;17;Precio Base General;60
10001978;COMERCIALIZADORA AMPAYIOLA C.A;NT00;Contado;Z006;Alimentos;24;Manufactura; VILLA ROSA NUEVA ESPARTAAV JUAN BAUTISTA ARISMENDI CASA NROC-82 URB EL PORTAL DE LAGUNA 3;;J-411156582;ZNE0000003;NUEVA ESPARTA;ZVE002;Zona Oriente;120;GV ClReg. Ampofr.;Nueva Esparta;12.09.2019;;7000004554;10.11.2020;;;;;120003;HERNANDEZ HORACIO;0;;VED;17;Precio Base General;60
10001994;STRONG VET C A;NT00;Contado;Z019;Distribuidores;24;Manufactura; LA CANDELARIA VALENCIAAV SOUBLETTE CC VALENCIA CENTERNIVEL PB 2DO PISO OF  8 SECTORCARABOBO;0424-430-6505;J-403362998;ZCAR000014;;VE0003;Zona Occidente;120;GV ClReg. Ampofr.;Carabobo;25.09.2019;;7000003425;02.10.2019;1400002346;07.10.2019;ANDREA VARGAS;;120003;HERNANDEZ HORACIO;0;;VED;17;Precio Base General;60
10001998;FARMACIA LA POPULAR JALISCO, C.A;NT00;Contado;Z035;Medicina Humana;24;Manufactura;ZULIAAV. 7 LOCAL NRO ROP SECTOR JALISCOLA VILLA DEL ZULIA;0263-4511790;J-409955079;ZZUL000016;;ZVE001;Zona Occidente;120;GV ClReg. Ampofr.;Zulia;26.09.2019;;7000003489;31.10.2019;;;OSVALDO URDENTA;0424-6432121;120005;REYES SANCHEZ JORGE;0;;VED;17;Precio Base General;60
10002000;CASA DE REPRESENTACIONES;NT00;Contado;Z015;Comercializadora;24;Manufactura;CECILIA VALENCIA CARABOBOCALLES MONTES DE OCA CC  CARIBEAN PLAZA NIVEL LANTA ALTA LOCAL 58 URB SANTA;0241-8256190;J403838585;ZCAR000014;;VE0003;Zona Occidente;120;GV ClReg. Ampofr.;Carabobo;30.09.2019;;7000004909;15.03.2021;;;;0424-4735052;120005;REYES SANCHEZ JORGE;0;;VED;17;Precio Base General;60
10002012;EL ABASTICO DULCE C.A.;NT00;Contado;Z006;Alimentos;;; LOCAL A-94 SECTOR ESTEAV. LIBERTADOR CON AVENIDA BRACAMONTECC ARENA PLAZA NIVEL PBBARQUISIMETOLARA;0412-5245304;J413061406;ZLAR000003;BARQUISIMETO;ZVE007;Zona Centro Occid.;120;GV ClReg. Ampofr.;Lara;11.10.2019;;7000003472;28.10.2019;;;ALFREDO GAMEZ;;120005;REYES SANCHEZ JORGE;0;;VED;17;Precio Base General;60
10002015;COSMETICOS FRESH-ONES, C.A.;NT00;Contado;Z018;Cuidado Personal;24;Manufactura;CARACAS MIRANDACALLE PASEO PASEO GUAICAIPURO EDIFDOS RIOS PISO PB OF PB URB BARUTA;0414-4572664;J305286442;ZCAR000008;MIRANDA;ZVE003;Zona Centro;120;GV ClReg. Ampofr.;Miranda;28.10.2019;SI;7000005891;25.11.2021;1600002129;29.11.2021;;;120005;REYES SANCHEZ JORGE;0;;VED;17;Precio Base General;60
10002017;NISOQUIM, C.A.;NT00;Contado;Z018;Cuidado Personal;24;Manufactura; MERIDACALLE CERO QTA JESUS DE NAZARETHNRO  S/N URB LA MARA MERIDA;0424-7693966;J409060730;ZMER000012;MERIDA;ZVE008;Zona Andina;120;GV ClReg. Ampofr.;Merida;31.10.2019;;7000003932;24.04.2020;1600001171;24.04.2020;FREDDY CARRILLO;;120003;HERNANDEZ HORACIO;0;;VED;17;Precio Base General;60
10002018;ACOPERCA, C.A;NT00;Contado;Z030;Industria Química;24;Manufactura;ARAGUAAV INTERCOMUNAL CC COCHE ARAGUANIVEL 2 OF E -2 SECTOR LA MORITA TURMERO;0243-2695443;J401517609;ZARA000013;;ZVE008;Zona Andina;120;GV ClReg. Ampofr.;Aragua;31.10.2019;SI;;;;;;0416-7450222;0;;0;;VED;17;Precio Base General;60
10002019;INDUSTRIAS RECICAB, C.A.;NT00;Contado;Z015;Comercializadora;24;Manufactura;LINDEROSCALLE ANGELONES CASA NRO MD 12 URBCOLINAS DE GUATAPARO, SECTOR CRUCE CONVALENCIA CARABOBO;0412 8541671;J407708643;ZCAR000014;;VE0003;Zona Occidente;120;GV ClReg. Ampofr.;Carabobo;01.11.2019;;7000008990;29.11.2023;1400002463;23.06.2025;RAFAEL PEREZ;;120002;AMPOFRASCA OFICINA;0;;VED;17;Precio Base General;60
10002023;INDUSTRIAS QUIMICAS;NT15;Crédito 15 Días;Z035;Medicina Humana;23;Laboratorios;CALLE 64 ENTRE CARRERASSECTOR OESTE BARQUISIMETO13 Y 13A  LOCAL NRO. 13-49;0412-6532635;J409265889;;BARQUISIMETO;ZVE007;Zona Centro Occid.;120;GV ClReg. Ampofr.;Lara;07.11.2019;;7000005070;30.04.2021;1600002871;28.09.2022;Damileth Ramirez;;120005;REYES SANCHEZ JORGE;0;;VED;17;Precio Base General;60
10002024;INVERSIONES ATLANTIS A&A, C.A.;NT00;Contado;Z006;Alimentos;24;Manufactura;CALLE PETION CC DON LORENZOSECTOR CENTRO TURMEROTRASOLINI NIVEL PB LOCAL 1;0414 4494156;J412966502;ZARA000013;ARAGUA;ZVE003;Zona Centro;120;GV ClReg. Ampofr.;Aragua;08.11.2019;;7000005845;16.11.2021;1400002392;22.06.2020;ABELARDO ZEGHEN;;120005;REYES SANCHEZ JORGE;0;;VED;17;Precio Base General;60
10002031;PROCESADOS SIERRA NEVADA, C.A;NT00;Contado;Z024;Farmacia;24;Manufactura;SAN JUAN  DE LAGUNILLAS SAN JUANCALLE PRINCIPAL LOCAL GALPON NROS/N SECTOR LLANO DE SAN ANTONIO,MERIDA;0412-2486736;J403372713;ZARA000005;;ZVE003;Zona Centro;120;GV ClReg. Ampofr.;Merida;14.11.2019;;7000003790;11.03.2020;;;;0416-7732005;120005;REYES SANCHEZ JORGE;0;;VED;17;Precio Base General;60
10002032;LIFE TREE REPRESENTACIONES C.A;NT00;Contado;Z024;Farmacia;24;Manufactura;PISO 1, OFICINA 101 SECTOR  ELAV JOSE ANTONIO PAEZ CC CENTROPROFESIONAL EL PARAISO NIVEL PISO 1 OFPARAISO CARACAS DISTRITO CAPITAL;0212-4610741;J308029335;ZCAR000008;;ZVE004;Zona Metropolitana;120;GV ClReg. Ampofr.;Distrito Federal;14.11.2019;;7000003557;27.11.2019;;;GLENDY LOPEZ;0424-141213;120005;REYES SANCHEZ JORGE;0;;VED;17;Precio Base General;60
10002033;EMPRESAS CLIC, S.A.;NT00;Contado;Z018;Cuidado Personal;24;Manufactura;CARACAS MIRANDAAV RIO PARAGUA CC LA PIRAMIDE NIVELPLANTA ALTA OF 18-D URB PRADOS DEL ESTE;0212-978-24-68;J412622650;ZDC0000001;;ZVE004;Zona Metropolitana;120;GV ClReg. Ampofr.;Miranda;14.11.2019;;;;;;;0412-905-7170;0;;0;;VED;17;Precio Base General;60
10002037;HILDA EDDY RANGEL DE URDANETA;NT00;Contado;Z015;Comercializadora;24;Manufactura;CARACAS (EL CAFETAL) MIRANDAAV PPAL DE LA BONITA EDIF LA COLINA APISO 6 APT 6-E URB LA BONITA LA TRINIDAD;0412-7215461;V045812908;ZDC0000001;;ZVE004;Zona Metropolitana;120;GV ClReg. Ampofr.;Miranda;20.11.2019;;7000004970;12.04.2021;;;;;120003;HERNANDEZ HORACIO;0;;VED;17;Precio Base General;60
10002043;MEDIENTREGAS CA;NT00;Contado;Z063;Tiendas Por Dpto.;24;Manufactura;BARQUISIMETO LARACALLE 25 ENTRE CARRERAS 33 Y AVENIDACARABOBO LOCAL NRO S/N ZONA CENTRO;2512736054;J312119730;ZLAR000003;;ZVE007;Zona Centro Occid.;120;GV ClReg. Ampofr.;Lara;25.11.2019;SI;7000005387;21.07.2021;1600001889;30.07.2021;JESUS PEREZ;0424-5774912;120005;REYES SANCHEZ JORGE;0;;VED;17;Precio Base General;60
10002045;MOTO REPUESTOS CHINA, C.A.;NT00;Contado;Z019;Distribuidores;24;Manufactura;MERIDACALLE 03 LOCAL NRO GALPON H6SECTOR ZONA INDUSTRIAL EL VIGIA;0424-7087438;J403125830;ZMER000012;;ZVE008;Zona Andina;120;GV ClReg. Ampofr.;Merida;25.11.2019;SI;7000004377;23.09.2020;1600001473;15.10.2020;LUISANA AMESTY;;120005;REYES SANCHEZ JORGE;0;;VED;17;Precio Base General;60
10002047;CARKIN, C.A.;NT00;Contado;Z018;Cuidado Personal;;;SECTOR EL CENTRO DE SAN FELIXCALLE CHIPIA CON CALLE RAMIREZEDIF C.C EL CENTRO PISO 2 LOCAL 216CIUDAD GUAYANA BOLIVAR;0424-2318884;J412853864;ZBOL000005;;ZVE005;Zona Oriente Sur;120;GV ClReg. Ampofr.;Bolívar;26.11.2019;;7000003566;28.11.2019;;;JOSE ARLEY CARDONA;;120003;HERNANDEZ HORACIO;0;;VED;17;Precio Base General;60
10002049;HAR CORPORATION, C.A;NT00;Contado;Z006;Alimentos;24;Manufactura; LOCAL 1 SECTOR CENTRO PUNTO FIJOCALLE PANAMA ENTRE AVENIDAGARCES Y MARIÑO EDIF LA MUÑECA PISO 32FALCON;0414-0741038;J405603402;ZFAL000005;;ZVE007;Zona Centro Occid.;120;GV ClReg. Ampofr.;Falcon;28.11.2019;;7000005746;28.10.2021;1600002057;31.10.2021;;;120005;REYES SANCHEZ JORGE;0;;VED;17;Precio Base General;60
10002052;CARLOS ADRIAN CASTAÑO SERNA;NT00;Contado;Z015;Comercializadora;24;Manufactura; DISTRITO CAPITALAV GRAN AVENIDA EDIF ARAUCA PISO06 APT 64 URB LOS CAOBOS CARACAS;0414-1528091;E845787940;ZDC0000001;;ZVE004;Zona Metropolitana;120;GV ClReg. Ampofr.;Distrito Federal;03.12.2019;;7000003760;05.03.2020;;;;;120005;REYES SANCHEZ JORGE;0;;VED;17;Precio Base General;60
10002053;PROVEEDURIA NATURAL, C.A;NT00;Contado;Z035;Medicina Humana;24;Manufactura;ABAJO CALABOZO GUARICOCTRA NACIONAL VIA SAN FERNANDO DEAPURE LOCAL NRO SIN NRO SECTOR MISION;;J413085852;ZGUA000004;;ZVE006;Zona Llanos;120;GV ClReg. Ampofr.;Guarico;13.12.2019;;7000006197;22.02.2022;;;;;120005;REYES SANCHEZ JORGE;0;;VED;17;Precio Base General;60
10002054;LLANOQUIM, C.A;NT00;Contado;Z019;Distribuidores;24;Manufactura;ACHAGUAS APUREAV JOSE ANTONIO PAEZ EDIF KIKE PISOPB LOCAL 3 SECTOR CENTRO;0414-4627929;J500001398;ZAPU000001;;ZVE006;Zona Llanos;120;GV ClReg. Ampofr.;Apure;22.01.2020;;7000005169;27.05.2021;;;JHOANDER REALZA;;120003;HERNANDEZ HORACIO;0;;VED;17;Precio Base General;60
10002055;CONDIMENTOS GARCIA PITBULL, C.A;NT00;Contado;Z006;Alimentos;24;Manufactura;BARRIO 12 DE OCTUBRECALLE ROMULO GALLEGO CRUCE CON AVENIDAPRINCIPAL ALFARAGUA LOCAL NRO 69SANTA RITA ARAGUA;0414-2968469;J412379666;ZARA000004;;ZVE003;Zona Centro;120;GV ClReg. Ampofr.;Aragua;22.01.2020;;7000003640;23.01.2020;;;JESUS GARCIA;;120003;HERNANDEZ HORACIO;0;;VED;17;Precio Base General;60
10002063;OSWALD PLASTIC, C.A.;NT00;Contado;Z004;Agroindustrial;24;Manufactura;DE LA PASCUA GUARICOAV LAS INDUSTRIAS LOCAL GALPON NRO06 ZONA ZONA INDUSTRIAL LIBERTADOR VALLE;0243-2453074;J311280839;ZGUA000010;;ZVE006;Zona Llanos;120;GV ClReg. Ampofr.;Guarico;05.02.2020;;7000006130;04.02.2022;;;;0416-6467820;120005;REYES SANCHEZ JORGE;0;;VED;17;Precio Base General;60
10002064;ALIMENTOS TERRE, S.A.;NT00;Contado;Z006;Alimentos;24;Manufactura; ZULIACALLE 71 QTA HILDA NRO 75-18 URBLA VICTORIA MARACAIBO;;J-411754021;ZZUL000003;;ZVE001;Zona Occidente;120;GV ClReg. Ampofr.;Zulia;07.02.2020;;7000011919;07.11.2025;1400002809;23.10.2025;HELI JOSE MARTINEZ;;120003;HERNANDEZ HORACIO;0;;VED;17;Precio Base General;60
10002066;INVERSIONES LA FUENTE C.A;NT00;Contado;Z024;Farmacia;24;Manufactura; MARACAYAV MARACAY, ZONA C LOCAL NRO S/NZONA INDUSTRIAL SAN VICENTE,;0243-2373821;J314403419;ZARA000004;;ZVE003;Zona Centro;120;GV ClReg. Ampofr.;Aragua;11.02.2020;SI;7000004217;07.08.2020;1600001359;07.08.2020;ABRAHAM BELLO;0243-2372088;120005;REYES SANCHEZ JORGE;0;;VED;17;Precio Base General;60
10002067;B Y E SUPPLES, C.A;NT00;Contado;Z018;Cuidado Personal;24;Manufactura;CARACAS (CHACAO) MIRANDAAV FRANCISCO DE MIRANDA EDIF RORAIMA PISO 14 OF 14-A URB CAMPO ALEGRE;0414-2274170;J310694222;ZDC0000001;;ZVE004;Zona Metropolitana;120;GV ClReg. Ampofr.;Miranda;11.02.2020;;7000005457;05.08.2021;1400002385;08.05.2020;ALFREDO WAAMONDE;0424-1826015;120004;DAZA RAMON;0;;VED;17;Precio Base General;60
10002069;LUSVAL WATER, C.A.;NT00;Contado;Z005;Agua;24;Manufactura;CALLE ALAS CRUCE CON LA CALLE ELHIPODROMO CC LOS ALMENDRONES NIVEL PBLOCAL NUNERO 4 SECTOR BARRIO LOURDES;0412-4115702;J410267399;ZARA000004;;ZVE003;Zona Centro;120;GV ClReg. Ampofr.;Aragua;13.02.2020;;;;;;LUIS ALBERTO PEREZ;;0;;0;;VED;17;Precio Base General;60
10002074;JOSE A REYES;NT00;Contado;Z024;Farmacia;24;Manufactura; CARABOBOCALLE 160-A CASA NRO 57 URB LAESMERALDA SECTOR E7 VALENCIA;0414-4705566;V033518176;ZCAR000014;;ZVE003;Zona Centro;120;GV ClReg. Ampofr.;Carabobo;17.02.2020;;7000003740;28.02.2020;;;JOSE A REYES;;120005;REYES SANCHEZ JORGE;0;;VED;17;Precio Base General;60
10002076;CESAR DESIDERIO FLORES MORALES;NT00;Contado;Z024;Farmacia;24;Manufactura;MANTECAL APURECALLE PRINCIPAL LOCAL NRO S/NSECTOR FRENTE A LA MANGA DE COLEO;0416-1490190;V232454241;ZAPU000007;;ZVE003;Zona Centro;120;GV ClReg. Ampofr.;Apure;18.02.2020;;;;;;CESAR FLORES;0414-7489175;0;;0;;VED;17;Precio Base General;60
10002083;CARLOS JAVIER MARTINEZ BALSA;NT00;Contado;Z046;Suministros;24;Manufactura;LARGA LA HORMIGA MATURINCALLE VIA LA PICA , VUELTA LARGACASA NRO 28 SECTOR  LA YAGUA VUELTAMONAGAS;;V200021238;ZMON000008;;ZVE002;Zona Oriente;120;GV ClReg. Ampofr.;Monagas;28.02.2020;;7000004283;27.08.2020;;;CARLOS MARTINEZ;;100095;FARFAR CAMACHO GLISNEIDY ISABE;0;;VED;17;Precio Base General;60
10002084;INVERSIONES INGRITECH 2012, C.A.;NT00;Contado;Z015;Comercializadora;24;Manufactura;MARACAY ARAGUAAV A LOCAL GALPON D-2 NRO G 1AZONA INDUSTRIAL SAN VICENTE II;0243-9811511;J401473970;ZARA000004;;ZVE003;Zona Centro;120;GV ClReg. Ampofr.;Aragua;04.03.2020;;7000010399;24.09.2024;1600001071;06.03.2020;;;120003;HERNANDEZ HORACIO;0;;VED;17;Precio Base General;60
10002091;PROQUIFARVEN, C.A.;NT00;Contado;Z024;Farmacia;24;Manufactura;AV MARACAY CC INDUSTRIAL ROMANONIVEL PB LOCAL GALPON G-8 ZONAINDUSTRIAL SAN VICENTE I MARACAY;0243-2372957;J401608639;ZARA000004;MARACAY;ZVE003;Zona Centro;120;GV ClReg. Ampofr.;Aragua;12.03.2020;SI;7000006842;11.07.2022;1600003059;08.12.2022;;0424-3262663;120005;REYES SANCHEZ JORGE;0;;VED;17;Precio Base General;60
10002092;INVERSIONES  0306, C.A;NT00;Contado;Z024;Farmacia;24;Manufactura;VILLA DE CURA ARAGUACALLE H CASA NRO LOTE G NRO 3 ZONAINDUSTRIAL LOS TANQUES;0244-3889565;J406320919;ZARA000004;;ZVE003;Zona Centro;120;GV ClReg. Ampofr.;Aragua;12.03.2020;;7000003797;13.03.2020;;;;;120005;REYES SANCHEZ JORGE;0;;VED;17;Precio Base General;60
10002095;LABORATORIOS OL, C.A;NT00;Contado;Z018;Cuidado Personal;24;Manufactura;CARACAS MIRANDAEDIF VISTA PISO 5 LOCAL 5-SURB BOLEITA;0212-9157266;J295670796;ZMIR000019;MIRANDA;ZVE004;Zona Metropolitana;120;GV ClReg. Ampofr.;Miranda;30.03.2020;;7000008893;13.11.2023;1600004003;22.12.2023;BARBARA VASQUEZ;0414-1323959;120005;REYES SANCHEZ JORGE;0;;VED;17;Precio Base General;60
10002096;IMPORTACIONES CARDONA, C.A;NT00;Contado;Z024;Farmacia;24;Manufactura;CAGUA ARAGUACALLE INDEPENDENCIA NRO 39 15 LOCALLOCAL NRO 02 ZONA DIAGONAL A ELECENTRO;0243-6726627;J299716570;ZARA000005;ARAGUA;ZVE003;Zona Centro;120;GV ClReg. Ampofr.;Aragua;01.04.2020;;7000004448;14.10.2020;;;CARLOS CARDONA;0424-3698729;120005;REYES SANCHEZ JORGE;0;;VED;17;Precio Base General;60
10002097;EL RECIO DE CARORA I C.A.;NT00;Contado;Z034;Licores;17;Embotelladoras;CALLE CUMANA CASA NRO. 25SECTOR EL BRASIL CARORA LARA;0424-5687937;J412683268;ZLAR000008;BARQUISIMETO;ZVE007;Zona Centro Occid.;120;GV ClReg. Ampofr.;Lara;06.04.2020;;;;;;EMERSON LEAL;0412-8519792;0;;0;;VED;17;Precio Base General;60
10002100;PRODUCTOS NACIONALES G & M,C.A.;NT00;Contado;Z019;Distribuidores;;;CALLE VERACRUZ CON CALLE CALI EDIFCAPAYA PISO 1 OF 3 URB LAS MERCEDESCARACAS (EL CAFETAL) MIRANDA;0424-1650440;J408125455;ZDC0000001;MIRANDA;ZVE004;Zona Metropolitana;120;GV ClReg. Ampofr.;Miranda;22.04.2020;;7000006248;07.03.2022;1600002190;15.12.2021;HENGS MIJARES;0212-2328221;120003;HERNANDEZ HORACIO;0;;VED;17;Precio Base General;60
10002101;C.A. DESTILERIA YARACUY;NT00;Contado;Z016;Cosmetica;17;Embotelladoras;CALLE 9 AL FINAL LOCAL CENTRALMATILDE ZONA CHIVACOA;0244-3901234;J000107980;ZYAR000003;YARACUY;ZVE007;Zona Centro Occid.;120;GV ClReg. Ampofr.;Yaracuy;23.04.2020;SI;7000004431;07.10.2020;1600001474;15.10.2020;ANA SOLORZANO;0412-3117367;100107;ALVAREZ R  ELIAS;100033;OFICINA VENDEDOR;VED;17;Precio Base General;60
10002102;SERVICIOS DAYA, C.A;NT00;Contado;Z035;Medicina Humana;24;Manufactura;CALLE LOS COCOS CASA NRO. 32DELICIASBARRIO BARRIO SUCRE SECTOR LAS;0424-4089406;J299357995;ZARA000004;MARACAY;ZVE003;Zona Centro;120;GV ClReg. Ampofr.;Aragua;23.04.2020;;7000003944;29.04.2020;;;CARLOS CARDENAS;0424-4089406;120005;REYES SANCHEZ JORGE;0;;VED;17;Precio Base General;60
10002109;LIMPITO C.A;NT00;Contado;Z024;Farmacia;24;Manufactura;AV LA PISCINA CRUCE CON BUENOSAIRES LOCAL PARCELA NRO 6 SECTOR EL TOCOYAGUA CARABOBO;0414-8735116;J404698485;ZARA000005;;ZVE003;Zona Centro;120;GV ClReg. Ampofr.;Carabobo;12.05.2020;SI;7000003973;12.05.2020;1600001207;22.05.2020;ALEJANDRA SARDUA;;120005;REYES SANCHEZ JORGE;0;;VED;17;Precio Base General;60
10002130;FIMA INTERNACIONAL, C.A;NT00;Contado;Z018;Cuidado Personal;24;Manufactura;AV. PRINCIPAL LOCAL NRO 258ARAGUAURB EL HORTICEÑO PALO NEGRO;0243-5515542;J409928292;ZARA000008;MARACAY;ZVE003;Zona Centro;120;GV ClReg. Ampofr.;Aragua;22.06.2020;;;;;;miguel croquer;0412-4442487;120003;HERNANDEZ HORACIO;0;;VED;17;Precio Base General;60
10002131;BRIGIDA DE LA CRUZ RUIZ REGALADO;NT00;Contado;Z015;Comercializadora;16;Distribuidores Trad.;AV. HORIZONTE CASA 8-08URB HORIZONTE CARACAS;0412-3339699;V054101704;ZDC0000001;CARACAS;ZVE004;Zona Metropolitana;120;GV ClReg. Ampofr.;Distrito Federal;23.06.2020;;7000004292;27.08.2020;;;BRIGIDA DE LA CRUZ;0412-3339699;120005;REYES SANCHEZ JORGE;0;;VED;17;Precio Base General;60
10002135;CHARCUTERIA POPULAR;NT00;Contado;Z006;Alimentos;24;Manufactura; ARAGUACALLE 19 VEREDA 7 CASA NRO 21 URB CAÑA DE AZUCAR;0416-4472277;J408547988;ZARA000004;ARAGUA;ZVE003;Zona Centro;120;GV ClReg. Ampofr.;Aragua;01.07.2020;;7000006774;23.06.2022;1400002435;21.01.2021;;;120005;REYES SANCHEZ JORGE;0;;VED;17;Precio Base General;60
10002142;INVERSIONES GRUPO FAGORO, C.A.;NT00;Contado;Z015;Comercializadora;24;Manufactura;AV. VENEZUELA LOCAL NRO.ARAGUA113 SECTOR SANTA RITA SANTA RITA;0243-2711919;J412969552;ZARA000003;MARACAY;ZVE003;Zona Centro;120;GV ClReg. Ampofr.;Aragua;15.07.2020;;7000004811;10.02.2021;;;;0424-3288508;120003;HERNANDEZ HORACIO;0;;VED;17;Precio Base General;60
10002143;TIERRA DORADA, C.A;NT00;Contado;Z006;Alimentos;24;Manufactura;AV 2 EL MILAGRO EDIF 2.001LUCIA MARACAIBOPISO 1 OF 5 SECTOR SANTA ANA;0414-6372427;J406054887;ZZUL000013;MARACAIBO;ZVE001;Zona Occidente;120;GV ClReg. Ampofr.;Zulia;15.07.2020;;7000004614;24.11.2020;;;TOMAS PARRAGA;0414-6372427;120003;HERNANDEZ HORACIO;0;;VED;17;Precio Base General;60
10002144;COSMETICOS G & G,C.A;NT00;Contado;Z018;Cuidado Personal;24;Manufactura;AV ANTHON PHILIPS CRUCENRO 3 ZONA INDUSTRIAL SAN VICENTECON SEGUNDA TRANSVERSAL LOCAL;0243-2373314;J411130486;ZARA000004;MARACAY;ZVE003;Zona Centro;120;GV ClReg. Ampofr.;Aragua;15.07.2020;;7000010934;11.02.2025;;;VICTALIA MAGALLANES;0412-3436098;120003;HERNANDEZ HORACIO;0;;VED;17;Precio Base General;60
10002145;MINIMARKET LAS FLORES CA;NT00;Contado;Z015;Comercializadora;24;Manufactura;CALLE LAS FLORES CASA NRO 81-01ANZOATEGUISECTOR LOS ALGARROBOS;0416-4934897;J500202571;ZANZ000001;ANACO;ZVE002;Zona Oriente;120;GV ClReg. Ampofr.;Anzoategui;15.07.2020;;7000012025;09.12.2025;1600005225;23.12.2025;WENDY HERNANDEZ;0424-8897550;120003;HERNANDEZ HORACIO;0;;VED;17;Precio Base General;60
10002146;DISTRIBUIDORA MAS QUE;NT00;Contado;Z019;Distribuidores;24;Manufactura; BARINASAV LOS LLANOS CASA NRO 245 URBALTO BARINAS BARINAS;0273-5410235;J317419928;ZBAR000005;BARINAS;ZVE006;Zona Llanos;120;GV ClReg. Ampofr.;Barinas;15.07.2020;;7000009892;18.06.2024;1600004468;22.08.2024;;;120005;REYES SANCHEZ JORGE;0;;VED;17;Precio Base General;60
10002148;LABORATORIO BIOFAR, C.A.;NT00;Contado;Z015;Comercializadora;24;Manufactura;SECTOR LA HAMACAAV ANTON PHILLIPS LOCAL GALPONESNRO 11 Y 12 ZONA INDUSTRIAL SAN VICENTEMARACAY ARAGUA;0243-5516916;J411654060;ZARA000004;MARACAY;ZVE004;Zona Metropolitana;120;GV ClReg. Ampofr.;Aragua;16.07.2020;;7000012160;09.02.2026;1600005276;18.02.2026;ADRIANA OJEDA;0414-4934405;120004;DAZA RAMON;0;;VED;17;Precio Base General;60
10002152;ADELXIS RAMON;NT00;Contado;Z006;Alimentos;24;Manufactura;SABINA LA GRITACTRA TRASANDINA LOCAL GALPONINDUSTRIAL A & P NRO B-1459 SECTOR LATACHIRA;0277-4114951;V137625640;ZARA000004;;ZVE008;Zona Andina;120;GV ClReg. Ampofr.;Tachira;27.07.2020;;7000004307;03.09.2020;;;ADELXIS USECHE;04141751649;120003;HERNANDEZ HORACIO;0;;VED;17;Precio Base General;60
10002155;EMILIA MAGDALENA;NT00;Contado;Z015;Comercializadora;24;Manufactura;VENEZUELA ARARURECALLE 8 ENTRE AV 2 Y 3 MANZANA J CASA NRO 10 URB PRADOS DEL SOL SECTORPORTUGUESA;;V116941429;ZPOR000002;;ZVE006;Zona Llanos;120;GV ClReg. Ampofr.;Portuguesa;04.08.2020;;;;;;;;0;;0;;VED;17;Precio Base General;60
10002156;LEES LUIS LUGO LOPEZ;NT00;Contado;Z015;Comercializadora;24;Manufactura;LOS JARALESAV EL PARQUE MANZANA 05 LOCALGALPON  NRO 6 ZONA INDUSTRIALVALENCIA CARABOBO;0241-8915479;V107305021;ZARA000004;;ZVE003;Zona Centro;120;GV ClReg. Ampofr.;Carabobo;04.08.2020;;7000004223;11.08.2020;;;;0412-1469060;120005;REYES SANCHEZ JORGE;0;;VED;17;Precio Base General;60
10002161;HARMONIA DE VENEZUELA, C.A.;NT00;Contado;Z018;Cuidado Personal;24;Manufactura;SECTOR CENTRO BARQUISIMETOCR 22 ESQUINA CALLE 15 EDIF HARMONIABARQUISIMETO PISO PB LOCAL 15-9LARA;0251-2679351;J315451301;ZLAR000003;;ZVE007;Zona Centro Occid.;120;GV ClReg. Ampofr.;Lara;11.08.2020;;7000004363;21.09.2020;;;;;120005;REYES SANCHEZ JORGE;0;;VED;17;Precio Base General;60
10002162;INVERSIONES FRESTOTAL C.A;NT00;Contado;Z018;Cuidado Personal;24;Manufactura;BARQUISIMETO LARACALLE 9 ENTRE CARRERAS 6 Y 7 LOCALNRO S/N BARRIO SAN FRANCISCO;0251-4356819;J412339990;ZLAR000003;;ZVE007;Zona Centro Occid.;120;GV ClReg. Ampofr.;Lara;12.08.2020;;;;;;LUIS JIMENEZ VILLARUEL;0414-3865401;0;;0;;VED;17;Precio Base General;60
10002163;SERVIC JEEZ, C.A.;NT00;Contado;Z015;Comercializadora;24;Manufactura;LARACR 25 ENTRE CALLES 10 Y 11 LOCALNRO 10-75 ZONA CENTRO BARQUISIMETO;0251-8834622;J410174269;ZLAR000003;;ZVE007;Zona Centro Occid.;120;GV ClReg. Ampofr.;Lara;12.08.2020;;7000004355;17.09.2020;;;JOSIRIS DE ALBAHACA;0424-5849665;120005;REYES SANCHEZ JORGE;0;;VED;17;Precio Base General;60
10002164;CASA DE REPRESENTACION NATURAL;NT00;Contado;Z018;Cuidado Personal;24;Manufactura;EDO ARAGUA SANTA CRUZAV 2 LOCAL NRO E-50 ZONA INDUSTRIALSANTA CRUZ DE ARAGUA, LOTE 2 PORTON 2,ARAGUA;0243-261 7065;J314248219;ZARA000004;;ZVE003;Zona Centro;120;GV ClReg. Ampofr.;Aragua;13.08.2020;;7000010510;18.10.2024;1600004612;18.10.2024;;0414-5860823;120005;REYES SANCHEZ JORGE;0;;VED;17;Precio Base General;60
10002167;CORIMON PINTURAS C.A.;NT00;Contado;Z006;Alimentos;24;Manufactura;CARABOBOAV HANS NEUMANN LOCAL NRO S/N URB INDUSTRIAL EL BOSQUE VALENCIA;0241-613-1650;J000295727;ZCAR000014;;ZVE003;Zona Centro;120;GV ClReg. Ampofr.;Carabobo;20.08.2020;SI;7000004268;24.08.2020;1600001391;03.09.2020;YERRY AGUIAR;;120003;HERNANDEZ HORACIO;0;;VED;17;Precio Base General;60
10002169;INTERNACIONAL DE DESARROLLO;NT00;Contado;Z006;Alimentos;24;Manufactura;INDUSTRIAL BARINAS BARINASAV INDUSTRIAL FRENTE A LA AGROPECUARIA SANTA BARBARA LOCAL NRO S/N ZONA;0412-6152811;J403235821;ZBAR000005;;ZVE001;Zona Occidente;120;GV ClReg. Ampofr.;Barinas;24.08.2020;SI;7000004318;07.09.2020;1600001414;15.09.2020;KARLA DE SANTOS;0424-5252253;120003;HERNANDEZ HORACIO;0;;VED;17;Precio Base General;60
10002177;ALIMENTOS MOLUKAS;NT00;Contado;Z006;Alimentos;;;NRO 115 SECTOR LA ENTRADACTRA VALENCIA PUERTO CABELLO LACOROMOTO LOCAL GALPON 85 NRO PARCELANAGUANAGUA CARABOBO;0241 9130793;J409097447;ZCAR000014;;ZVE003;Zona Centro;120;GV ClReg. Ampofr.;Carabobo;26.08.2020;;7000006054;19.01.2022;1600002062;31.10.2021;YESENIA GAMERO;0412 4404753;120003;HERNANDEZ HORACIO;0;;VED;17;Precio Base General;60
10002182;INVERSIONES MI ANGEL 2015, C.A.;NT00;Contado;Z015;Comercializadora;24;Manufactura;GUARICOCALLE ROSCIO CASA S/N SECTORCENTRO SANTA MARIA DE IPIRE;;J-405544848;ZGUA000015;;ZVE006;Zona Llanos;120;GV ClReg. Ampofr.;Guarico;27.08.2020;;7000004293;28.08.2020;;;;;120005;REYES SANCHEZ JORGE;0;;VED;17;Precio Base General;60
10002183;CARMEN MARIA PEREZA JIMENEZ;NT00;Contado;Z043;Salud;;;DEL TUY MIRANDACALLE 10 CASA QUINTA EL MILAGRO, 13 URB CIUDAD LOZADA SANTA TERESA;;J054109195;ZMIR000011;;ZVE007;Zona Centro Occid.;120;GV ClReg. Ampofr.;Miranda;27.08.2020;;;;;;;;0;;0;;VED;17;Precio Base General;60
10002184;GIOVANNY JOSE ALVAREZ MONTILLA;NT00;Contado;Z015;Comercializadora;24;Manufactura;RESIDENCIAL HUGO CHAVEZ FRIASAV. PRINCIPAL PLAYA GRANDE EDIFTORRE  C-6 PISO PB APT 4 CONJUNTOCATIA LA MAR (CAPITAl) VARGAS;;J096602380;ZVAR000001;;ZVE004;Zona Metropolitana;120;GV ClReg. Ampofr.;Vargas;27.08.2020;;7000005325;06.07.2021;;;;;120005;REYES SANCHEZ JORGE;0;;VED;17;Precio Base General;60
10002185;SATIVA 18 C.A.;NT00;Contado;Z030;Industria Química;24;Manufactura;MUNICIPAL NORTE VALENCIACALLE NORTE SUR CC CCI LD CENTERNIVEL PB LOCAL A-5 ZONA INDUSTRIALCARABOBO;0414-0467682;J311525696;ZCAR000014;;ZVE003;Zona Centro;120;GV ClReg. Ampofr.;Carabobo;27.08.2020;SI;7000011324;06.06.2025;1600004967;23.06.2025;;;120005;REYES SANCHEZ JORGE;0;;VED;17;Precio Base General;60
10002191;DISTRIBUIDORA MEDIVEN, C.A;NT00;Contado;Z018;Cuidado Personal;24;Manufactura;CALLE VILLA FLOR EDIF LA ROCAPISO 01 OF 1-B URB SABANA GRANDECARACAS DISTRITO CAPITAL;0424-2036621;J405234962;ZDC0000001;CARACAS;ZVE004;Zona Metropolitana;120;GV ClReg. Ampofr.;Distrito Federal;08.09.2020;;7000004328;09.09.2020;;;ANA RODRIGUEZ;;0;;120003;HERNANDEZ HORACIO;VED;17;Precio Base General;60
10002192;EMBOTELLADORA DE AGUA ARCANGEL;NT00;Contado;Z005;Agua;24;Manufactura;SECTOR CENTRO MARACAY ARAGUACALLE SOUBLETTE NORTE ENTRE  SANTOSMICHELENA Y 19 DE ABRIL LOCAL NRO 8-3;0243-2454743;J411740942;ZARA000004;;ZVE003;Zona Centro;120;GV ClReg. Ampofr.;Aragua;10.09.2020;;;;;;;0424-4518116;120005;REYES SANCHEZ JORGE;0;;VED;17;Precio Base General;60
10002194;INVERSIONES RODRIGO CAMILO, C.A;NT00;Contado;Z006;Alimentos;;;P.B. LOCAL LOCAL A-1 URBAV AV. NUEVA GRANADA, C/ CALLELOURDES EDIF EDIF. JOSE FELIX RIBAS PISOLOS ROSALES CARACAS DISTRITO CAPITAL;0424-1122518;J410468971;ZDC0000001;;ZVE004;Zona Metropolitana;120;GV ClReg. Ampofr.;Distrito Federal;14.09.2020;;7000004395;28.09.2020;;;;;120003;HERNANDEZ HORACIO;0;;VED;17;Precio Base General;60
10002196;INVERSIONES DE LA MANO DE DIOS,;NT00;Contado;Z015;Comercializadora;24;Manufactura;CALLE LAS BRISAS CASA NRO 72-CURB 13 DE SEPTIEMBRE;0426-4396058;J410914564;ZARA000018;VILLA DE CURA;ZVE003;Zona Centro;120;GV ClReg. Ampofr.;Aragua;16.09.2020;;7000004379;24.09.2020;;;PEDRO ESCALONA;;120003;HERNANDEZ HORACIO;0;;VED;17;Precio Base General;60
10002197;T EXPRESS 2018 CA;NT00;Contado;Z019;Distribuidores;17;Embotelladoras;CALLE 3 CASA LA GANDI NRO 3URB CHUCHO BRICEÑO I CABUDARELARA;0424-5974907;J412182471;ZLAR000003;BARQUISIMETO;ZVE007;Zona Centro Occid.;120;GV ClReg. Ampofr.;Lara;17.09.2020;;7000004780;27.01.2021;;;GUSTAVO HERNANDEZ;;120003;HERNANDEZ HORACIO;0;;VED;17;Precio Base General;60
10002198;INVERSIONES R& N 1615-;NT00;Contado;Z006;Alimentos;24;Manufactura;AV 11 ENTRE CALLE SERGIO MEDINAY CALLE PILAR PELGRON LOCAL NRO C-156URB PIÑONAL MARACAY;0412-4650444;J412809318;ZARA000004;MARACAY;ZVE003;Zona Centro;120;GV ClReg. Ampofr.;Aragua;21.09.2020;;;;;;NATALY ACEVEDO;;120005;REYES SANCHEZ JORGE;0;;VED;17;Precio Base General;60
10002200;CARLOS GABRIEL BARRETO CIVIDANES;NT00;Contado;Z015;Comercializadora;16;Distribuidores Trad.;CALLE BUCARE CASA NRO Z-158DURB COLINAS DE CARRIZAL MIRANDA;0414-1233842;V204124066;ZMIR000006;MIRANDA;ZVE001;Zona Occidente;120;GV ClReg. Ampofr.;Miranda;22.09.2020;;7000004371;23.09.2020;;;;;120005;REYES SANCHEZ JORGE;0;;VED;17;Precio Base General;60
10002201;INVERSIONES IGOR, C.A.;NT00;Contado;Z015;Comercializadora;24;Manufactura;AV PRINCIPAL SAN AGUSTINLOCAL NRO. 25-B CONJUNTO RESIDENCIALISAURA MARACAY EDO ARAGUA;0424-3538322;J409388379;ZARA000004;MARACAY;ZVE003;Zona Centro;120;GV ClReg. Ampofr.;Aragua;22.09.2020;;7000004898;12.03.2021;;;;0412-1359604;120003;HERNANDEZ HORACIO;0;;VED;17;Precio Base General;60
10002204; PERFUMES FACTORY CA;NT00;Contado;Z018;Cuidado Personal;24;Manufactura;CALLE 11 C/5 EDIF KENIKAPISO 2 LOCAL 1 LA URBINA CARACASMIRANDA;0212-3108400;J310289093;ZCAR000008;CARACAS;ZVE004;Zona Metropolitana;120;GV ClReg. Ampofr.;Distrito Federal;23.09.2020;SI;7000004429;07.10.2020;1600001475;15.10.2020;VIVIANA RAMIREZ;;120005;REYES SANCHEZ JORGE;0;;VED;17;Precio Base General;60
10002210;ENVASADORA PRIMAL, C.A;NT00;Contado;Z006;Alimentos;24;Manufactura;CALLE 96J CASA NRO 57-110BARRIO ANDRES ELOY BLANCOMARACAIBO ZULIA;0424-6995405;J404708758;ZZUL000013;MARACAIBO;ZVE001;Zona Occidente;120;GV ClReg. Ampofr.;Zulia;29.09.2020;SI;7000011186;28.04.2025;1600004900;13.05.2025;;0261-7869702;120003;HERNANDEZ HORACIO;0;;VED;17;Precio Base General;60
10002211;INDUSTRIAS GRI-VEN, C.A;NT00;Contado;Z019;Distribuidores;24;Manufactura;CALLE 86 EDIF R-1 Y R-2 LOTE RPISO 03 OF CONJUNTO DE GALPONESPAREADOS URB IDNUSTRIAL CARABOBO I;;J404333754;ZCAR000014;VALENCIA;ZVE003;Zona Centro;120;GV ClReg. Ampofr.;Carabobo;29.09.2020;SI;;;;;;;0;;0;;VED;17;Precio Base General;60
10002214;TECHNOLUX DESING, C.A;NT00;Contado;Z016;Cosmetica;23;Laboratorios;CALLE PRINCIPAL  CASALAS INDUSTRIAS PRUINCA GUACARAPARCELA  NRO 5 ZONA INDUSTRIAL COMPLEJO;;J408514281;ZCAR000004;VALENCIA;ZVE003;Zona Centro;120;GV ClReg. Ampofr.;Carabobo;13.10.2020;;7000004600;19.11.2020;;;;;120005;REYES SANCHEZ JORGE;0;;VED;17;Precio Base General;60
10002218;ALIMENTOS MAO, C.A.;NT00;Contado;Z001;Aceites;24;Manufactura;CALLE LA JOYA EDIF COSMOPISO 3 OF 3-J URB CHACAO CARACAS(CHACAO) MIRANDA;0212-2656248;J500395280;ZMIR000007;MIRANDA;ZVE003;Zona Centro;120;GV ClReg. Ampofr.;Miranda;23.10.2020;;7000010760;17.12.2024;;;MIGUEL OROZCO;0414-2644258;120003;HERNANDEZ HORACIO;0;;VED;17;Precio Base General;60
10002220;COMERCIALIZADORA 200AYN, C.A.;NT00;Contado;Z015;Comercializadora;24;Manufactura;CALLE TEHERAN LOCA S/NSECTOR LA VEGA CARACAS DISTRITOCAPITAL;0414-2697854;J500071280;ZDC0000007;CARACAS;ZVE003;Zona Centro;120;GV ClReg. Ampofr.;Distrito Federal;27.10.2020;;7000008281;30.06.2023;1600003665;19.06.2023;;;120005;REYES SANCHEZ JORGE;0;;VED;17;Precio Base General;60
10002221;AGUSTIN PERNIA PERNIA;NT00;Contado;Z015;Comercializadora;24;Manufactura;BARINASCR 22 ESQUINA CON CALLE 2 CASA S/NSECTOR ESPERANZA SOCOPO;0416-9760714;V039987267;ZBAR000005;;ZVE006;Zona Llanos;120;GV ClReg. Ampofr.;Barinas;28.10.2020;;7000004559;11.11.2020;;;;;120005;REYES SANCHEZ JORGE;0;;VED;17;Precio Base General;60
10002224;COMERCIALIZADORA SUMIDONO, C.A.;NT00;Contado;Z006;Alimentos;24;Manufactura;CALLE ARAGUANEY QTA CARMEN NRO0643 URB EL PARAISO CARACASDISTRITO CAPITAL;02124513752;J412510240;ZDC0000008;CARACAS;ZVE003;Zona Centro;120;GV ClReg. Ampofr.;Distrito Federal;05.11.2020;;7000012039;15.12.2025;1400002966;21.01.2026;;0424-1779745;120003;HERNANDEZ HORACIO;0;;VED;17;Precio Base General;60
10002226;MANUFACTURAS;NT00;Contado;Z005;Agua;24;Manufactura;ARAGUACALLE JUNIN LOCAL NRO 117 SECTOREL HIPODROMO MARACAY;;J312100800;ZARA000004;;ZVE003;Zona Centro;120;GV ClReg. Ampofr.;Aragua;09.11.2020;;7000004549;10.11.2020;;;;;120005;REYES SANCHEZ JORGE;0;;VED;17;Precio Base General;60
10002235;NATURAL FOOD CA;NT00;Contado;Z006;Alimentos;24;Manufactura;VALLE EL VALLE DEL ESPIRITU SANTOAV PORLAMAR LA ASUNCION CC ECOCENTER NIVEL GALPON  OF 2 SECTOR SECTOR ELNUEVA ESPARTA;0295-9896746;J411867624;ZNE0000008;;ZVE002;Zona Oriente;120;GV ClReg. Ampofr.;Nueva Esparta;23.11.2020;;7000004702;22.12.2020;;;;0424-8262109;120003;HERNANDEZ HORACIO;0;;VED;17;Precio Base General;60
10002237;SANTÉ & BEAUTÉ DE VENEZUELA,;NT00;Contado;Z015;Comercializadora;24;Manufactura;MERIDA MERIDACALLE 26 VIADUCTO CAMPO ELIAS CCLA CASONA NIVEL 2 LOCAL 18 SECTOR CENTRO;0414-544-6519;J406619531;ZMER000012;;ZVE008;Zona Andina;120;GV ClReg. Ampofr.;Merida;25.11.2020;;7000005044;27.04.2021;;;;0274-251-1054;120005;REYES SANCHEZ JORGE;0;;VED;17;Precio Base General;60
10002238;CORPORACION MANANTIAL, C.A.;NT00;Contado;Z006;Alimentos;24;Manufactura;SECTOR LA COROMOTO LA ENTRADACTRA AUTOPISTA VALENCIA- PUERTO CABELLOLOCAL PARCELA 15 Y 16, GALPON NRO 85NAGUANAGUA CARABOBO;0241-9130969;J314688219;ZCAR000014;;ZVE003;Zona Centro;120;GV ClReg. Ampofr.;Carabobo;26.11.2020;;7000011912;06.11.2025;1600005164;07.11.2025;;0412-8565733;120003;HERNANDEZ HORACIO;0;;VED;17;Precio Base General;60
10002240;INQUIVEN 18, C.A.;NT00;Contado;Z018;Cuidado Personal;24;Manufactura;BARQUISIMETOCALLE 16 ENTRE AVENIDA VENEZUELAY CARRETERA 27 LOCAL NRO 3 ZONA CENTROLARA;0414-357-56-58;J409458962;ZLAR000003;;ZVE007;Zona Centro Occid.;120;GV ClReg. Ampofr.;Lara;30.11.2020;;7000008311;07.07.2023;;;;;120003;HERNANDEZ HORACIO;0;;VED;17;Precio Base General;60
10002241;INVERSIONES STYLE COLLECTION, C.A.;NT00;Contado;Z015;Comercializadora;24;Manufactura;AV LOS HORCONES ENTRE CALLES 9 Y10 LOCAL NRO S/N BARRIO PUEBLO NUEVO;0251-4540897;J408497786;ZLAR000003;BARQUISIMETO;ZVE007;Zona Centro Occid.;120;GV ClReg. Ampofr.;Lara;11.12.2020;;7000012177;13.02.2026;1600005279;18.02.2026;;0416-9950024;120005;REYES SANCHEZ JORGE;0;;VED;17;Precio Base General;60
10002244;INVERSIONES UMBRIAS, C.A;NT00;Contado;Z015;Comercializadora;24;Manufactura; ABANICO PISO PB LOCALESQ ABANICO A CANONIGOS EDIF CENTRO  IMPORTADOR L-03 SECTOR  ALTAGRCIA- CENTROCARACAS DITRITO CAPITAL;0212-565-12-12;J298389567;ZARA000004;;ZVE004;Zona Metropolitana;120;GV ClReg. Ampofr.;Distrito Federal;15.12.2020;;;;;;;0414-6858787;120005;REYES SANCHEZ JORGE;0;;VED;17;Precio Base General;60
10002261;COSMETICOS RII-GEEL, C.A;NT00;Contado;Z016;Cosmetica;24;Manufactura;BELLO MONTE 2 VALENCIA CARABOBOAV LUIS HURTADO CON AVENIDA JUNIN,CALLE UNION CASA NRO 79-38-B BARRIO;0424-4028078;J405462183;ZCAR000014;;ZVE003;Zona Centro;120;GV ClReg. Ampofr.;Carabobo;03.02.2021;SI;7000007028;16.08.2022;1600003088;09.12.2022;;;120005;REYES SANCHEZ JORGE;0;;VED;17;Precio Base General;60
10002262;GRUPO CALADE C.A;NT00;Contado;Z006;Alimentos;24;Manufactura;MARACAY ARAGUACALLE 1 EDIF 29 PISO 2 APT 22 URBFUNDACION  MARACAY II ESTADO ARAGUA;0414-9001992;J402015720;ZARA000004;;ZVE003;Zona Centro;120;GV ClReg. Ampofr.;Aragua;04.02.2021;;7000011895;31.10.2025;1400002834;31.10.2025;;;120003;HERNANDEZ HORACIO;0;;VED;17;Precio Base General;60
10002265;LA FABRICA DE PAN Y ARTE;NT00;Contado;Z006;Alimentos;24;Manufactura;ZULIAAV 10 CC LA POMONA NIVEL PB  LOCAL 6 SECTOR LA POMONA MARACAIBO;0414-0692194;J409463257;ZZUL000013;;ZVE001;Zona Occidente;120;GV ClReg. Ampofr.;Zulia;11.02.2021;;7000004993;16.04.2021;;;;;120003;HERNANDEZ HORACIO;0;;VED;17;Precio Base General;60
10002266;VENVIOPLAST, C.A.;NT00;Contado;Z015;Comercializadora;24;Manufactura;BARQUISIMETOCR 24 ENTRE CALLES 37 Y 38LOCAL NRO 37-57 ZONA CENTRO;0424-5608662;J500493223;ZLAR000003;LARA;ZVE007;Zona Centro Occid.;120;GV ClReg. Ampofr.;Lara;11.02.2021;;7000011866;24.10.2025;1400002813;24.10.2025;;0424-5293658;120005;REYES SANCHEZ JORGE;0;;VED;17;Precio Base General;60
10002267;COSMETIQUE, C.A.;NT00;Contado;Z015;Comercializadora;24;Manufactura;ESTE CARACAS  MIRANDAAV RIO PARAGUA CC LA PIRAMIDENIVEL PLANTA ALTA OF 18 URB PRADOS DEL;0412-2485104;J412515543;ZCAR000014;;ZVE003;Zona Centro;120;GV ClReg. Ampofr.;Distrito Federal;11.02.2021;;;;;;;;0;;0;;VED;17;Precio Base General;60
10002269;FABRICA DE ALIMENTOS RANGEL;NT00;Contado;Z006;Alimentos;24;Manufactura;VERACRUZ PARTE ALTA VERACRUZCTRA SANTA ANA PASAJE PEÑALOZALOCAL GALPON  NRO 1-01 SECTORTACHIRA;0276-4141101;J404188851;ZTAC000004;;ZVE001;Zona Occidente;120;GV ClReg. Ampofr.;Tachira;18.02.2021;SI;7000004834;18.02.2021;1600001638;28.02.2021;;;120003;HERNANDEZ HORACIO;0;;VED;17;Precio Base General;60
10002275;INVERSIONES ENTRE ESPUMAS;NT00;Contado;Z017;Cuidado Del Hogar;24;Manufactura;ARAGUAAV PRINCIPAL PARCELA 7 CASA NRO 28URB VISTA HERMOSA LA VICTORIA;0424-3025157;J413151006;ZARA000006;;ZVE003;Zona Centro;120;GV ClReg. Ampofr.;Aragua;24.02.2021;;7000004876;04.03.2021;;;;;120003;HERNANDEZ HORACIO;0;;VED;17;Precio Base General;60
10002276;ALIMENTOS NUTRIVITAL, C.A.;NT00;Contado;Z006;Alimentos;24;Manufactura;NEGRO PRIMEROCALLE RUIZ PINEDA CON PAEZ SUCRELOCAL NRO 44. PLANTA ALTA BARRIOGUACARA CARABOBO;0245-5810796;J403598002;ZCAR000004;;ZVE003;Zona Centro;120;GV ClReg. Ampofr.;Carabobo;25.02.2021;;7000011118;27.03.2025;;;;0414-4709975;120005;REYES SANCHEZ JORGE;0;;VED;17;Precio Base General;60
10002281;CORPORACION FEDERICA 2013,C.A.;NT00;Contado;Z018;Cuidado Personal;24;Manufactura;PEREZ BONALDE CARACASAV EL ATLANTICO ENTRE 6TA Y 7MAAVENIDAS EDIF AURO PISO PB LOCAL PB URB;0212-8703045;J401937420;ZDC0000001;CARACAS;ZVE004;Zona Metropolitana;120;GV ClReg. Ampofr.;Distrito Federal;04.03.2021;;7000007742;03.03.2023;;;;0414-264-1816;120003;HERNANDEZ HORACIO;0;;VED;17;Precio Base General;60
10002291;RECETAS Y DULCES LOS COLORIDOS;NT00;Contado;Z006;Alimentos;24;Manufactura;AV PRINCIPAL CASA NRO 9URB LA ESMERALDA, SAN DIEGO;0245-4157839;J408882566;ZCAR000014;VALENCIA;ZVE003;Zona Centro;120;GV ClReg. Ampofr.;Carabobo;12.03.2021;;7000009149;22.01.2024;;;ADRIANA URDANETA;0414-4979206;120003;HERNANDEZ HORACIO;0;;VED;17;Precio Base General;60
10002297;INVERSIONES QUIMITECH;NT00;Contado;Z030;Industria Química;24;Manufactura;CARACAS DISTRITO CAPITALAV PRINCIPAL EDIF CENTRO INDUSTRIALLA FE TORRE B PISO 2 LOCAL S-N URB LA FE;0414 9345568;J406706655;ZMIR000007;;ZVE004;Zona Metropolitana;120;GV ClReg. Ampofr.;Distrito Federal;29.03.2021;SI;7000005871;19.11.2021;1600002182;15.12.2021;;;120005;REYES SANCHEZ JORGE;0;;VED;17;Precio Base General;60
10002298;DISMAVICA, C.A.;NT00;Contado;Z016;Cosmetica;24;Manufactura;BARQUSIMETO LARACALLE LA CRUZ ESQUINA MENCA DELEONIS CASA NRO 5 SECTOR EL CUJI;;J404316264;ZLAR000003;;ZVE007;Zona Centro Occid.;120;GV ClReg. Ampofr.;Lara;29.03.2021;SI;7000008300;04.07.2023;1600003702;15.07.2023;;;120005;REYES SANCHEZ JORGE;0;;VED;17;Precio Base General;60
10002311;INDUSTRIAS COSMETICAS;NT00;Contado;Z016;Cosmetica;24;Manufactura;DE TARIBA  TARIBA TACHIRACALLE CALLE 1 BIS CASA CASA NRO 5-80 SECTOR ENTRE VEREDAS 6 Y 7 LAS VEGAS;0414-7267042;J412534114;ZTAC000005;;ZVE008;Zona Andina;120;GV ClReg. Ampofr.;Tachira;13.04.2021;;7000005139;18.05.2021;;;JOSE ORLANDO RAMIREZ MORA;;120005;REYES SANCHEZ JORGE;0;;VED;17;Precio Base General;60
10002314;ORLANDO JESUS CARRASCO ROBLES;NT00;Contado;Z018;Cuidado Personal;24;Manufactura;CAPITALAV PAEZ QTA QUINTA CARMEN NRO 0643 URB EL PARAISO CARACAS DISTRITO;0212-4513752;V177581313;ZDC0000001;;ZVE004;Zona Metropolitana;120;GV ClReg. Ampofr.;Distrito Federal;16.04.2021;;7000005076;30.04.2021;1400002436;14.05.2021;;0424-1779745;120003;HERNANDEZ HORACIO;0;;VED;17;Precio Base General;60
10002315;INVERSIONES BUZIOS RJ, C.A.;NT00;Contado;Z015;Comercializadora;24;Manufactura;GUASIMAL MARACAY ARAGUACALLE  PRINCIPAL CRUCE CON PROLONGACIONCALLE LAS ACASIAS B LOCAL NRO A-9 SECTOR;0243-2186917;J402624433;ZARA000004;;ZVE003;Zona Centro;120;GV ClReg. Ampofr.;Aragua;20.04.2021;SI;7000005797;05.11.2021;1600001896;30.07.2021;;0412-4570055;120003;HERNANDEZ HORACIO;0;;VED;17;Precio Base General;60
10002323;LILIANA DEL VALLE PIÑA GODOY;NT00;Contado;Z038;Perfumeria;24;Manufactura;MOLORCA PUERTO LA CRUZCALLE ZULIA CON GUARICO CASA NRO 14SECTOR JOSE ANTONIO ANZOATEGUIANZOATEGUI;0414-3832826;V074363810;ZANZ000010;;ZVE002;Zona Oriente;120;GV ClReg. Ampofr.;Anzoategui;23.04.2021;;7000011696;10.09.2025;1400002680;04.09.2025;;;120005;REYES SANCHEZ JORGE;0;;VED;17;Precio Base General;60
10002324;LUBRICAUCHOS LO MAXIMO, C.A.;NT00;Contado;Z015;Comercializadora;24;Manufactura;MARACAIBO ZULIACALLE 113 LOCAL NRO 18C-76 BARRIOCORITO SECTOR  HATICOS POR ARRIBA;0412-0759625;J298996706;ZZUL000013;;ZVE001;Zona Occidente;120;GV ClReg. Ampofr.;Zulia;27.04.2021;;7000005319;30.06.2021;;;;;100095;FARFAR CAMACHO GLISNEIDY ISABE;0;;VED;17;Precio Base General;60
10002326;AGROALIANZAS DEL CENTRO;NT00;Contado;Z004;Agroindustrial;24;Manufactura;CAGUA ARAGUACALLE 12-1 CASA NRO 145-17.14 URBEL BOSQUE SECTOR UNO LOS NARANJOS;;J405581352;ZARA000015;;ZVE003;Zona Centro;120;GV ClReg. Ampofr.;Aragua;05.05.2021;;;;;;;;120005;REYES SANCHEZ JORGE;0;;VED;17;Precio Base General;60
10002332;DISTRIBUIDORA AROMA 2016, C.A.;NT00;Contado;Z016;Cosmetica;24;Manufactura;NRO 98-81AV BOLIVAR NORTE CRUCE CON CALLEMAÑONGO LOCAL NRO 145 URB LA CEIBAVALENCIA CARABOBO;0241-5144944;J407527339;ZCAR000014;;ZVE003;Zona Centro;120;GV ClReg. Ampofr.;Carabobo;06.05.2021;;7000006595;24.05.2022;1600002162;30.11.2021;;0412-4089380;120005;REYES SANCHEZ JORGE;0;;VED;17;Precio Base General;60
10002334;LABORATORIO CUBEA AYOA, C.A.;NT00;Contado;Z015;Comercializadora;24;Manufactura;(PETARE) MIRANDACALLE 4 TRANSVERSAL DE BOLEITA SUR CASANRO 45 URB LOS RUICES CARACAS;0416-9355535;J294364721;ZDC0000001;;ZVE004;Zona Metropolitana;120;GV ClReg. Ampofr.;Miranda;11.05.2021;;7000006567;19.05.2022;1600003061;08.12.2022;;;0;;0;;VED;17;Precio Base General;60
10002337;K-CHORRO IMPORT, C.A;NT00;Contado;Z018;Cuidado Personal;24;Manufactura;15-B URB INDUSTRIAL LA CARACATIRACALLE UNO EDIF CENTRO EMPRESARIALFRANCISQUI PISO P F6-BC2A LOCAL 14-C YLOS GUAYOS CARABOBO;0414-5846173;J315902567;ZCAR000007;;ZVE003;Zona Centro;120;GV ClReg. Ampofr.;Carabobo;18.05.2021;SI;7000005376;19.07.2021;1600002305;31.12.2021;;;120003;HERNANDEZ HORACIO;0;;VED;17;Precio Base General;60
10002339;DISTRIBUIDORA GALPRO, C.A.;NT00;Contado;Z018;Cuidado Personal;24;Manufactura;MONAGASCTRA NACIONAL VIA SAN JAIME LOCALGALPON NRO S/N SECTOR PARARE SAN JAIME;0291-3170131;J411931233;ZMON000008;;ZVE002;Zona Oriente;120;GV ClReg. Ampofr.;Monagas;25.05.2021;;7000005171;28.05.2021;;;;;120005;REYES SANCHEZ JORGE;0;;VED;17;Precio Base General;60
10002341;QUIMGLOBAL, C.A;NT01;Prepagado;Z015;Comercializadora;24;Manufactura;AV PRINICPAL PARCELA M13 Y M14LOCAL GALPON NRO B11 C.C. VII NRO PBURB PARQUE COMERCIAL INDUSTRIALCASTILLITO SAL DIEGO;0414-1600685;J411110876;ZCAR000012;VALENCIA;ZVE003;Zona Centro;120;GV ClReg. Ampofr.;Carabobo;04.06.2021;SI;7000005214;09.06.2021;;;;;100095;FARFAR CAMACHO GLISNEIDY ISABE;0;;VED;17;Precio Base General;60
10002342;CORPORACION MADRID 2804 C.A;NT00;Contado;Z006;Alimentos;24;Manufactura;IVICO 2 NRO GALPON N12 SECTORAV LIBERTADOR VIA CARRETERA VIEJALOCAL MULTICENTRO LA CAROLINA NROCASCO CENTRAL;0243-2712385;J501078572;ZCAR000006;TOCUYITO;ZVE003;Zona Centro;120;GV ClReg. Ampofr.;Carabobo;07.06.2021;;7000010698;03.12.2024;1600002245;31.12.2021;;0424-3100887;120003;HERNANDEZ HORACIO;0;;VED;17;Precio Base General;60
10002343;VENDIPRO C.A;NT00;Contado;Z015;Comercializadora;24;Manufactura;GLOBALCA PISO 01 OF 1 ZONA ZONAAV VIA FLOR AMARILLO ZONA  INDUSTRIAL EL RECREO AVENIDA PRINCIPAL EDIF EDIFINDUSTRIAL EL RECREO VALENCIA CARABOBO;0416-6419661;J411856290;ZCAR000014;;ZVE003;Zona Centro;120;GV ClReg. Ampofr.;Carabobo;07.06.2021;;7000011898;31.10.2025;1400002835;31.10.2025;;;120005;REYES SANCHEZ JORGE;0;;VED;17;Precio Base General;60
10002344;INVERSIONES GIRARDOT 2030, C.A;NT00;Contado;Z015;Comercializadora;24;Manufactura;ARAGUACALLE 02 SECTOR 02 CASA . NRO 63URB GIRARDOT MARACAY;0424-3067797;J401170471;ZARA000004;;ZVE003;Zona Centro;120;GV ClReg. Ampofr.;Aragua;08.06.2021;;7000005614;22.09.2021;;;;;100095;FARFAR CAMACHO GLISNEIDY ISABE;0;;VED;17;Precio Base General;60
10002348;QUIMICOS PCG, C.A.;NT00;Contado;Z030;Industria Química;24;Manufactura;INDUSTRIAL CASTILLITO, MUNICIPIOAV DON JULIO CENTENO CC VIRGINIA BURLEYII NIVEL PB LOCAL GALPON N15 URB PARQUESAN DIEGO VALENCIA CARABOBO;0414-9484405;J404429190;ZCAR000012;;ZVE003;Zona Centro;120;GV ClReg. Ampofr.;Carabobo;14.06.2021;;7000006688;09.06.2022;;;;;120005;REYES SANCHEZ JORGE;0;;VED;17;Precio Base General;60
10002352;LABORATORIOS FISA C.A.;NT00;Contado;Z018;Cuidado Personal;24;Manufactura;LOCAL S/N SECTOR SANTA TERESACTRA SNTA TERESA A SNTA LUCIAKM 1 C/ AV AROCHA EDIF FISA PISO P.B.SANTA TERESA DEL TUY MIRANDA;0212-2019224;J000544255;ZMIR000011; LOCAL;ZVE004;Zona Metropolitana;120;GV ClReg. Ampofr.;Miranda;22.06.2021;SI;7000011918;07.11.2025;1600005185;20.11.2025;;;120004;DAZA RAMON;0;;VED;17;Precio Base General;60
10002360;COSMEVIR, C.A;NT00;Contado;Z016;Cosmetica;24;Manufactura;NORTE VALENCIA CARABOBOCALLE 77-AA ENTRE CALLE URDANETAY BOYACA CASA NRO 98-64 SECTOR CARMEN;;J500525648;ZCAR000014;;ZVE003;Zona Centro;120;GV ClReg. Ampofr.;Carabobo;06.07.2021;;7000005326;06.07.2021;;;;;100095;FARFAR CAMACHO GLISNEIDY ISABE;0;;VED;17;Precio Base General;60
10002361;CONDI-ANDES C.A;NT00;Contado;Z006;Alimentos;24;Manufactura;PALMAROTE DE CARABOBOCALLE ALGARROBAL LOCAL NRO 20 URBMANZANAS DE CARABOBO;0249-2329438;J313500569;ZCAR000014;;ZVE003;Zona Centro;120;GV ClReg. Ampofr.;Carabobo;08.07.2021;SI;7000005820;09.11.2021;1600002312;31.12.2021;;0412-4408616;120005;REYES SANCHEZ JORGE;0;;VED;17;Precio Base General;60
10002367;DIARPICA, C.A.;NT00;Contado;Z015;Comercializadora;24;Manufactura;11-1 SECTOR LA CATEDRAL VALENCIAAV URDANETA C/C RONDON EDIF CENTRO PROFESIONAL URDANETA II PISO 11 OF;0241-8425025;J408515636;ZCAR000014;;ZVE003;Zona Centro;120;GV ClReg. Ampofr.;Carabobo;20.07.2021;;7000005536;31.08.2021;;;;0412-4314457;120003;HERNANDEZ HORACIO;0;;VED;17;Precio Base General;60
10002374;TRES MUNDOS, C.A;NT00;Contado;Z023;Esporádico;24;Manufactura;ARAGUAAV ANTON PHILLIPS C/AV MERIDA LOCALNRO S/N ZONA INDUSTRIAL LA HAMACA;0414-5993086;J410628685;ZARA000004;;ZVE003;Zona Centro;120;GV ClReg. Ampofr.;Aragua;05.08.2021;SI;;;;;;;120003;HERNANDEZ HORACIO;0;;VED;17;Precio Base General;60
10002384;INSERVEN, C.A.;NT00;Contado;Z015;Comercializadora;24;Manufactura;BELLA VISTA MARACIBO ZULIAAV 4 BELLA VISTA ENTRE CALLE 80-81CC VILLA INES NIVEL 6 OF  62 SECTOR;0414-6142325;J410500395;ZZUL000013;;ZVE001;Zona Occidente;120;GV ClReg. Ampofr.;Zulia;11.08.2021;;;;;;;;120005;REYES SANCHEZ JORGE;0;;VED;17;Precio Base General;60
10002389;ENVASADORA Y DISTRIBUIDORA DE;NT00;Contado;Z015;Comercializadora;24;Manufactura; ZULIAAV 57B CASA NRO 96F-57 BARRIO ANDRES ELOY BLANCO MARACAIBO;;J500492855;ZZUL000013;;ZVE001;Zona Occidente;120;GV ClReg. Ampofr.;Zulia;19.08.2021;;7000005527;27.08.2021;;;;;120005;REYES SANCHEZ JORGE;0;;VED;17;Precio Base General;60
10002394;DROGUERIA NATURAL SUPLITUTTO CA;NT00;Contado;Z035;Medicina Humana;24;Manufactura; BARQUISIMETO LARACR 18 ESQUINA CALLE 49 LOCAL NRO 3 SECTOR CENTRO DE BARQUISIMETO;0251-4462771;J315078449;ZLAR000003;;ZVE007;Zona Centro Occid.;120;GV ClReg. Ampofr.;Lara;30.08.2021;;7000006155;11.02.2022;;;;0424-2732982;120005;REYES SANCHEZ JORGE;0;;VED;17;Precio Base General;60
10002399;CORPORACION SMART CHEMICAL, C.A.;NT00;Contado;Z030;Industria Química;24;Manufactura;SANTA RITACALLE 02, ENTRE CALLE AY CALLE PRINCIPAL CASA NRO  L1-15 SECTOR LA PINTERA,ARAGUA;;J400473594;ZARA000003;;ZVE003;Zona Centro;120;GV ClReg. Ampofr.;Aragua;06.09.2021;;7000009730;16.05.2024;;;;;120005;REYES SANCHEZ JORGE;0;;VED;17;Precio Base General;60
10002400;CESAR ELIUT ROMERO CARREÑO;NT00;Contado;Z015;Comercializadora;24;Manufactura;ANZOATEGUIAV JUAN DE URPIN EDIF E PISO 2 APT2-1 URB RESIDENCIAS VICTORIA I BARCELONA;0412-088-7530;V141255394;ZARA000004;;ZVE002;Zona Oriente;120;GV ClReg. Ampofr.;Anzoategui;07.09.2021;;;;;;;;120003;HERNANDEZ HORACIO;0;;VED;17;Precio Base General;60
10002403;INDUSTRIAS KAIZEN, C.A.;NT00;Contado;Z018;Cuidado Personal;24;Manufactura;DISTRITO CAPITALCALLE LOS MANGOS QTA LA PAZ NROURB LA FLORIDA CARACAS;0416-6079227;J407734458;ZMIR000017;;ZVE004;Zona Metropolitana;120;GV ClReg. Ampofr.;Distrito Federal;08.09.2021;SI;7000006075;26.01.2022;1600002899;07.10.2022;;;120004;DAZA RAMON;0;;VED;17;Precio Base General;60
10002405;MANUFACTURAS Y DISTRIBUCIONES;NT00;Contado;Z018;Cuidado Personal;24;Manufactura; ARAGUAAV PRINCIPAL LOCAL NRO 138-ABARRIO LA PRADERA MARACAY;0243-2153802;J405512113;ZARA000004; ARAGUA;ZVE003;Zona Centro;120;GV ClReg. Ampofr.;Aragua;09.09.2021;;7000009674;08.05.2024;1600004482;27.08.2024;;0412-2411761;120005;REYES SANCHEZ JORGE;0;;VED;17;Precio Base General;60
10002406;GOPLASMET 777, C.A;NT00;Contado;Z015;Comercializadora;24;Manufactura; MARIARA CARABOBOCALLE CONSTITUCION LOCALNRO 27-B SECTOR EL LIBERTADOR;;J404267581;ZCAR000003;;ZVE003;Zona Centro;120;GV ClReg. Ampofr.;Carabobo;09.09.2021;;7000008599;07.09.2023;1400002464;23.06.2025;;;120002;AMPOFRASCA OFICINA;0;;VED;17;Precio Base General;60
10002407;MATHIER, C.A.;NT00;Contado;Z015;Comercializadora;24;Manufactura;GALPON 15 ZONA INDUSTRIAL IIAV PRINCIPAL CARRERRA 5, CON CALLE  5 CCSAYS PARQUE INDUSTRIAL NIVEL N/A OFBARQUISIMETO LARA;0414-76770289;J408939177;ZLAR000003;;ZVE001;Zona Occidente;120;GV ClReg. Ampofr.;Lara;09.09.2021;;7000005610;21.09.2021;;;;;100095;FARFAR CAMACHO GLISNEIDY ISABE;0;;VED;17;Precio Base General;60
10002410;COMERCIALIZADORA BIO CLEAN, C.A.;NT00;Contado;Z015;Comercializadora;24;Manufactura;PUERTO LA CRUZCALLE MONTES CC DACAR´S PLAZANIVEL PB LOCAL 01 SECTOR BARRIO MARIÑOANZOATEGUI;0412-6377931;J407958526;ZANZ000010;;ZVE002;Zona Oriente;120;GV ClReg. Ampofr.;Anzoategui;13.09.2021;SI;7000011811;09.10.2025;1600005165;07.11.2025;;;120005;REYES SANCHEZ JORGE;0;;VED;17;Precio Base General;60
10002411;ALIMENTOS FLOR DEL CAMPO I, C.A.;NT00;Contado;Z006;Alimentos;24;Manufactura;CON VENEZUELA BARQUISIMETOCALLE 17 ENTRE CARRERA 27 Y AV.VENEZUELA LOCAL NRO S/N SECTOR VARGASLARA;0424-5137116;J410897791;ZLAR000003;;ZVE001;Zona Occidente;120;GV ClReg. Ampofr.;Lara;14.09.2021;;7000005655;28.09.2021;;;;;100095;FARFAR CAMACHO GLISNEIDY ISABE;0;;VED;17;Precio Base General;60
10002415;DISTRIBUIDORA IGUALADA C.A.;NT00;Contado;Z015;Comercializadora;24;Manufactura;ARAGUAAV LOS CEDROS NRO 176 LOCAL MARIAANTONIA NRO 3 SECTOR MARACAY;;J293965934;ZARA000004;;ZVE003;Zona Centro;120;GV ClReg. Ampofr.;Aragua;17.09.2021;SI;7000011768;29.09.2025;1600005127;11.10.2025;;;120005;REYES SANCHEZ JORGE;0;;VED;17;Precio Base General;60
10002420;GOVI DE VENEZUELA, S.A;NT00;Contado;Z016;Cosmetica;24;Manufactura;PROVIDENCIA ASENTAMIENTOAV INTERCOMUNAL TURMERO MARACAYLOCAL PARCELA 25, NRO A-2 SECTOR LACAMPESINO TURMERO ARAGUA;0414-4538591;J298981156;ZARA000013;ARAGUA;ZVE003;Zona Centro;120;GV ClReg. Ampofr.;Aragua;28.09.2021;SI;7000005660;08.10.2021;1600002282;31.12.2021;;;100095;FARFAR CAMACHO GLISNEIDY ISABE;0;;VED;17;Precio Base General;60
10002436;RECUPERADORA NUEVO OLRIL CA;NT00;Contado;Z006;Alimentos;24;Manufactura;CALLE GUAERITO PASAJE URDANETACASA NRO 10 ZONA GUERITO;0424-3156622;J400585856;ZARA000013;TURMERO;ZVE003;Zona Centro;120;GV ClReg. Ampofr.;Aragua;29.10.2021;;7000005882;24.11.2021;;;PEDRO RICHARD RIVAS;0424-3817365;0;;0;;VED;17;Precio Base General;60
10002452;FARMACEUTICA MUNDIAL;NT00;Contado;Z015;Comercializadora;24;Manufactura;CARIBE NIVEL PB LOCAL B-4 Y A-7AV.ESTE-OESTE L4 CRUCE CON AV NORTE -SUR L3 PARCELA M-4 CC CENTRO EMPRESARIALURB IND CASTILLITO VALENCIA CARABOBO;0241-8717406;J311141634;ZCAR000014;;ZVE003;Zona Centro;120;GV ClReg. Ampofr.;Carabobo;24.11.2021;SI;7000011077;18.03.2025;1600004871;07.04.2025;;0412-8887472;120005;REYES SANCHEZ JORGE;0;;VED;17;Precio Base General;60
10002466;POTABILIZADORA DE AGUA;NT00;Contado;Z005;Agua;24;Manufactura;MARACAY ARAGUACALLE COOPERATIVA LOCAL NRO 49-ABARRIO 23 DE ENERO;;J500324405;ZARA000004;;ZVE003;Zona Centro;120;GV ClReg. Ampofr.;Aragua;21.12.2021;;7000006023;21.12.2021;;;;;120005;REYES SANCHEZ JORGE;0;;VED;17;Precio Base General;60
10002467;COMERCIALIZADORA Y DISTRIBUIDORA;NT00;Contado;Z035;Medicina Humana;24;Manufactura;22 PISO 1, 2 y 3 LOCAL 04 SECTORCALLE MARIÑO EDIF MARIÑOCENTER 22 PISO 1, 2 y 3 EL CENTRO CUMANA SUCRE;0291-6521490;J500525770;ZSUC000014;;ZVE002;Zona Oriente;120;GV ClReg. Ampofr.;Sucre;27.12.2021;;7000006031;29.12.2021;;;;;100095;FARFAR CAMACHO GLISNEIDY ISABE;0;;VED;17;Precio Base General;60
10002471;YANEX NUTRICION C.A.;NT00;Contado;Z006;Alimentos;16;Distribuidores Trad.;URB LA  MORENERA - LOS RASTROJOSAV LOS MANGOS CON CARRERA 3 ETAPA III LOS RASTROJOS CASA NRO 82BLARA;0412-7646463;J500922590;ZLAR000003;;ZVE007;Zona Centro Occid.;120;GV ClReg. Ampofr.;Lara;17.01.2022;;7000008506;21.08.2023;;;FERNANDO JAFER BARBARA;;120005;REYES SANCHEZ JORGE;0;;VED;17;Precio Base General;60
10002482;LABORATORIO FONTI PHARMACEUTICAL, C;NT00;Contado;Z024;Farmacia;11;Cadena Nacional; ARAGUACALLE PAEZ CASA NRO 17 SECTORVILLEGUITA TURMERO;0412-4423629;J500370962;ZARA000013;TURMERO ARAGUA;ZVE003;Zona Centro;120;GV ClReg. Ampofr.;Aragua;31.01.2022;;7000010647;20.11.2024;1600004686;09.12.2024;;;100095;FARFAR CAMACHO GLISNEIDY ISABE;0;;VED;17;Precio Base General;60
10002484;GRUPO KAMY FOOD, C.A;NT00;Contado;Z006;Alimentos;;;EL FORTIN GUARENASAV PRINCIPAL EDIF 14 PISO PB LOCALS/N URB NUEVA CASARAPA CONJ. RESID.MIRANDA;0414-518 2247;J409419649;ZMIR000017;;ZVE003;Zona Centro;120;GV ClReg. Ampofr.;Miranda;04.02.2022;SI;7000012170;10.02.2026;1600005263;03.02.2026;;0424-29277398;120003;HERNANDEZ HORACIO;0;;VED;17;Precio Base General;60
10002492;TAQUISOL, C.A.;NT00;Contado;Z015;Comercializadora;24;Manufactura;AV INTERCOMUNAL TURMEROMARACAY CASA GALPON 4-B PARCELA NRO 7SECTOR EL MACARO;0414-4920732;J075866070;ZARA000013;TURMERO;ZVE004;Zona Metropolitana;120;GV ClReg. Ampofr.;Aragua;11.02.2022;SI;7000006161;15.02.2022;;;;;100095;FARFAR CAMACHO GLISNEIDY ISABE;0;;VED;17;Precio Base General;60
10002493;NEGROPRO INVERSIONES, C.A;NT00;Contado;Z015;Comercializadora;16;Distribuidores Trad.;CALLE BUENOS AIRES I CASA 37SECTOR LOS GIRASOLES YAGUA;0412-5635984;J407860119;ZCAR000002;CARABOBO;ZVE003;Zona Centro;120;GV ClReg. Ampofr.;Carabobo;14.02.2022;;7000006292;16.03.2022;;;YAJAIRA HURTADO REALES;;120005;REYES SANCHEZ JORGE;0;;VED;17;Precio Base General;60
10002498;INVERSIONES IMAGEN DM, C.A;NT00;Contado;Z015;Comercializadora;16;Distribuidores Trad.;AV BOLIVAR EDIF TORRE PRINCIPALPISO 8 OF 8-A URB LA ALEGRIA VALENCIA;0414-4968596;J400100690;ZCAR000014;CARABOBO;ZVE003;Zona Centro;120;GV ClReg. Ampofr.;Carabobo;16.02.2022;SI;;;;;ERIKA DE FEX;;120005;REYES SANCHEZ JORGE;0;;VED;17;Precio Base General;60
10002500;FACTORY COSMETICS 3DG, C.A;NT00;Contado;Z006;Alimentos;24;Manufactura;CALLE BOLIVAR CON CALLE REGULOFRANQUIZ LOCAL NRO S/N SECTOR PUEBLOARRIBA GUARENAS;0212-7140342;J410317973;ZMIR000017;MIRANDA;ZVE003;Zona Centro;120;GV ClReg. Ampofr.;Miranda;17.02.2022;;7000006195;22.02.2022;;;DAYANA CORRO;0412-6049877;120003;HERNANDEZ HORACIO;0;;VED;17;Precio Base General;60
10002507;CONDIMENTOS YE DE LARA, C.A.;NT00;Contado;Z006;Alimentos;24;Manufactura;CR 3 ENTRE CALLES 2 Y 4 LOCALNRO S/N ZONA INDUSTRIAL IIBARQUISIMETO;0414-5733202;J410702338;ZLAR000003;LARA;ZVE007;Zona Centro Occid.;120;GV ClReg. Ampofr.;Lara;23.02.2022;;7000010227;23.08.2024;;;BELSY VILLORIA;;120003;HERNANDEZ HORACIO;0;;VED;17;Precio Base General;60
10002509;DISTRIBUIDORA KCK 10, C.A.;NT00;Contado;Z015;Comercializadora;24;Manufactura;AV NORTE 2, ENTRE ESQ. MIJARESY SANTA CAPILLA EDIF INSBANCA PISO 3OF 34 URB ALTAGRACIA;0212-8604073;J412426451;ZDC0000001;CARACAS;ZVE004;Zona Metropolitana;120;GV ClReg. Ampofr.;Distrito Federal;25.02.2022;;7000006239;04.03.2022;;;NIZAR EL KENYI ABEIJON;0416-6186186;100095;FARFAR CAMACHO GLISNEIDY ISABE;0;;VED;17;Precio Base General;60
10002522;MANUFACTURAS DON LIMPIO, C.A.;NT00;Contado;Z015;Comercializadora;24;Manufactura;CALLE BUENA VISTA EDIF OVERSUFTPISO PB LOCAL LOCAL 1 SECTOR BAROLACARRIZAL;0212-3815652;J311628339;ZMIR000006;MIRANDA;ZVE004;Zona Metropolitana;120;GV ClReg. Ampofr.;Miranda;15.03.2022;SI;7000006298;18.03.2022;1600003196;26.12.2022;WILLIAMS MICHELANGELI;0424-1823858;120003;HERNANDEZ HORACIO;0;;VED;17;Precio Base General;60
10002523;KANTAL, S.A.;NT00;Contado;Z036;Medicina Veterinaria;24;Manufactura;LA PASTORA CARACASESQ CRUZ A COLA DE PATO QTA 27-1NRO S/N URB;0212-8629186;J000939632;ZCAR000009;CARACAS;ZVE004;Zona Metropolitana;120;GV ClReg. Ampofr.;Distrito Federal;18.03.2022;SI;7000010436;30.09.2024;1600004591;04.10.2024;ANTONIO ALBERTO VIEIRA;0426-9204866;120005;REYES SANCHEZ JORGE;0;;VED;17;Precio Base General;60
10002529;MEYER PRODUCTOS TERAPEUTICOS, S.A.;NT00;Contado;Z035;Medicina Humana;24;Manufactura;MIRANDACALLE EDIF MEYER PISO 4 OF 04 URBBOLEITA NORTE CARACAS;0212-8205621;J000252084;ZDC0000001;;ZVE004;Zona Metropolitana;120;GV ClReg. Ampofr.;Miranda;22.03.2022;SI;7000006446;28.04.2022;1600003133;14.12.2022;;;120004;DAZA RAMON;0;;VED;17;Precio Base General;60
10002530;ALIMENTOS SANTA CRUZ 3000, C.A.;NT00;Contado;Z015;Comercializadora;24;Manufactura;INDUSTRIAL SANTA CRUZCTRA NACIONAL CAGUA-SANTA CRUZO VICEVERSA LOCAL PARCELA NRO G-2 URB;0412-1487467;J501465150;ZARA000005;SANTA CRUZ DE ARAGUA;ZVE003;Zona Centro;120;GV ClReg. Ampofr.;Aragua;24.03.2022;;7000006333;24.03.2022;;;ANA MARIA PRIETO;;120003;HERNANDEZ HORACIO;0;;VED;17;Precio Base General;60
10002534;UNIDAD PRODUCTIVA FAMILIAR GABDIEL;NT00;Contado;Z016;Cosmetica;24;Manufactura;CARABOBO.CALLE 78-A CASA NRO 93-63 BARRIOEL CARMEN NORTE VALENCIA;0412-4654679;J409202976;ZCAR000014;;ZVE003;Zona Centro;120;GV ClReg. Ampofr.;Carabobo;30.03.2022;;;;;;;;120005;REYES SANCHEZ JORGE;0;;VED;17;Precio Base General;60
10002535;LABORATORIO SANAVIDA, C.A;NT00;Contado;Z016;Cosmetica;24;Manufactura;SECTOR CENTROCR 18 CON ESQUINA CALLE 36 EDIF35-80 PISO 2 OF 1;0424-5635225;J500643063;ZLAR000003;BARQUISIMETO;ZVE003;Zona Centro;120;GV ClReg. Ampofr.;Lara;04.04.2022;;7000007202;28.09.2022;;;DIEGO ORTIZ;0412-5197893;120005;REYES SANCHEZ JORGE;0;;VED;17;Precio Base General;60
10002542;GIMENO C A;NT00;Contado;Z006;Alimentos;24;Manufactura;LA QUIZADAAV CIRCUNVALACION LOCAL GALPONNRO 103 URB ZONA INDUSTRIAL LA QUIZANDA;0414-4192960;J075833287;ZCAR000014;VALENCIA CARABOBO;ZVE003;Zona Centro;120;GV ClReg. Ampofr.;Carabobo;26.04.2022;SI;7000010449;30.09.2024;1600004586;30.09.2024;MARIA FERNANDA GIMENO;;120003;HERNANDEZ HORACIO;0;;VED;17;Precio Base General;60
10002551;GHENNY MADELAINE PEÑA RODRIGUEZ;NT00;Contado;Z016;Cosmetica;24;Manufactura; BARINASCALLE 3  CASA NRO Q-08 URB URBCIUDAD VARYNA  BARINAS;0412-2685011;V194297340;ZBAR000005;;ZVE006;Zona Llanos;120;GV ClReg. Ampofr.;Barinas;27.05.2022;;;;;;;0424-5837749;120005;REYES SANCHEZ JORGE;0;;VED;17;Precio Base General;60
10002552;INVERSIONES CRONOESSENCE, C.A;NT00;Contado;Z030;Industria Química;24;Manufactura;CABIMASCALLE BUENA VISTA CASA NRO 81BSECTOR CAMPO ALEGRE;0424-4494339;J407693166;ZZUL000003;CABIMAS;ZVE001;Zona Occidente;120;GV ClReg. Ampofr.;Zulia;07.06.2022;;7000006780;28.06.2022;;;DANIEL CARPIO;0414-4164924;120005;REYES SANCHEZ JORGE;0;;VED;17;Precio Base General;60
10002554;GRUPO J&M, C.A.;NT00;Contado;Z015;Comercializadora;24;Manufactura;URB SABANA GRANDE CARACASAV LIBERTADOR CON CALLE PARAISOEDIF SICLAR PISO 5 OF 55DISTRITO CAPITAL;0212-7707805;J405486023;ZDC0000001;;ZVE004;Zona Metropolitana;120;GV ClReg. Ampofr.;Distrito Federal;13.06.2022;;7000007519;20.12.2022;;;JOANA RONDON;0424-1814856;100095;FARFAR CAMACHO GLISNEIDY ISABE;0;;VED;17;Precio Base General;60
10002562;DIDAQUIM, C.A;NT00;Contado;Z018;Cuidado Personal;24;Manufactura;INDUSTRIAL OESTE LOS GUAYOSCTRA NACIONAL VALENCIA LOS GUAYOSLOCAL LOTE 1.10 GALPON NRO8 SECTOR ZONA;0412-7553870;J410891289;ZCAR000007;LOS GUAYOS CARABOBO;ZVE003;Zona Centro;120;GV ClReg. Ampofr.;Carabobo;22.06.2022;SI;7000006772;23.06.2022;;;FIDEL ALEJANDRO GONZALEZ YZAGUIRRE;0412-7848021;120005;REYES SANCHEZ JORGE;0;;VED;17;Precio Base General;60
10002563;QUALITY MANUFACTURAS PLASTICAS C.A.;NT00;Contado;Z016;Cosmetica;24;Manufactura;SECTOR EL TAMBORCALLE FRANCISCO CAMPOSANO LOCALGALPONES NRO 1,2 Y 3;0212-3226349;J002250089;ZMIR000010;LOS TEQUES;ZVE004;Zona Metropolitana;120;GV ClReg. Ampofr.;Miranda;29.06.2022;SI;7000006808;06.07.2022;1600002848;15.09.2022;LAURA MEZA;0414-2115353;120005;REYES SANCHEZ JORGE;0;;VED;17;Precio Base General;60
10002564;PLASTIENVASES BARINAS, C.A;NT00;Contado;Z015;Comercializadora;24;Manufactura;LOCAL 2 SECTOR CENTRO BARINASAV CRUZ PAREDES CRUCECON AVENIDAD RICAURTE LOCAL NRO N°2;0424-5839622;J500493576;ZBAR000005;BARINAS;ZVE006;Zona Llanos;120;GV ClReg. Ampofr.;Barinas;07.07.2022;;7000012030;11.12.2025;1600005232;29.12.2025;VICTOR J ALVAREZ C;0414-5384727;100095;FARFAR CAMACHO GLISNEIDY ISABE;0;;USD;17;Precio Base General;60
10002565;FAMILY SON C.A;NT00;Contado;Z018;Cuidado Personal;24;Manufactura;TOCUYITOCALLE MANZANA 41 CASA NRO 04URB POCATERRA;0424-4371349;J400385210;ZCAR000006;;ZVE007;Zona Centro Occid.;120;GV ClReg. Ampofr.;Carabobo;07.07.2022;;;;;;DUGLAS GONZALEZ;0424-4371349;120005;REYES SANCHEZ JORGE;0;;VED;17;Precio Base General;60
10002566;GAVERMI CORP, C.A.;NT00;Contado;Z006;Alimentos;24;Manufactura;OF11 URB SABANA LARGA VALENCIACALLE 128 CC MEDITERRANEANPLAZA NIVEL PISO 3 OF P5-L01;0241-8250903;J502113762;ZCAR000014;;ZVE003;Zona Centro;120;GV ClReg. Ampofr.;Carabobo;11.07.2022;;7000009028;07.12.2023;;;MICHEL EDMOND ANGELINA AHMAR;0414-5849115;120003;HERNANDEZ HORACIO;0;;VED;17;Precio Base General;60
10002567;ALFONZO RIVAS & CIA, C.A.;NT00;Contado;Z006;Alimentos;24;Manufactura;URB CHUAO CARACAS CHACOAV LA ESTANCIA EDIF GENERALPISO 8 OF CHUAO;0212-70090-00;J000315310;ZMIR000007;MIRANDA;ZVE004;Zona Metropolitana;120;GV ClReg. Ampofr.;Miranda;15.07.2022;SI;7000012020;09.12.2025;1400002947;30.12.2025;STEPHANY LOVAGLIO;0244-4196328;120003;HERNANDEZ HORACIO;0;;USD;17;Precio Base General;60
10002570;PONCE & BENZO SUCR, C.A.;NT00;Contado;Z018;Cuidado Personal;24;Manufactura;SANTA EDUVIGIS CARACASAV 2DA CON QUINTA TRANSVERSAL EDIFPONCE & BENZO PISO 2 OF 2 URB;0424-2560183;J000298327;ZDC0000001;MIRANDA;ZVE004;Zona Metropolitana;120;GV ClReg. Ampofr.;Miranda;26.07.2022;SI;7000007313;26.10.2022;1600003114;13.12.2022;EIMI ESTEVES EVELIN;;120004;DAZA RAMON;0;;VED;17;Precio Base General;60
10002571;COSMETICOS MARBEN 2000 C.A;NT00;Contado;Z018;Cuidado Personal;24;Manufactura;INDUSTRIAL DEL ESTEAV 2DA EDIF CREMA PARAISOPISO 2 OF 2 URB;0212-3619595;J303456812;ZMIR000017;GUARENAS;ZVE004;Zona Metropolitana;120;GV ClReg. Ampofr.;Miranda;26.07.2022;SI;7000007716;27.02.2023;1600003419;16.03.2023;ISAAC BENHAYON;0414-3301462;120004;DAZA RAMON;0;;VED;17;Precio Base General;60
10002572;INVERSIONES SALAS GUANIPA, C.A;NT00;Contado;Z006;Alimentos;24;Manufactura;PUERTA MARAVENCALLE PRINCIPAL CASA NRO 33 URB NORKAOTERO, SECTOR;0412-3916654;J404954449;ZFAL000009;PUNTA CARDON;ZVE001;Zona Occidente;120;GV ClReg. Ampofr.;Falcon;28.07.2022;SI;7000007288;21.10.2022;;;LISSET GRABIELA SALAS GUANIPA;0412-7679987;120005;REYES SANCHEZ JORGE;0;;VED;17;Precio Base General;60
10002579;LABORATORIOS KIMICEG, C.A;NT00;Contado;Z035;Medicina Humana;24;Manufactura; LAS DELICIAS CARACAS DISTRITOAV ABRAHAM LICOLN/ CALLE LOS MANGOS EDIF SELEMAR PISO 9  OF 01-01 URBCAPITAL;0243-2155679;J001946268;ZARA000004;;ZVE003;Zona Centro;120;GV ClReg. Ampofr.;Distrito Federal;24.08.2022;;7000009464;22.03.2024;1600004164;17.04.2024;;0424-3100043;100095;FARFAR CAMACHO GLISNEIDY ISABE;0;;VED;17;Precio Base General;60
10002580;LACTEOS EL VALLE 2000 C,A;NT00;Contado;Z006;Alimentos;24;Manufactura;SECTOR CAMAGUANCALLE VIA CARRIZALERO CON CALLE LAPARAITA LOCAL SIN N° SECTOR CAMAGUAN;04125733690;J501284318;ZGUA000001;CAMAGUAN;ZVE006;Zona Llanos;120;GV ClReg. Ampofr.;Guarico;24.08.2022;;7000009409;13.03.2024;;;JOSE GREGORIO;04125733690;120003;HERNANDEZ HORACIO;0;;VED;17;Precio Base General;60
10002582;INVERSORA VEMOL C.A;NT00;Contado;Z006;Alimentos;24;Manufactura;67-45 SECTORCALLE 67 Y 68A QTACASA BLANCA NROCECILIO ACOSTA;04246039418;J400934672;ZZUL000018;MARACAIBO;ZVE001;Zona Occidente;120;GV ClReg. Ampofr.;Zulia;05.09.2022;;7000007120;08.09.2022;;;MARIELIS VILLALOBOS;;120005;REYES SANCHEZ JORGE;0;;VED;17;Precio Base General;60
10002585;ARGELIA MARGARITA VARGAS AULAR;NT00;Contado;Z015;Comercializadora;24;Manufactura;SECTOR LA VAQUERACALLE LA SOLEDA CASANRO 237 BARRIO SAN VICENTE;0424-4313950;V072041255;ZARA000004;MARACAY;ZVE003;Zona Centro;120;GV ClReg. Ampofr.;Aragua;14.09.2022;;;;;;ARGELIA MARGARITA VARGAS AULAR;;100095;FARFAR CAMACHO GLISNEIDY ISABE;0;;VED;17;Precio Base General;60
10002586;FRUTOS DE LA TIERRA CARIBE, C.A.;NT00;Contado;Z015;Comercializadora;24;Manufactura;CARMEN CARACASCALLE 7 DE SEPTIEMBRE CASANRO 22-02 SECTOR EL;0412-9252936;J410342234;ZDC0000001;CARACAS;ZVE004;Zona Metropolitana;120;GV ClReg. Ampofr.;Distrito Federal;14.09.2022;;7000008206;15.06.2023;;;MIGUEL H SAAVEDRA;;100095;FARFAR CAMACHO GLISNEIDY ISABE;0;;VED;17;Precio Base General;60
10002590;3P INVERSIONES C.A;NT00;Contado;Z015;Comercializadora;24;Manufactura;SANTA CRUZ SANTA CRUZ ARAGUAAV 02 SECTOR A LOCAL PARCELAA-16 ZONA INDUSTRIAL;0424-3448209;J309155873;ZARA000005;SANTA CRUZ;ZVE003;Zona Centro;120;GV ClReg. Ampofr.;Aragua;16.09.2022;SI;7000007157;20.09.2022;1600003060;08.12.2022;PEDRO ALEXIS CHACON LOPEZ;;120005;REYES SANCHEZ JORGE;0;;VED;17;Precio Base General;60
10002591;JOSHUA JOSÉ DE AMORÍN DÍAZ;NT00;Contado;Z015;Comercializadora;24;Manufactura;APT PH-A URB CANDELARIACALLE SUR 13 EDIF RES.PARQUE CARABOBO PISO PH;04241120230;V262790190;ZDC0000001;CARACAS;ZVE004;Zona Metropolitana;120;GV ClReg. Ampofr.;Distrito Federal;16.09.2022;;7000008631;14.09.2023;;;JOSHUA JOSÉ DE AMORÍN DÍAZ;;120003;HERNANDEZ HORACIO;0;;VED;17;Precio Base General;60
10002593;PLASTICOS 3P, C. A;NT00;Contado;Z015;Comercializadora;24;Manufactura;HAMACAAV ANTON PHILLIPS CASANRO 85 ZONA INDUSTRIAL LA;0416 6430310;J296496951;ZARA000004;MARACAY;ZVE003;Zona Centro;120;GV ClReg. Ampofr.;Aragua;23.09.2022;;;;;;MAURIZIO PIERONI;;100095;FARFAR CAMACHO GLISNEIDY ISABE;0;;VED;17;Precio Base General;60
10002594;MUSA COSMETICOS, C.A.;NT00;Contado;Z016;Cosmetica;24;Manufactura;CONTRY CLUBAV SUR CC PASEO EL HATILLONIVEL 9 OF9-15  URB LA LAGUNITACARACAS;04143194750;J408405911;ZMIR000009;EL HATILLO;ZVE004;Zona Metropolitana;120;GV ClReg. Ampofr.;Miranda;28.09.2022;SI;7000007786;10.03.2023;1600003422;15.03.2023;ISABEL CECILIA RODRIGUEZ ROMERO;;100095;FARFAR CAMACHO GLISNEIDY ISABE;0;;VED;17;Precio Base General;60
10002608;CASA DE REPRESENTACIONES GMA, C.A;NT00;Contado;Z018;Cuidado Personal;24;Manufactura;ZONA INDUSTRIAL LAAV GONZALEZ RINCONESCASA NRO 1909 URBTRINIDAD CARACAS;0414-1911710;J408341190;ZMIR000007;MIRANDA;ZVE004;Zona Metropolitana;120;GV ClReg. Ampofr.;Miranda;13.10.2022;;;;;;MARIANA MOLINA ROJAS;;120005;REYES SANCHEZ JORGE;0;;VED;17;Precio Base General;60
10002628;DROGEFARCA C.A.;NT00;Contado;Z006;Alimentos;24;Manufactura;URB BELLO MONTEAV PPAL. BELLO MONTE EDIF KASSELPISO MEZ-P-1PA OF 18 URB BELLO MONTE;02127539467;J308543128;ZDC0000001;CARACAS;ZVE004;Zona Metropolitana;120;GV ClReg. Ampofr.;Miranda;31.10.2022;SI;;;;;JOSE LUIS GARCIA PAREJA;04143062222;120004;DAZA RAMON;0;;VED;17;Precio Base General;60
10002629;INDUSTRIAS SALINERAS, C.A.;NT00;Contado;Z006;Alimentos;24;Manufactura;MARACAIBOAV 17 LOCAL NRO 108-303SECTOR LOS HATICOS;0261-2008150;J070083786;ZZUL000013;ZULIA;ZVE001;Zona Occidente;120;GV ClReg. Ampofr.;Zulia;04.11.2022;SI;7000010223;22.08.2024;1600004571;30.09.2024;FRANCISCO JOSE JUARISTI MATEO;0414-0060055;120005;REYES SANCHEZ JORGE;0;;VED;17;Precio Base General;60
10002635;GLOBAL GROUP J&A, C.A;NT00;Contado;Z006;Alimentos;24;Manufactura;63-125 NIVEL P-B LOCAL GALPON 9CALLE 88 (ESTE- OESTE 4) PARCELA 147CC INDUSTRIAL ITC NRO CIVICO 63-125ZONA INDUSTRIAL MUNICIPAL NORTE;0241-4147372;J501130957;ZCAR000007;VALENCIA;ZVE003;Zona Centro;120;GV ClReg. Ampofr.;Carabobo;09.11.2022;;;;;;JOHAN ESTRADA CASTRO;04127462309;120005;REYES SANCHEZ JORGE;0;;VED;17;Precio Base General;60
10002636;LA CUMBRE 2019, C.A;NT00;Contado;Z006;Alimentos;24;Manufactura;TINAQUILLOAV PRINCIPAL LOCAL NRO 15-30SECTOR HILANDERÍAS;0414-4004954;J404711490;ZCOJ000003;TINAQUILLO;ZVE007;Zona Centro Occid.;120;GV ClReg. Ampofr.;Cojedes;09.11.2022;;7000007413;21.11.2022;;;LUIS GUILLERMO GRATEROL EHTER;;100095;FARFAR CAMACHO GLISNEIDY ISABE;0;;VED;17;Precio Base General;60
10002640;METALES AVILA 2000, C.A.;NT00;Contado;Z006;Alimentos;24;Manufactura;LAS GARCITAS GUACARACTRA NACIONAL LOS GUAYOS-GUACARA LOCAL NRO S/N CONJUNTO RESIDENCIAL;0424-3191474;J310705763;ZCAR000007;;ZVE003;Zona Centro;120;GV ClReg. Ampofr.;Carabobo;11.11.2022;SI;;;;;DARIELYS;0424-4263749;0;;0;;VED;17;Precio Base General;60
10002653;ENVASES Y QUIMICOS;NT00;Contado;Z015;Comercializadora;24;Manufactura;BARQUISIMETO  LARACALLE 32 ENTRE CARRERAS 23 Y 24LOCAL NRO S/N SECTOR CENTRO;0414-357-5658;J409890660;ZLAR000003;;ZVE003;Zona Centro;120;GV ClReg. Ampofr.;Lara;29.11.2022;;7000011865;24.10.2025;1400002856;11.11.2025;;;120005;REYES SANCHEZ JORGE;0;;VED;17;Precio Base General;60
10002655;ALL DISTRIBUCION, C.A;NT00;Contado;Z006;Alimentos;24;Manufactura;CIUDAD GUAYANACALLE S/N CASA MANZANAC NRO 35 URB VILLA CARUACHI;0291-3160900;J411408034;ZBOL000005;BOLIVAR;ZVE005;Zona Oriente Sur;120;GV ClReg. Ampofr.;Bolívar;01.12.2022;;7000008454;08.08.2023;;;JOSE MANUEL ENCISO BEDOYA;0424-9330049;120003;HERNANDEZ HORACIO;0;;VED;17;Precio Base General;60
10002660;CONCORD FACTORY, C.A;NT00;Contado;Z018;Cuidado Personal;24;Manufactura;MUNICIPALCR 1 ENTRE CALLES 4 Y 5 LOCALNRO S/N BARRIO LA;0414-3579880;J502765344;ZLAR000003;BARQUISIMETO;ZVE007;Zona Centro Occid.;120;GV ClReg. Ampofr.;Lara;09.12.2022;;;;;;ZHENG ZHENG MICHAEL BINYU;0412-0536402;120005;REYES SANCHEZ JORGE;0;;VED;17;Precio Base General;60
10002661;JOEL GILBERTO YNOJOSA QUERO;NT00;Contado;Z036;Medicina Veterinaria;24;Manufactura;CRUZ DE ARAGUACALLE BOLIVAR CASA NRO 7NRO 7-69 SECTOR CENTRO SANTA;0414-4602568;V087449293;ZARA000005;SANTA CRUZ;ZVE003;Zona Centro;120;GV ClReg. Ampofr.;Aragua;14.12.2022;;7000007507;15.12.2022;;;JOEL GILBERTO YNOJOSA QUERO;;120003;HERNANDEZ HORACIO;0;;VED;17;Precio Base General;60
10002664;L V QUIMICOS CA;NT00;Contado;Z030;Industria Química;24;Manufactura;ISABELICAAV 73 A LOCAL NRO 81-A-141ZONA INDUSTRIAL LA;0424-4092397;J307358629;ZCAR000014;VALENCIA;ZVE003;Zona Centro;120;GV ClReg. Ampofr.;Carabobo;12.01.2023;SI;7000011675;04.09.2025;1600005086;09.09.2025;LUIS IGNACION VILLAFAÑE GIL;;120005;REYES SANCHEZ JORGE;0;;VED;17;Precio Base General;60
10002665;COMERCIALIZADORA N.S., C.A;NT00;Contado;Z053;Materia Prima;24;Manufactura;MARACAY ARAGUACALLE CAMPESINA LOCAL NRO 36ZONA IND. SAN VICENTE;0424-3310417;J308304611;ZARA000004;;ZVE003;Zona Centro;120;GV ClReg. Ampofr.;Aragua;17.01.2023;;7000008479;14.08.2023;;;;;120002;AMPOFRASCA OFICINA;0;;VED;17;Precio Base General;60
10002671;AGUILAR 2012 INVERSIONES, C.A;NT00;Contado;Z015;Comercializadora;24;Manufactura;MARACAY ARAGUACALLE ALTAGRACIA CASA NRO 54BARRIO 23 DE ENERO;0412-4382121;J400468949;ZARA000004; MARACAY;ZVE003;Zona Centro;120;GV ClReg. Ampofr.;Aragua;25.01.2023;;7000009439;20.03.2024;;;;;120002;AMPOFRASCA OFICINA;0;;VED;17;Precio Base General;60
10002672;REPRESENTACIONES MEDICAL PV, C.A.;NT00;Contado;Z035;Medicina Humana;24;Manufactura;LA ARBOLEDACALLE LOS SAUCES CASANRO 7 URB;0424-3299554;J502950796;ZARA000004;MARACAY;ZVE003;Zona Centro;120;GV ClReg. Ampofr.;Aragua;31.01.2023;;7000011984;26.11.2025;1600005199;27.11.2025;LARDY VELASCO;;120003;HERNANDEZ HORACIO;0;;VED;17;Precio Base General;60
10002673;CREACIONES STRAWBERRY SWEET;NT00;Contado;Z017;Cuidado Del Hogar;24;Manufactura;PISO LOCAL NRO 12 SECTORCALLE SABANA LARGA ENTRE BOYACAY AYACUCHO N° 104-49-10 SEGUNDO;0412-1587442;J500812361;ZARA000015;CAGUA;ZVE003;Zona Centro;120;GV ClReg. Ampofr.;Aragua;31.01.2023;;7000007624;31.01.2023;;;YOSILVIC ARREDONDO;;100095;FARFAR CAMACHO GLISNEIDY ISABE;0;;VED;17;Precio Base General;60
10002675;FLUIVEN DE LOS ANDES S.A.;NT00;Contado;Z015;Comercializadora;15;Distribuidores Enf.;LAS FLORESAV 2 ENTRE AVENIDA LAS FLORES Y FINALCALLE LA CONCORDIA LOCAL NRO 1-39 BARRIO;0276-3477709;J311088393;ZTAC000023;SAN CRISTOBAL;ZVE008;Zona Andina;120;GV ClReg. Ampofr.;Tachira;03.02.2023;SI;7000008408;28.07.2023;1600003892;30.10.2023;Teresa Diaz;;120005;REYES SANCHEZ JORGE;0;;VED;17;Precio Base General;60
10002680;SUMINISTROS TORRE EIFFEL, C.A;NT00;Contado;Z006;Alimentos;24;Manufactura;SECTOR LA PASTORAAV NORTE CATORCE ESQUINACOROMOTO A SANTA ANA LOCAL NRO 203CARACAS;0212-5320661;J305972524;ZDC0000001;;ZVE004;Zona Metropolitana;120;GV ClReg. Ampofr.;Distrito Federal;09.02.2023;SI;7000010613;13.11.2024;1600004667;13.11.2024;;0212-2417293;120003;HERNANDEZ HORACIO;0;;VED;17;Precio Base General;60
10002693;TORTA INVERSIONES YAQUI C.A;NT00;Contado;Z006;Alimentos;24;Manufactura; LOCAL NRO 18 BARRIO SAN AGUSTINAV PRINCIPAL DE SAN AGUSTINCRUCE CON CALLEJON ¨A¨;0424-341 5015;J403450129;ZARA000004;;ZVE003;Zona Centro;120;GV ClReg. Ampofr.;Aragua;24.02.2023;SI;7000008470;10.08.2023;1600003809;31.08.2023;;0414-478 0222;120005;REYES SANCHEZ JORGE;0;;VED;17;Precio Base General;60
10002700;INDUSTRIAS MODELO DE VENEZUELA;NT00;Contado;Z017;Cuidado Del Hogar;24;Manufactura;CENTRO NORTEAV PASEO CABRIALES EDIF TORREA PISO 11 APT 11-1 URB;0424-4353954;J407455087;ZCAR000014;VALENCIA;ZVE003;Zona Centro;120;GV ClReg. Ampofr.;Carabobo;08.03.2023;;7000008133;25.05.2023;;;ANA MARIA NAVAS;;120005;REYES SANCHEZ JORGE;0;;VED;17;Precio Base General;60
10002705;INVERSIONES PELLET - ORGANICOS;NT00;Contado;Z006;Alimentos;24;Manufactura;LOS TEQUESCALLE PRINCIPAL CASA NRO 67SECTOR EL VIGIA;02122432398;J407315390;ZMIR000010;LOS TEQUES;ZVE004;Zona Metropolitana;120;GV ClReg. Ampofr.;Miranda;14.03.2023;;7000007803;15.03.2023;;;WILMER A. MONTILLA E.;;120005;REYES SANCHEZ JORGE;0;;VED;17;Precio Base General;60
10002712;ARTQUIMIA, C.A.;NT00;Contado;Z018;Cuidado Personal;24;Manufactura;INDUSTRIAL EL RECREOCALLE A PARCELA I-18 LOCAL CONDOMINIOC.P.I-VIA FLOR AMARILLO GALPON NRO 3 URB;0414-4026435;J075415752;ZCAR000014;VALENCIA;ZVE003;Zona Centro;120;GV ClReg. Ampofr.;Carabobo;17.03.2023;SI;7000007859;23.03.2023;1600003750;10.08.2023;ROSARIO DE LUCIA S;;120003;HERNANDEZ HORACIO;0;;VED;17;Precio Base General;60
10002715;AGROPECUARIA PET SHOP 22, C.A.;NT00;Contado;Z036;Medicina Veterinaria;24;Manufactura;BARRIO LA MORITA II SANTA RITACALLE LEONARDO RUIZ PINEDA CRUCECON EZEQUIEL ZAMORA LOCAL NR 2;04243799702;J502428070;ZARA000003;MARACAY;ZVE003;Zona Centro;120;GV ClReg. Ampofr.;Aragua;20.03.2023;;7000007834;20.03.2023;;;MARIA GABRIELA LUNA;;120005;REYES SANCHEZ JORGE;0;;VED;17;Precio Base General;60
10002732;JORGE IBRAHIN KASSISSE EL HAGE;NT00;Contado;Z015;Comercializadora;24;Manufactura;PUEBLO NUEVOCR 7 CASA NRO 6SECTOR LAS PILAS;;V119697227;ZTAC000023;SAN CRISTOBAL;ZVE008;Zona Andina;120;GV ClReg. Ampofr.;Tachira;11.04.2023;;7000007959;17.04.2023;;;JORGE IBRAHIN KASSISSE EL HAGE;;120003;HERNANDEZ HORACIO;0;;VED;17;Precio Base General;60
10002733;MITO BREWHOUSE, C.A.;NT00;Contado;Z015;Comercializadora;24;Manufactura;LOS ANDESAV LOS PROCERES LOCAL NRO 09ZONA INDUSTRIAL LOS ANDES;02742666972;J400577888;ZMER000012;MERIDA;ZVE008;Zona Andina;120;GV ClReg. Ampofr.;Merida;11.04.2023;SI;;;;;CARMEN ZENAIDA PUENTE ANGULO;;120003;HERNANDEZ HORACIO;0;;VED;17;Precio Base General;60
10002743;CONDIMENTOS Y ESPECIAS D&A 2019, CA;NT00;Contado;Z006;Alimentos;24;Manufactura;ZONA OESTECALLE 60 ENTRE CARRERAS 13-AY 13-B CASA NRO 13A-78;0414-668823;J500035748;ZLAR000003;BARQUISIMETO;ZVE001;Zona Occidente;120;GV ClReg. Ampofr.;Lara;18.04.2023;;7000011707;15.09.2025;1400002721;22.09.2025;ANGELA M GONZALEZ M;;120003;HERNANDEZ HORACIO;0;;VED;17;Precio Base General;60
10002751;ELKANOS INTERNATIONAL, C.A.;NT00;Contado;Z006;Alimentos;24;Manufactura;COMUNIDAD BRISAS DEL CAFEAV UNIVERSIDAD ,MANZANA E,N°098-K SECTOR;0424-4409875;J500506554;ZCAR000014;NAGUANAGUA;ZVE003;Zona Centro;120;GV ClReg. Ampofr.;Carabobo;21.04.2023;;;;;;MIRIAM J LOPEZ DE GARCIA;;120003;HERNANDEZ HORACIO;0;;VED;17;Precio Base General;60
10002758;COMERCIALIZADORA ALFA Y OMEGA G&G;NT00;Contado;Z006;Alimentos;24;Manufactura;ACARIGUA ESATDO PORTUGUESACALLE 22/AVENIDAS 32 Y 33 CASANRO 32-09 SECTOR CENTRO;0412-7255663;J400519675;ZPOR000008;ACARIGUA;ZVE006;Zona Llanos;120;GV ClReg. Ampofr.;Portuguesa;24.04.2023;;7000010202;20.08.2024;;;ROSANGEL NATALIA TORRES URIBE;0412-7255663;120003;HERNANDEZ HORACIO;0;;VED;17;Precio Base General;60
10002868;SUMINISTROS LUBRIYAR 2100, C.A;NT00;Contado;Z015;Comercializadora;24;Manufactura;MARACAY ARAGUACALLE 17 CASA NRO 411URB LOS SAMANES II;04145883117;J405033843;ZARA000004;MARACAY;ZVE003;Zona Centro;120;GV ClReg. Ampofr.;Aragua;19.06.2023;;;;;;YARELIS SIFONTES;;120003;HERNANDEZ HORACIO;0;;VED;17;Precio Base General;60
10002869;LA CASA DE LA BELLEZA PROFESIONAL;;;Z016;Cosmetica;24;Manufactura;EL SILENCIOAV 49E CASA NRO 173-49BARRIO 24 DE JULIO;0424-6257515;J401034446;ZZUL000017;ZULIA;ZVE007;Zona Centro Occid.;120;GV ClReg. Ampofr.;Zulia;20.06.2023;;;;;;JOSE ANGEL VILLAS;;120005;REYES SANCHEZ JORGE;0;;VED;17;Precio Base General;60
10002882;SOFT DRINKS COMPANY, C.A.;NT00;Contado;Z012;Carbonatadas;24;Manufactura;SANTA ROSALIAAV NORTE LOCAL GALPON NRO S/NLOCAL GALPON S/N ZONA INDUSTRIAL;0414-5443137;J503300809;ZARA000015;CAGUA;ZVE003;Zona Centro;120;GV ClReg. Ampofr.;Aragua;26.06.2023;;;;1600005100;23.09.2025; WU HE CHANG YI;;100095;FARFAR CAMACHO GLISNEIDY ISABE;0;;VED;17;Precio Base General;60
10002886;ALIMENTOS MONTAÑEZ, C.A.;NT00;Contado;Z006;Alimentos;24;Manufactura;SECTOR CARRETERA ACARIGUA-AGUACTRA TRONCAL 5 LOCAL CIUDADAGROINDUSTRIAL LOS TOUSHIN NRO 7 Y 48BLANCA ARARURE PORTUGUESA;;J407347284;ZPOR000008;PORTUGUESA;ZVE007;Zona Centro Occid.;120;GV ClReg. Ampofr.;Portuguesa;28.06.2023;;7000011084;20.03.2025;1600004851;31.03.2025;JUAN CARLOS MONTAÑEZ DE SA PEREIRA;;100095;FARFAR CAMACHO GLISNEIDY ISABE;0;;VED;17;Precio Base General;60
10002893;PLASTIC COMPANY 2021, C.A.;NT00;Contado;Z015;Comercializadora;24;Manufactura;CALIFORNIA NORTEAV LA HAYA QTA MAMAROSA NRO 2 URB LA;04140116370;J501823103;ZMIR000019;CARACAS (PETARE);ZVE004;Zona Metropolitana;120;GV ClReg. Ampofr.;Miranda;30.06.2023;;7000011253;16.05.2025;;;ALBERTO GALET;;120005;REYES SANCHEZ JORGE;0;;VED;17;Precio Base General;60
10002897;AGUSTIN CIPRIANO PERDOMO;NT00;Contado;Z015;Comercializadora;24;Manufactura;SECTOR LAS NEREIDASCALLE JACARANDA CASA NRO 36URB ARNALDO AROCHA;0414-99999;V061894175;ZMIR000017;GUATIRE;ZVE004;Zona Metropolitana;120;GV ClReg. Ampofr.;Miranda;04.07.2023;;;;;;AGUSTIN CIPRIANO PERDOMO;;120003;HERNANDEZ HORACIO;0;;VED;17;Precio Base General;60
10002898; INDUSTRIAS MICROKILL, C.A;NT00;Contado;Z035;Medicina Humana;24;Manufactura;DE GIRARDOTCALLE LOS PROCERES CASANRO 10-45 SECTOR TRES COLINAS;0412-1492707;J503306521;ZCAR000014;NAGUANAGUA;ZVE003;Zona Centro;120;GV ClReg. Ampofr.;Carabobo;06.07.2023;;7000012028;10.12.2025;1600005214;15.12.2025;KISBEL ALVAREZ;;120003;HERNANDEZ HORACIO;0;;VED;17;Precio Base General;60
10002900;MEDIVEB, C.A.;NT00;Contado;Z020;Drogueria;24;Manufactura;INDUSTRIAL IICR 7 CON CALLE 4 LOCAL COMPLEJOINDUSTRIAL LARA NRO C-3 ZONA;0251-2690726;J300090248;ZLAR000003;BARQUISIMETO;ZVE007;Zona Centro Occid.;120;GV ClReg. Ampofr.;Lara;10.07.2023;SI;7000011399;30.06.2025;1600004041;08.02.2024;JEHOVA PEREZ;0414-5105787;120005;REYES SANCHEZ JORGE;0;;VED;17;Precio Base General;60
10002911;FARMAGRO, C.A.;NT00;Contado;Z015;Comercializadora;24;Manufactura;SAN JOAQUIN DE TUMERO,CALLE 2 CASA NRO 10 SECTOR EL TIERRAL,SAN JOAQUIN DE TUMERO, EDO ARAGUAEDO ARAGUA;0243-2186417;J314580116;ZARA000004;TURMERO;ZVE003;Zona Centro;120;GV ClReg. Ampofr.;Aragua;17.07.2023;;7000011954;19.11.2025;1600005194;25.11.2025;LUIS OSWALDO PALACIOS CARPIO;0414-03932129;120003;HERNANDEZ HORACIO;0;;VED;17;Precio Base General;60
10002912;LST VALENCIA, C.A;NT00;Contado;Z016;Cosmetica;24;Manufactura;SECTOR 3 VALENCIAVDA 07 CASA NRO 24URB LA ISABELICA;0414-4348664;J405627026;ZCAR000012;CARABOBO;ZVE003;Zona Centro;120;GV ClReg. Ampofr.;Carabobo;17.07.2023;;7000011334;10.06.2025;1400002445;11.06.2025;UBALDO JOSE GUTIERREZ;;120005;REYES SANCHEZ JORGE;0;;VED;17;Precio Base General;60
10002915;GRUPO FIEL, S.A.;NT00;Contado;Z021;Embotelladora;24;Manufactura;SIN NOMBRE SABANA DE LA PLATACTRA LARA ZULIA LOCAL NRO S/NSECTOR LA PLATA VIEJA,CALLE;0412-1632606;J400185378;ZZUL000013;ZULIA;ZVE001;Zona Occidente;120;GV ClReg. Ampofr.;Zulia;17.07.2023;SI;;;;;ALFONZO PACIOCCO;;120003;HERNANDEZ HORACIO;0;;VED;17;Precio Base General;60
10002931;LUIS ALFREDO LEON BARRIOS;NT00;Contado;Z035;Medicina Humana;24;Manufactura;MAÑONGOCALLE PARCELA 4 EDIF ALESSANDRIAPISO 2 APT 8 URB CIUDAD JARDIN DE;0412-5050865;V211188070;ZCAR000014;NAGUANAGUA;ZVE003;Zona Centro;120;GV ClReg. Ampofr.;Carabobo;26.07.2023;;7000009499;03.04.2024;;;LUIS ALFREDO LEON BARRIOS;;120003;HERNANDEZ HORACIO;0;;VED;17;Precio Base General;60
10002940;MQS INVERSIONES, C.A;NT00;Contado;Z016;Cosmetica;24;Manufactura;CENTRAL EL CONSEJOCALLE RIVAS DAVILA CASANRO 13 SECTOR CASCO;0424-3637831;J407233408;ZARA000006;;ZVE003;Zona Centro;120;GV ClReg. Ampofr.;Aragua;04.08.2023;SI;7000009797;29.05.2024;1600003896;31.10.2023;NELSON FREY VASCONCELOS;;120005;REYES SANCHEZ JORGE;0;;VED;17;Precio Base General;60
10002941;DROGUERIA SALUD SS, C.A;NT00;Contado;Z020;Drogueria;24;Manufactura;EL LIMONAV EL LIMON EDIF ODIMARPISO PB LOCAL 81-A SECTOR;0424-3373825;J502435263;ZARA000009;EL LIMON;ZVE003;Zona Centro;120;GV ClReg. Ampofr.;Aragua;07.08.2023;;7000011948;17.11.2025;1600005205;03.12.2025;GERARDO SOTO;;120005;REYES SANCHEZ JORGE;0;;VED;17;Precio Base General;60
10002944;SERVI QUIMICOS J.R., C.A.;NT00;Contado;Z018;Cuidado Personal;24;Manufactura;CALICANTO MARACAY EDO ARAGUAAV 2DA TRANSVERSAL EDIFMOISES PISO 4 APT 4-A URB;0414-4588949;J298718358;ZARA000004;MARACAY;ZVE003;Zona Centro;120;GV ClReg. Ampofr.;Aragua;10.08.2023;SI;7000008935;20.11.2023;;;JAIME L. RIVERO C.;;120005;REYES SANCHEZ JORGE;0;;VED;17;Precio Base General;60
10002946;GLOBAL GLAM COSMETICS, C.A.;NT00;Contado;Z016;Cosmetica;24;Manufactura;URB PRADO DEL ESTECALLE AMAZONA ANEXO B QTANRO BALALAIKA;0414-3025054;J405807636;ZCAR000008;CARACAS;ZVE004;Zona Metropolitana;120;GV ClReg. Ampofr.;Miranda;11.08.2023;;7000012075;07.01.2026;1400002926;15.12.2025;MARIA F. MOGOLLON B.;;120004;DAZA RAMON;0;;VED;17;Precio Base General;60
10002950;MULTISERVICIOS Y RECUPERADORA;NT00;Contado;Z015;Comercializadora;24;Manufactura;SANTA ROSAAV CONSTITUCION CASANRO 119 BARRIO;0416-0415949;J408174197;ZARA000004;MARACAY;ZVE003;Zona Centro;120;GV ClReg. Ampofr.;Aragua;17.08.2023;;7000009871;11.06.2024;;;JOSE MORILLO;;120002;AMPOFRASCA OFICINA;0;;VED;17;Precio Base General;60
10002957;COMERCIALIZADORA VETERINARIA Y;NT00;Contado;Z036;Medicina Veterinaria;24;Manufactura;URB LA FLORIDAAV LIBERTADOR EDIF LALA CARLOTA PISO 4-D OF 4-D;04129495040;J003057738;ZMIR000003;CARACAS;ZVE004;Zona Metropolitana;120;GV ClReg. Ampofr.;Distrito Federal;24.08.2023;SI;7000011235;12.05.2025;1600004908;15.05.2025;ARMANDO MARTIN ALLUEVA GONZALEZ;;120005;REYES SANCHEZ JORGE;0;;VED;17;Precio Base General;60
10002958;TROQUELES Y EMPAQUES VENEZUELA, C.A;NT00;Contado;Z035;Medicina Humana;24;Manufactura;CARRERO CASA NRO 39CALLE NEGRO PRIMERO ENTRECALLE LIBERTADOR Y SANCHEZSECTOR CENTRO;04265300952;J411604879;ZARA000004;MARACAY;ZVE003;Zona Centro;120;GV ClReg. Ampofr.;Aragua;25.08.2023;SI;7000008633;14.09.2023;;;ALAIN ZADRA;;120005;REYES SANCHEZ JORGE;0;;VED;17;Precio Base General;60
10002969;PYME ALIMENTOS CVM, C.A;NT00;Contado;Z006;Alimentos;24;Manufactura;SAN JOSE RIO ACARIGUACALLE 01 QTA NRO 01 CASERIOCHORO SOTELDEÑO SECTOR;0;J503407891;ZPOR000008;PORTUGUESA;ZVE007;Zona Centro Occid.;120;GV ClReg. Ampofr.;Portuguesa;04.09.2023;;7000008938;20.11.2023;;;CARLOS VILLAMIZAR;0;100095;FARFAR CAMACHO GLISNEIDY ISABE;0;;VED;17;Precio Base General;60
10002997;ZULMIRA GRANOS Y CONDIMENTOS, C.A.;NT00;Contado;Z015;Comercializadora;24;Manufactura;PALO NEGROCALLE BOLIVAR LOCAL NRO 36SECTOR CENTRO PALO NEGRO;0412-8984485;J313335746;ZARA000008;ARAGUA;ZVE003;Zona Centro;120;GV ClReg. Ampofr.;Aragua;17.10.2023;;7000011750;23.09.2025;1400002726;24.09.2025;ZULMIRA FERNANDEZ DURAN;;120005;REYES SANCHEZ JORGE;0;;VED;17;Precio Base General;60
10002998;GRUPO DE SABORES VENEZOLANOS, C.A;NT00;Contado;Z015;Comercializadora;24;Manufactura;EMPRESARIAL INTERCOMUNALCALLE OESTE 1 CASA PARCELA NRO 07 LOCAL27 CONJUNTO RESIDENCIAL CENTROCENTER TURMERO;0414-0982193;J503710497;ZARA000004;ARAGUA;ZVE003;Zona Centro;120;GV ClReg. Ampofr.;Aragua;17.10.2023;;7000009233;05.02.2024;;;TIBISAY MICHEL CONTRERAS;;120003;HERNANDEZ HORACIO;0;;VED;17;Precio Base General;60
10003014;AREPECA-AUTOREPUESTO ELECTRICOS;NT00;Contado;Z017;Cuidado Del Hogar;24;Manufactura;ANACOCALLE JUNIN CASA NRO S/NSECTOR LOS ALGARROBOS;04164934897;J408735334;ZANZ000001;ANZOATEGUI;ZVE002;Zona Oriente;120;GV ClReg. Ampofr.;Anzoategui;14.11.2023;;;;;;NATHALIE A MICHEL P;;120005;REYES SANCHEZ JORGE;0;;VED;17;Precio Base General;60
10003019;INDUSTRIAS COMERCIAL ARAGUA, C.A.;NT00;Contado;Z017;Cuidado Del Hogar;24;Manufactura;SAN VICENTE IICALLE S/N LOCAL NRO 21LOCAL S/N ZONA ZONA INDUSTRIAL;04243029697;J504136760;ZARA000004;MARACAY;ZVE003;Zona Centro;120;GV ClReg. Ampofr.;Aragua;20.11.2023;;;;;;JONATHAN INOJOSA;;120003;HERNANDEZ HORACIO;0;;VED;17;Precio Base General;60
10003020;INDUSTRIAS 204, C.A.;NT00;Contado;Z030;Industria Química;24;Manufactura;1-B URB MIRANDACALLE HIGUEROTE LOCALRES NRO 204 LOCAL ANEXO;04241120230;J503574364;ZMIR000019;CARACAS (PETARE);ZVE004;Zona Metropolitana;120;GV ClReg. Ampofr.;Miranda;20.11.2023;;7000011877;28.10.2025;1400002818;28.10.2025;ANDRES QUIJADA;;120003;HERNANDEZ HORACIO;0;;VED;17;Precio Base General;60
10003022;SUMINISTROS FUENTES, C.A.;NT00;Contado;Z006;Alimentos;24;Manufactura;BELLAS ARTESCALLE CARLOS GAUNACASA NRO 3 URB;0412-1505948;J502486275;ZPOR000008;ACARIGUA;ZVE007;Zona Centro Occid.;120;GV ClReg. Ampofr.;Portuguesa;22.11.2023;;7000009016;05.12.2023;;;CARMEN LUISA JAIMEZ SILVA;;120003;HERNANDEZ HORACIO;0;;VED;17;Precio Base General;60
10003023;INVERSIONESRLN2021, CA;NT00;Contado;Z017;Cuidado Del Hogar;24;Manufactura;SECTOR LA MORITACALLE LEONARDO RUIZPINEDA LOCAL LOCAL NRO 22;0424-3799702;J411415030;ZARA000003;SANTA RITA;ZVE003;Zona Centro;120;GV ClReg. Ampofr.;Aragua;24.11.2023;;7000010515;21.10.2024;1600004748;15.01.2025;NELSON A RIVAS P;;120005;REYES SANCHEZ JORGE;0;;VED;17;Precio Base General;60
10003030;ANAYANSI, C.A.;NT00;Contado;Z015;Comercializadora;24;Manufactura;INDUSTRIAL TERRINCACALLE FINAL CALLE 4LOCAL GALPON NRO 03 URB;04243789538;J000599009;ZMIR000001;GUATIRE;ZVE004;Zona Metropolitana;120;GV ClReg. Ampofr.;Miranda;07.12.2023;SI;7000009565;15.04.2024;;;MAYER CHEREM;;120005;REYES SANCHEZ JORGE;0;;VED;17;Precio Base General;60
10003048;FUNDADORA INTERCONTINENTAL;NT00;Contado;Z053;Materia Prima;24;Manufactura;GUERITO NIVEL P/B LOCAL GALPONAV ASENTAMIENTO CAMPESINOCACHIPO CC CONJUNTO PASEO COMERCIALL-8 SECTOR GUERITO 19 DE ABRIL ARAGUA;0412-9613671;J412606018;ZARA000004;;ZVE003;Zona Centro;120;GV ClReg. Ampofr.;Aragua;10.01.2024;;;;;;;;0;;0;;VED;17;Precio Base General;60
10003052;GLENNIS YOLANIS PEREZ PEREZ;NT00;Contado;Z050;Transporte;24;Manufactura;MARACAY ARAGUACALLE 5 DE JULIO CASA GALPON NRO13 URB GUASIMAL;0412-6039502;V194179436;ZARA000004;;ZVE003;Zona Centro;120;GV ClReg. Ampofr.;Aragua;24.01.2024;SI;7000012179;13.02.2026;1400003018;18.02.2026;;;120002;AMPOFRASCA OFICINA;0;;VED;17;Precio Base General;60
10003053;INVERSIONES MY VEN, CA;NT00;Contado;Z015;Comercializadora;24;Manufactura;TURMEROAV INTER TURMERO MARACAYLOCAL N° 12 URB NICOLAS FARINCHI;04144601519;J309101080;ZARA000013;TUMERO;ZVE003;Zona Centro;120;GV ClReg. Ampofr.;Aragua;31.01.2024;SI;;;;;ELIAS YOSELIER ACOSTA MATA;;120002;AMPOFRASCA OFICINA;0;;VED;17;Precio Base General;60
10003067;PLASTITODO BOULEVARD, C.A.;NT00;Contado;Z015;Comercializadora;24;Manufactura;NO 49 LOCAL 1 SECTOR CENTROCALLE BOULEVARD PEREZ ALMARZAEDIF MEI PISO PB LOCAL;0243-2464365;J503855819;ZARA000004;MARACAY;ZVE003;Zona Centro;120;GV ClReg. Ampofr.;Aragua;04.03.2024;;7000011444;11.07.2025;1400002521;16.07.2025;ZHENG LIN XIAOQUING;04127372686;120005;REYES SANCHEZ JORGE;0;;VED;17;Precio Base General;60
10003068;ARFYPLAST, C.A.;NT00;Contado;Z015;Comercializadora;24;Manufactura;SECTOR CENTROAV BOLIVAR CC EL GLOBALNIVEL P/B LOCAL 57-A;0412-4573204;J412133934;ZARA000004;MARACAY;ZVE003;Zona Centro;120;GV ClReg. Ampofr.;Aragua;04.03.2024;;7000009430;19.03.2024;;;ARGENIS RAPHAEL BARRIOS TINEO;0412-4573210;120005;REYES SANCHEZ JORGE;0;;VED;17;Precio Base General;60
10003071;MARIA ELENA ARIAS SUAREZ;NT00;Contado;Z035;Medicina Humana;24;Manufactura;110-149 URB EL CANDELEROCALLE SILVA ENTRE AVENIDA 111-AYAVENIDA LISANDRO ALVARADO CASA NRO;0412-2424945;V139176894;ZCAR000014;VALENCIA;ZVE003;Zona Centro;120;GV ClReg. Ampofr.;Carabobo;08.03.2024;;7000010918;06.02.2025;;;MARIA ELENA ARIAS SUAREZ;;120003;HERNANDEZ HORACIO;0;;VED;17;Precio Base General;60
10003075;ALIMENTOS SUPER YAYA C.A;NT00;Contado;Z006;Alimentos;24;Manufactura;BELLO MONTEAV VENEZUELA EDIF TORREAMERICA PISO 10 OF 10-17 URB;04241212047;J503346108;ZDC0000001;CARACAS DISTRITO CAPITAL;ZVE004;Zona Metropolitana;120;GV ClReg. Ampofr.;Distrito Federal;04.04.2024;;7000010602;08.11.2024;;;AMIBEL MESTRE;;120003;HERNANDEZ HORACIO;0;;VED;17;Precio Base General;60
10003081;INDUSTRIA VENEZOLANA DE;NT00;Contado;Z006;Alimentos;24;Manufactura;SUR AMERICACALLE 148 CASA NRO 79A-27BARRIO SAN BENITO II;0412-1261600;J411720720;ZZUL000013;ZULIA;ZVE001;Zona Occidente;120;GV ClReg. Ampofr.;Zulia;11.04.2024;;7000009595;22.04.2024;;;RAMIREZ FRANCISCO;;120003;HERNANDEZ HORACIO;0;;VED;17;Precio Base General;60
10003083;INDUSTRIA ECONOMICA, C.A;NT00;Contado;Z001;Aceites;24;Manufactura;EL MAGUEYCTRA LOS MONTONES-NARICUALLOCAL NRO 03-45 SECTOR;0424-8969216;J501148007;ZANZ000019;BARCELONA;ZVE002;Zona Oriente;120;GV ClReg. Ampofr.;Anzoategui;17.04.2024;;;;;;SUSANA LAM CASTAÑUELA;;100095;FARFAR CAMACHO GLISNEIDY ISABE;0;;VED;17;Precio Base General;60
10003108;BAHIA SUPERMARKET, C.A;NT00;Contado;Z047;Supermercado;16;Distribuidores Trad.;COMERCIAL URB MIRAMARAV SOUBLETTE EDIF PARCELA95 Y 96 MANZANA E PISO 0 LOCALMAIQUETIA;0412-9712442;J401272827;ZVAR000010;LA GUAIRA;ZVE004;Zona Metropolitana;120;GV ClReg. Ampofr.;Vargas;14.05.2024;SI;7000011985;27.11.2025;1600005223;22.12.2025;ROSA MEZA;;100012;PUENTES B  TULIO R;100141;CALDERA P  JESUS D;VED;17;Precio Base General;60
10003114;DISTRIBUIDORA SANTANDER MCAY22,C.A;NT00;Contado;Z017;Cuidado Del Hogar;24;Manufactura;SOROCAIMA 1CALLE MARIA CASTRO CASANRO 42 URB;04123944619;J503655984;ZARA000013;TURMERO;ZVE003;Zona Centro;120;GV ClReg. Ampofr.;Aragua;15.05.2024;;7000009733;17.05.2024;;;GENDERSON SANTAMARIA;;120005;REYES SANCHEZ JORGE;0;;VED;17;Precio Base General;60
10003116;UNTABLES DON TITO, C.A;NT00;Contado;Z006;Alimentos;24;Manufactura;PARCELA G LOCAL GALPON NRO 4CALLE EL LIMON, KILOMETRO 04 DELA VARIANTE BARBULA-GUACARASECTOR MARACAIBERO;04127600863;J500643934;ZCAR000002;GUACARA;ZVE003;Zona Centro;120;GV ClReg. Ampofr.;Carabobo;21.05.2024;SI;7000010252;29.08.2024;1600004610;18.10.2024;WILFREDO GONZALEZ;;120003;HERNANDEZ HORACIO;0;;VED;17;Precio Base General;60
10003125;COMPLETE ENVIRONMENTAL SOLUCTIONS,;NT00;Contado;Z053;Materia Prima;24;Manufactura;SECTOR GUADALAJARA , VILLA DELCTRA NACIONAL MAHIQUES - PERIJAKM104 LOCAL GRANJA ¨KIKIRIKI¨ NRO S/NROSARIO VILLA DEL ROSARIO - LA MATICAZULIA;0424-6507063;J310468893;ZZUL000011;;ZVE001;Zona Occidente;120;GV ClReg. Ampofr.;Zulia;30.05.2024;SI;;;;;;;0;;0;;VED;17;Precio Base General;60
10003127;PEDRO RAFAEL JAIMES DUQUE;NT00;Contado;Z015;Comercializadora;24;Manufactura;RIBASVDA 22 CASA. NRO 7 SECTOR5 URBANIZACION JOSE FELIX;0424-3170233;V137635328;ZARA000004;CAÑA DE AZUCAR;ZVE003;Zona Centro;120;GV ClReg. Ampofr.;Aragua;03.06.2024;;7000009823;04.06.2024;;;PEDRO DUQUE;;100095;FARFAR CAMACHO GLISNEIDY ISABE;0;;VED;17;Precio Base General;60
10003128;EL MANA J.L. C.A.;NT00;Contado;Z006;Alimentos;24;Manufactura;LAGUNITA EL RUBIOKM 8 CASA NRO S/NSECTOR LA;04121564951;J298067969;ZLAR000004;BARQUISIMETO;ZVE007;Zona Centro Occid.;120;GV ClReg. Ampofr.;Lara;05.06.2024;SI;7000009840;05.06.2024;1600004313;10.06.2024;JOHNLARRY PEREZ;;100095;FARFAR CAMACHO GLISNEIDY ISABE;0;;VED;17;Precio Base General;60
10003151;DISTRIBUIDORA Y EMPACADORA SIDONIOS;NT00;Contado;Z006;Alimentos;24;Manufactura;LA NAYA LAS MINAS DECTRA VIEJA DE BARUTACASA NRO 112 ZONA INDUSTRIALBARUTA;04129715026;J313986593;ZMIR000032;BARUTA;ZVE003;Zona Centro;120;GV ClReg. Ampofr.;Miranda;17.06.2024;;7000009903;19.06.2024;;;JOSE SIDONIO DE JESUS;;120003;HERNANDEZ HORACIO;0;;VED;17;Precio Base General;60
10003177;SERVICIOS INDUSTRIALES QUISERMA;NT00;Contado;Z030;Industria Química;24;Manufactura;LOCAL NRO S/N ZONACALLE 81, AVENIDA HENRY FORD,NRO. CIVICO RIO-120,LOTE 01-AINDUSTRIAL MUNICIPAL NORTE;02410143208;J409570746;ZCAR000007;VALENCIA;ZVE003;Zona Centro;120;GV ClReg. Ampofr.;Carabobo;10.07.2024;SI;7000011767;29.09.2025;1400002950;31.12.2025;NESTOR RANGEL;04121464334;120005;REYES SANCHEZ JORGE;0;;VED;17;Precio Base General;60
10003212;MATUTE BUSINESS GROUP, C.A.;NT00;Contado;Z006;Alimentos;24;Manufactura;ALTOCALLE EL AGUARO CASA CASANRO 10 URB LLANO;04123944619;J504582484;ZPOR000002;ARARURE;ZVE006;Zona Llanos;120;GV ClReg. Ampofr.;Portuguesa;05.08.2024;;7000010180;15.08.2024;;;LILIANA PACHECO;;120005;REYES SANCHEZ JORGE;0;;VED;17;Precio Base General;60
10003219;DISTRIBUIDORA C.G., C.A;NT00;Contado;Z015;Comercializadora;24;Manufactura;TRIGAL NORTEAV MAÑONGO CC PATIOTRIGAL NIVEL 1 OF 1-A 13 URB;0424-4240005;J410093277;ZCAR000010;VALENCIA;ZVE003;Zona Centro;120;GV ClReg. Ampofr.;Carabobo;09.08.2024;;7000010889;31.01.2025;;;JUAN CELIS GOMEZ;;120005;REYES SANCHEZ JORGE;0;;VED;17;Precio Base General;60
10003239;YAGDIEL JOSUE SEGOVIA GONZALEZ;NT00;Contado;Z015;Comercializadora;24;Manufactura;SECTOR 1 BARQUISIMETOCALLE 4 CON CARRERA 3CASA NRO S/N ZONA BARRIO EL TOSTAO;04124000;V212970448;ZLAR000003;BARQUISIMETO;ZVE007;Zona Centro Occid.;120;GV ClReg. Ampofr.;Lara;20.08.2024;;;;;;YAGDIEL JOSUE SEGOVIA GONZALEZ;;120005;REYES SANCHEZ JORGE;0;;VED;17;Precio Base General;60
10003245;MARIA YOLISBETH TORREALBA JUSTO;NT00;Contado;Z015;Comercializadora;24;Manufactura;DE LAS PIÑASCTRA NAC BISCUCUY BOCONOCASA NRO 171 SECTOR MESAS;0414-3751559;V148357842;ZPOR000013;BISCUCUY;ZVE007;Zona Centro Occid.;120;GV ClReg. Ampofr.;Portuguesa;05.09.2024;;7000011937;13.11.2025;1400002838;31.10.2025;MARIA TORREALBA;;120003;HERNANDEZ HORACIO;0;;VED;17;Precio Base General;60
10003262;HECTOR ENRIQUE ORELLANA LANDER;NT00;Contado;Z019;Distribuidores;24;Manufactura;URB LA PASTORACALLE DOS PILITAS A PORTILLOEDIF FATIMA PISO 8 APT 47;04123100645;V198194537;ZMIR000007;CARACAS;ZVE004;Zona Metropolitana;120;GV ClReg. Ampofr.;Distrito Federal;16.09.2024;;7000010351;17.09.2024;;;HECTOR E ORELLANA LANDER;;120005;REYES SANCHEZ JORGE;0;;VED;17;Precio Base General;60
10003274;LABORATORIO PLUSANDEX, C.A;NT00;Contado;Z035;Medicina Humana;24;Manufactura;SN SECTOR ZONA INDUSTRIALCALLE A ENTRE CALLE 1 Y 2 EDIFPLUSANDEX PISO PB Y 1 LOCAL;0414-758-1042;J307913177;ZMER000001;EL VIGIA;ZVE008;Zona Andina;120;GV ClReg. Ampofr.;Merida;18.09.2024;SI;7000010963;14.02.2025;1600004804;27.02.2025;JAKQUELINE SOTO;;120004;DAZA RAMON;0;;VED;17;Precio Base General;60
10003296;CORPORACION BOAVITA, C.A.;NT00;Contado;Z005;Agua;24;Manufactura;NRO 24 SECTOR EL MACAROCTRA NACIONAL TURMEROCASA PARCELA LOTE;04144744817;J298228245;ZARA000004;TURMERO;ZVE003;Zona Centro;120;GV ClReg. Ampofr.;Aragua;08.10.2024;SI;;;;;JAIRO ESPINOSA SANTANDER;;100095;FARFAR CAMACHO GLISNEIDY ISABE;0;;VED;17;Precio Base General;60
10003388;POTABILIZADORA ACQUA IRÉ YANZA, C.A;NT00;Contado;Z005;Agua;24;Manufactura;APT 501 URB LAGO IIAV AVENIDA PRINCIPAL MADRE MARIAEDIF 5B PISO 1;;J504806056;ZARA000004;MARACAY;ZVE003;Zona Centro;120;GV ClReg. Ampofr.;Aragua;21.01.2025;;7000010837;21.01.2025;;;MARIA JOSEFA MARRERO;;100095;FARFAR CAMACHO GLISNEIDY ISABE;0;;VED;17;Precio Base General;60
10003442; DISTRIBUIDORA DE ALIMENTOS REY DE;NT00;Contado;Z011;Bebidas;24;Manufactura;AV CONSTITUCION CON BERMUDEZLOCAL NRO 49 SECTOR CENTRO;0412-5338801;J412892983;ZARA000004;MARACAY;ZVE003;Zona Centro;120;GV ClReg. Ampofr.;Aragua;24.02.2025;;;;;;MIGUEL REYES;;100095;FARFAR CAMACHO GLISNEIDY ISABE;0;;VED;17;Precio Base General;60
10003461;JAIME FRANCISCO HUAMANCIZA TAPIA;NT00;Contado;Z015;Comercializadora;24;Manufactura;CALLE CASCABEL /CLLS ARGENTINAY STA ELENA CASA NRO S/N LOC URB CASCABEINDEPENDENCIA YARACUY INDEPENDENCIA;;V149552444;ZYAR000011;SAN FELIPE;ZVE007;Zona Centro Occid.;120;GV ClReg. Ampofr.;Yaracuy;18.03.2025;SI;7000011130;31.03.2025;;;;;120003;HERNANDEZ HORACIO;0;;VED;17;Precio Base General;60
10003551;NEXUS A&M 2024, C.A;NT00;Contado;Z016;Cosmetica;16;Distribuidores Trad.;AV FLORENCIO JIMENEZ VIAQUIBOR KM 13 LOCAL GALPON COMERCIAL NRO1 SECTOR DESARROLLO URBANISTICOEL CARDENALITO DEL OESTE SECTOR ELPESCAITO;0424-5407823;J506611244;ZLAR000003;BARQUISIMETO;ZVE007;Zona Centro Occid.;120;GV ClReg. Ampofr.;Lara;19.05.2025;;7000011652;28.08.2025;1400002676;29.08.2025;FRANCYS MARTINEZ;;120005;REYES SANCHEZ JORGE;0;;VED;17;Precio Base General;60
10003582;INVERSIONES TORREFACCION;NT00;Contado;Z006;Alimentos;11;Cadena Nacional;CTRA ASENTAMIENTO CAMPESINOGUAIMARAL O MONTAÑUELA LOCAL GRANJAMARIELA  SECTOR SABANETA;255-6651738;J400323525;ZCAR000014;ARARURE;ZVE003;Zona Centro;120;GV ClReg. Ampofr.;Portuguesa;17.06.2025;SI;7000011398;30.06.2025;;;YURAIMA TIMAURE;0416-5649674;120003;HERNANDEZ HORACIO;0;;USD;17;Precio Base General;60
10003587;NPK AGROSOLUCIONES C.A;NT00;Contado;Z004;Agroindustrial;16;Distribuidores Trad.;AV INTERCOMUNAL TURMERO CASAPARCELA NRO 36 SECTOR LA HERREREÑA;0412-3944619;J503593342;ZARA000013;TURMERO;ZVE003;Zona Centro;120;GV ClReg. Ampofr.;Aragua;19.06.2025;;7000011757;25.09.2025;1600005135;15.10.2025;GERDENSON CUADROS;;120005;REYES SANCHEZ JORGE;0;;VED;17;Precio Base General;60
10003593;ITC MANUFACTURA C.A;NT00;Contado;Z006;Alimentos;24;Manufactura;CALLE PRINCIPAL COMUNIDADSABANETA LOCAL GALPON NRO S/N CASERIOTAPA DE PIEDRA, SECTOR SABANETA;0255-6651738;J503452463;ZCAR000014;ARARURE;ZVE007;Zona Centro Occid.;120;GV ClReg. Ampofr.;Portuguesa;03.07.2025;;7000012122;26.01.2026;1600005271;09.02.2026;FRACISMAR COLMENARES;0416-4532153;120003;HERNANDEZ HORACIO;0;;USD;17;Precio Base General;60
10003630;GLOBAL IMPORT PLAST, C.A.;NT00;Contado;Z006;Alimentos;24;Manufactura;AV ANTON PHILLIPS LOCAL NRO PARCELA16 ZONA INDUSTRIAL SAN VICENTE I;0412-3857007;J506712180;ZARA000004;MARACAY;ZVE003;Zona Centro;120;GV ClReg. Ampofr.;Aragua;15.08.2025;;7000012174;12.02.2026;1400003014;12.02.2026;JHOGERSON MIQUILENA;;100095;FARFAR CAMACHO GLISNEIDY ISABE;0;;USD;17;Precio Base General;60
10003646;INVERSIONES VAINYVIC, C.A;NT00;Contado;Z006;Alimentos;24;Manufactura;AV PPAL RAFAEL POCATERRA CALLE LOSLAURELES LOCAL NRO 1 SECTOR LOS LAURELESIII;0424-4456896;J294031510;ZCAR000004;YAGUARA;ZVE003;Zona Centro;120;GV ClReg. Ampofr.;Carabobo;28.08.2025;;7000012147;04.02.2026;1600005266;05.02.2026;;;120003;HERNANDEZ HORACIO;0;;VED;17;Precio Base General;60
10003684;LUIS FABIAN SANCHEZ CALDERON;NT00;Contado;Z006;Alimentos;24;Manufactura;AV 3 ENTRE CALLES 13 Y 14 CASA NRO13-47 SECTOR FRENTE A LA PLAZA SUCRE;0412-0624395;V232123865;ZMER000012;MERIDA;ZVE008;Zona Andina;120;GV ClReg. Ampofr.;Merida;28.10.2025;SI;7000012140;03.02.2026;1600005267;06.02.2026;OSCAR MORILLO;;100095;FARFAR CAMACHO GLISNEIDY ISABE;0;;USD;17;Precio Base General;60
10003687;INVERSIONES PICK & LOU C.A.;NT00;Contado;Z006;Alimentos;24;Manufactura;CTRA VALENCIA, CAMPO CARABOBO MNZA-26LOCAL N°1 PARACELA 10 URB PARQ AGRINCOSECTOR LA YAGUARA;0241-9213097;J309868225;ZCAR000006;TOCUYITO;ZVE003;Zona Centro;120;GV ClReg. Ampofr.;Carabobo;04.11.2025;;7000011910;05.11.2025;1600005163;07.11.2025;BELINADA VALENZUELA;0412-4871823;120003;HERNANDEZ HORACIO;0;;VED;17;Precio Base General;60
10003692;COMERCIALIZADORA DANIEL 2030, C.A;NT00;Contado;Z015;Comercializadora;24;Manufactura;CALLE PAEZ C/C PANCH# ##PE CROQUERLOCAL GALPON NRO 43-44 Y 45 SECTORVILLEGUITAS,;04143457039;J308019640;ZARA000013;TURMERO;ZVE003;Zona Centro;120;GV ClReg. Ampofr.;Aragua;13.11.2025;;;;;;DANIEL GUERRERO;;120003;HERNANDEZ HORACIO;0;;USD;17;Precio Base General;60
10003711;LICORES EMPORIO 2000, C.A.;NT00;Contado;Z034;Licores;24;Manufactura;CALLE PICHINCHA CASA NRO 40-03  Y 40-16SECTOR CENTRO;0412-4309980;J504909661;ZARA000015;CAGUA;ZVE003;Zona Centro;120;GV ClReg. Ampofr.;Aragua;23.12.2025;;7000012116;26.01.2026;1600005261;30.01.2026;ALEJANDRA HERNANDEZ;;100095;FARFAR CAMACHO GLISNEIDY ISABE;0;;USD;17;Precio Base General;60
41000000;PHARSANA DE VENEZUELA, C. A.;NT07;Crédito 07 Días;Z032;Intercompañia;22;Intercompañias;AV FLOR AMARILLO EDIF CHICCO PISOLOCAL I-67 URB INDUSTRIAL EL RECREO;0241-8783502;J000886440;ZARA000001;VALENCIA;ZVE003;Zona Centro;120;GV ClReg. Ampofr.;Carabobo;01.12.2015;;7000012149;05.02.2026;1400002967;21.01.2026;;0241-8783586;100095;FARFAR CAMACHO GLISNEIDY ISABE;0;;VED;14;Intercompañías;40
41000000;PHARSANA DE VENEZUELA, C. A.;NT00;Contado;Z032;Intercompañia;22;Intercompañias;AV FLOR AMARILLO EDIF CHICCO PISOLOCAL I-67 URB INDUSTRIAL EL RECREO;0241-8783502;J000886440;ZARA000001;VALENCIA;ZVE003;Zona Centro;120;GV ClReg. Ampofr.;Carabobo;01.12.2015;;7000012149;05.02.2026;1400002967;21.01.2026;;0241-8783586;100095;FARFAR CAMACHO GLISNEIDY ISABE;0;;VED;14;Intercompañías;40
41000001;SANIFARMA PAÑALEX, C.A.;NT00;Contado;Z032;Intercompañia;22;Intercompañias;CALLE G LOCAL NRO A-03 URB SANVICENTE II;0243-2007302;J002185449;ZARA000004;MARACAY;ZVE003;Zona Centro;120;GV ClReg. Ampofr.;Aragua;01.12.2015;;7000006702;09.06.2022;1600000336;13.08.2018;;;0;;0;;VED;14;Intercompañías;40
41000002;AMPOLLAS Y FRASCOS VENEZOLANOS, C.A;NT00;Contado;Z032;Intercompañia;22;Intercompañias;CALLE G GALPON NRO 3, ZONAINDUSTRIAL SAN VICENTE II;0243-2007272;J075254864;ZARA000004;MARACAY;ZVE003;Zona Centro;120;GV ClReg. Ampofr.;Aragua;01.12.2015;;7000012159;09.02.2026;1400002912;20.11.2025;;;100033;OFICINA VENDEDOR;0;;VED;14;Intercompañías;40
41000003;PROYECTOS PET, C.A.;NT00;Contado;Z032;Intercompañia;22;Intercompañias;CALLE G PARCELA B Nro. 2-3ZONA INDUSTRIAL SAN VICENTE II.;0243-2007272;J075265092;ZARA000004;MARACAY;ZVE003;Zona Centro;120;GV ClReg. Ampofr.;Aragua;01.12.2015;;7000011593;15.08.2025;1600005082;04.09.2025;;0241-2007256;120002;AMPOFRASCA OFICINA;0;;VED;14;Intercompañías;40
41000004;S.A. NACIONAL FARMACEUTICA (SANFAR);NT00;Contado;Z068;Cadena Nacional;22;Intercompañias;CALLE 3A DE LA ZONA 4 EDIF TORREDEL ESTE PISO PB OF PB MEZZ,TERRAZA,2,45 Y 6 URB LA URBINA SUR;0212-6006260;J000263493;ZMIR000019;CARACAS (PETARE);ZVE003;Zona Centro;120;GV ClReg. Ampofr.;Miranda;29.12.2015;;7000008067;11.05.2023;1600003576;19.05.2023;YENNI FALCON;0212-6006366;100033;OFICINA VENDEDOR;100041;GARCIA M  VICTOR J;VED;14;Intercompañías;40
41000005;FARVENCA CA;NT07;Crédito 07 Días;Z072;Distribuidores Trad.;22;Intercompañias;CALLE 3-A DE LA ZONA 4 EDIF.TORREDEL ESTE PISO PB-2,4,5 OF TODASURB LA URBINA SUR CARACAS (PETARE);0212-2413345;J312031409;ZMIR000019;CARACAS;ZVE003;Zona Centro;120;GV ClReg. Ampofr.;Miranda;29.12.2015;;;;;;LEONARDO SERRANO;0412-2219916;100017;GARCIA F  SAMANTHA G;100041;GARCIA M  VICTOR J;VED;14;Intercompañías;40
41000006;INVERSIONES MISTRAL, C.A.;NT00;Contado;Z032;Intercompañia;;;CALLE 3-A EDIF CALLE DEL ESTE PISO7-8 OF ALA OESTE URB LA URBINA SUR DE LAZONA 4 CARACAS;;J001159045;ZMIR000049;PETARE;;;;;Miranda;06.01.2016;;;;;;;;0;;0;;VED;14;Intercompañías;40
41000007;CORPORACION SWIPE CA;NT00;Contado;Z032;Intercompañia;22;Intercompañias;CALLE 3-A EDIF TORRE DEL ESTEPISO 7 Y 8 OF 7 Y 8 URB LA URBINA ZONA 4CARACAS (PETARE);;J0036446008;ZMIR000019;PETARE;ZVE004;Zona Metropolitana;120;GV ClReg. Ampofr.;Miranda;06.01.2016;;;;1600000211;31.12.2015;;;0;;0;;VED;14;Intercompañías;40
