Razón Social;Gpo de Cliente;ClaseDoc.;Num.Factura;Sector;Canal;Fecha.Doc;Zona.Vtas;Almacen;Denominacion Material;Cantidad UMV;UM.Vtas;Cantidad UMB;UM.Base;Prec.Unitario;Monto Neto;IVA;Importe Final;Doc.Comercial;Cond.Pago;Fec.Venc.;Moneda.Doc.;Status de Anulacion;Doc.Anulac;Grp.Vend;Vendedor;Referencia;Pedido.Vta;Jerarquía 1;Jerarquía 2;Jerarquía 3;UM.Peso;Peso.Fact;Peso.Total;Um.PesoGen;Ramo;Gr.Material;Gr.Articulo;Tipo.Cambio;Mes;Ejercicio;Prec.Unitario 2;Monto Neto 2;IVA 2;Importe Final 2;Conc.Busq;Codigo_Mat;Listas_precios;;Cod_cliente;;Ind_retcl;Ind_auto_retcl;fechahora;CodMot;Tx Motivo;CodVend;OrgVtas
DISERKHAT, C.A.;Distribuidores Enf.;Fact. Nac. Ampo.;7000012171;Inyecto Soplado;Distribuidor;20260313;Zona Centro Occid.;3000;ENVASE PET TRANSP FARMA  60 ML ACT 13-03;3.494,400;PZA;3.494,400;PZA;63,02;196.613,01;31.458,08;228.071,09;Factura;Contado;20260313;VED;NA;;GV ClReg. Ampofr.;JORGE REYES;00-056718;1202009400;Farma S/Impresión;Transparente;60 ml.;G;47.768,448;TO;0,048;Comercializadora;AM-Farma;ENVASES PT;435,38813;02;2026;0,16;505,77;80,92;586,69;DISERKHAT;70000084;Precio Base General;Distribuidor;0010000748;17;01;X;13.03.2026 - 08:15:00;;;00120005;1200
DISERKHAT, C.A.;Distribuidores Enf.;Fact. Nac. Ampo.;7000012171;Inyecto Soplado;Distribuidor;20260313;Zona Centro Occid.;3000;ENV PET TRANSP COSMETIC OVAL 100 ML (PH) ACT 13-03;3.363,750;PZA;3.363,750;PZA;75,16;219.859,54;35.177,53;255.037,08;Factura;Contado;20260313;VED;NA;;GV ClReg. Ampofr.;JORGE REYES;00-056718;1202009400;Cosmetica Cilindrica;Transparente;100 ml.;G;53.820,000;TO;0,054;Comercializadora;AM-Cosmética;ENVASES PT;447,05031;02;2026;0,20;565,57;90,49;656,06;DISERKHAT;70000421;Precio Base General;Distribuidor;0010000748;17;01;X;13.03.2026 - 08:15:00;;;00120005;1200
DISERKHAT, C.A.;Distribuidores Enf.;Fact. Nac. Ampo.;7000012172;Inyecto Soplado;Distribuidor;20260211;Zona Centro Occid.;3000;ENV PET TRANSP COSMETIC OVAL 100 ML (PH);3510,000;PZA;3510,000;PZA;66,27;232596,12;37215,38;269811,50;Factura;Contado;20260211;VED;NA;;GV ClReg. Ampofr.;JORGE REYES;00-056719;1202009406;Cosmetica Cilindrica;Transparente;100 ml.;G;56160,000;TO;0,056;Comercializadora;AM-Cosmética;ENVASES PT;388,73940;02;2026;0,17;598,33;95,73;694,07;DISERKHAT;70000421;Precio Base General;Distribuidor;0010000748;17;01;X;20.02.2026 - 22:05:28;;;00120005;1200
DISERKHAT, C.A.;Distribuidores Enf.;Fact. Nac. Proy. PET;8000020759;Botellas;Distribuidor;20260211;Zona Centro Occid.;3000;BOTELLAS LICOR 1,000 L (39) G;2,000;PAL;3570,000;PZA;153613,28;307226,56;49156,25;356382,81;Factura;Contado;20260211;VED;NA;;GV ClReg. Proy. PET;JORGE REYES;00-0152916;1302007777;Licores;Transparente;1000 ml.;G;139230,000;TO;0,139;Comercializadora;PP-Botella;ENVASES PT;388,73940;02;2026;395,16;790,31;126,45;916,77;DISERKHAT;70000335;Precio Base General;Distribuidor;0010000748;17;01;X;20.02.2026 - 22:05:28;;;00120005;1300
DISERKHAT, C.A.;Distribuidores Enf.;Fact. Nac. Proy. PET;8000020760;Botellas;Distribuidor;20260211;Zona Centro Occid.;3000;BOTELLAS LICOR 1,000 L (39) G;1,000;PAL;1785,000;PZA;156797,97;156797,97;25087,68;181885,65;Factura;Contado;20260211;VED;NA;;GV ClReg. Proy. PET;JORGE REYES;00-0152917;1302007783;Licores;Transparente;1000 ml.;G;69615,000;TO;0,070;Comercializadora;PP-Botella;ENVASES PT;388,73940;02;2026;403,35;403,35;64,54;467,89;DISERKHAT;70000335;Precio Base General;Distribuidor;0010000748;17;01;X;20.02.2026 - 22:05:28;;;00120005;1300
BIOQUIMICA INTERNACIONAL, C.A.;Distribuidores Trad.;Fact. Nac. Ampo.;7000012186;Inyecto Soplado;Venta Directa;20260220;Zona Centro Occid.;3000;ENVASE PET AMBAR FARMA  60 ML;8112,000;PZA;8112,000;PZA;59,81;485178,72;77628,60;562807,32;Factura;Contado;20260220;VED;NA;;GV ClReg. Ampofr.;JORGE REYES;00-056737;1202009418;Farma S/Impresión;Ambar;60 ml.;G;113568,000;TO;0,114;Industria Química;AM-Farma;ENVASES PT;402,33430;02;2026;0,15;1205,91;192,95;1398,85;BIOQUIMICA;70000054;Precio Base General;Distribuidor;0010000754;17;01;X;20.02.2026 - 22:05:28;;;00120005;1200
MOLINOS NACIONALES C.A. (MONACA);Manufactura;Fact. Nac. Ampo.;7000012154;Inyecto Soplado;Venta Directa;20260205;Zona Centro;3000;ENVASE MULTIUSOS 828ml  (23g);35280,000;PZA;35280,000;PZA;43,31;1528021,25;244483,40;1772504,65;Factura;Contado;20260205;VED;NA;;GV ClReg. Ampofr.;HORACIO HERNANDEZ;00-056698;1202009392;Jugos;Transparente;500 ml.;G;811440,000;TO;0,811;Alimentos;AM-Env. Plásticos;ENVASES PT;378,45820;02;2026;0,11;4037,49;646,00;4683,49;MOLINOS;70000808;Precio Base General;;0010000887;17;01;X;20.02.2026 - 22:05:28;;;00120003;1200
MOLINOS NACIONALES C.A. (MONACA);Manufactura;Fact. Nac. Ampo.;7000012155;Servicios;Venta Directa;20260205;Zona Centro;;FLETE POR VIAJE CORTINERO;1,000;SER;1,000;SER;220781,16;220781,16;0,00;220781,16;Factura;Contado;20260205;VED;NA;;GV ClReg. Ampofr.;HORACIO HERNANDEZ;00-056699;1202009393;Servicios Administrat.;;;KG;0,000;TO;0,000;Alimentos;Fletes;FLETE PROD TERMINADO;378,45820;02;2026;583,37;583,37;0,00;583,37;MOLINOS;91000036;Precio Base General;;0010000887;17;01;X;20.02.2026 - 22:05:28;;;00120003;1200
MOLINOS NACIONALES C.A. (MONACA);Manufactura;Fact. Nac. Ampo.;7000012165;Inyecto Soplado;Venta Directa;20260210;Zona Centro;3000;ENVASE MULTIUSOS 828ml  (23g);35280,000;PZA;35280,000;PZA;43,31;1528021,25;244483,40;1772504,65;Factura;Contado;20260210;VED;NA;;GV ClReg. Ampofr.;HORACIO HERNANDEZ;00-056712;1202009402;Jugos;Transparente;500 ml.;G;811440,000;TO;0,811;Alimentos;AM-Env. Plásticos;ENVASES PT;385,27200;02;2026;0,11;3966,08;634,57;4600,66;MOLINOS;70000808;Precio Base General;;0010000887;17;01;X;20.02.2026 - 22:05:28;;;00120003;1200
MOLINOS NACIONALES C.A. (MONACA);Manufactura;N/C Dev. Nac. Ampo.;7200000780;Inyecto Soplado;Venta Directa;20260211;Zona Centro;3000;ENVASE MULTIUSOS 828ml  (23g);-35280,000;PZA;-35280,000;PZA;-43,31;-1528021,25;-244483,40;-1772504,65;Abono;Contado;20260211;VED;NA;;GV ClReg. Ampofr.;HORACIO HERNANDEZ;00-056723;1206000339;Jugos;Transparente;500 ml.;G;-811440,000;TO;-0,811;Alimentos;AM-Env. Plásticos;ENVASES PT;388,73940;02;2026;-0,11;-3930,71;-628,91;-4559,62;MOLINOS;70000808;Precio Base General;;0010000887;17;01;X;20.02.2026 - 22:05:28;Z02;Reverso Total De Factura;00120003;1200
MOLINOS NACIONALES C.A. (MONACA);Manufactura;Fact. Nac. Proy. PET;8000020668;Tapas PT;Venta Directa;20260205;Zona Centro;3000;TAPA PCO 28MM 1810 NATURAL 3,10G (3.500);12,000;CS;12,000;CS;18393,31;220719,72;35315,16;256034,88;Factura;Contado;20260205;VED;NA;;GV ClReg. Proy. PET;;00-0152821;1302007765;Tapas S/Impresión;Transparente;28 mm. 1810;G;130200,000;TO;0,130;Alimentos;PP-Tap. Long Finish;TAPAS;378,45820;02;2026;48,60;583,21;93,31;676,52;MOLINOS;70000403;Precio Base General;;0010000887;17;01;X;20.02.2026 - 22:05:28;;;00000000;1300
MOLINOS NACIONALES C.A. (MONACA);Manufactura;Fact. Nac. Proy. PET;8000020742;Tapas PT;Venta Directa;20260210;Zona Centro;3000;TAPA PCO 28MM 1810 NATURAL 3,10G (3.500);12,000;CS;12,000;CS;18393,31;220719,72;35315,16;256034,88;Factura;Contado;20260210;VED;NA;;GV ClReg. Proy. PET;;00-0152898;1302007778;Tapas S/Impresión;Transparente;28 mm. 1810;G;130200,000;TO;0,130;Alimentos;PP-Tap. Long Finish;TAPAS;385,27200;02;2026;47,74;572,89;91,66;664,56;MOLINOS;70000403;Precio Base General;;0010000887;17;01;X;20.02.2026 - 22:05:28;;;00000000;1300
MOLINOS NACIONALES C.A. (MONACA);Manufactura;N/C Dev. Nac. P.PET;8200001956;Tapas PT;Venta Directa;20260211;Zona Centro;3000;TAPA PCO 28MM 1810 NATURAL 3,10G (3.500);-12,000;CS;-12,000;CS;-18393,31;-220719,72;-35315,16;-256034,88;Abono;Contado;20260211;VED;NA;;GV ClReg. Proy. PET;;00-0152915;1306000901;Tapas S/Impresión;Transparente;28 mm. 1810;G;-130200,000;TO;-0,130;Alimentos;PP-Tap. Long Finish;TAPAS;388,73940;02;2026;-47,32;-567,78;-90,85;-658,63;MOLINOS;70000403;Precio Base General;;0010000887;17;01;X;20.02.2026 - 22:05:28;Z26;Error De Facturación;00000000;1300
ENVASES METROPOLITANOS MM 1, C.A.;Distribuidores Enf.;Fact. Nac. Ampo.;7000012148;Inyecto Soplado;Distribuidor;20260205;Zona Metropolitana;3000;ENVASE PET AMBAR FARMA  60 ML;789,99;PZA;819,37;PZA;30,54;27471,10;3867,41;35368,40;Factura;Contado;20260205;VED;NA;;GV ClReg. Ampofr.;RAMON DAZA;00-056692;1202009391;Farma S/Impresión;Ambar;60 ml.;G;10920,000;TO;0,011;Comercializadora;AM-Farma;ENVASES PT;378,45820;02;2026;0,11;69,41;14,38;95,79;ENVASES;70000054;Precio Base General;Distribuidor;0010000890;17;01;X;20.02.2026 - 22:05:28;;;00120004;1200
RENE DESSES DE VENEZUELA, C.A;Manufactura;Fact. Nac. Ampo.;7000012188;Inyecto Soplado;Venta Directa;20260220;Zona Metropolitana;3000;ENV.PET BLANCO COSMETIC 200 ML SENSITIVE;7021,000;PZA;7021,000;PZA;93,75;658235,74;105317,72;763553,46;Factura;Contado;20260220;VED;NA;;GV ClReg. Ampofr.;RAMON DAZA;00-056739;1202009417;Cosmetica Sensitive;Blanco;200 ml.;G;156217,250;TO;0,156;Cuidado Personal;AM-Cosmética;ENVASES PT;402,33430;02;2026;0,23;1636,04;261,77;1897,81;;70000041;Precio Base General;Cosmetica;0010000954;17;01;X;20.02.2026 - 22:05:28;;;00120004;1200
ENVASADOS H2O, C.A.;Embotelladoras;Fact. Nac. Proy. PET;8000020763;Preformas;Venta Directa;20260211;Zona Metropolitana;3000;PREFORMAS TRANSPARENTE 17,82GRS;137088,000;PZA;137088,000;PZA;0,06;8540,58;1366,49;9907,07;Factura;Contado;20260211;USD;NA;;GV ClReg. Proy. PET;GLISNEIDY ISABEL FARFAR;00-0152921;1302007781;Long Finish;;;G;2442908,160;TO;2,443;Agua;PP-Preforma;PREFORMAS;0,00000;02;2026;0,06;8540,58;1366,49;9907,07;H2O;70000255;Precio Base General;Agua;0010000964;17;01;X;20.02.2026 - 22:05:28;;;00100095;1300
ENVASADOS H2O, C.A.;Embotelladoras;Fact. Nac. Proy. PET;8000020763;Preformas;Venta Directa;20260211;Zona Metropolitana;3000;PREFORMAS TRANSPARENTE 30,86GR (PCO1810);19659,000;PZA;19659,000;PZA;0,11;2123,17;339,71;2462,88;Factura;Contado;20260211;USD;NA;;GV ClReg. Proy. PET;GLISNEIDY ISABEL FARFAR;00-0152921;1302007781;Long Finish;Transparente;31 gr.;G;606676,740;TO;0,607;Agua;PP-Preforma;PREFORMAS;0,00000;02;2026;0,11;2123,17;339,71;2462,88;H2O;70000252;Precio Base General;Agua;0010000964;17;01;X;20.02.2026 - 22:05:28;;;00100095;1300
ENVASADOS H2O, C.A.;Embotelladoras;Fact. Nac. Proy. PET;8000020763;Preformas;Venta Directa;20260211;Zona Metropolitana;3000;PREFORMAS TRANSPARENTE 23,00 G CESTA;92519,000;PZA;92519,000;PZA;0,08;7447,78;1191,64;8639,42;Factura;Contado;20260211;USD;NA;;GV ClReg. Proy. PET;GLISNEIDY ISABEL FARFAR;00-0152921;1302007781;Long Finish;Transparente;23 gr.;G;2127937,000;TO;2,128;Agua;PP-Preforma;PREFORMAS;0,00000;02;2026;0,08;7447,78;1191,64;8639,42;H2O;70000651;Precio Base General;Agua;0010000964;17;01;X;20.02.2026 - 22:05:28;;;00100095;1300
ENVASADOS H2O, C.A.;Embotelladoras;Fact. Nac. Proy. PET;8000020764;Servicios;Venta Directa;20260211;Zona Metropolitana;;FLETE POR VIAJE CORTINERO;1,000;SER;1,000;SER;322,00;322,00;0,00;322,00;Factura;Contado;20260211;USD;NA;;GV ClReg. Proy. PET;GLISNEIDY ISABEL FARFAR;00-0152922;1302007782;Servicios Administrat.;;;KG;0,000;TO;0,000;Agua;Fletes;FLETE PROD TERMINADO;0,00000;02;2026;322,00;322,00;0,00;322,00;H2O;91000036;Precio Base General;Agua;0010000964;17;01;X;20.02.2026 - 22:05:28;;;00100095;1300
INDUSTRIAS CASA TURMERO,C.A.;Embotelladoras;Fact. Nac. Proy. PET;8000020756;Botellas;Venta Directa;20260211;Zona Centro;3000;BOTELLAS LICOR 0,350 L (23);3,000;PAL;14256,000;PZA;241827,85;725483,56;116077,37;841560,93;Factura;Contado;20260211;VED;NA;;GV ClReg. Proy. PET;GLISNEIDY ISABEL FARFAR;00-0152912;1302007779;Licores;Transparente;350 ml.;G;327888,000;TO;0,328;Licores;PP-Botella;ENVASES PT;388,73940;02;2026;622,08;1866,25;298,60;2164,85;CASATURMER;70000026;Precio Base General;Licor;0010000969;17;01;X;20.02.2026 - 22:05:28;;;00100095;1300
INDUSTRIAS CASA TURMERO,C.A.;Embotelladoras;Fact. Nac. Proy. PET;8000020757;Servicios;Venta Directa;20260211;Zona Centro;;FLETE POR VIAJE CAMION 750;1,000;SER;1,000;SER;17218,35;17218,35;0,00;17218,35;Factura;Contado;20260211;VED;NA;;GV ClReg. Proy. PET;GLISNEIDY ISABEL FARFAR;00-0152913;1302007780;Servicios Administrat.;;;KG;0,000;TO;0,000;Licores;Fletes;FLETE PROD TERMINADO;388,73940;02;2026;44,29;44,29;0,00;44,29;CASATURMER;91000018;Precio Base General;Licor;0010000969;17;01;X;20.02.2026 - 22:05:28;;;00100095;1300
PEPSI-COLA VENEZUELA C.A.;Embotelladoras;Fact. Nac. Proy. PET;8000020602;Preformas;Venta Directa;20260203;Zona Metropolitana;3000;PREFORMAS TRANSPARENTE 43,90G (PCO1810);148800,000;PZA;148800,000;PZA;0,15;23059,54;3689,53;26749,07;Factura;Crédito 15 Días;20260218;USD;NA;;GV ClReg. Proy. PET;OFICINA PROYECTOS PET;00-0152754;1302007753;Long Finish;Transparente;44 gr.;G;6532320,000;TO;6,532;Agua;PP-Preforma;PREFORMAS;0,00000;02;2026;0,15;23059,54;3689,53;26749,07;PEPSI-COLA;70000321;Precio Base General;Carbonatada;0010000975;17;01;X;20.02.2026 - 22:05:28;;;00130005;1300
PEPSI-COLA VENEZUELA C.A.;Embotelladoras;Fact. Nac. Proy. PET;8000020603;Servicios;Venta Directa;20260203;Zona Metropolitana;;FLETE POR VIAJE CORTINERO;1,000;SER;1,000;SER;1495,37;1495,37;0,00;1495,37;Factura;Crédito 15 Días;20260218;USD;NA;;GV ClReg. Proy. PET;OFICINA PROYECTOS PET;00-0152755;1302007754;Servicios Administrat.;;;KG;0,000;TO;0,000;Agua;Fletes;FLETE PROD TERMINADO;0,00000;02;2026;1495,37;1495,37;0,00;1495,37;PEPSI-COLA;91000036;Precio Base General;Carbonatada;0010000975;17;01;X;20.02.2026 - 22:05:28;;;00130005;1300
PEPSI-COLA VENEZUELA C.A.;Embotelladoras;Fact. Nac. Proy. PET;8000020625;Preformas;Venta Directa;20260204;Zona Metropolitana;3000;PREFORMAS TRANSPARENTE 43,90G (PCO1810);168000,000;PZA;168000,000;PZA;0,15;26034,96;4165,59;30200,55;Factura;Crédito 15 Días;20260219;USD;NA;;GV ClReg. Proy. PET;OFICINA PROYECTOS PET;00-0152777;1302007753;Long Finish;Transparente;44 gr.;G;7375200,000;TO;7,375;Agua;PP-Preforma;PREFORMAS;0,00000;02;2026;0,15;26034,96;4165,59;30200,55;PEPSI-COLA;70000321;Precio Base General;Carbonatada;0010000975;17;01;X;20.02.2026 - 22:05:28;;;00130005;1300
PEPSI-COLA VENEZUELA C.A.;Embotelladoras;Fact. Nac. Proy. PET;8000020626;Servicios;Venta Directa;20260204;Zona Metropolitana;;FLETE POR VIAJE CORTINERO;1,000;SER;1,000;SER;1495,37;1495,37;0,00;1495,37;Factura;Crédito 15 Días;20260219;USD;NA;;GV ClReg. Proy. PET;OFICINA PROYECTOS PET;00-0152778;1302007754;Servicios Administrat.;;;KG;0,000;TO;0,000;Agua;Fletes;FLETE PROD TERMINADO;0,00000;02;2026;1495,37;1495,37;0,00;1495,37;PEPSI-COLA;91000036;Precio Base General;Carbonatada;0010000975;17;01;X;20.02.2026 - 22:05:28;;;00130005;1300
PEPSI-COLA VENEZUELA C.A.;Embotelladoras;Fact. Nac. Proy. PET;8000020673;Preformas;Venta Directa;20260205;Zona Metropolitana;3000;PREFORMAS TRANSPARENTE 43,90G (PCO1810);168000,000;PZA;168000,000;PZA;0,15;26034,96;4165,59;30200,55;Factura;Crédito 15 Días;20260220;USD;NA;;GV ClReg. Proy. PET;OFICINA PROYECTOS PET;00-0152826;1302007753;Long Finish;Transparente;44 gr.;G;7375200,000;TO;7,375;Agua;PP-Preforma;PREFORMAS;0,00000;02;2026;0,15;26034,96;4165,59;30200,55;PEPSI-COLA;70000321;Precio Base General;Carbonatada;0010000975;17;01;X;20.02.2026 - 22:05:28;;;00130005;1300
PEPSI-COLA VENEZUELA C.A.;Embotelladoras;Fact. Nac. Proy. PET;8000020674;Servicios;Venta Directa;20260205;Zona Metropolitana;;FLETE POR VIAJE CORTINERO;1,000;SER;1,000;SER;1495,37;1495,37;0,00;1495,37;Factura;Crédito 15 Días;20260220;USD;NA;;GV ClReg. Proy. PET;OFICINA PROYECTOS PET;00-0152827;1302007754;Servicios Administrat.;;;KG;0,000;TO;0,000;Agua;Fletes;FLETE PROD TERMINADO;0,00000;02;2026;1495,37;1495,37;0,00;1495,37;PEPSI-COLA;91000036;Precio Base General;Carbonatada;0010000975;17;01;X;20.02.2026 - 22:05:28;;;00130005;1300
PEPSI-COLA VENEZUELA C.A.;Embotelladoras;Fact. Nac. Proy. PET;8000020684;Preformas;Venta Directa;20260207;Zona Metropolitana;3000;PREFORMAS TRANSPARENTE 43,90G (PCO1810);170139,45;PZA;156511,31;PZA;0,16;22655,72;4821,90;35832,22;Factura;Crédito 15 Días;20260222;USD;NA;;GV ClReg. Proy. PET;OFICINA PROYECTOS PET;00-0152838;1302007753;Long Finish;Transparente;44 gr.;G;7375200,000;TO;7,375;Agua;PP-Preforma;PREFORMAS;0,00000;02;2026;0,15;23733,65;3429,50;25079,74;PEPSI-COLA;70000321;Precio Base General;Carbonatada;0010000975;17;01;X;20.02.2026 - 22:05:28;;;00130005;1300
PEPSI-COLA VENEZUELA C.A.;Embotelladoras;Fact. Nac. Proy. PET;8000020685;Servicios;Venta Directa;20260207;Zona Metropolitana;;FLETE POR VIAJE CORTINERO;1,000;SER;1,000;SER;1495,37;1495,37;0,00;1495,37;Factura;Crédito 15 Días;20260222;USD;NA;;GV ClReg. Proy. PET;OFICINA PROYECTOS PET;00-0152839;1302007754;Servicios Administrat.;;;KG;0,000;TO;0,000;Agua;Fletes;FLETE PROD TERMINADO;0,00000;02;2026;1495,37;1495,37;0,00;1495,37;PEPSI-COLA;91000036;Precio Base General;Carbonatada;0010000975;17;01;X;20.02.2026 - 22:05:28;;;00130005;1300
PEPSI-COLA VENEZUELA C.A.;Embotelladoras;Fact. Nac. Proy. PET;8000020698;Preformas;Venta Directa;20260209;Zona Metropolitana;3000;PREFORMAS TRANSPARENTE 42,64 GR(PCO1881);144000,000;PZA;144000,000;PZA;0,15;21654,72;3464,76;25119,48;Factura;Crédito 15 Días;20260224;USD;NA;;GV ClReg. Proy. PET;OFICINA PROYECTOS PET;00-0152853;1302007755;Short Finish;Transparente;29,5 gr.;G;6140160,000;TO;6,140;Agua;PP-Preforma;PREFORMAS;0,00000;02;2026;0,15;21654,72;3464,76;25119,48;PEPSICOLA;70000197;Precio Base General;Carbonatada;0010000975;17;01;X;20.02.2026 - 22:05:28;;;00130005;1300
PEPSI-COLA VENEZUELA C.A.;Embotelladoras;Fact. Nac. Proy. PET;8000020699;Servicios;Venta Directa;20260209;Zona Metropolitana;;FLETE POR VIAJE CORTINERO;1,000;SER;1,000;SER;1495,37;1495,37;0,00;1495,37;Factura;Crédito 15 Días;20260224;USD;NA;;GV ClReg. Proy. PET;OFICINA PROYECTOS PET;00-0152854;1302007756;Servicios Administrat.;;;KG;0,000;TO;0,000;Agua;Fletes;FLETE PROD TERMINADO;0,00000;02;2026;1495,37;1495,37;0,00;1495,37;PEPSI-COLA;91000036;Precio Base General;Carbonatada;0010000975;17;01;X;20.02.2026 - 22:05:28;;;00130005;1300
PEPSI-COLA VENEZUELA C.A.;Embotelladoras;Fact. Nac. Proy. PET;8000020710;Preformas;Venta Directa;20260209;Zona Metropolitana;3000;PREFORMAS TRANSPARENTE 43,90G (PCO1810);168000,000;PZA;168000,000;PZA;0,15;26034,96;4165,59;30200,55;Factura;Crédito 15 Días;20260224;USD;NA;;GV ClReg. Proy. PET;OFICINA PROYECTOS PET;00-0152865;1302007753;Long Finish;Transparente;44 gr.;G;7375200,000;TO;7,375;Agua;PP-Preforma;PREFORMAS;0,00000;02;2026;0,15;26034,96;4165,59;30200,55;PEPSI-COLA;70000321;Precio Base General;Carbonatada;0010000975;17;01;X;20.02.2026 - 22:05:28;;;00130005;1300
PEPSI-COLA VENEZUELA C.A.;Embotelladoras;Fact. Nac. Proy. PET;8000020711;Servicios;Venta Directa;20260209;Zona Metropolitana;;FLETE POR VIAJE CORTINERO;1,000;SER;1,000;SER;1495,37;1495,37;0,00;1495,37;Factura;Crédito 15 Días;20260224;USD;NA;;GV ClReg. Proy. PET;OFICINA PROYECTOS PET;00-0152866;1302007754;Servicios Administrat.;;;KG;0,000;TO;0,000;Agua;Fletes;FLETE PROD TERMINADO;0,00000;02;2026;1495,37;1495,37;0,00;1495,37;PEPSI-COLA;91000036;Precio Base General;Carbonatada;0010000975;17;01;X;20.02.2026 - 22:05:28;;;00130005;1300
PEPSI-COLA VENEZUELA C.A.;Embotelladoras;Fact. Nac. Proy. PET;8000020717;Preformas;Venta Directa;20260209;Zona Metropolitana;3000;PREFORMAS TRANSPARENTE 43,90G (PCO1810);168000,000;PZA;168000,000;PZA;0,15;26034,96;4165,59;30200,55;Factura;Crédito 15 Días;20260224;USD;NA;;GV ClReg. Proy. PET;OFICINA PROYECTOS PET;00-0152872;1302007753;Long Finish;Transparente;44 gr.;G;7375200,000;TO;7,375;Agua;PP-Preforma;PREFORMAS;0,00000;02;2026;0,15;26034,96;4165,59;30200,55;PEPSI-COLA;70000321;Precio Base General;Carbonatada;0010000975;17;01;X;20.02.2026 - 22:05:28;;;00130005;1300
PEPSI-COLA VENEZUELA C.A.;Embotelladoras;Fact. Nac. Proy. PET;8000020718;Servicios;Venta Directa;20260209;Zona Metropolitana;;FLETE POR VIAJE CORTINERO;1,000;SER;1,000;SER;1495,37;1495,37;0,00;1495,37;Factura;Crédito 15 Días;20260224;USD;NA;;GV ClReg. Proy. PET;OFICINA PROYECTOS PET;00-0152873;1302007754;Servicios Administrat.;;;KG;0,000;TO;0,000;Agua;Fletes;FLETE PROD TERMINADO;0,00000;02;2026;1495,37;1495,37;0,00;1495,37;PEPSI-COLA;91000036;Precio Base General;Carbonatada;0010000975;17;01;X;20.02.2026 - 22:05:28;;;00130005;1300
PEPSI-COLA VENEZUELA C.A.;Embotelladoras;Fact. Nac. Proy. PET;8000020745;Preformas;Venta Directa;20260210;Zona Metropolitana;3000;PREFORMAS TRANSPARENTE 42,64 GR(PCO1881);172800,000;PZA;172800,000;PZA;0,15;25985,66;4157,71;30143,37;Factura;Crédito 15 Días;20260225;USD;NA;;GV ClReg. Proy. PET;OFICINA PROYECTOS PET;00-0152901;1302007755;Short Finish;Transparente;29,5 gr.;G;7368192,000;TO;7,368;Agua;PP-Preforma;PREFORMAS;0,00000;02;2026;0,15;25985,66;4157,71;30143,37;PEPSICOLA;70000197;Precio Base General;Carbonatada;0010000975;17;01;X;20.02.2026 - 22:05:28;;;00130005;1300
PEPSI-COLA VENEZUELA C.A.;Embotelladoras;Fact. Nac. Proy. PET;8000020746;Servicios;Venta Directa;20260210;Zona Metropolitana;;FLETE POR VIAJE CORTINERO;1,000;SER;1,000;SER;1495,37;1495,37;0,00;1495,37;Factura;Crédito 15 Días;20260225;USD;NA;;GV ClReg. Proy. PET;OFICINA PROYECTOS PET;00-0152902;1302007756;Servicios Administrat.;;;KG;0,000;TO;0,000;Agua;Fletes;FLETE PROD TERMINADO;0,00000;02;2026;1495,37;1495,37;0,00;1495,37;PEPSI-COLA;91000036;Precio Base General;Carbonatada;0010000975;17;01;X;20.02.2026 - 22:05:28;;;00130005;1300
PEPSI-COLA VENEZUELA C.A.;Embotelladoras;Fact. Nac. Proy. PET;8000020754;Preformas;Venta Directa;20260210;Zona Metropolitana;3000;PREFORMAS TRANSPARENTE 43,90G (PCO1810);174000,000;PZA;174000,000;PZA;0,15;26964,78;4314,36;31279,14;Factura;Crédito 15 Días;20260225;USD;NA;;GV ClReg. Proy. PET;OFICINA PROYECTOS PET;00-0152910;1302007753;Long Finish;Transparente;44 gr.;G;7638600,000;TO;7,639;Agua;PP-Preforma;PREFORMAS;0,00000;02;2026;0,15;26964,78;4314,36;31279,14;PEPSI-COLA;70000321;Precio Base General;Carbonatada;0010000975;17;01;X;20.02.2026 - 22:05:28;;;00130005;1300
PEPSI-COLA VENEZUELA C.A.;Embotelladoras;Fact. Nac. Proy. PET;8000020755;Servicios;Venta Directa;20260210;Zona Metropolitana;;FLETE POR VIAJE CORTINERO;1,000;SER;1,000;SER;1495,37;1495,37;0,00;1495,37;Factura;Crédito 15 Días;20260225;USD;NA;;GV ClReg. Proy. PET;OFICINA PROYECTOS PET;00-0152911;1302007754;Servicios Administrat.;;;KG;0,000;TO;0,000;Agua;Fletes;FLETE PROD TERMINADO;0,00000;02;2026;1495,37;1495,37;0,00;1495,37;PEPSI-COLA;91000036;Precio Base General;Carbonatada;0010000975;17;01;X;20.02.2026 - 22:05:28;;;00130005;1300
PEPSI-COLA VENEZUELA C.A.;Embotelladoras;Fact. Nac. Proy. PET;8000020765;Preformas;Venta Directa;20260211;Zona Metropolitana;3000;PREFORMAS TRANSPARENTE 43,90G (PCO1810);172800,000;PZA;172800,000;PZA;0,15;26778,82;4284,61;31063,43;Factura;Crédito 15 Días;20260226;USD;NA;;GV ClReg. Proy. PET;OFICINA PROYECTOS PET;00-0152923;1302007753;Long Finish;Transparente;44 gr.;G;7585920,000;TO;7,586;Agua;PP-Preforma;PREFORMAS;0,00000;02;2026;0,15;26778,82;4284,61;31063,43;PEPSI-COLA;70000321;Precio Base General;Carbonatada;0010000975;17;01;X;20.02.2026 - 22:05:28;;;00130005;1300
PEPSI-COLA VENEZUELA C.A.;Embotelladoras;Fact. Nac. Proy. PET;8000020766;Servicios;Venta Directa;20260211;Zona Metropolitana;;FLETE POR VIAJE CORTINERO;1,000;SER;1,000;SER;1495,37;1495,37;0,00;1495,37;Factura;Crédito 15 Días;20260226;USD;NA;;GV ClReg. Proy. PET;OFICINA PROYECTOS PET;00-0152924;1302007754;Servicios Administrat.;;;KG;0,000;TO;0,000;Agua;Fletes;FLETE PROD TERMINADO;0,00000;02;2026;1495,37;1495,37;0,00;1495,37;PEPSI-COLA;91000036;Precio Base General;Carbonatada;0010000975;17;01;X;20.02.2026 - 22:05:28;;;00130005;1300
PEPSI-COLA VENEZUELA C.A.;Embotelladoras;Fact. Nac. Proy. PET;8000020770;Preformas;Venta Directa;20260212;Zona Metropolitana;3000;PREFORMAS TRANSPARENTE 43,90G (PCO1810);172800,000;PZA;172800,000;PZA;0,15;26778,82;4284,61;31063,43;Factura;Crédito 15 Días;20260227;USD;NA;;GV ClReg. Proy. PET;OFICINA PROYECTOS PET;00-0152928;1302007753;Long Finish;Transparente;44 gr.;G;7585920,000;TO;7,586;Agua;PP-Preforma;PREFORMAS;0,00000;02;2026;0,15;26778,82;4284,61;31063,43;PEPSI-COLA;70000321;Precio Base General;Carbonatada;0010000975;17;01;X;20.02.2026 - 22:05:28;;;00130005;1300
PEPSI-COLA VENEZUELA C.A.;Embotelladoras;Fact. Nac. Proy. PET;8000020771;Servicios;Venta Directa;20260212;Zona Metropolitana;;FLETE POR VIAJE CORTINERO;1,000;SER;1,000;SER;1495,37;1495,37;0,00;1495,37;Factura;Crédito 15 Días;20260227;USD;NA;;GV ClReg. Proy. PET;OFICINA PROYECTOS PET;00-0152929;1302007754;Servicios Administrat.;;;KG;0,000;TO;0,000;Agua;Fletes;FLETE PROD TERMINADO;0,00000;02;2026;1495,37;1495,37;0,00;1495,37;PEPSI-COLA;91000036;Precio Base General;Carbonatada;0010000975;17;01;X;20.02.2026 - 22:05:28;;;00130005;1300
PEPSI-COLA VENEZUELA C.A.;Embotelladoras;Fact. Nac. Proy. PET;8000020772;Preformas;Venta Directa;20260212;Zona Metropolitana;3000;PREFORMAS TRANSPARENTE 43,90G (PCO1810);172800,000;PZA;172800,000;PZA;0,15;26778,82;4284,61;31063,43;Factura;Crédito 15 Días;20260227;USD;NA;;GV ClReg. Proy. PET;OFICINA PROYECTOS PET;00-0152930;1302007753;Long Finish;Transparente;44 gr.;G;7585920,000;TO;7,586;Agua;PP-Preforma;PREFORMAS;0,00000;02;2026;0,15;26778,82;4284,61;31063,43;PEPSI-COLA;70000321;Precio Base General;Carbonatada;0010000975;17;01;X;20.02.2026 - 22:05:28;;;00130005;1300
PEPSI-COLA VENEZUELA C.A.;Embotelladoras;Fact. Nac. Proy. PET;8000020773;Servicios;Venta Directa;20260212;Zona Metropolitana;;FLETE POR VIAJE CORTINERO;1,000;SER;1,000;SER;1495,37;1495,37;0,00;1495,37;Factura;Crédito 15 Días;20260227;USD;NA;;GV ClReg. Proy. PET;OFICINA PROYECTOS PET;00-0152931;1302007754;Servicios Administrat.;;;KG;0,000;TO;0,000;Agua;Fletes;FLETE PROD TERMINADO;0,00000;02;2026;1495,37;1495,37;0,00;1495,37;PEPSI-COLA;91000036;Precio Base General;Carbonatada;0010000975;17;01;X;20.02.2026 - 22:05:28;;;00130005;1300
PEPSI-COLA VENEZUELA C.A.;Embotelladoras;Fact. Nac. Proy. PET;8000020777;Preformas;Venta Directa;20260213;Zona Metropolitana;3000;PREFORMAS TRANSPARENTE 43,90G (PCO1810);172800,000;PZA;172800,000;PZA;0,15;26778,82;4284,61;31063,43;Factura;Crédito 15 Días;20260228;USD;NA;;GV ClReg. Proy. PET;OFICINA PROYECTOS PET;00-0152935;1302007753;Long Finish;Transparente;44 gr.;G;7585920,000;TO;7,586;Agua;PP-Preforma;PREFORMAS;0,00000;02;2026;0,15;26778,82;4284,61;31063,43;PEPSI-COLA;70000321;Precio Base General;Carbonatada;0010000975;17;01;X;20.02.2026 - 22:05:28;;;00130005;1300
PEPSI-COLA VENEZUELA C.A.;Embotelladoras;Fact. Nac. Proy. PET;8000020778;Servicios;Venta Directa;20260213;Zona Metropolitana;;FLETE POR VIAJE CORTINERO;1,000;SER;1,000;SER;1495,37;1495,37;0,00;1495,37;Factura;Crédito 15 Días;20260228;USD;NA;;GV ClReg. Proy. PET;OFICINA PROYECTOS PET;00-0152936;1302007754;Servicios Administrat.;;;KG;0,000;TO;0,000;Agua;Fletes;FLETE PROD TERMINADO;0,00000;02;2026;1495,37;1495,37;0,00;1495,37;PEPSI-COLA;91000036;Precio Base General;Carbonatada;0010000975;17;01;X;20.02.2026 - 22:05:28;;;00130005;1300
PEPSI-COLA VENEZUELA C.A.;Embotelladoras;Fact. Nac. Proy. PET;8000020781;Preformas;Venta Directa;20260218;Zona Metropolitana;3000;PREFORMAS TRANSPARENTE 43,90G (PCO1810);172800,000;PZA;172800,000;PZA;0,15;26778,82;4284,61;31063,43;Factura;Crédito 15 Días;20260305;USD;NA;;GV ClReg. Proy. PET;OFICINA PROYECTOS PET;00-0152939;1302007753;Long Finish;Transparente;44 gr.;G;7585920,000;TO;7,586;Agua;PP-Preforma;PREFORMAS;0,00000;02;2026;0,15;26778,82;4284,61;31063,43;PEPSI-COLA;70000321;Precio Base General;Carbonatada;0010000975;17;01;X;20.02.2026 - 22:05:28;;;00130005;1300
PEPSI-COLA VENEZUELA C.A.;Embotelladoras;Fact. Nac. Proy. PET;8000020782;Servicios;Venta Directa;20260218;Zona Metropolitana;;FLETE POR VIAJE CORTINERO;0,92;SER;1,09;SER;1713,29;1351,35;0,00;1599,11;Factura;Crédito 15 Días;20260305;USD;NA;;GV ClReg. Proy. PET;OFICINA PROYECTOS PET;00-0152940;1302007754;Servicios Administrat.;;;KG;0,000;TO;0,000;Agua;Fletes;FLETE PROD TERMINADO;0,00000;02;2026;1437,97;1460,11;0,00;1574,28;PEPSI-COLA;91000036;Precio Base General;Carbonatada;0010000975;17;01;X;20.02.2026 - 22:05:28;;;00130005;1300
PEPSI-COLA VENEZUELA C.A.;Embotelladoras;Fact. Nac. Proy. PET;8000020784;Preformas;Venta Directa;20260219;Zona Metropolitana;3000;PREFORMAS TRANSPARENTE 43,90G (PCO1810);172800,000;PZA;172800,000;PZA;0,15;26778,82;4284,61;31063,43;Factura;Crédito 15 Días;20260306;USD;NA;;GV ClReg. Proy. PET;OFICINA PROYECTOS PET;00-0152942;1302007753;Long Finish;Transparente;44 gr.;G;7585920,000;TO;7,586;Agua;PP-Preforma;PREFORMAS;0,00000;02;2026;0,15;26778,82;4284,61;31063,43;PEPSI-COLA;70000321;Precio Base General;Carbonatada;0010000975;17;01;X;20.02.2026 - 22:05:28;;;00130005;1300
PEPSI-COLA VENEZUELA C.A.;Embotelladoras;Fact. Nac. Proy. PET;8000020785;Servicios;Venta Directa;20260219;Zona Metropolitana;;FLETE POR VIAJE CORTINERO;1,000;SER;1,000;SER;1495,37;1495,37;0,00;1495,37;Factura;Crédito 15 Días;20260306;USD;NA;;GV ClReg. Proy. PET;OFICINA PROYECTOS PET;00-0152943;1302007754;Servicios Administrat.;;;KG;0,000;TO;0,000;Agua;Fletes;FLETE PROD TERMINADO;0,00000;02;2026;1495,37;1495,37;0,00;1495,37;PEPSI-COLA;91000036;Precio Base General;Carbonatada;0010000975;17;01;X;20.02.2026 - 22:05:28;;;00130005;1300
PEPSI-COLA VENEZUELA C.A.;Embotelladoras;Fact. Nac. Proy. PET;8000020792;Preformas;Venta Directa;20260219;Zona Metropolitana;3000;PREFORMAS TRANSPARENTE 42,64 GR(PCO1881);177600,000;PZA;177600,000;PZA;0,15;26707,49;4273,20;30980,69;Factura;Crédito 15 Días;20260306;USD;NA;;GV ClReg. Proy. PET;OFICINA PROYECTOS PET;00-0152951;1302007755;Short Finish;Transparente;29,5 gr.;G;7572864,000;TO;7,573;Agua;PP-Preforma;PREFORMAS;0,00000;02;2026;0,15;26707,49;4273,20;30980,69;PEPSICOLA;70000197;Precio Base General;Carbonatada;0010000975;17;01;X;20.02.2026 - 22:05:28;;;00130005;1300
PEPSI-COLA VENEZUELA C.A.;Embotelladoras;Fact. Nac. Proy. PET;8000020793;Servicios;Venta Directa;20260219;Zona Metropolitana;;FLETE POR VIAJE CORTINERO;1,000;SER;1,000;SER;1495,37;1495,37;0,00;1495,37;Factura;Crédito 15 Días;20260306;USD;NA;;GV ClReg. Proy. PET;OFICINA PROYECTOS PET;00-0152952;1302007756;Servicios Administrat.;;;KG;0,000;TO;0,000;Agua;Fletes;FLETE PROD TERMINADO;0,00000;02;2026;1495,37;1495,37;0,00;1495,37;PEPSI-COLA;91000036;Precio Base General;Carbonatada;0010000975;17;01;X;20.02.2026 - 22:05:28;;;00130005;1300
CORPORACION LA ENCANTADA, C.A.;Embotelladoras;Fact. Nac. Proy. PET;8000020683;Botellas;Venta Directa;20260206;Zona Metropolitana;3000;BOTELLAS LICOR 0,350 L (23);4,000;PAL;19008,000;PZA;235179,33;940717,32;150514,77;1091232,09;Factura;Contado;20260206;VED;NA;;GV ClReg. Proy. PET;GLISNEIDY ISABEL FARFAR;00-0152836;1302007760;Licores;Transparente;350 ml.;G;437184,000;TO;0,437;Licores;PP-Botella;ENVASES PT;381,10740;02;2026;617,09;2468,38;394,94;2863,32;ENCANTADA;70000026;Precio Base General;Agua;0010001000;17;;N;20.02.2026 - 22:05:28;;;00100095;1300
CORPORACION LA ENCANTADA, C.A.;Embotelladoras;N/C Dev. Nac. P.PET;8200001955;Botellas;Venta Directa;20260206;Zona Metropolitana;3000;BOTELLAS LICOR 0,350 L (23);-0,914;PAL;-4345,000;PZA;-754,43;-689,55;-110,33;-799,88;Abono;Contado;20260206;USD;NA;;GV ClReg. Proy. PET;GLISNEIDY ISABEL FARFAR;00-0152837;1306000898;Licores;Transparente;350 ml.;G;-99935,000;TO;-0,100;Licores;PP-Botella;ENVASES PT;0,00000;02;2026;-754,43;-689,55;-110,33;-799,88;ENCANTADA;70000026;Precio Base General;Agua;0010001000;17;;N;20.02.2026 - 22:05:28;Z62;Material Rechazado P/Cliente;00100095;1300
CONSORCIO OLEAGINOSO;Embotelladoras;Fact. Nac. Proy. PET;8000020643;Tapas PT;Venta Directa;20260204;Zona Centro Occid.;3000;TAPA PCO 28MM 1810 NATURAL 3,10G (3.500);432,000;CS;432,000;CS;52,26;22576,32;3612,21;26188,53;Factura;Crédito 07 Días;20260211;USD;NA;;GV ClReg. Proy. PET;HORACIO HERNANDEZ;00-0152795;1302007763;Tapas S/Impresión;Transparente;28 mm. 1810;G;4687200,000;TO;4,687;Aceites;PP-Tap. Long Finish;TAPAS;0,00000;02;2026;52,26;22576,32;3612,21;26188,53;COPOSA;70000403;Precio Base General;Aceite;0010001009;17;;N;20.02.2026 - 22:05:28;;;00120003;1300
CONSORCIO OLEAGINOSO;Embotelladoras;Fact. Nac. Proy. PET;8000020645;Tapas PT;Venta Directa;20260204;Zona Centro Occid.;3000;TAPA PCO 28MM 1810 NATURAL 3,10G (3.500);432,000;CS;432,000;CS;52,26;22576,32;3612,21;26188,53;Factura;Crédito 07 Días;20260211;USD;NA;;GV ClReg. Proy. PET;HORACIO HERNANDEZ;00-0152797;1302007764;Tapas S/Impresión;Transparente;28 mm. 1810;G;4687200,000;TO;4,687;Aceites;PP-Tap. Long Finish;TAPAS;0,00000;02;2026;52,26;22576,32;3612,21;26188,53;COPOSA;70000403;Precio Base General;Aceite;0010001009;17;;N;20.02.2026 - 22:05:28;;;00120003;1300
NEGROPRO SOLUCIONES TECNICAS, S.A.;Distribuidores Enf.;Fact. Nac. Ampo.;7000012145;Inyecto Soplado;Venta Directa;20260204;Zona Metropolitana;3000;ENV.PET TRANSP COSMETIC 200 ML SENSITIVE;885,000;PZA;885,000;PZA;0,24;216,77;34,68;251,45;Factura;Contado;20260204;USD;NA;;GV ClReg. Ampofr.;JORGE REYES;00-056689;1202009388;Cosmetica Sensitive;Transparente;200 ml.;G;19470,000;TO;0,019;Productos De Limpiez;AM-Cosmética;ENVASES PT;0,00000;02;2026;0,24;216,77;34,68;251,45;NEGROPRO;70000042;Precio Base General;Distribuidor;0010001076;17;01;X;20.02.2026 - 22:05:28;;;00120005;1200
NEGROPRO SOLUCIONES TECNICAS, S.A.;Distribuidores Enf.;Fact. Nac. Ampo.;7000012145;Inyecto Soplado;Venta Directa;20260204;Zona Metropolitana;3000;ENVASE PET AMBAR FARMA 180 ML;704,000;PZA;704,000;PZA;0,26;182,66;29,23;211,89;Factura;Contado;20260204;USD;NA;;GV ClReg. Ampofr.;JORGE REYES;00-056689;1202009388;Farma S/Impresión;Ambar;180 ml.;G;16635,520;TO;0,017;Productos De Limpiez;AM-Farma;ENVASES PT;0,00000;02;2026;0,26;182,66;29,23;211,89;NEGROPRO;70000058;Precio Base General;Distribuidor;0010001076;17;01;X;20.02.2026 - 22:05:28;;;00120005;1200
NEGROPRO SOLUCIONES TECNICAS, S.A.;Distribuidores Enf.;Fact. Nac. Ampo.;7000012145;Inyecto Soplado;Venta Directa;20260204;Zona Metropolitana;3000;ENV PET TRANSP COSMETIC OVAL 100 ML (PH);1170,000;PZA;1170,000;PZA;0,18;211,65;33,86;245,51;Factura;Contado;20260204;USD;NA;;GV ClReg. Ampofr.;JORGE REYES;00-056689;1202009388;Cosmetica Cilindrica;Transparente;100 ml.;G;18720,000;TO;0,019;Productos De Limpiez;AM-Cosmética;ENVASES PT;0,00000;02;2026;0,18;211,65;33,86;245,51;NEGROPRO;70000421;Precio Base General;Distribuidor;0010001076;17;01;X;20.02.2026 - 22:05:28;;;00120005;1200
NEGROPRO SOLUCIONES TECNICAS, S.A.;Distribuidores Enf.;Fact. Nac. Ampo.;7000012146;Inyecto Soplado;Venta Directa;20260204;Zona Metropolitana;3000;ENVASE GEL PACK TRANSP TAPA TRANSP;210,000;PZA;210,000;PZA;0,49;102,88;16,46;119,34;Factura;Contado;20260204;USD;NA;;GV ClReg. Ampofr.;JORGE REYES;00-056690;1202009388;Tarro Gel Pack;;;G;9240,000;TO;0,009;Productos De Limpiez;AM-Env. Plásticos;ENVASES PT;0,00000;02;2026;0,49;102,88;16,46;119,34;NEGROPRO;70000051;Precio Base General;Distribuidor;0010001076;17;01;X;20.02.2026 - 22:05:28;;;00120005;1200
CERVECERIA POLAR, C.A;Embotelladoras;Fact. Nac. Proy. PET;8000020598;Botellas;Venta Directa;20260203;Zona Metropolitana;3000;BOTELLAS  AMBAR  1,5L MALTIN POLAR 52Gr;20,000;PAL;25200,000;PZA;424,20;8484,08;1357,45;9841,53;Factura;Crédito 15 Días;20260218;USD;NA;;GV ClReg. Proy. PET;OFICINA PROYECTOS PET;00-0152750;1302007758;Carbonatada;;;G;1310400,000;TO;1,310;Alimentos;PP-Botella;BOTELLAS GASEOSAS;0,00000;02;2026;424,20;8484,08;1357,45;9841,53;;70000776;Precio Base General;;0010001106;17;;N;20.02.2026 - 22:05:28;;;00130005;1300
CERVECERIA POLAR, C.A;Embotelladoras;Fact. Nac. Proy. PET;8000020599;Servicios;Venta Directa;20260203;Zona Metropolitana;;FLETE POR VIAJE CORTINERO;1,000;SER;1,000;SER;318,00;318,00;0,00;318,00;Factura;Crédito 15 Días;20260218;USD;NA;;GV ClReg. Proy. PET;OFICINA PROYECTOS PET;00-0152751;1302007759;Servicios Administrat.;;;KG;0,000;TO;0,000;Alimentos;Fletes;FLETE PROD TERMINADO;0,00000;02;2026;318,00;318,00;0,00;318,00;;91000036;Precio Base General;;0010001106;17;;N;20.02.2026 - 22:05:28;;;00130005;1300
CERVECERIA POLAR, C.A;Embotelladoras;Fact. Nac. Proy. PET;8000020601;Servicios;Venta Directa;20260203;Zona Metropolitana;;FLETE POR VIAJE CORTINERO;1,000;SER;1,000;SER;318,00;318,00;0,00;318,00;Factura;Crédito 15 Días;20260218;USD;NA;;GV ClReg. Proy. PET;OFICINA PROYECTOS PET;00-0152753;1302007759;Servicios Administrat.;;;KG;0,000;TO;0,000;Alimentos;Fletes;FLETE PROD TERMINADO;0,00000;02;2026;318,00;318,00;0,00;318,00;;91000036;Precio Base General;;0010001106;17;;N;20.02.2026 - 22:05:28;;;00130005;1300
CERVECERIA POLAR, C.A;Embotelladoras;Fact. Nac. Proy. PET;8000020604;Botellas;Venta Directa;20260203;Zona Metropolitana;3000;BOTELLAS  AMBAR  1,5L MALTIN POLAR 52Gr;18,000;PAL;22680,000;PZA;424,20;7635,68;1221,71;8857,39;Factura;Crédito 15 Días;20260218;USD;NA;;GV ClReg. Proy. PET;OFICINA PROYECTOS PET;00-0152756;1302007758;Carbonatada;;;G;1179360,000;TO;1,179;Alimentos;PP-Botella;BOTELLAS GASEOSAS;0,00000;02;2026;424,20;7635,68;1221,71;8857,39;;70000776;Precio Base General;;0010001106;17;;N;20.02.2026 - 22:05:28;;;00130005;1300
CERVECERIA POLAR, C.A;Embotelladoras;Fact. Nac. Proy. PET;8000020605;Servicios;Venta Directa;20260203;Zona Metropolitana;;FLETE POR VIAJE CORTINERO;1,000;SER;1,000;SER;318,00;318,00;0,00;318,00;Factura;Crédito 15 Días;20260218;USD;NA;;GV ClReg. Proy. PET;OFICINA PROYECTOS PET;00-0152757;1302007759;Servicios Administrat.;;;KG;0,000;TO;0,000;Alimentos;Fletes;FLETE PROD TERMINADO;0,00000;02;2026;318,00;318,00;0,00;318,00;;91000036;Precio Base General;;0010001106;17;;N;20.02.2026 - 22:05:28;;;00130005;1300
CERVECERIA POLAR, C.A;Embotelladoras;Fact. Nac. Proy. PET;8000020606;Botellas;Venta Directa;20260203;Zona Metropolitana;3000;BOTELLAS  AMBAR  1,5L MALTIN POLAR 52Gr;18,000;PAL;22680,000;PZA;424,20;7635,68;1221,71;8857,39;Factura;Crédito 15 Días;20260218;USD;NA;;GV ClReg. Proy. PET;OFICINA PROYECTOS PET;00-0152758;1302007758;Carbonatada;;;G;1179360,000;TO;1,179;Alimentos;PP-Botella;BOTELLAS GASEOSAS;0,00000;02;2026;424,20;7635,68;1221,71;8857,39;;70000776;Precio Base General;;0010001106;17;;N;20.02.2026 - 22:05:28;;;00130005;1300
CERVECERIA POLAR, C.A;Embotelladoras;Fact. Nac. Proy. PET;8000020607;Servicios;Venta Directa;20260203;Zona Metropolitana;;FLETE POR VIAJE CORTINERO;1,000;SER;1,000;SER;318,00;318,00;0,00;318,00;Factura;Crédito 15 Días;20260218;USD;NA;;GV ClReg. Proy. PET;OFICINA PROYECTOS PET;00-0152759;1302007759;Servicios Administrat.;;;KG;0,000;TO;0,000;Alimentos;Fletes;FLETE PROD TERMINADO;0,00000;02;2026;318,00;318,00;0,00;318,00;;91000036;Precio Base General;;0010001106;17;;N;20.02.2026 - 22:05:28;;;00130005;1300
CERVECERIA POLAR, C.A;Embotelladoras;Fact. Nac. Proy. PET;8000020608;Botellas;Venta Directa;20260203;Zona Metropolitana;3000;BOTELLAS  AMBAR  1,5L MALTIN POLAR 52Gr;18,000;PAL;22680,000;PZA;424,20;7635,68;1221,71;8857,39;Factura;Crédito 15 Días;20260218;USD;NA;;GV ClReg. Proy. PET;OFICINA PROYECTOS PET;00-0152760;1302007758;Carbonatada;;;G;1179360,000;TO;1,179;Alimentos;PP-Botella;BOTELLAS GASEOSAS;0,00000;02;2026;424,20;7635,68;1221,71;8857,39;;70000776;Precio Base General;;0010001106;17;;N;20.02.2026 - 22:05:28;;;00130005;1300
CERVECERIA POLAR, C.A;Embotelladoras;Fact. Nac. Proy. PET;8000020609;Servicios;Venta Directa;20260203;Zona Metropolitana;;FLETE POR VIAJE CORTINERO;1,000;SER;1,000;SER;318,00;318,00;0,00;318,00;Factura;Crédito 15 Días;20260218;USD;NA;;GV ClReg. Proy. PET;OFICINA PROYECTOS PET;00-0152761;1302007759;Servicios Administrat.;;;KG;0,000;TO;0,000;Alimentos;Fletes;FLETE PROD TERMINADO;0,00000;02;2026;318,00;318,00;0,00;318,00;;91000036;Precio Base General;;0010001106;17;;N;20.02.2026 - 22:05:28;;;00130005;1300
CERVECERIA POLAR, C.A;Embotelladoras;Fact. Nac. Proy. PET;8000020610;Botellas;Venta Directa;20260203;Zona Metropolitana;3000;BOTELLAS  AMBAR  1,5L MALTIN POLAR 52Gr;18,000;PAL;22680,000;PZA;424,20;7635,68;1221,71;8857,39;Factura;Crédito 15 Días;20260218;USD;NA;;GV ClReg. Proy. PET;OFICINA PROYECTOS PET;00-0152762;1302007758;Carbonatada;;;G;1179360,000;TO;1,179;Alimentos;PP-Botella;BOTELLAS GASEOSAS;0,00000;02;2026;424,20;7635,68;1221,71;8857,39;;70000776;Precio Base General;;0010001106;17;;N;20.02.2026 - 22:05:28;;;00130005;1300
CERVECERIA POLAR, C.A;Embotelladoras;Fact. Nac. Proy. PET;8000020611;Servicios;Venta Directa;20260203;Zona Metropolitana;;FLETE POR VIAJE CORTINERO;1,000;SER;1,000;SER;318,00;318,00;0,00;318,00;Factura;Crédito 15 Días;20260218;USD;NA;;GV ClReg. Proy. PET;OFICINA PROYECTOS PET;00-0152763;1302007759;Servicios Administrat.;;;KG;0,000;TO;0,000;Alimentos;Fletes;FLETE PROD TERMINADO;0,00000;02;2026;318,00;318,00;0,00;318,00;;91000036;Precio Base General;;0010001106;17;;N;20.02.2026 - 22:05:28;;;00130005;1300
CERVECERIA POLAR, C.A;Embotelladoras;Fact. Nac. Proy. PET;8000020612;Botellas;Venta Directa;20260203;Zona Metropolitana;3000;BOTELLAS  AMBAR  1,5L MALTIN POLAR 52Gr;24,000;PAL;30240,000;PZA;424,20;10180,90;1628,94;11809,84;Factura;Crédito 15 Días;20260218;USD;NA;;GV ClReg. Proy. PET;OFICINA PROYECTOS PET;00-0152764;1302007758;Carbonatada;;;G;1572480,000;TO;1,572;Alimentos;PP-Botella;BOTELLAS GASEOSAS;0,00000;02;2026;424,20;10180,90;1628,94;11809,84;;70000776;Precio Base General;;0010001106;17;;N;20.02.2026 - 22:05:28;;;00130005;1300
CERVECERIA POLAR, C.A;Embotelladoras;Fact. Nac. Proy. PET;8000020613;Servicios;Venta Directa;20260203;Zona Metropolitana;;FLETE POR VIAJE CORTINERO;1,000;SER;1,000;SER;318,00;318,00;0,00;318,00;Factura;Crédito 15 Días;20260218;USD;NA;;GV ClReg. Proy. PET;OFICINA PROYECTOS PET;00-0152765;1302007759;Servicios Administrat.;;;KG;0,000;TO;0,000;Alimentos;Fletes;FLETE PROD TERMINADO;0,00000;02;2026;318,00;318,00;0,00;318,00;;91000036;Precio Base General;;0010001106;17;;N;20.02.2026 - 22:05:28;;;00130005;1300
CERVECERIA POLAR, C.A;Embotelladoras;Fact. Nac. Proy. PET;8000020614;Botellas;Venta Directa;20260203;Zona Metropolitana;3000;BOTELLAS  AMBAR  1,5L MALTIN POLAR 52Gr;24,000;PAL;30240,000;PZA;424,20;10180,90;1628,94;11809,84;Factura;Crédito 15 Días;20260218;USD;NA;;GV ClReg. Proy. PET;OFICINA PROYECTOS PET;00-0152766;1302007758;Carbonatada;;;G;1572480,000;TO;1,572;Alimentos;PP-Botella;BOTELLAS GASEOSAS;0,00000;02;2026;424,20;10180,90;1628,94;11809,84;;70000776;Precio Base General;;0010001106;17;;N;20.02.2026 - 22:05:28;;;00130005;1300
CERVECERIA POLAR, C.A;Embotelladoras;Fact. Nac. Proy. PET;8000020615;Servicios;Venta Directa;20260203;Zona Metropolitana;;FLETE POR VIAJE CORTINERO;1,000;SER;1,000;SER;318,00;318,00;0,00;318,00;Factura;Crédito 15 Días;20260218;USD;NA;;GV ClReg. Proy. PET;OFICINA PROYECTOS PET;00-0152767;1302007759;Servicios Administrat.;;;KG;0,000;TO;0,000;Alimentos;Fletes;FLETE PROD TERMINADO;0,00000;02;2026;318,00;318,00;0,00;318,00;;91000036;Precio Base General;;0010001106;17;;N;20.02.2026 - 22:05:28;;;00130005;1300
CERVECERIA POLAR, C.A;Embotelladoras;Fact. Nac. Proy. PET;8000020616;Botellas;Venta Directa;20260203;Zona Metropolitana;3000;BOTELLAS  AMBAR  1,5L MALTIN POLAR 52Gr;17,10;PAL;22805,58;PZA;366,26;8756,17;1020,67;8693,43;Factura;Crédito 15 Días;20260218;USD;NA;;GV ClReg. Proy. PET;OFICINA PROYECTOS PET;00-0152768;1302007758;Carbonatada;;;G;1179360,000;TO;1,179;Alimentos;PP-Botella;BOTELLAS GASEOSAS;0,00000;02;2026;503,97;6995,37;1095,89;9024,68;;70000776;Precio Base General;;0010001106;17;;N;20.02.2026 - 22:05:28;;;00130005;1300
CERVECERIA POLAR, C.A;Embotelladoras;Fact. Nac. Proy. PET;8000020617;Servicios;Venta Directa;20260203;Zona Metropolitana;;FLETE POR VIAJE CORTINERO;1,000;SER;1,000;SER;318,00;318,00;0,00;318,00;Factura;Crédito 15 Días;20260218;USD;NA;;GV ClReg. Proy. PET;OFICINA PROYECTOS PET;00-0152769;1302007759;Servicios Administrat.;;;KG;0,000;TO;0,000;Alimentos;Fletes;FLETE PROD TERMINADO;0,00000;02;2026;318,00;318,00;0,00;318,00;;91000036;Precio Base General;;0010001106;17;;N;20.02.2026 - 22:05:28;;;00130005;1300
CERVECERIA POLAR, C.A;Embotelladoras;Fact. Nac. Proy. PET;8000020618;Botellas;Venta Directa;20260203;Zona Metropolitana;3000;BOTELLAS  AMBAR  1,5L MALTIN POLAR 52Gr;18,000;PAL;22680,000;PZA;424,20;7635,68;1221,71;8857,39;Factura;Crédito 15 Días;20260218;USD;NA;;GV ClReg. Proy. PET;OFICINA PROYECTOS PET;00-0152770;1302007758;Carbonatada;;;G;1179360,000;TO;1,179;Alimentos;PP-Botella;BOTELLAS GASEOSAS;0,00000;02;2026;424,20;7635,68;1221,71;8857,39;;70000776;Precio Base General;;0010001106;17;;N;20.02.2026 - 22:05:28;;;00130005;1300
CERVECERIA POLAR, C.A;Embotelladoras;Fact. Nac. Proy. PET;8000020619;Servicios;Venta Directa;20260203;Zona Metropolitana;;FLETE POR VIAJE CORTINERO;1,000;SER;1,000;SER;318,00;318,00;0,00;318,00;Factura;Crédito 15 Días;20260218;USD;NA;;GV ClReg. Proy. PET;OFICINA PROYECTOS PET;00-0152771;1302007759;Servicios Administrat.;;;KG;0,000;TO;0,000;Alimentos;Fletes;FLETE PROD TERMINADO;0,00000;02;2026;318,00;318,00;0,00;318,00;;91000036;Precio Base General;;0010001106;17;;N;20.02.2026 - 22:05:28;;;00130005;1300
CERVECERIA POLAR, C.A;Embotelladoras;Fact. Nac. Proy. PET;8000020621;Botellas;Venta Directa;20260203;Zona Metropolitana;3000;BOTELLAS  AMBAR  1,5L MALTIN POLAR 52Gr;18,000;PAL;22680,000;PZA;424,20;7635,68;1221,71;8857,39;Factura;Crédito 15 Días;20260218;USD;NA;;GV ClReg. Proy. PET;OFICINA PROYECTOS PET;00-0152773;1302007758;Carbonatada;;;G;1179360,000;TO;1,179;Alimentos;PP-Botella;BOTELLAS GASEOSAS;0,00000;02;2026;424,20;7635,68;1221,71;8857,39;;70000776;Precio Base General;;0010001106;17;;N;20.02.2026 - 22:05:28;;;00130005;1300
CERVECERIA POLAR, C.A;Embotelladoras;Fact. Nac. Proy. PET;8000020622;Servicios;Venta Directa;20260203;Zona Metropolitana;;FLETE POR VIAJE CORTINERO;1,000;SER;1,000;SER;318,00;318,00;0,00;318,00;Factura;Crédito 15 Días;20260218;USD;NA;;GV ClReg. Proy. PET;OFICINA PROYECTOS PET;00-0152774;1302007759;Servicios Administrat.;;;KG;0,000;TO;0,000;Alimentos;Fletes;FLETE PROD TERMINADO;0,00000;02;2026;318,00;318,00;0,00;318,00;;91000036;Precio Base General;;0010001106;17;;N;20.02.2026 - 22:05:28;;;00130005;1300
CERVECERIA POLAR, C.A;Embotelladoras;Fact. Nac. Proy. PET;8000020623;Botellas;Venta Directa;20260203;Zona Metropolitana;3000;BOTELLAS  AMBAR  1,5L MALTIN POLAR 52Gr;20,000;PAL;25200,000;PZA;424,20;8484,08;1357,45;9841,53;Factura;Crédito 15 Días;20260218;USD;NA;;GV ClReg. Proy. PET;OFICINA PROYECTOS PET;00-0152775;1302007758;Carbonatada;;;G;1310400,000;TO;1,310;Alimentos;PP-Botella;BOTELLAS GASEOSAS;0,00000;02;2026;424,20;8484,08;1357,45;9841,53;;70000776;Precio Base General;;0010001106;17;;N;20.02.2026 - 22:05:28;;;00130005;1300
CERVECERIA POLAR, C.A;Embotelladoras;Fact. Nac. Proy. PET;8000020624;Servicios;Venta Directa;20260203;Zona Metropolitana;;FLETE POR VIAJE CORTINERO;1,06;SER;1,10;SER;323,44;376,67;0,00;334,08;Factura;Crédito 15 Días;20260218;USD;NA;;GV ClReg. Proy. PET;OFICINA PROYECTOS PET;00-0152776;1302007759;Servicios Administrat.;;;KG;0,000;TO;0,000;Alimentos;Fletes;FLETE PROD TERMINADO;0,00000;02;2026;359,33;271,37;0,00;289,25;;91000036;Precio Base General;;0010001106;17;;N;20.02.2026 - 22:05:28;;;00130005;1300
CERVECERIA POLAR, C.A;Embotelladoras;Fact. Nac. Proy. PET;8000020627;Botellas;Venta Directa;20260204;Zona Metropolitana;3000;BOTELLAS  AMBAR  1,5L MALTIN POLAR 52Gr;20,000;PAL;25200,000;PZA;423,12;8462,41;1353,99;9816,40;Factura;Crédito 15 Días;20260219;USD;NA;;GV ClReg. Proy. PET;OFICINA PROYECTOS PET;00-0152779;1302007761;Carbonatada;;;G;1310400,000;TO;1,310;Alimentos;PP-Botella;BOTELLAS GASEOSAS;0,00000;02;2026;423,12;8462,41;1353,99;9816,40;;70000776;Precio Base General;;0010001106;17;;N;20.02.2026 - 22:05:28;;;00130005;1300
CERVECERIA POLAR, C.A;Embotelladoras;Fact. Nac. Proy. PET;8000020628;Servicios;Venta Directa;20260204;Zona Metropolitana;;FLETE POR VIAJE CORTINERO;1,000;SER;1,000;SER;318,00;318,00;0,00;318,00;Factura;Crédito 15 Días;20260219;USD;NA;;GV ClReg. Proy. PET;OFICINA PROYECTOS PET;00-0152780;1302007759;Servicios Administrat.;;;KG;0,000;TO;0,000;Alimentos;Fletes;FLETE PROD TERMINADO;0,00000;02;2026;318,00;318,00;0,00;318,00;;91000036;Precio Base General;;0010001106;17;;N;20.02.2026 - 22:05:28;;;00130005;1300
CERVECERIA POLAR, C.A;Embotelladoras;Fact. Nac. Proy. PET;8000020629;Botellas;Venta Directa;20260204;Zona Metropolitana;3000;BOTELLAS  AMBAR  1,5L MALTIN POLAR 52Gr;18,000;PAL;22680,000;PZA;423,12;7616,17;1218,59;8834,76;Factura;Crédito 15 Días;20260219;USD;NA;;GV ClReg. Proy. PET;OFICINA PROYECTOS PET;00-0152781;1302007761;Carbonatada;;;G;1179360,000;TO;1,179;Alimentos;PP-Botella;BOTELLAS GASEOSAS;0,00000;02;2026;423,12;7616,17;1218,59;8834,76;;70000776;Precio Base General;;0010001106;17;;N;20.02.2026 - 22:05:28;;;00130005;1300
CERVECERIA POLAR, C.A;Embotelladoras;Fact. Nac. Proy. PET;8000020630;Servicios;Venta Directa;20260204;Zona Metropolitana;;FLETE POR VIAJE CORTINERO;1,000;SER;1,000;SER;318,00;318,00;0,00;318,00;Factura;Crédito 15 Días;20260219;USD;NA;;GV ClReg. Proy. PET;OFICINA PROYECTOS PET;00-0152782;1302007759;Servicios Administrat.;;;KG;0,000;TO;0,000;Alimentos;Fletes;FLETE PROD TERMINADO;0,00000;02;2026;318,00;318,00;0,00;318,00;;91000036;Precio Base General;;0010001106;17;;N;20.02.2026 - 22:05:28;;;00130005;1300
CERVECERIA POLAR, C.A;Embotelladoras;Fact. Nac. Proy. PET;8000020631;Botellas;Venta Directa;20260204;Zona Metropolitana;3000;BOTELLAS  AMBAR  1,5L MALTIN POLAR 52Gr;18,000;PAL;22680,000;PZA;423,12;7616,17;1218,59;8834,76;Factura;Crédito 15 Días;20260219;USD;NA;;GV ClReg. Proy. PET;OFICINA PROYECTOS PET;00-0152783;1302007761;Carbonatada;;;G;1179360,000;TO;1,179;Alimentos;PP-Botella;BOTELLAS GASEOSAS;0,00000;02;2026;423,12;7616,17;1218,59;8834,76;;70000776;Precio Base General;;0010001106;17;;N;20.02.2026 - 22:05:28;;;00130005;1300
CERVECERIA POLAR, C.A;Embotelladoras;Fact. Nac. Proy. PET;8000020632;Servicios;Venta Directa;20260204;Zona Metropolitana;;FLETE POR VIAJE CORTINERO;1,000;SER;1,000;SER;318,00;318,00;0,00;318,00;Factura;Crédito 15 Días;20260219;USD;NA;;GV ClReg. Proy. PET;OFICINA PROYECTOS PET;00-0152784;1302007759;Servicios Administrat.;;;KG;0,000;TO;0,000;Alimentos;Fletes;FLETE PROD TERMINADO;0,00000;02;2026;318,00;318,00;0,00;318,00;;91000036;Precio Base General;;0010001106;17;;N;20.02.2026 - 22:05:28;;;00130005;1300
CERVECERIA POLAR, C.A;Embotelladoras;Fact. Nac. Proy. PET;8000020633;Botellas;Venta Directa;20260204;Zona Metropolitana;3000;BOTELLAS  AMBAR  1,5L MALTIN POLAR 52Gr;18,000;PAL;22680,000;PZA;423,12;7616,17;1218,59;8834,76;Factura;Crédito 15 Días;20260219;USD;NA;;GV ClReg. Proy. PET;OFICINA PROYECTOS PET;00-0152785;1302007761;Carbonatada;;;G;1179360,000;TO;1,179;Alimentos;PP-Botella;BOTELLAS GASEOSAS;0,00000;02;2026;423,12;7616,17;1218,59;8834,76;;70000776;Precio Base General;;0010001106;17;;N;20.02.2026 - 22:05:28;;;00130005;1300
CERVECERIA POLAR, C.A;Embotelladoras;Fact. Nac. Proy. PET;8000020634;Servicios;Venta Directa;20260204;Zona Metropolitana;;FLETE POR VIAJE CORTINERO;0,98;SER;1,00;SER;264,19;359,10;0,00;306,89;Factura;Crédito 15 Días;20260219;USD;NA;;GV ClReg. Proy. PET;OFICINA PROYECTOS PET;00-0152786;1302007759;Servicios Administrat.;;;KG;0,000;TO;0,000;Alimentos;Fletes;FLETE PROD TERMINADO;0,00000;02;2026;318,00;268,09;0,00;369,77;;91000036;Precio Base General;;0010001106;17;;N;20.02.2026 - 22:05:28;;;00130005;1300
CERVECERIA POLAR, C.A;Embotelladoras;Fact. Nac. Proy. PET;8000020635;Botellas;Venta Directa;20260204;Zona Metropolitana;3000;BOTELLAS  AMBAR  1,5L MALTIN POLAR 52Gr;18,000;PAL;22680,000;PZA;423,12;7616,17;1218,59;8834,76;Factura;Crédito 15 Días;20260219;USD;NA;;GV ClReg. Proy. PET;OFICINA PROYECTOS PET;00-0152787;1302007761;Carbonatada;;;G;1179360,000;TO;1,179;Alimentos;PP-Botella;BOTELLAS GASEOSAS;0,00000;02;2026;423,12;7616,17;1218,59;8834,76;;70000776;Precio Base General;;0010001106;17;;N;20.02.2026 - 22:05:28;;;00130005;1300
CERVECERIA POLAR, C.A;Embotelladoras;Fact. Nac. Proy. PET;8000020636;Servicios;Venta Directa;20260204;Zona Metropolitana;;FLETE POR VIAJE CORTINERO;1,000;SER;1,000;SER;318,00;318,00;0,00;318,00;Factura;Crédito 15 Días;20260219;USD;NA;;GV ClReg. Proy. PET;OFICINA PROYECTOS PET;00-0152788;1302007759;Servicios Administrat.;;;KG;0,000;TO;0,000;Alimentos;Fletes;FLETE PROD TERMINADO;0,00000;02;2026;318,00;318,00;0,00;318,00;;91000036;Precio Base General;;0010001106;17;;N;20.02.2026 - 22:05:28;;;00130005;1300
CERVECERIA POLAR, C.A;Embotelladoras;Fact. Nac. Proy. PET;8000020637;Botellas;Venta Directa;20260204;Zona Metropolitana;3000;BOTELLAS  AMBAR  1,5L MALTIN POLAR 52Gr;18,000;PAL;22680,000;PZA;423,12;7616,17;1218,59;8834,76;Factura;Crédito 15 Días;20260219;USD;NA;;GV ClReg. Proy. PET;OFICINA PROYECTOS PET;00-0152789;1302007761;Carbonatada;;;G;1179360,000;TO;1,179;Alimentos;PP-Botella;BOTELLAS GASEOSAS;0,00000;02;2026;423,12;7616,17;1218,59;8834,76;;70000776;Precio Base General;;0010001106;17;;N;20.02.2026 - 22:05:28;;;00130005;1300
CERVECERIA POLAR, C.A;Embotelladoras;Fact. Nac. Proy. PET;8000020638;Servicios;Venta Directa;20260204;Zona Metropolitana;;FLETE POR VIAJE CORTINERO;1,000;SER;1,000;SER;318,00;318,00;0,00;318,00;Factura;Crédito 15 Días;20260219;USD;NA;;GV ClReg. Proy. PET;OFICINA PROYECTOS PET;00-0152790;1302007759;Servicios Administrat.;;;KG;0,000;TO;0,000;Alimentos;Fletes;FLETE PROD TERMINADO;0,00000;02;2026;318,00;318,00;0,00;318,00;;91000036;Precio Base General;;0010001106;17;;N;20.02.2026 - 22:05:28;;;00130005;1300
CERVECERIA POLAR, C.A;Embotelladoras;Fact. Nac. Proy. PET;8000020639;Botellas;Venta Directa;20260204;Zona Metropolitana;3000;BOTELLAS  AMBAR  1,5L MALTIN POLAR 52Gr;22,53;PAL;31758,95;PZA;458,83;10026,95;1565,67;9700,46;Factura;Crédito 15 Días;20260219;USD;NA;;GV ClReg. Proy. PET;OFICINA PROYECTOS PET;00-0152791;1302007761;Carbonatada;;;G;1572480,000;TO;1,572;Alimentos;PP-Botella;BOTELLAS GASEOSAS;0,00000;02;2026;356,71;11414,89;1349,48;13285,52;;70000776;Precio Base General;;0010001106;17;;N;20.02.2026 - 22:05:28;;;00130005;1300
CERVECERIA POLAR, C.A;Embotelladoras;Fact. Nac. Proy. PET;8000020640;Servicios;Venta Directa;20260204;Zona Metropolitana;;FLETE POR VIAJE CORTINERO;0,98;SER;1,06;SER;268,55;298,83;0,00;327,13;Factura;Crédito 15 Días;20260219;USD;NA;;GV ClReg. Proy. PET;OFICINA PROYECTOS PET;00-0152792;1302007759;Servicios Administrat.;;;KG;0,000;TO;0,000;Alimentos;Fletes;FLETE PROD TERMINADO;0,00000;02;2026;343,30;328,58;0,00;308,96;;91000036;Precio Base General;;0010001106;17;;N;20.02.2026 - 22:05:28;;;00130005;1300
CERVECERIA POLAR, C.A;Embotelladoras;Fact. Nac. Proy. PET;8000020641;Botellas;Venta Directa;20260204;Zona Metropolitana;3000;BOTELLAS  AMBAR  1,5L MALTIN POLAR 52Gr;24,000;PAL;30240,000;PZA;423,12;10154,89;1624,78;11779,67;Factura;Crédito 15 Días;20260219;USD;NA;;GV ClReg. Proy. PET;OFICINA PROYECTOS PET;00-0152793;1302007761;Carbonatada;;;G;1572480,000;TO;1,572;Alimentos;PP-Botella;BOTELLAS GASEOSAS;0,00000;02;2026;423,12;10154,89;1624,78;11779,67;;70000776;Precio Base General;;0010001106;17;;N;20.02.2026 - 22:05:28;;;00130005;1300
CERVECERIA POLAR, C.A;Embotelladoras;Fact. Nac. Proy. PET;8000020642;Servicios;Venta Directa;20260204;Zona Metropolitana;;FLETE POR VIAJE CORTINERO;1,000;SER;1,000;SER;318,00;318,00;0,00;318,00;Factura;Crédito 15 Días;20260219;USD;NA;;GV ClReg. Proy. PET;OFICINA PROYECTOS PET;00-0152794;1302007759;Servicios Administrat.;;;KG;0,000;TO;0,000;Alimentos;Fletes;FLETE PROD TERMINADO;0,00000;02;2026;318,00;318,00;0,00;318,00;;91000036;Precio Base General;;0010001106;17;;N;20.02.2026 - 22:05:28;;;00130005;1300
CERVECERIA POLAR, C.A;Embotelladoras;Fact. Nac. Proy. PET;8000020646;Botellas;Venta Directa;20260204;Zona Metropolitana;3000;BOTELLAS  AMBAR  1,5L MALTIN POLAR 52Gr;18,000;PAL;22680,000;PZA;423,12;7616,17;1218,59;8834,76;Factura;Crédito 15 Días;20260219;USD;NA;;GV ClReg. Proy. PET;OFICINA PROYECTOS PET;00-0152798;1302007761;Carbonatada;;;G;1179360,000;TO;1,179;Alimentos;PP-Botella;BOTELLAS GASEOSAS;0,00000;02;2026;423,12;7616,17;1218,59;8834,76;;70000776;Precio Base General;;0010001106;17;;N;20.02.2026 - 22:05:28;;;00130005;1300
CERVECERIA POLAR, C.A;Embotelladoras;Fact. Nac. Proy. PET;8000020647;Servicios;Venta Directa;20260204;Zona Metropolitana;;FLETE POR VIAJE CORTINERO;1,000;SER;1,000;SER;318,00;318,00;0,00;318,00;Factura;Crédito 15 Días;20260219;USD;NA;;GV ClReg. Proy. PET;OFICINA PROYECTOS PET;00-0152799;1302007759;Servicios Administrat.;;;KG;0,000;TO;0,000;Alimentos;Fletes;FLETE PROD TERMINADO;0,00000;02;2026;318,00;318,00;0,00;318,00;;91000036;Precio Base General;;0010001106;17;;N;20.02.2026 - 22:05:28;;;00130005;1300
CERVECERIA POLAR, C.A;Embotelladoras;Fact. Nac. Proy. PET;8000020648;Botellas;Venta Directa;20260204;Zona Metropolitana;3000;BOTELLAS  AMBAR  1,5L MALTIN POLAR 52Gr;18,000;PAL;22680,000;PZA;423,12;7616,17;1218,59;8834,76;Factura;Crédito 15 Días;20260219;USD;NA;;GV ClReg. Proy. PET;OFICINA PROYECTOS PET;00-0152801;1302007761;Carbonatada;;;G;1179360,000;TO;1,179;Alimentos;PP-Botella;BOTELLAS GASEOSAS;0,00000;02;2026;423,12;7616,17;1218,59;8834,76;;70000776;Precio Base General;;0010001106;17;;N;20.02.2026 - 22:05:28;;;00130005;1300
CERVECERIA POLAR, C.A;Embotelladoras;Fact. Nac. Proy. PET;8000020649;Servicios;Venta Directa;20260204;Zona Metropolitana;;FLETE POR VIAJE CORTINERO;1,000;SER;1,000;SER;318,00;318,00;0,00;318,00;Factura;Crédito 15 Días;20260219;USD;NA;;GV ClReg. Proy. PET;OFICINA PROYECTOS PET;00-0152802;1302007759;Servicios Administrat.;;;KG;0,000;TO;0,000;Alimentos;Fletes;FLETE PROD TERMINADO;0,00000;02;2026;318,00;318,00;0,00;318,00;;91000036;Precio Base General;;0010001106;17;;N;20.02.2026 - 22:05:28;;;00130005;1300
CERVECERIA POLAR, C.A;Embotelladoras;Fact. Nac. Proy. PET;8000020650;Botellas;Venta Directa;20260204;Zona Metropolitana;3000;BOTELLAS  AMBAR  1,5L MALTIN POLAR 52Gr;20,000;PAL;25200,000;PZA;423,12;8462,41;1353,99;9816,40;Factura;Crédito 15 Días;20260219;USD;NA;;GV ClReg. Proy. PET;OFICINA PROYECTOS PET;00-0152803;1302007761;Carbonatada;;;G;1310400,000;TO;1,310;Alimentos;PP-Botella;BOTELLAS GASEOSAS;0,00000;02;2026;423,12;8462,41;1353,99;9816,40;;70000776;Precio Base General;;0010001106;17;;N;20.02.2026 - 22:05:28;;;00130005;1300
CERVECERIA POLAR, C.A;Embotelladoras;Fact. Nac. Proy. PET;8000020651;Servicios;Venta Directa;20260204;Zona Metropolitana;;FLETE POR VIAJE CORTINERO;1,000;SER;1,000;SER;318,00;318,00;0,00;318,00;Factura;Crédito 15 Días;20260219;USD;NA;;GV ClReg. Proy. PET;OFICINA PROYECTOS PET;00-0152804;1302007759;Servicios Administrat.;;;KG;0,000;TO;0,000;Alimentos;Fletes;FLETE PROD TERMINADO;0,00000;02;2026;318,00;318,00;0,00;318,00;;91000036;Precio Base General;;0010001106;17;;N;20.02.2026 - 22:05:28;;;00130005;1300
CERVECERIA POLAR, C.A;Embotelladoras;Fact. Nac. Proy. PET;8000020652;Botellas;Venta Directa;20260204;Zona Metropolitana;3000;BOTELLAS  AMBAR  1,5L MALTIN POLAR 52Gr;17,50;PAL;23354,12;PZA;414,56;5924,27;1212,19;8667,76;Factura;Crédito 15 Días;20260219;USD;NA;;GV ClReg. Proy. PET;OFICINA PROYECTOS PET;00-0152805;1302007761;Carbonatada;;;G;1113840,000;TO;1,114;Alimentos;PP-Botella;BOTELLAS GASEOSAS;0,00000;02;2026;459,70;5804,77;992,48;8933,98;;70000776;Precio Base General;;0010001106;17;;N;20.02.2026 - 22:05:28;;;00130005;1300
CERVECERIA POLAR, C.A;Embotelladoras;Fact. Nac. Proy. PET;8000020653;Servicios;Venta Directa;20260204;Zona Metropolitana;;FLETE POR VIAJE CORTINERO;1,000;SER;1,000;SER;318,00;318,00;0,00;318,00;Factura;Crédito 15 Días;20260219;USD;NA;;GV ClReg. Proy. PET;OFICINA PROYECTOS PET;00-0152806;1302007759;Servicios Administrat.;;;KG;0,000;TO;0,000;Alimentos;Fletes;FLETE PROD TERMINADO;0,00000;02;2026;318,00;318,00;0,00;318,00;;91000036;Precio Base General;;0010001106;17;;N;20.02.2026 - 22:05:28;;;00130005;1300
CERVECERIA POLAR, C.A;Embotelladoras;Fact. Nac. Proy. PET;8000020655;Botellas;Venta Directa;20260205;Zona Metropolitana;3000;BOTELLAS  AMBAR  1,5L MALTIN POLAR 52Gr;18,000;PAL;22680,000;PZA;423,12;7616,17;1218,59;8834,76;Factura;Crédito 15 Días;20260220;USD;NA;;GV ClReg. Proy. PET;OFICINA PROYECTOS PET;00-0152808;1302007761;Carbonatada;;;G;1179360,000;TO;1,179;Alimentos;PP-Botella;BOTELLAS GASEOSAS;0,00000;02;2026;423,12;7616,17;1218,59;8834,76;;70000776;Precio Base General;;0010001106;17;;N;20.02.2026 - 22:05:28;;;00130005;1300
CERVECERIA POLAR, C.A;Embotelladoras;Fact. Nac. Proy. PET;8000020656;Servicios;Venta Directa;20260205;Zona Metropolitana;;FLETE POR VIAJE CORTINERO;1,000;SER;1,000;SER;318,00;318,00;0,00;318,00;Factura;Crédito 15 Días;20260220;USD;NA;;GV ClReg. Proy. PET;OFICINA PROYECTOS PET;00-0152809;1302007759;Servicios Administrat.;;;KG;0,000;TO;0,000;Alimentos;Fletes;FLETE PROD TERMINADO;0,00000;02;2026;318,00;318,00;0,00;318,00;;91000036;Precio Base General;;0010001106;17;;N;20.02.2026 - 22:05:28;;;00130005;1300
CERVECERIA POLAR, C.A;Embotelladoras;Fact. Nac. Proy. PET;8000020657;Botellas;Venta Directa;20260205;Zona Metropolitana;3000;BOTELLAS  AMBAR  1,5L MALTIN POLAR 52Gr;18,000;PAL;22680,000;PZA;423,12;7616,17;1218,59;8834,76;Factura;Crédito 15 Días;20260220;USD;NA;;GV ClReg. Proy. PET;OFICINA PROYECTOS PET;00-0152810;1302007761;Carbonatada;;;G;1179360,000;TO;1,179;Alimentos;PP-Botella;BOTELLAS GASEOSAS;0,00000;02;2026;423,12;7616,17;1218,59;8834,76;;70000776;Precio Base General;;0010001106;17;;N;20.02.2026 - 22:05:28;;;00130005;1300
CERVECERIA POLAR, C.A;Embotelladoras;Fact. Nac. Proy. PET;8000020658;Servicios;Venta Directa;20260205;Zona Metropolitana;;FLETE POR VIAJE CORTINERO;1,000;SER;1,000;SER;318,00;318,00;0,00;318,00;Factura;Crédito 15 Días;20260220;USD;NA;;GV ClReg. Proy. PET;OFICINA PROYECTOS PET;00-0152811;1302007759;Servicios Administrat.;;;KG;0,000;TO;0,000;Alimentos;Fletes;FLETE PROD TERMINADO;0,00000;02;2026;318,00;318,00;0,00;318,00;;91000036;Precio Base General;;0010001106;17;;N;20.02.2026 - 22:05:28;;;00130005;1300
CERVECERIA POLAR, C.A;Embotelladoras;Fact. Nac. Proy. PET;8000020659;Botellas;Venta Directa;20260205;Zona Metropolitana;3000;BOTELLAS  AMBAR  1,5L MALTIN POLAR 52Gr;18,000;PAL;22680,000;PZA;423,12;7616,17;1218,59;8834,76;Factura;Crédito 15 Días;20260220;USD;NA;;GV ClReg. Proy. PET;OFICINA PROYECTOS PET;00-0152812;1302007761;Carbonatada;;;G;1179360,000;TO;1,179;Alimentos;PP-Botella;BOTELLAS GASEOSAS;0,00000;02;2026;423,12;7616,17;1218,59;8834,76;;70000776;Precio Base General;;0010001106;17;;N;20.02.2026 - 22:05:28;;;00130005;1300
CERVECERIA POLAR, C.A;Embotelladoras;Fact. Nac. Proy. PET;8000020661;Botellas;Venta Directa;20260205;Zona Metropolitana;3000;BOTELLAS  AMBAR  1,5L MALTIN POLAR 52Gr;24,000;PAL;30240,000;PZA;423,12;10154,89;1624,78;11779,67;Factura;Crédito 15 Días;20260220;USD;NA;;GV ClReg. Proy. PET;OFICINA PROYECTOS PET;00-0152814;1302007761;Carbonatada;;;G;1572480,000;TO;1,572;Alimentos;PP-Botella;BOTELLAS GASEOSAS;0,00000;02;2026;423,12;10154,89;1624,78;11779,67;;70000776;Precio Base General;;0010001106;17;;N;20.02.2026 - 22:05:28;;;00130005;1300
CERVECERIA POLAR, C.A;Embotelladoras;Fact. Nac. Proy. PET;8000020662;Servicios;Venta Directa;20260205;Zona Metropolitana;;FLETE POR VIAJE CORTINERO;1,03;SER;0,91;SER;370,22;273,14;0,00;349,72;Factura;Crédito 15 Días;20260220;USD;NA;;GV ClReg. Proy. PET;OFICINA PROYECTOS PET;00-0152815;1302007759;Servicios Administrat.;;;KG;0,000;TO;0,000;Alimentos;Fletes;FLETE PROD TERMINADO;0,00000;02;2026;321,39;314,79;0,00;285,44;;91000036;Precio Base General;;0010001106;17;;N;20.02.2026 - 22:05:28;;;00130005;1300
CERVECERIA POLAR, C.A;Embotelladoras;Fact. Nac. Proy. PET;8000020663;Botellas;Venta Directa;20260205;Zona Metropolitana;3000;BOTELLAS  AMBAR  1,5L MALTIN POLAR 52Gr;18,000;PAL;22680,000;PZA;423,12;7616,17;1218,59;8834,76;Factura;Crédito 15 Días;20260220;USD;NA;;GV ClReg. Proy. PET;OFICINA PROYECTOS PET;00-0152816;1302007761;Carbonatada;;;G;1179360,000;TO;1,179;Alimentos;PP-Botella;BOTELLAS GASEOSAS;0,00000;02;2026;423,12;7616,17;1218,59;8834,76;;70000776;Precio Base General;;0010001106;17;;N;20.02.2026 - 22:05:28;;;00130005;1300
CERVECERIA POLAR, C.A;Embotelladoras;Fact. Nac. Proy. PET;8000020664;Servicios;Venta Directa;20260205;Zona Metropolitana;;FLETE POR VIAJE CORTINERO;1,000;SER;1,000;SER;318,00;318,00;0,00;318,00;Factura;Crédito 15 Días;20260220;USD;NA;;GV ClReg. Proy. PET;OFICINA PROYECTOS PET;00-0152817;1302007759;Servicios Administrat.;;;KG;0,000;TO;0,000;Alimentos;Fletes;FLETE PROD TERMINADO;0,00000;02;2026;318,00;318,00;0,00;318,00;;91000036;Precio Base General;;0010001106;17;;N;20.02.2026 - 22:05:28;;;00130005;1300
CERVECERIA POLAR, C.A;Embotelladoras;Fact. Nac. Proy. PET;8000020665;Botellas;Venta Directa;20260205;Zona Metropolitana;3000;BOTELLAS  AMBAR  1,5L MALTIN POLAR 52Gr;18,000;PAL;22680,000;PZA;423,12;7616,17;1218,59;8834,76;Factura;Crédito 15 Días;20260220;USD;NA;;GV ClReg. Proy. PET;OFICINA PROYECTOS PET;00-0152818;1302007761;Carbonatada;;;G;1179360,000;TO;1,179;Alimentos;PP-Botella;BOTELLAS GASEOSAS;0,00000;02;2026;423,12;7616,17;1218,59;8834,76;;70000776;Precio Base General;;0010001106;17;;N;20.02.2026 - 22:05:28;;;00130005;1300
CERVECERIA POLAR, C.A;Embotelladoras;Fact. Nac. Proy. PET;8000020666;Servicios;Venta Directa;20260205;Zona Metropolitana;;FLETE POR VIAJE CORTINERO;1,000;SER;1,000;SER;318,00;318,00;0,00;318,00;Factura;Crédito 15 Días;20260220;USD;NA;;GV ClReg. Proy. PET;OFICINA PROYECTOS PET;00-0152819;1302007759;Servicios Administrat.;;;KG;0,000;TO;0,000;Alimentos;Fletes;FLETE PROD TERMINADO;0,00000;02;2026;318,00;318,00;0,00;318,00;;91000036;Precio Base General;;0010001106;17;;N;20.02.2026 - 22:05:28;;;00130005;1300
CERVECERIA POLAR, C.A;Embotelladoras;Fact. Nac. Proy. PET;8000020669;Botellas;Venta Directa;20260205;Zona Metropolitana;3000;BOTELLAS  AMBAR  1,5L MALTIN POLAR 52Gr;20,000;PAL;25200,000;PZA;423,12;8462,41;1353,99;9816,40;Factura;Crédito 15 Días;20260220;USD;NA;;GV ClReg. Proy. PET;OFICINA PROYECTOS PET;00-0152822;1302007761;Carbonatada;;;G;1310400,000;TO;1,310;Alimentos;PP-Botella;BOTELLAS GASEOSAS;0,00000;02;2026;423,12;8462,41;1353,99;9816,40;;70000776;Precio Base General;;0010001106;17;;N;20.02.2026 - 22:05:28;;;00130005;1300
CERVECERIA POLAR, C.A;Embotelladoras;Fact. Nac. Proy. PET;8000020670;Servicios;Venta Directa;20260205;Zona Metropolitana;;FLETE POR VIAJE CORTINERO;1,000;SER;1,000;SER;318,00;318,00;0,00;318,00;Factura;Crédito 15 Días;20260220;USD;NA;;GV ClReg. Proy. PET;OFICINA PROYECTOS PET;00-0152823;1302007759;Servicios Administrat.;;;KG;0,000;TO;0,000;Alimentos;Fletes;FLETE PROD TERMINADO;0,00000;02;2026;318,00;318,00;0,00;318,00;;91000036;Precio Base General;;0010001106;17;;N;20.02.2026 - 22:05:28;;;00130005;1300
CERVECERIA POLAR, C.A;Embotelladoras;Fact. Nac. Proy. PET;8000020671;Botellas;Venta Directa;20260205;Zona Metropolitana;3000;BOTELLAS  AMBAR  1,5L MALTIN POLAR 52Gr;18,000;PAL;22680,000;PZA;423,12;7616,17;1218,59;8834,76;Factura;Crédito 15 Días;20260220;USD;NA;;GV ClReg. Proy. PET;OFICINA PROYECTOS PET;00-0152824;1302007761;Carbonatada;;;G;1179360,000;TO;1,179;Alimentos;PP-Botella;BOTELLAS GASEOSAS;0,00000;02;2026;423,12;7616,17;1218,59;8834,76;;70000776;Precio Base General;;0010001106;17;;N;20.02.2026 - 22:05:28;;;00130005;1300
CERVECERIA POLAR, C.A;Embotelladoras;Fact. Nac. Proy. PET;8000020672;Servicios;Venta Directa;20260205;Zona Metropolitana;;FLETE POR VIAJE CORTINERO;1,000;SER;1,000;SER;318,00;318,00;0,00;318,00;Factura;Crédito 15 Días;20260220;USD;NA;;GV ClReg. Proy. PET;OFICINA PROYECTOS PET;00-0152825;1302007759;Servicios Administrat.;;;KG;0,000;TO;0,000;Alimentos;Fletes;FLETE PROD TERMINADO;0,00000;02;2026;318,00;318,00;0,00;318,00;;91000036;Precio Base General;;0010001106;17;;N;20.02.2026 - 22:05:28;;;00130005;1300
CERVECERIA POLAR, C.A;Embotelladoras;Fact. Nac. Proy. PET;8000020675;Botellas;Venta Directa;20260205;Zona Metropolitana;3000;BOTELLAS  AMBAR  1,5L MALTIN POLAR 52Gr;18,000;PAL;22680,000;PZA;423,12;7616,17;1218,59;8834,76;Factura;Crédito 15 Días;20260220;USD;NA;;GV ClReg. Proy. PET;OFICINA PROYECTOS PET;00-0152828;1302007761;Carbonatada;;;G;1179360,000;TO;1,179;Alimentos;PP-Botella;BOTELLAS GASEOSAS;0,00000;02;2026;423,12;7616,17;1218,59;8834,76;;70000776;Precio Base General;;0010001106;17;;N;20.02.2026 - 22:05:28;;;00130005;1300
CERVECERIA POLAR, C.A;Embotelladoras;Fact. Nac. Proy. PET;8000020676;Servicios;Venta Directa;20260205;Zona Metropolitana;;FLETE POR VIAJE CORTINERO;1,000;SER;1,000;SER;318,00;318,00;0,00;318,00;Factura;Crédito 15 Días;20260220;USD;NA;;GV ClReg. Proy. PET;OFICINA PROYECTOS PET;00-0152829;1302007759;Servicios Administrat.;;;KG;0,000;TO;0,000;Alimentos;Fletes;FLETE PROD TERMINADO;0,00000;02;2026;318,00;318,00;0,00;318,00;;91000036;Precio Base General;;0010001106;17;;N;20.02.2026 - 22:05:28;;;00130005;1300
CERVECERIA POLAR, C.A;Embotelladoras;Fact. Nac. Proy. PET;8000020677;Botellas;Venta Directa;20260205;Zona Metropolitana;3000;BOTELLAS  AMBAR  1,5L MALTIN POLAR 52Gr;18,000;PAL;22680,000;PZA;423,12;7616,17;1218,59;8834,76;Factura;Crédito 15 Días;20260220;USD;NA;;GV ClReg. Proy. PET;OFICINA PROYECTOS PET;00-0152830;1302007761;Carbonatada;;;G;1179360,000;TO;1,179;Alimentos;PP-Botella;BOTELLAS GASEOSAS;0,00000;02;2026;423,12;7616,17;1218,59;8834,76;;70000776;Precio Base General;;0010001106;17;;N;20.02.2026 - 22:05:28;;;00130005;1300
CERVECERIA POLAR, C.A;Embotelladoras;Fact. Nac. Proy. PET;8000020678;Servicios;Venta Directa;20260205;Zona Metropolitana;;FLETE POR VIAJE CORTINERO;1,000;SER;1,000;SER;318,00;318,00;0,00;318,00;Factura;Crédito 15 Días;20260220;USD;NA;;GV ClReg. Proy. PET;OFICINA PROYECTOS PET;00-0152831;1302007759;Servicios Administrat.;;;KG;0,000;TO;0,000;Alimentos;Fletes;FLETE PROD TERMINADO;0,00000;02;2026;318,00;318,00;0,00;318,00;;91000036;Precio Base General;;0010001106;17;;N;20.02.2026 - 22:05:28;;;00130005;1300
CERVECERIA POLAR, C.A;Embotelladoras;Fact. Nac. Proy. PET;8000020679;Botellas;Venta Directa;20260205;Zona Metropolitana;3000;BOTELLAS  AMBAR  1,5L MALTIN POLAR 52Gr;18,000;PAL;22680,000;PZA;423,12;7616,17;1218,59;8834,76;Factura;Crédito 15 Días;20260220;USD;NA;;GV ClReg. Proy. PET;OFICINA PROYECTOS PET;00-0152832;1302007761;Carbonatada;;;G;1179360,000;TO;1,179;Alimentos;PP-Botella;BOTELLAS GASEOSAS;0,00000;02;2026;423,12;7616,17;1218,59;8834,76;;70000776;Precio Base General;;0010001106;17;;N;20.02.2026 - 22:05:28;;;00130005;1300
CERVECERIA POLAR, C.A;Embotelladoras;Fact. Nac. Proy. PET;8000020680;Servicios;Venta Directa;20260205;Zona Metropolitana;;FLETE POR VIAJE CORTINERO;1,000;SER;1,000;SER;318,00;318,00;0,00;318,00;Factura;Crédito 15 Días;20260220;USD;NA;;GV ClReg. Proy. PET;OFICINA PROYECTOS PET;00-0152833;1302007759;Servicios Administrat.;;;KG;0,000;TO;0,000;Alimentos;Fletes;FLETE PROD TERMINADO;0,00000;02;2026;318,00;318,00;0,00;318,00;;91000036;Precio Base General;;0010001106;17;;N;20.02.2026 - 22:05:28;;;00130005;1300
CERVECERIA POLAR, C.A;Embotelladoras;Fact. Nac. Proy. PET;8000020681;Botellas;Venta Directa;20260205;Zona Metropolitana;3000;BOTELLAS  AMBAR  1,5L MALTIN POLAR 52Gr;18,000;PAL;22680,000;PZA;423,12;7616,17;1218,59;8834,76;Factura;Crédito 15 Días;20260220;USD;NA;;GV ClReg. Proy. PET;OFICINA PROYECTOS PET;00-0152834;1302007761;Carbonatada;;;G;1179360,000;TO;1,179;Alimentos;PP-Botella;BOTELLAS GASEOSAS;0,00000;02;2026;423,12;7616,17;1218,59;8834,76;;70000776;Precio Base General;;0010001106;17;;N;20.02.2026 - 22:05:28;;;00130005;1300
CERVECERIA POLAR, C.A;Embotelladoras;Fact. Nac. Proy. PET;8000020686;Botellas;Venta Directa;20260208;Zona Metropolitana;3000;BOTELLAS  AMBAR  1,5L MALTIN POLAR 52Gr;16,81;PAL;21499,60;PZA;410,29;6493,45;1376,67;10410,69;Factura;Crédito 15 Días;20260223;USD;NA;;GV ClReg. Proy. PET;OFICINA PROYECTOS PET;00-0152840;1302007769;Carbonatada;;;G;1179360,000;TO;1,179;Alimentos;PP-Botella;BOTELLAS GASEOSAS;0,00000;02;2026;482,74;7680,61;1268,13;7602,51;;70000776;Precio Base General;;0010001106;17;;N;20.02.2026 - 22:05:28;;;00130005;1300
CERVECERIA POLAR, C.A;Embotelladoras;Fact. Nac. Proy. PET;8000020687;Servicios;Venta Directa;20260208;Zona Metropolitana;;FLETE POR VIAJE CORTINERO;1,000;SER;1,000;SER;318,00;318,00;0,00;318,00;Factura;Crédito 15 Días;20260223;USD;NA;;GV ClReg. Proy. PET;OFICINA PROYECTOS PET;00-0152841;1302007759;Servicios Administrat.;;;KG;0,000;TO;0,000;Alimentos;Fletes;FLETE PROD TERMINADO;0,00000;02;2026;318,00;318,00;0,00;318,00;;91000036;Precio Base General;;0010001106;17;;N;20.02.2026 - 22:05:28;;;00130005;1300
CERVECERIA POLAR, C.A;Embotelladoras;Fact. Nac. Proy. PET;8000020688;Botellas;Venta Directa;20260208;Zona Metropolitana;3000;BOTELLAS  AMBAR  1,5L MALTIN POLAR 52Gr;20,000;PAL;25200,000;PZA;436,97;8739,36;1398,30;10137,66;Factura;Crédito 15 Días;20260223;USD;NA;;GV ClReg. Proy. PET;OFICINA PROYECTOS PET;00-0152843;1302007769;Carbonatada;;;G;1310400,000;TO;1,310;Alimentos;PP-Botella;BOTELLAS GASEOSAS;0,00000;02;2026;436,97;8739,36;1398,30;10137,66;;70000776;Precio Base General;;0010001106;17;;N;20.02.2026 - 22:05:28;;;00130005;1300
CERVECERIA POLAR, C.A;Embotelladoras;Fact. Nac. Proy. PET;8000020689;Servicios;Venta Directa;20260208;Zona Metropolitana;;FLETE POR VIAJE CORTINERO;1,000;SER;1,000;SER;318,00;318,00;0,00;318,00;Factura;Crédito 15 Días;20260223;USD;NA;;GV ClReg. Proy. PET;OFICINA PROYECTOS PET;00-0152844;1302007759;Servicios Administrat.;;;KG;0,000;TO;0,000;Alimentos;Fletes;FLETE PROD TERMINADO;0,00000;02;2026;318,00;318,00;0,00;318,00;;91000036;Precio Base General;;0010001106;17;;N;20.02.2026 - 22:05:28;;;00130005;1300
CERVECERIA POLAR, C.A;Embotelladoras;Fact. Nac. Proy. PET;8000020690;Botellas;Venta Directa;20260208;Zona Metropolitana;3000;BOTELLAS  AMBAR  1,5L MALTIN POLAR 52Gr;18,90;PAL;21617,05;PZA;460,61;6602,37;1477,25;9999,49;Factura;Crédito 15 Días;20260223;USD;NA;;GV ClReg. Proy. PET;OFICINA PROYECTOS PET;00-0152845;1302007769;Carbonatada;;;G;1179360,000;TO;1,179;Alimentos;PP-Botella;BOTELLAS GASEOSAS;0,00000;02;2026;459,31;6437,67;1049,11;9330,51;;70000776;Precio Base General;;0010001106;17;;N;20.02.2026 - 22:05:28;;;00130005;1300
CERVECERIA POLAR, C.A;Embotelladoras;Fact. Nac. Proy. PET;8000020691;Servicios;Venta Directa;20260208;Zona Metropolitana;;FLETE POR VIAJE CORTINERO;1,000;SER;1,000;SER;318,00;318,00;0,00;318,00;Factura;Crédito 15 Días;20260223;USD;NA;;GV ClReg. Proy. PET;OFICINA PROYECTOS PET;00-0152846;1302007759;Servicios Administrat.;;;KG;0,000;TO;0,000;Alimentos;Fletes;FLETE PROD TERMINADO;0,00000;02;2026;318,00;318,00;0,00;318,00;;91000036;Precio Base General;;0010001106;17;;N;20.02.2026 - 22:05:28;;;00130005;1300
CERVECERIA POLAR, C.A;Embotelladoras;Fact. Nac. Proy. PET;8000020692;Botellas;Venta Directa;20260208;Zona Metropolitana;3000;BOTELLAS  AMBAR  1,5L MALTIN POLAR 52Gr;18,000;PAL;22680,000;PZA;436,97;7865,42;1258,47;9123,89;Factura;Crédito 15 Días;20260223;USD;NA;;GV ClReg. Proy. PET;OFICINA PROYECTOS PET;00-0152847;1302007769;Carbonatada;;;G;1179360,000;TO;1,179;Alimentos;PP-Botella;BOTELLAS GASEOSAS;0,00000;02;2026;436,97;7865,42;1258,47;9123,89;;70000776;Precio Base General;;0010001106;17;;N;20.02.2026 - 22:05:28;;;00130005;1300
CERVECERIA POLAR, C.A;Embotelladoras;Fact. Nac. Proy. PET;8000020693;Servicios;Venta Directa;20260208;Zona Metropolitana;;FLETE POR VIAJE CORTINERO;1,000;SER;1,000;SER;318,00;318,00;0,00;318,00;Factura;Crédito 15 Días;20260223;USD;NA;;GV ClReg. Proy. PET;OFICINA PROYECTOS PET;00-0152848;1302007759;Servicios Administrat.;;;KG;0,000;TO;0,000;Alimentos;Fletes;FLETE PROD TERMINADO;0,00000;02;2026;318,00;318,00;0,00;318,00;;91000036;Precio Base General;;0010001106;17;;N;20.02.2026 - 22:05:28;;;00130005;1300
CERVECERIA POLAR, C.A;Embotelladoras;Fact. Nac. Proy. PET;8000020695;Servicios;Venta Directa;20260208;Zona Metropolitana;;FLETE POR VIAJE CORTINERO;1,000;SER;1,000;SER;318,00;318,00;0,00;318,00;Factura;Crédito 15 Días;20260223;USD;NA;;GV ClReg. Proy. PET;OFICINA PROYECTOS PET;00-0152850;1302007759;Servicios Administrat.;;;KG;0,000;TO;0,000;Alimentos;Fletes;FLETE PROD TERMINADO;0,00000;02;2026;318,00;318,00;0,00;318,00;;91000036;Precio Base General;;0010001106;17;;N;20.02.2026 - 22:05:28;;;00130005;1300
CERVECERIA POLAR, C.A;Embotelladoras;Fact. Nac. Proy. PET;8000020696;Botellas;Venta Directa;20260208;Zona Metropolitana;3000;BOTELLAS  AMBAR  1,5L MALTIN POLAR 52Gr;25,54;PAL;27843,82;PZA;416,39;9867,20;1509,06;12484,68;Factura;Crédito 15 Días;20260223;USD;NA;;GV ClReg. Proy. PET;OFICINA PROYECTOS PET;00-0152851;1302007769;Carbonatada;;;G;1572480,000;TO;1,572;Alimentos;PP-Botella;BOTELLAS GASEOSAS;0,00000;02;2026;466,62;9347,71;1885,74;13473,01;;70000776;Precio Base General;;0010001106;17;;N;20.02.2026 - 22:05:28;;;00130005;1300
CERVECERIA POLAR, C.A;Embotelladoras;Fact. Nac. Proy. PET;8000020697;Servicios;Venta Directa;20260208;Zona Metropolitana;;FLETE POR VIAJE CORTINERO;1,000;SER;1,000;SER;318,00;318,00;0,00;318,00;Factura;Crédito 15 Días;20260223;USD;NA;;GV ClReg. Proy. PET;OFICINA PROYECTOS PET;00-0152852;1302007759;Servicios Administrat.;;;KG;0,000;TO;0,000;Alimentos;Fletes;FLETE PROD TERMINADO;0,00000;02;2026;318,00;318,00;0,00;318,00;;91000036;Precio Base General;;0010001106;17;;N;20.02.2026 - 22:05:28;;;00130005;1300
CERVECERIA POLAR, C.A;Embotelladoras;Fact. Nac. Proy. PET;8000020700;Botellas;Venta Directa;20260209;Zona Metropolitana;3000;BOTELLAS  AMBAR  1,5L MALTIN POLAR 52Gr;20,000;PAL;25200,000;PZA;419,24;8384,80;1341,57;9726,37;Factura;Crédito 15 Días;20260224;USD;NA;;GV ClReg. Proy. PET;OFICINA PROYECTOS PET;00-0152855;1302007775;Carbonatada;;;G;1310400,000;TO;1,310;Alimentos;PP-Botella;BOTELLAS GASEOSAS;0,00000;02;2026;419,24;8384,80;1341,57;9726,37;;70000776;Precio Base General;;0010001106;17;;N;20.02.2026 - 22:05:28;;;00130005;1300
CERVECERIA POLAR, C.A;Embotelladoras;Fact. Nac. Proy. PET;8000020701;Servicios;Venta Directa;20260209;Zona Metropolitana;;FLETE POR VIAJE CORTINERO;1,000;SER;1,000;SER;318,00;318,00;0,00;318,00;Factura;Crédito 15 Días;20260224;USD;NA;;GV ClReg. Proy. PET;OFICINA PROYECTOS PET;00-0152856;1302007759;Servicios Administrat.;;;KG;0,000;TO;0,000;Alimentos;Fletes;FLETE PROD TERMINADO;0,00000;02;2026;318,00;318,00;0,00;318,00;;91000036;Precio Base General;;0010001106;17;;N;20.02.2026 - 22:05:28;;;00130005;1300
CERVECERIA POLAR, C.A;Embotelladoras;Fact. Nac. Proy. PET;8000020702;Botellas;Venta Directa;20260209;Zona Metropolitana;3000;BOTELLAS  AMBAR  1,5L MALTIN POLAR 52Gr;18,000;PAL;22680,000;PZA;419,24;7546,32;1207,41;8753,73;Factura;Crédito 15 Días;20260224;USD;NA;;GV ClReg. Proy. PET;OFICINA PROYECTOS PET;00-0152857;1302007775;Carbonatada;;;G;1179360,000;TO;1,179;Alimentos;PP-Botella;BOTELLAS GASEOSAS;0,00000;02;2026;419,24;7546,32;1207,41;8753,73;;70000776;Precio Base General;;0010001106;17;;N;20.02.2026 - 22:05:28;;;00130005;1300
CERVECERIA POLAR, C.A;Embotelladoras;Fact. Nac. Proy. PET;8000020703;Servicios;Venta Directa;20260209;Zona Metropolitana;;FLETE POR VIAJE CORTINERO;1,000;SER;1,000;SER;318,00;318,00;0,00;318,00;Factura;Crédito 15 Días;20260224;USD;NA;;GV ClReg. Proy. PET;OFICINA PROYECTOS PET;00-0152858;1302007759;Servicios Administrat.;;;KG;0,000;TO;0,000;Alimentos;Fletes;FLETE PROD TERMINADO;0,00000;02;2026;318,00;318,00;0,00;318,00;;91000036;Precio Base General;;0010001106;17;;N;20.02.2026 - 22:05:28;;;00130005;1300
CERVECERIA POLAR, C.A;Embotelladoras;Fact. Nac. Proy. PET;8000020704;Botellas;Venta Directa;20260209;Zona Metropolitana;3000;BOTELLAS  AMBAR  1,5L MALTIN POLAR 52Gr;18,000;PAL;22680,000;PZA;419,24;7546,32;1207,41;8753,73;Factura;Crédito 15 Días;20260224;USD;NA;;GV ClReg. Proy. PET;OFICINA PROYECTOS PET;00-0152859;1302007775;Carbonatada;;;G;1179360,000;TO;1,179;Alimentos;PP-Botella;BOTELLAS GASEOSAS;0,00000;02;2026;419,24;7546,32;1207,41;8753,73;;70000776;Precio Base General;;0010001106;17;;N;20.02.2026 - 22:05:28;;;00130005;1300
CERVECERIA POLAR, C.A;Embotelladoras;Fact. Nac. Proy. PET;8000020705;Servicios;Venta Directa;20260209;Zona Metropolitana;;FLETE POR VIAJE CORTINERO;1,000;SER;1,000;SER;318,00;318,00;0,00;318,00;Factura;Crédito 15 Días;20260224;USD;NA;;GV ClReg. Proy. PET;OFICINA PROYECTOS PET;00-0152860;1302007759;Servicios Administrat.;;;KG;0,000;TO;0,000;Alimentos;Fletes;FLETE PROD TERMINADO;0,00000;02;2026;318,00;318,00;0,00;318,00;;91000036;Precio Base General;;0010001106;17;;N;20.02.2026 - 22:05:28;;;00130005;1300
CERVECERIA POLAR, C.A;Embotelladoras;Fact. Nac. Proy. PET;8000020706;Botellas;Venta Directa;20260209;Zona Metropolitana;3000;BOTELLAS  AMBAR  1,5L MALTIN POLAR 52Gr;22,000;PAL;27720,000;PZA;419,24;9223,28;1475,72;10699,00;Factura;Crédito 15 Días;20260224;USD;NA;;GV ClReg. Proy. PET;OFICINA PROYECTOS PET;00-0152861;1302007775;Carbonatada;;;G;1441440,000;TO;1,441;Alimentos;PP-Botella;BOTELLAS GASEOSAS;0,00000;02;2026;419,24;9223,28;1475,72;10699,00;;70000776;Precio Base General;;0010001106;17;;N;20.02.2026 - 22:05:28;;;00130005;1300
CERVECERIA POLAR, C.A;Embotelladoras;Fact. Nac. Proy. PET;8000020707;Servicios;Venta Directa;20260209;Zona Metropolitana;;FLETE POR VIAJE CORTINERO;1,000;SER;1,000;SER;318,00;318,00;0,00;318,00;Factura;Crédito 15 Días;20260224;USD;NA;;GV ClReg. Proy. PET;OFICINA PROYECTOS PET;00-0152862;1302007759;Servicios Administrat.;;;KG;0,000;TO;0,000;Alimentos;Fletes;FLETE PROD TERMINADO;0,00000;02;2026;318,00;318,00;0,00;318,00;;91000036;Precio Base General;;0010001106;17;;N;20.02.2026 - 22:05:28;;;00130005;1300
CERVECERIA POLAR, C.A;Embotelladoras;Fact. Nac. Proy. PET;8000020708;Botellas;Venta Directa;20260209;Zona Metropolitana;3000;BOTELLAS  AMBAR  1,5L MALTIN POLAR 52Gr;24,000;PAL;30240,000;PZA;419,24;10061,76;1609,88;11671,64;Factura;Crédito 15 Días;20260224;USD;NA;;GV ClReg. Proy. PET;OFICINA PROYECTOS PET;00-0152863;1302007775;Carbonatada;;;G;1572480,000;TO;1,572;Alimentos;PP-Botella;BOTELLAS GASEOSAS;0,00000;02;2026;419,24;10061,76;1609,88;11671,64;;70000776;Precio Base General;;0010001106;17;;N;20.02.2026 - 22:05:28;;;00130005;1300
CERVECERIA POLAR, C.A;Embotelladoras;Fact. Nac. Proy. PET;8000020709;Servicios;Venta Directa;20260209;Zona Metropolitana;;FLETE POR VIAJE CORTINERO;1,000;SER;1,000;SER;318,00;318,00;0,00;318,00;Factura;Crédito 15 Días;20260224;USD;NA;;GV ClReg. Proy. PET;OFICINA PROYECTOS PET;00-0152864;1302007759;Servicios Administrat.;;;KG;0,000;TO;0,000;Alimentos;Fletes;FLETE PROD TERMINADO;0,00000;02;2026;318,00;318,00;0,00;318,00;;91000036;Precio Base General;;0010001106;17;;N;20.02.2026 - 22:05:28;;;00130005;1300
CERVECERIA POLAR, C.A;Embotelladoras;Fact. Nac. Proy. PET;8000020713;Botellas;Venta Directa;20260209;Zona Metropolitana;3000;BOTELLAS  AMBAR  1,5L MALTIN POLAR 52Gr;18,000;PAL;22680,000;PZA;419,24;7546,32;1207,41;8753,73;Factura;Crédito 15 Días;20260224;USD;NA;;GV ClReg. Proy. PET;OFICINA PROYECTOS PET;00-0152868;1302007775;Carbonatada;;;G;1179360,000;TO;1,179;Alimentos;PP-Botella;BOTELLAS GASEOSAS;0,00000;02;2026;419,24;7546,32;1207,41;8753,73;;70000776;Precio Base General;;0010001106;17;;N;20.02.2026 - 22:05:28;;;00130005;1300
CERVECERIA POLAR, C.A;Embotelladoras;Fact. Nac. Proy. PET;8000020714;Servicios;Venta Directa;20260209;Zona Metropolitana;;FLETE POR VIAJE CORTINERO;1,000;SER;1,000;SER;318,00;318,00;0,00;318,00;Factura;Crédito 15 Días;20260224;USD;NA;;GV ClReg. Proy. PET;OFICINA PROYECTOS PET;00-0152869;1302007759;Servicios Administrat.;;;KG;0,000;TO;0,000;Alimentos;Fletes;FLETE PROD TERMINADO;0,00000;02;2026;318,00;318,00;0,00;318,00;;91000036;Precio Base General;;0010001106;17;;N;20.02.2026 - 22:05:28;;;00130005;1300
CERVECERIA POLAR, C.A;Embotelladoras;Fact. Nac. Proy. PET;8000020719;Botellas;Venta Directa;20260209;Zona Metropolitana;3000;BOTELLAS  AMBAR  1,5L MALTIN POLAR 52Gr;16,38;PAL;21186,33;PZA;446,50;6408,06;1043,77;8783,18;Factura;Crédito 15 Días;20260224;USD;NA;;GV ClReg. Proy. PET;OFICINA PROYECTOS PET;00-0152874;1302007775;Carbonatada;;;G;1179360,000;TO;1,179;Alimentos;PP-Botella;BOTELLAS GASEOSAS;0,00000;02;2026;350,44;6715,88;1011,35;8463,83;;70000776;Precio Base General;;0010001106;17;;N;20.02.2026 - 22:05:28;;;00130005;1300
CERVECERIA POLAR, C.A;Embotelladoras;Fact. Nac. Proy. PET;8000020720;Servicios;Venta Directa;20260209;Zona Metropolitana;;FLETE POR VIAJE CORTINERO;1,000;SER;1,000;SER;318,00;318,00;0,00;318,00;Factura;Crédito 15 Días;20260224;USD;NA;;GV ClReg. Proy. PET;OFICINA PROYECTOS PET;00-0152875;1302007759;Servicios Administrat.;;;KG;0,000;TO;0,000;Alimentos;Fletes;FLETE PROD TERMINADO;0,00000;02;2026;318,00;318,00;0,00;318,00;;91000036;Precio Base General;;0010001106;17;;N;20.02.2026 - 22:05:28;;;00130005;1300
CERVECERIA POLAR, C.A;Embotelladoras;Fact. Nac. Proy. PET;8000020721;Botellas;Venta Directa;20260209;Zona Metropolitana;3000;BOTELLAS  AMBAR  1,5L MALTIN POLAR 52Gr;20,000;PAL;25200,000;PZA;419,24;8384,80;1341,57;9726,37;Factura;Crédito 15 Días;20260224;USD;NA;;GV ClReg. Proy. PET;OFICINA PROYECTOS PET;00-0152876;1302007775;Carbonatada;;;G;1310400,000;TO;1,310;Alimentos;PP-Botella;BOTELLAS GASEOSAS;0,00000;02;2026;419,24;8384,80;1341,57;9726,37;;70000776;Precio Base General;;0010001106;17;;N;20.02.2026 - 22:05:28;;;00130005;1300
CERVECERIA POLAR, C.A;Embotelladoras;Fact. Nac. Proy. PET;8000020722;Servicios;Venta Directa;20260209;Zona Metropolitana;;FLETE POR VIAJE CORTINERO;1,000;SER;1,000;SER;318,00;318,00;0,00;318,00;Factura;Crédito 15 Días;20260224;USD;NA;;GV ClReg. Proy. PET;OFICINA PROYECTOS PET;00-0152878;1302007759;Servicios Administrat.;;;KG;0,000;TO;0,000;Alimentos;Fletes;FLETE PROD TERMINADO;0,00000;02;2026;318,00;318,00;0,00;318,00;;91000036;Precio Base General;;0010001106;17;;N;20.02.2026 - 22:05:28;;;00130005;1300
CERVECERIA POLAR, C.A;Embotelladoras;Fact. Nac. Proy. PET;8000020723;Botellas;Venta Directa;20260209;Zona Metropolitana;3000;BOTELLAS  AMBAR  1,5L MALTIN POLAR 52Gr;18,000;PAL;22680,000;PZA;419,24;7546,32;1207,41;8753,73;Factura;Crédito 15 Días;20260224;USD;NA;;GV ClReg. Proy. PET;OFICINA PROYECTOS PET;00-0152879;1302007775;Carbonatada;;;G;1179360,000;TO;1,179;Alimentos;PP-Botella;BOTELLAS GASEOSAS;0,00000;02;2026;419,24;7546,32;1207,41;8753,73;;70000776;Precio Base General;;0010001106;17;;N;20.02.2026 - 22:05:28;;;00130005;1300
CERVECERIA POLAR, C.A;Embotelladoras;Fact. Nac. Proy. PET;8000020724;Servicios;Venta Directa;20260209;Zona Metropolitana;;FLETE POR VIAJE CORTINERO;1,000;SER;1,000;SER;318,00;318,00;0,00;318,00;Factura;Crédito 15 Días;20260224;USD;NA;;GV ClReg. Proy. PET;OFICINA PROYECTOS PET;00-0152880;1302007759;Servicios Administrat.;;;KG;0,000;TO;0,000;Alimentos;Fletes;FLETE PROD TERMINADO;0,00000;02;2026;318,00;318,00;0,00;318,00;;91000036;Precio Base General;;0010001106;17;;N;20.02.2026 - 22:05:28;;;00130005;1300
CERVECERIA POLAR, C.A;Embotelladoras;Fact. Nac. Proy. PET;8000020725;Botellas;Venta Directa;20260209;Zona Metropolitana;3000;BOTELLAS  AMBAR  1,5L MALTIN POLAR 52Gr;22,000;PAL;27720,000;PZA;419,24;9223,28;1475,72;10699,00;Factura;Crédito 15 Días;20260224;USD;NA;;GV ClReg. Proy. PET;OFICINA PROYECTOS PET;00-0152881;1302007775;Carbonatada;;;G;1441440,000;TO;1,441;Alimentos;PP-Botella;BOTELLAS GASEOSAS;0,00000;02;2026;419,24;9223,28;1475,72;10699,00;;70000776;Precio Base General;;0010001106;17;;N;20.02.2026 - 22:05:28;;;00130005;1300
CERVECERIA POLAR, C.A;Embotelladoras;Fact. Nac. Proy. PET;8000020726;Servicios;Venta Directa;20260209;Zona Metropolitana;;FLETE POR VIAJE CORTINERO;1,000;SER;1,000;SER;318,00;318,00;0,00;318,00;Factura;Crédito 15 Días;20260224;USD;NA;;GV ClReg. Proy. PET;OFICINA PROYECTOS PET;00-0152882;1302007759;Servicios Administrat.;;;KG;0,000;TO;0,000;Alimentos;Fletes;FLETE PROD TERMINADO;0,00000;02;2026;318,00;318,00;0,00;318,00;;91000036;Precio Base General;;0010001106;17;;N;20.02.2026 - 22:05:28;;;00130005;1300
CERVECERIA POLAR, C.A;Embotelladoras;Fact. Nac. Proy. PET;8000020727;Botellas;Venta Directa;20260209;Zona Metropolitana;3000;BOTELLAS  AMBAR  1,5L MALTIN POLAR 52Gr;24,000;PAL;30240,000;PZA;419,24;10061,76;1609,88;11671,64;Factura;Crédito 15 Días;20260224;USD;NA;;GV ClReg. Proy. PET;OFICINA PROYECTOS PET;00-0152883;1302007775;Carbonatada;;;G;1572480,000;TO;1,572;Alimentos;PP-Botella;BOTELLAS GASEOSAS;0,00000;02;2026;419,24;10061,76;1609,88;11671,64;;70000776;Precio Base General;;0010001106;17;;N;20.02.2026 - 22:05:28;;;00130005;1300
CERVECERIA POLAR, C.A;Embotelladoras;Fact. Nac. Proy. PET;8000020728;Servicios;Venta Directa;20260209;Zona Metropolitana;;FLETE POR VIAJE CORTINERO;1,000;SER;1,000;SER;318,00;318,00;0,00;318,00;Factura;Crédito 15 Días;20260224;USD;NA;;GV ClReg. Proy. PET;OFICINA PROYECTOS PET;00-0152884;1302007759;Servicios Administrat.;;;KG;0,000;TO;0,000;Alimentos;Fletes;FLETE PROD TERMINADO;0,00000;02;2026;318,00;318,00;0,00;318,00;;91000036;Precio Base General;;0010001106;17;;N;20.02.2026 - 22:05:28;;;00130005;1300
CERVECERIA POLAR, C.A;Embotelladoras;Fact. Nac. Proy. PET;8000020729;Botellas;Venta Directa;20260209;Zona Metropolitana;3000;BOTELLAS  AMBAR  1,5L MALTIN POLAR 52Gr;18,000;PAL;22680,000;PZA;419,24;7546,32;1207,41;8753,73;Factura;Crédito 15 Días;20260224;USD;NA;;GV ClReg. Proy. PET;OFICINA PROYECTOS PET;00-0152885;1302007775;Carbonatada;;;G;1179360,000;TO;1,179;Alimentos;PP-Botella;BOTELLAS GASEOSAS;0,00000;02;2026;419,24;7546,32;1207,41;8753,73;;70000776;Precio Base General;;0010001106;17;;N;20.02.2026 - 22:05:28;;;00130005;1300
CERVECERIA POLAR, C.A;Embotelladoras;Fact. Nac. Proy. PET;8000020730;Servicios;Venta Directa;20260209;Zona Metropolitana;;FLETE POR VIAJE CORTINERO;1,000;SER;1,000;SER;318,00;318,00;0,00;318,00;Factura;Crédito 15 Días;20260224;USD;NA;;GV ClReg. Proy. PET;OFICINA PROYECTOS PET;00-0152886;1302007759;Servicios Administrat.;;;KG;0,000;TO;0,000;Alimentos;Fletes;FLETE PROD TERMINADO;0,00000;02;2026;318,00;318,00;0,00;318,00;;91000036;Precio Base General;;0010001106;17;;N;20.02.2026 - 22:05:28;;;00130005;1300
CERVECERIA POLAR, C.A;Embotelladoras;Fact. Nac. Proy. PET;8000020735;Botellas;Venta Directa;20260210;Zona Metropolitana;3000;BOTELLAS  AMBAR  1,5L MALTIN POLAR 52Gr;25,25;PAL;28461,72;PZA;376,20;10067,11;1738,77;12026,26;Factura;Crédito 15 Días;20260225;USD;NA;;GV ClReg. Proy. PET;OFICINA PROYECTOS PET;00-0152891;1302007775;Carbonatada;;;G;1572480,000;TO;1,572;Alimentos;PP-Botella;BOTELLAS GASEOSAS;0,00000;02;2026;389,88;8747,23;1691,66;12419,82;;70000776;Precio Base General;;0010001106;17;;N;20.02.2026 - 22:05:28;;;00130005;1300
CERVECERIA POLAR, C.A;Embotelladoras;Fact. Nac. Proy. PET;8000020736;Servicios;Venta Directa;20260210;Zona Metropolitana;;FLETE POR VIAJE CORTINERO;1,000;SER;1,000;SER;318,00;318,00;0,00;318,00;Factura;Crédito 15 Días;20260225;USD;NA;;GV ClReg. Proy. PET;OFICINA PROYECTOS PET;00-0152892;1302007759;Servicios Administrat.;;;KG;0,000;TO;0,000;Alimentos;Fletes;FLETE PROD TERMINADO;0,00000;02;2026;318,00;318,00;0,00;318,00;;91000036;Precio Base General;;0010001106;17;;N;20.02.2026 - 22:05:28;;;00130005;1300
CERVECERIA POLAR, C.A;Embotelladoras;Fact. Nac. Proy. PET;8000020737;Botellas;Venta Directa;20260210;Zona Metropolitana;3000;BOTELLAS  AMBAR  1,5L MALTIN POLAR 52Gr;18,000;PAL;22680,000;PZA;419,24;7546,32;1207,41;8753,73;Factura;Crédito 15 Días;20260225;USD;NA;;GV ClReg. Proy. PET;OFICINA PROYECTOS PET;00-0152893;1302007775;Carbonatada;;;G;1179360,000;TO;1,179;Alimentos;PP-Botella;BOTELLAS GASEOSAS;0,00000;02;2026;419,24;7546,32;1207,41;8753,73;;70000776;Precio Base General;;0010001106;17;;N;20.02.2026 - 22:05:28;;;00130005;1300
CERVECERIA POLAR, C.A;Embotelladoras;Fact. Nac. Proy. PET;8000020738;Servicios;Venta Directa;20260210;Zona Metropolitana;;FLETE POR VIAJE CORTINERO;1,000;SER;1,000;SER;318,00;318,00;0,00;318,00;Factura;Crédito 15 Días;20260225;USD;NA;;GV ClReg. Proy. PET;OFICINA PROYECTOS PET;00-0152894;1302007759;Servicios Administrat.;;;KG;0,000;TO;0,000;Alimentos;Fletes;FLETE PROD TERMINADO;0,00000;02;2026;318,00;318,00;0,00;318,00;;91000036;Precio Base General;;0010001106;17;;N;20.02.2026 - 22:05:28;;;00130005;1300
CERVECERIA POLAR, C.A;Embotelladoras;Fact. Nac. Proy. PET;8000020739;Botellas;Venta Directa;20260210;Zona Metropolitana;3000;BOTELLAS  AMBAR  1,5L MALTIN POLAR 52Gr;22,000;PAL;27720,000;PZA;419,24;9223,28;1475,72;10699,00;Factura;Crédito 15 Días;20260225;USD;NA;;GV ClReg. Proy. PET;OFICINA PROYECTOS PET;00-0152895;1302007775;Carbonatada;;;G;1441440,000;TO;1,441;Alimentos;PP-Botella;BOTELLAS GASEOSAS;0,00000;02;2026;419,24;9223,28;1475,72;10699,00;;70000776;Precio Base General;;0010001106;17;;N;20.02.2026 - 22:05:28;;;00130005;1300
CERVECERIA POLAR, C.A;Embotelladoras;Fact. Nac. Proy. PET;8000020740;Servicios;Venta Directa;20260210;Zona Metropolitana;;FLETE POR VIAJE CORTINERO;1,000;SER;1,000;SER;318,00;318,00;0,00;318,00;Factura;Crédito 15 Días;20260225;USD;NA;;GV ClReg. Proy. PET;OFICINA PROYECTOS PET;00-0152896;1302007759;Servicios Administrat.;;;KG;0,000;TO;0,000;Alimentos;Fletes;FLETE PROD TERMINADO;0,00000;02;2026;318,00;318,00;0,00;318,00;;91000036;Precio Base General;;0010001106;17;;N;20.02.2026 - 22:05:28;;;00130005;1300
CERVECERIA POLAR, C.A;Embotelladoras;Fact. Nac. Proy. PET;8000020743;Botellas;Venta Directa;20260210;Zona Metropolitana;3000;BOTELLAS  AMBAR  1,5L MALTIN POLAR 52Gr;21,000;PAL;26460,000;PZA;419,24;8804,04;1408,65;10212,69;Factura;Crédito 15 Días;20260225;USD;NA;;GV ClReg. Proy. PET;OFICINA PROYECTOS PET;00-0152899;1302007775;Carbonatada;;;G;1375920,000;TO;1,376;Alimentos;PP-Botella;BOTELLAS GASEOSAS;0,00000;02;2026;419,24;8804,04;1408,65;10212,69;;70000776;Precio Base General;;0010001106;17;;N;20.02.2026 - 22:05:28;;;00130005;1300
CERVECERIA POLAR, C.A;Embotelladoras;Fact. Nac. Proy. PET;8000020747;Botellas;Venta Directa;20260210;Zona Metropolitana;3000;BOTELLAS  AMBAR  1,5L MALTIN POLAR 52Gr;18,000;PAL;22680,000;PZA;419,24;7546,32;1207,41;8753,73;Factura;Crédito 15 Días;20260225;USD;NA;;GV ClReg. Proy. PET;OFICINA PROYECTOS PET;00-0152903;1302007775;Carbonatada;;;G;1179360,000;TO;1,179;Alimentos;PP-Botella;BOTELLAS GASEOSAS;0,00000;02;2026;419,24;7546,32;1207,41;8753,73;;70000776;Precio Base General;;0010001106;17;;N;20.02.2026 - 22:05:28;;;00130005;1300
CERVECERIA POLAR, C.A;Embotelladoras;Fact. Nac. Proy. PET;8000020749;Botellas;Venta Directa;20260210;Zona Metropolitana;3000;BOTELLAS  AMBAR  1,5L MALTIN POLAR 52Gr;18,000;PAL;22680,000;PZA;419,24;7546,32;1207,41;8753,73;Factura;Crédito 15 Días;20260225;USD;NA;;GV ClReg. Proy. PET;OFICINA PROYECTOS PET;00-0152905;1302007775;Carbonatada;;;G;1179360,000;TO;1,179;Alimentos;PP-Botella;BOTELLAS GASEOSAS;0,00000;02;2026;419,24;7546,32;1207,41;8753,73;;70000776;Precio Base General;;0010001106;17;;N;20.02.2026 - 22:05:28;;;00130005;1300
CERVECERIA POLAR, C.A;Embotelladoras;Fact. Nac. Proy. PET;8000020788;Botellas;Venta Directa;20260219;Zona Metropolitana;3000;BOTELLAS  AMBAR  1,5L MALTIN POLAR 52Gr;18,000;PAL;22680,000;PZA;417,31;7511,62;1201,86;8713,48;Factura;Crédito 15 Días;20260306;USD;NA;;GV ClReg. Proy. PET;OFICINA PROYECTOS PET;00-0152947;1302007788;Carbonatada;;;G;1179360,000;TO;1,179;Alimentos;PP-Botella;BOTELLAS GASEOSAS;0,00000;02;2026;417,31;7511,62;1201,86;8713,48;;70000776;Precio Base General;;0010001106;17;;N;20.02.2026 - 22:05:28;;;00130005;1300
CERVECERIA POLAR, C.A;Embotelladoras;Fact. Nac. Proy. PET;8000020789;Servicios;Venta Directa;20260219;Zona Metropolitana;;FLETE POR VIAJE CORTINERO;1,000;SER;1,000;SER;318,00;318,00;0,00;318,00;Factura;Crédito 15 Días;20260306;USD;NA;;GV ClReg. Proy. PET;OFICINA PROYECTOS PET;00-0152948;1302007759;Servicios Administrat.;;;KG;0,000;TO;0,000;Alimentos;Fletes;FLETE PROD TERMINADO;0,00000;02;2026;318,00;318,00;0,00;318,00;;91000036;Precio Base General;;0010001106;17;;N;20.02.2026 - 22:05:28;;;00130005;1300
CERVECERIA POLAR, C.A;Embotelladoras;Fact. Nac. Proy. PET;8000020790;Botellas;Venta Directa;20260219;Zona Metropolitana;3000;BOTELLAS  AMBAR  1,5L MALTIN POLAR 52Gr;18,000;PAL;22680,000;PZA;417,31;7511,62;1201,86;8713,48;Factura;Crédito 15 Días;20260306;USD;NA;;GV ClReg. Proy. PET;OFICINA PROYECTOS PET;00-0152949;1302007788;Carbonatada;;;G;1179360,000;TO;1,179;Alimentos;PP-Botella;BOTELLAS GASEOSAS;0,00000;02;2026;417,31;7511,62;1201,86;8713,48;;70000776;Precio Base General;;0010001106;17;;N;20.02.2026 - 22:05:28;;;00130005;1300
CERVECERIA POLAR, C.A;Embotelladoras;Fact. Nac. Proy. PET;8000020791;Servicios;Venta Directa;20260219;Zona Metropolitana;;FLETE POR VIAJE CORTINERO;1,000;SER;1,000;SER;318,00;318,00;0,00;318,00;Factura;Crédito 15 Días;20260306;USD;NA;;GV ClReg. Proy. PET;OFICINA PROYECTOS PET;00-0152950;1302007759;Servicios Administrat.;;;KG;0,000;TO;0,000;Alimentos;Fletes;FLETE PROD TERMINADO;0,00000;02;2026;318,00;318,00;0,00;318,00;;91000036;Precio Base General;;0010001106;17;;N;20.02.2026 - 22:05:28;;;00130005;1300
GUSTAVO JOSE PINTO RAMOS;Distribuidores Enf.;Fact. Nac. Ampo.;7000012156;Inyecto Soplado;Distribuidor;20260206;Zona Centro Occid.;3000;ENVASE PET AMBAR FARMA 120 ML (18gr);351,000;PZA;351,000;PZA;76,19;26742,87;4278,86;31021,73;Factura;Contado;20260206;VED;NA;;GV ClReg. Ampofr.;JORGE REYES;00-056700;1202009396;Farma S/Impresión;Ambar;120 ml.;G;6318,000;TO;0,006;Comercializadora;AM-Farma;ENVASES PT;381,10740;02;2026;0,20;70,17;11,23;81,40;GUSTAVO;70000667;Precio Base General;Distribuidor;0010001125;17;01;X;20.02.2026 - 22:05:28;;;00120005;1200
GUSTAVO JOSE PINTO RAMOS;Distribuidores Enf.;Fact. Nac. Ampo.;7000012156;Inyecto Soplado;Distribuidor;20260206;Zona Centro Occid.;3000;ENVASE PET AMBAR FARMA 180 ML;616,000;PZA;616,000;PZA;97,32;59947,84;9591,65;69539,49;Factura;Contado;20260206;VED;NA;;GV ClReg. Ampofr.;JORGE REYES;00-056700;1202009396;Farma S/Impresión;Ambar;180 ml.;G;14556,080;TO;0,015;Comercializadora;AM-Farma;ENVASES PT;381,10740;02;2026;0,26;157,30;25,17;182,47;GUSTAVO;70000058;Precio Base General;Distribuidor;0010001125;17;01;X;20.02.2026 - 22:05:28;;;00120005;1200
GUSTAVO JOSE PINTO RAMOS;Distribuidores Enf.;Fact. Nac. Ampo.;7000012156;Inyecto Soplado;Distribuidor;20260206;Zona Centro Occid.;3000;ENVASE PET AMBAR FARMA 240 ML;1120,000;PZA;1120,000;PZA;97,32;108996,08;17439,38;126435,46;Factura;Contado;20260206;VED;NA;;GV ClReg. Ampofr.;JORGE REYES;00-056700;1202009396;Farma S/Impresión;Ambar;240 ml.;G;25670,400;TO;0,026;Comercializadora;AM-Farma;ENVASES PT;381,10740;02;2026;0,26;286,00;45,76;331,76;GUSTAVO;70000059;Precio Base General;Distribuidor;0010001125;17;01;X;20.02.2026 - 22:05:28;;;00120005;1200
GUSTAVO JOSE PINTO RAMOS;Distribuidores Enf.;Fact. Nac. Ampo.;7000012187;Inyecto Soplado;Distribuidor;20260220;Zona Centro Occid.;3000;ENVASE PET AMBAR FARMA 120 ML (18gr);468,000;PZA;468,000;PZA;81,00;37906,68;6065,07;43971,75;Factura;Contado;20260220;VED;NA;;GV ClReg. Ampofr.;JORGE REYES;00-056738;1202009416;Farma S/Impresión;Ambar;120 ml.;G;8424,000;TO;0,008;Comercializadora;AM-Farma;ENVASES PT;402,33430;02;2026;0,20;94,22;15,07;109,29;GUSTAVO;70000667;Precio Base General;Distribuidor;0010001125;17;01;X;20.02.2026 - 22:05:28;;;00120005;1200
GUSTAVO JOSE PINTO RAMOS;Distribuidores Enf.;Fact. Nac. Ampo.;7000012187;Inyecto Soplado;Distribuidor;20260220;Zona Centro Occid.;3000;ENVASE PET AMBAR FARMA 240 ML;2240,000;PZA;2240,000;PZA;103,46;231744,80;37079,17;268823,97;Factura;Contado;20260220;VED;NA;;GV ClReg. Ampofr.;JORGE REYES;00-056738;1202009416;Farma S/Impresión;Ambar;240 ml.;G;51340,800;TO;0,051;Comercializadora;AM-Farma;ENVASES PT;402,33430;02;2026;0,26;576,00;92,16;668,16;GUSTAVO;70000059;Precio Base General;Distribuidor;0010001125;17;01;X;20.02.2026 - 22:05:28;;;00120005;1200
ALIMENTOS POLAR COMERCIAL, C.A.;Manufactura;Fact. Nac. Ampo.;7000012141;Inyecto Soplado;Venta Directa;20260203;Zona Metropolitana;3000;ENVASE PET MAYONESA 200 ML;13,000;PAL;109824,000;PZA;1370,27;17813,45;2850,15;20663,60;Factura;Crédito 15 Días;20260218;USD;NA;;GV ClReg. Ampofr.;OFICINA AMPOFRASCA;00-056685;1202009386;Especias;Transparente;200 gr.;G;2114112,000;TO;2,114;Alimentos;AM-Especias;ENVASES PT;0,00000;02;2026;1370,27;17813,45;2850,15;20663,60;MME-PULMON;70000666;Precio Base General;;0010001154;17;01;X;20.02.2026 - 22:05:28;;;00120002;1200
ALIMENTOS POLAR COMERCIAL, C.A.;Manufactura;Fact. Nac. Ampo.;7000012142;Servicios;Venta Directa;20260203;Zona Metropolitana;;FLETE POR VIAJE CORTINERO;1,000;SER;1,000;SER;318,00;318,00;0,00;318,00;Factura;Crédito 15 Días;20260218;USD;NA;;GV ClReg. Ampofr.;OFICINA AMPOFRASCA;00-056686;1202009387;Servicios Administrat.;;;KG;0,000;TO;0,000;Alimentos;Fletes;FLETE PROD TERMINADO;0,00000;02;2026;318,00;318,00;0,00;318,00;MME-PULMON;91000036;Precio Base General;;0010001154;17;01;X;20.02.2026 - 22:05:28;;;00120002;1200
ALIMENTOS POLAR COMERCIAL, C.A.;Manufactura;Fact. Nac. Ampo.;7000012143;Inyecto Soplado;Venta Directa;20260203;Zona Metropolitana;3000;ENVASE PET MAYONESA 200 ML;18,000;PAL;152064,000;PZA;1370,27;24664,78;3946,36;28611,14;Factura;Crédito 15 Días;20260218;USD;NA;;GV ClReg. Ampofr.;OFICINA AMPOFRASCA;00-056687;1202009386;Especias;Transparente;200 gr.;G;2927232,000;TO;2,927;Alimentos;AM-Especias;ENVASES PT;0,00000;02;2026;1370,27;24664,78;3946,36;28611,14;MME-PULMON;70000666;Precio Base General;;0010001154;17;01;X;20.02.2026 - 22:05:28;;;00120002;1200
ALIMENTOS POLAR COMERCIAL, C.A.;Manufactura;Fact. Nac. Ampo.;7000012144;Servicios;Venta Directa;20260203;Zona Metropolitana;;FLETE POR VIAJE CORTINERO;1,000;SER;1,000;SER;318,00;318,00;0,00;318,00;Factura;Crédito 15 Días;20260218;USD;NA;;GV ClReg. Ampofr.;OFICINA AMPOFRASCA;00-056688;1202009387;Servicios Administrat.;;;KG;0,000;TO;0,000;Alimentos;Fletes;FLETE PROD TERMINADO;0,00000;02;2026;318,00;318,00;0,00;318,00;MME-PULMON;91000036;Precio Base General;;0010001154;17;01;X;20.02.2026 - 22:05:28;;;00120002;1200
ALIMENTOS POLAR COMERCIAL, C.A.;Manufactura;Fact. Nac. Ampo.;7000012151;Inyecto Soplado;Venta Directa;20260205;Zona Metropolitana;3000;ENVASE PET MAYONESA 200 ML;24,000;PAL;202752,000;PZA;1366,80;32803,25;5248,52;38051,77;Factura;Crédito 15 Días;20260220;USD;NA;;GV ClReg. Ampofr.;OFICINA AMPOFRASCA;00-056695;1202009395;Especias;Transparente;200 gr.;G;3902976,000;TO;3,903;Alimentos;AM-Especias;ENVASES PT;0,00000;02;2026;1366,80;32803,25;5248,52;38051,77;MME-PULMON;70000666;Precio Base General;;0010001154;17;01;X;20.02.2026 - 22:05:28;;;00120002;1200
ALIMENTOS POLAR COMERCIAL, C.A.;Manufactura;Fact. Nac. Ampo.;7000012152;Servicios;Venta Directa;20260205;Zona Metropolitana;;FLETE POR VIAJE CORTINERO;1,000;SER;1,000;SER;318,00;318,00;0,00;318,00;Factura;Crédito 15 Días;20260220;USD;NA;;GV ClReg. Ampofr.;OFICINA AMPOFRASCA;00-056696;1202009387;Servicios Administrat.;;;KG;0,000;TO;0,000;Alimentos;Fletes;FLETE PROD TERMINADO;0,00000;02;2026;318,00;318,00;0,00;318,00;MME-PULMON;91000036;Precio Base General;;0010001154;17;01;X;20.02.2026 - 22:05:28;;;00120002;1200
ALIMENTOS POLAR COMERCIAL, C.A.;Manufactura;Fact. Nac. Ampo.;7000012157;Inyecto Soplado;Venta Directa;20260207;Zona Metropolitana;3000;ENVASE PET MAYONESA 200 ML;24,000;PAL;202752,000;PZA;1411,49;33875,80;5420,13;39295,93;Factura;Crédito 15 Días;20260222;USD;NA;;GV ClReg. Ampofr.;OFICINA AMPOFRASCA;00-056701;1202009398;Especias;Transparente;200 gr.;G;3902976,000;TO;3,903;Alimentos;AM-Especias;ENVASES PT;0,00000;02;2026;1411,49;33875,80;5420,13;39295,93;GUACARA;70000666;Precio Base General;;0010001154;17;01;X;20.02.2026 - 22:05:28;;;00120002;1200
ALIMENTOS POLAR COMERCIAL, C.A.;Manufactura;Fact. Nac. Ampo.;7000012158;Servicios;Venta Directa;20260207;Zona Metropolitana;;FLETE POR VIAJE CORTINERO;1,000;SER;1,000;SER;318,00;318,00;0,00;318,00;Factura;Crédito 15 Días;20260222;USD;NA;;GV ClReg. Ampofr.;OFICINA AMPOFRASCA;00-056702;1202009387;Servicios Administrat.;;;KG;0,000;TO;0,000;Alimentos;Fletes;FLETE PROD TERMINADO;0,00000;02;2026;318,00;318,00;0,00;318,00;MME-PULMON;91000036;Precio Base General;;0010001154;17;01;X;20.02.2026 - 22:05:28;;;00120002;1200
ALIMENTOS POLAR COMERCIAL, C.A.;Manufactura;Fact. Nac. Ampo.;7000012162;Servicios;Venta Directa;20260209;Zona Metropolitana;;FLETE POR VIAJE CORTINERO;1,000;SER;1,000;SER;318,00;318,00;0,00;318,00;Factura;Crédito 15 Días;20260224;USD;NA;;GV ClReg. Ampofr.;OFICINA AMPOFRASCA;00-056708;1202009387;Servicios Administrat.;;;KG;0,000;TO;0,000;Alimentos;Fletes;FLETE PROD TERMINADO;0,00000;02;2026;318,00;318,00;0,00;318,00;MME-PULMON;91000036;Precio Base General;;0010001154;17;01;X;20.02.2026 - 22:05:28;;;00120002;1200
ALIMENTOS POLAR COMERCIAL, C.A.;Manufactura;Fact. Nac. Ampo.;7000012167;Inyecto Soplado;Venta Directa;20260210;Zona Metropolitana;3000;ENVASE PET MAYONESA 200 ML;17,000;PAL;143616,000;PZA;1354,21;23021,64;3683,46;26705,10;Factura;Crédito 15 Días;20260225;USD;NA;;GV ClReg. Ampofr.;OFICINA AMPOFRASCA;00-056714;1202009401;Especias;Transparente;200 gr.;G;2764608,000;TO;2,765;Alimentos;AM-Especias;ENVASES PT;0,00000;02;2026;1354,21;23021,64;3683,46;26705,10;MME-PULMON;70000666;Precio Base General;;0010001154;17;01;X;20.02.2026 - 22:05:28;;;00120002;1200
ALIMENTOS POLAR COMERCIAL, C.A.;Manufactura;Fact. Nac. Ampo.;7000012168;Inyecto Soplado;Venta Directa;20260210;Zona Metropolitana;3000;ENVASE LIMPIEZA 500ml (P) 27,90g;8448,000;PZA;8448,000;PZA;0,20;1726,10;276,18;2002,28;Factura;Crédito 15 Días;20260225;USD;NA;;GV ClReg. Ampofr.;OFICINA AMPOFRASCA;00-056715;1202009405;Limpiadores;;;G;235699,200;TO;0,236;Alimentos;AM-Env. Plásticos;ENVASES PT;0,00000;02;2026;0,20;1726,10;276,18;2002,28;MME-PULMON;70000621;Precio Base General;;0010001154;17;01;X;20.02.2026 - 22:05:28;;;00120002;1200
ALIMENTOS POLAR COMERCIAL, C.A.;Manufactura;Fact. Nac. Ampo.;7000012169;Servicios;Venta Directa;20260210;Zona Metropolitana;;FLETE POR VIAJE CORTINERO;1,000;SER;1,000;SER;318,00;318,00;0,00;318,00;Factura;Crédito 15 Días;20260225;USD;NA;;GV ClReg. Ampofr.;OFICINA AMPOFRASCA;00-056716;1202009387;Servicios Administrat.;;;KG;0,000;TO;0,000;Alimentos;Fletes;FLETE PROD TERMINADO;0,00000;02;2026;318,00;318,00;0,00;318,00;MME-PULMON;91000036;Precio Base General;;0010001154;17;01;X;20.02.2026 - 22:05:28;;;00120002;1200
ALIMENTOS POLAR COMERCIAL, C.A.;Manufactura;Fact. Nac. Ampo.;7000012175;Inyecto Soplado;Venta Directa;20260212;Zona Metropolitana;3000;ENVASE PET MAYONESA 200 ML;23,000;PAL;194304,000;PZA;1354,21;31146,93;4983,51;36130,44;Factura;Crédito 15 Días;20260227;USD;NA;;GV ClReg. Ampofr.;OFICINA AMPOFRASCA;00-056726;1202009401;Especias;Transparente;200 gr.;G;3740352,000;TO;3,740;Alimentos;AM-Especias;ENVASES PT;0,00000;02;2026;1354,21;31146,93;4983,51;36130,44;MME-PULMON;70000666;Precio Base General;;0010001154;17;01;X;20.02.2026 - 22:05:28;;;00120002;1200
ALIMENTOS POLAR COMERCIAL, C.A.;Manufactura;Fact. Nac. Ampo.;7000012176;Servicios;Venta Directa;20260212;Zona Metropolitana;;FLETE POR VIAJE CORTINERO;1,000;SER;1,000;SER;318,00;318,00;0,00;318,00;Factura;Crédito 15 Días;20260227;USD;NA;;GV ClReg. Ampofr.;OFICINA AMPOFRASCA;00-056727;1202009387;Servicios Administrat.;;;KG;0,000;TO;0,000;Alimentos;Fletes;FLETE PROD TERMINADO;0,00000;02;2026;318,00;318,00;0,00;318,00;MME-PULMON;91000036;Precio Base General;;0010001154;17;01;X;20.02.2026 - 22:05:28;;;00120002;1200
ALIMENTOS POLAR COMERCIAL, C.A.;Manufactura;Fact. Nac. Ampo.;7000012180;Inyecto Soplado;Venta Directa;20260218;Zona Metropolitana;3000;ENVASE PET MAYONESA 200 ML;24,000;PAL;202752,000;PZA;1263,65;30327,64;4852,42;35180,06;Factura;Crédito 15 Días;20260305;USD;NA;;GV ClReg. Ampofr.;OFICINA AMPOFRASCA;00-056731;1202009412;Especias;Transparente;200 gr.;G;3902976,000;TO;3,903;Alimentos;AM-Especias;ENVASES PT;0,00000;02;2026;1263,65;30327,64;4852,42;35180,06;MME-PULMON;70000666;Precio Base General;;0010001154;17;01;X;20.02.2026 - 22:05:28;;;00120002;1200
ALIMENTOS POLAR COMERCIAL, C.A.;Manufactura;Fact. Nac. Ampo.;7000012181;Inyecto Soplado;Venta Directa;20260218;Zona Metropolitana;3000;ENVASE PET MAYONESA 200 ML;13,000;PAL;109824,000;PZA;1263,65;16427,47;2628,40;19055,87;Factura;Crédito 15 Días;20260305;USD;NA;;GV ClReg. Ampofr.;OFICINA AMPOFRASCA;00-056732;1202009412;Especias;Transparente;200 gr.;G;2114112,000;TO;2,114;Alimentos;AM-Especias;ENVASES PT;0,00000;02;2026;1263,65;16427,47;2628,40;19055,87;MME-PULMON;70000666;Precio Base General;;0010001154;17;01;X;20.02.2026 - 22:05:28;;;00120002;1200
ALIMENTOS POLAR COMERCIAL, C.A.;Manufactura;Fact. Nac. Ampo.;7000012182;Inyecto Soplado;Venta Directa;20260218;Zona Metropolitana;3000;ENVASE LIMPIEZA 500ml (P) 27,90g;10,000;PZA;10,000;PZA;0,19;1,89;0,30;2,19;Factura;Crédito 15 Días;20260305;USD;NA;;GV ClReg. Ampofr.;OFICINA AMPOFRASCA;00-056733;1202009413;Limpiadores;;;G;279,000;TO;0,000;Alimentos;AM-Env. Plásticos;ENVASES PT;0,00000;02;2026;0,19;1,89;0,30;2,19;MME-PULMON;70000621;Precio Base General;;0010001154;17;01;X;20.02.2026 - 22:05:28;;;00120002;1200
ALIMENTOS POLAR COMERCIAL, C.A.;Manufactura;Fact. Nac. Ampo.;7000012183;Servicios;Venta Directa;20260218;Zona Metropolitana;;FLETE POR VIAJE CORTINERO;1,000;SER;1,000;SER;318,00;318,00;0,00;318,00;Factura;Crédito 15 Días;20260305;USD;NA;;GV ClReg. Ampofr.;OFICINA AMPOFRASCA;00-056734;1202009387;Servicios Administrat.;;;KG;0,000;TO;0,000;Alimentos;Fletes;FLETE PROD TERMINADO;0,00000;02;2026;318,00;318,00;0,00;318,00;MME-PULMON;91000036;Precio Base General;;0010001154;17;01;X;20.02.2026 - 22:05:28;;;00120002;1200
ALIMENTOS POLAR COMERCIAL, C.A.;Manufactura;Fact. Nac. Ampo.;7000012184;Servicios;Venta Directa;20260218;Zona Metropolitana;;FLETE POR VIAJE CORTINERO;1,000;SER;1,000;SER;318,00;318,00;0,00;318,00;Factura;Crédito 15 Días;20260305;USD;NA;;GV ClReg. Ampofr.;OFICINA AMPOFRASCA;00-056735;1202009387;Servicios Administrat.;;;KG;0,000;TO;0,000;Alimentos;Fletes;FLETE PROD TERMINADO;0,00000;02;2026;318,00;318,00;0,00;318,00;MME-PULMON;91000036;Precio Base General;;0010001154;17;01;X;20.02.2026 - 22:05:28;;;00120002;1200
ALIMENTOS POLAR COMERCIAL, C.A.;Manufactura;Fact. Nac. Ampo.;7000012185;Inyecto Soplado;Venta Directa;20260218;Zona Metropolitana;3000;ENVASE LIMPIEZA 500ml (P) 27,90g;21110,000;PZA;21110,000;PZA;0,19;3998,66;639,79;4638,45;Factura;Crédito 15 Días;20260305;USD;NA;;GV ClReg. Ampofr.;OFICINA AMPOFRASCA;00-056736;1202009413;Limpiadores;;;G;588969,000;TO;0,589;Alimentos;AM-Env. Plásticos;ENVASES PT;0,00000;02;2026;0,19;3998,66;639,79;4638,45;MME-PULMON;70000621;Precio Base General;;0010001154;17;01;X;20.02.2026 - 22:05:28;;;00120002;1200
ALIMENTOS POLAR COMERCIAL, C.A.;Manufactura;N/C Dev. Nac. Ampo.;7200000778;Inyecto Soplado;Venta Directa;20260209;Zona Metropolitana;3004;ENVASE PET MAYONESA 200 ML;-24,000;PAL;-202752,000;PZA;-1411,49;-33875,80;-5420,13;-39295,93;Abono;Crédito 15 Días;20260224;USD;NA;;GV ClReg. Ampofr.;OFICINA AMPOFRASCA;00-056704;1206000337;Especias;Transparente;200 gr.;G;-3902976,000;TO;-3,903;Alimentos;AM-Especias;ENVASES PT;0,00000;02;2026;-1411,49;-33875,80;-5420,13;-39295,93;GUACARA;70000666;Precio Base General;;0010001154;17;01;X;20.02.2026 - 22:05:28;Z02;Reverso Total De Factura;00120002;1200
ALIMENTOS POLAR COMERCIAL, C.A.;Manufactura;N/C Nac. Ampofrasca;7200000779;Servicios;Venta Directa;20260209;Zona Metropolitana;;FLETE POR VIAJE CORTINERO;0,000;;0,000;;0,00;-318,00;0,00;-318,00;Abono;Crédito 15 Días;20260224;USD;NA;;GV ClReg. Ampofr.;OFICINA AMPOFRASCA;00-056709;1210000324;Servicios Administrat.;;;KG;0,000;TO;0,000;Alimentos;Fletes;FLETE PROD TERMINADO;0,00000;02;2026;0,00;-318,00;0,00;-318,00;MME-PULMON;91000036;Precio Base General;;0010001154;17;01;X;20.02.2026 - 22:05:28;Z02;Reverso Total De Factura;00120002;1200
DERNIER COSMETICS, S.A;Manufactura;Fact. Nac. Ampo.;7000012164;Inyecto Soplado;Venta Directa;20260210;Zona Centro;3000;ENVASE GEL PACK TRANSP TAPA TRANSP;1020,000;PZA;1020,000;PZA;103,43;105494,24;16879,08;122373,32;Factura;Contado;20260210;VED;NA;;GV ClReg. Ampofr.;JORGE REYES;00-056711;1202009403;Tarro Gel Pack;;;G;44880,000;TO;0,045;Cuidado Personal;AM-Env. Plásticos;ENVASES PT;385,27200;02;2026;0,27;273,82;43,81;317,63;DERNIER;70000051;Precio Base General;Cosmetica;0010001194;17;01;X;20.02.2026 - 22:05:28;;;00120005;1200
DERNIER COSMETICS, S.A;Manufactura;N/C Dev. Nac. Ampo.;7200000777;Inyecto Soplado;Venta Directa;20260209;Zona Centro;3000;ENVASE GEL PACK TRANSP TAPA TRANSP;-1107,74;PZA;-1089,61;PZA;-31,80;-34562,25;-5064,92;-35438,13;Abono;Contado;20260209;VED;NA;;GV ClReg. Ampofr.;JORGE REYES;00-056703;1206000338;Tarro Gel Pack;;;G;-44880,000;TO;-0,045;Cuidado Personal;AM-Env. Plásticos;ENVASES PT;382,63180;02;2026;-0,10;-87,81;-14,74;-103,35;DERNIER;70000051;Precio Base General;Cosmetica;0010001194;17;01;X;20.02.2026 - 22:05:28;Z02;Reverso Total De Factura;00120005;1200
EMBOTELLADORA CRISTAL, C.A;Embotelladoras;Fact. Nac. Proy. PET;8000020597;Preformas;Venta Directa;20260203;Zona Centro;3000;PREFORMAS TRANSPARENTE 34Gr MAQUILA;98822,000;PZA;98822,000;PZA;9,57;945466,64;151274,66;1096741,30;Factura;Contado;20260203;VED;NA;;GV ClReg. Proy. PET;HORACIO HERNANDEZ;00-0152749;1302007752;Long Finish;Transparente;34 gr.;G;3359948,000;TO;3,360;Embotelladora;PP-Preforma;PREFORMAS;372,10570;02;2026;0,03;2540,86;406,54;2947,39;EMBOTELLADORA;70000838;Precio Base General;;0010001288;17;01;X;20.02.2026 - 22:05:28;;;00120003;1300
EMBOTELLADORA CRISTAL, C.A;Embotelladoras;Fact. Nac. Proy. PET;8000020620;Preformas;Venta Directa;20260203;Zona Centro;3000;PREFORMAS TRANSPARENTE 34Gr MAQUILA;102940,000;PZA;102940,000;PZA;9,57;984865,07;157578,41;1142443,48;Factura;Contado;20260203;VED;NA;;GV ClReg. Proy. PET;HORACIO HERNANDEZ;00-0152772;1302007752;Long Finish;Transparente;34 gr.;G;3499960,000;TO;3,500;Embotelladora;PP-Preforma;PREFORMAS;372,10570;02;2026;0,03;2646,73;423,48;3070,21;EMBOTELLADORA;70000838;Precio Base General;;0010001288;17;01;X;20.02.2026 - 22:05:28;;;00120003;1300
EMBOTELLADORA CRISTAL, C.A;Embotelladoras;Fact. Nac. Proy. PET;8000020654;Preformas;Venta Directa;20260205;Zona Centro;3000;PREFORMAS TRANSPARENTE 34Gr MAQUILA;41192,000;PZA;41192,000;PZA;9,57;394099,11;63055,86;457154,97;Factura;Contado;20260205;VED;NA;;GV ClReg. Proy. PET;HORACIO HERNANDEZ;00-0152807;1302007752;Long Finish;Transparente;34 gr.;G;1400528,000;TO;1,401;Embotelladora;PP-Preforma;PREFORMAS;378,45820;02;2026;0,03;1041,33;166,61;1207,94;EMBOTELLADORA;70000838;Precio Base General;;0010001288;17;01;X;20.02.2026 - 22:05:28;;;00120003;1300
AIDA DEL CARMEN DAZA MUJICA;Distribuidores Trad.;Fact. Nac. Ampo.;7000012173;Inyecto Soplado;Venta Directa;20260211;Zona Occidente;3000;ENVASE PET AMBAR FARMA 120 ML (18gr);1170,000;PZA;1170,000;PZA;78,96;92388,62;14782,18;107170,80;Factura;Contado;20260211;VED;NA;;GV ClReg. Ampofr.;JORGE REYES;00-056722;1202009407;Farma S/Impresión;Ambar;120 ml.;G;21060,000;TO;0,021;Comercializadora;AM-Farma;ENVASES PT;388,73940;02;2026;0,20;237,66;38,03;275,69;AIDA;70000667;Precio Base General;Distribuidor;0010001311;17;;N;20.02.2026 - 22:05:28;;;00120005;1200
AIDA DEL CARMEN DAZA MUJICA;Distribuidores Trad.;Fact. Nac. Ampo.;7000012173;Inyecto Soplado;Venta Directa;20260211;Zona Occidente;3000;ENVASE PET AMBAR FARMA 240 ML;1120,000;PZA;1120,000;PZA;100,86;112964,67;18074,35;131039,02;Factura;Contado;20260211;VED;NA;;GV ClReg. Ampofr.;JORGE REYES;00-056722;1202009407;Farma S/Impresión;Ambar;240 ml.;G;25670,400;TO;0,026;Comercializadora;AM-Farma;ENVASES PT;388,73940;02;2026;0,26;290,59;46,49;337,09;AIDA;70000059;Precio Base General;Distribuidor;0010001311;17;;N;20.02.2026 - 22:05:28;;;00120005;1200
INDUSTRIA Y DISTRIBUCION DE;Manufactura;Fact. Nac. Ampo.;7000012178;Inyecto Soplado;Venta Directa;20260213;Zona Centro;3000;ENVASE PET TRANSP ESPECIAS 200 G;2025,000;PZA;2025,000;PZA;61,85;125246,55;20039,44;145285,99;Factura;Contado;20260213;VED;NA;;GV ClReg. Ampofr.;HORACIO HERNANDEZ;00-056729;1202009409;Especias;Transparente;200 gr.;G;38778,750;TO;0,039;Alimentos;AM-Especias;ENVASES PT;393,22160;02;2026;0,16;318,51;50,96;369,48;INDIALCA;70000082;Precio Base General;Cosmetica;0010001765;17;;N;20.02.2026 - 22:05:28;;;00120003;1200
INDUSTRIA Y DISTRIBUCION DE;Manufactura;Fact. Nac. Ampo.;7000012178;Inyección Liviana;Venta Directa;20260213;Zona Centro;3000;TAPA FLIP TOP ESPECIAS 5 ORIFICIO VERDE;4000,000;PZA;4000,000;PZA;30,75;122997,16;19679,55;142676,71;Factura;Contado;20260213;VED;NA;;GV ClReg. Ampofr.;HORACIO HERNANDEZ;00-056729;1202009409;Tapa Especie;Blanco;42 gr.;G;27960,000;TO;0,028;Alimentos;AM-Tapas Ampofrasca;TAPAS;393,22160;02;2026;0,08;312,79;50,05;362,84;INDIALCA;70000783;Precio Base General;Cosmetica;0010001765;17;;N;20.02.2026 - 22:05:28;;;00120003;1200
SOTO GLOBAL GROUP, C.A.;Embotelladoras;Fact. Nac. Ampo.;7000012166;Inyecto Soplado;Venta Directa;20260210;Zona Metropolitana;3000;ENVASE PET AMBAR FARMA  60 ML;6240,000;PZA;6240,000;PZA;55,10;343827,18;55012,35;398839,53;Factura;Contado;20260210;VED;NA;;GV ClReg. Ampofr.;JORGE REYES;00-056713;1202009390;Farma S/Impresión;Ambar;60 ml.;G;87360,000;TO;0,087;Productos De Limpiez;AM-Farma;ENVASES PT;385,27200;02;2026;0,14;892,43;142,79;1035,22;;70000054;Precio Base General;Cosmetica;0010001876;17;;N;20.02.2026 - 22:05:28;;;00120005;1200
SOTO GLOBAL GROUP, C.A.;Embotelladoras;Fact. Nac. Proy. PET;8000020741;Tapas PT;Venta Directa;20260210;Zona Metropolitana;3000;TAPA PCO 1810 Blanca 28MM 3,10 G (3500);3,000;CS;3,000;CS;25226,35;75679,05;12108,65;87787,70;Factura;Contado;20260210;VED;NA;;GV ClReg. Proy. PET;JORGE REYES;00-0152897;1302007762;Tapas S/Impresión;Blanco;28 mm. 1810;G;32550,000;TO;0,033;Productos De Limpiez;PP-Tap. Long Finish;TAPAS;385,27200;02;2026;65,48;196,43;31,43;227,86;;70000401;Precio Base General;Alimentos;0010001876;17;01;X;20.02.2026 - 22:05:28;;;00120005;1300
LABORATORIO BIOFAR, C.A.;Manufactura;Fact. Nac. Ampo.;7000012160;Inyecto Soplado;Venta Directa;20260209;Zona Metropolitana;3000;ENVASE PET TRANSP FARMA 180 ML;5280,000;PZA;5280,000;PZA;141,77;748555,90;119768,94;868324,84;Factura;Contado;20260209;VED;NA;;GV ClReg. Ampofr.;RAMON DAZA;00-056706;1202009399;Farma S/Impresión;Transparente;180 ml.;G;124396,800;TO;0,124;Comercializadora;AM-Farma;ENVASES PT;382,63180;02;2026;0,37;1956,33;313,01;2269,35;LABORATORIO;70000087;Precio Base General;Farma;0010002148;17;;N;20.02.2026 - 22:05:28;;;00120004;1200
LABORATORIO BIOFAR, C.A.;Manufactura;Fact. Nac. Proy. PET;8000020715;Tapas PT;Venta Directa;20260209;Zona Metropolitana;3000;TAPA PCO 1810 Blanca 28MM 3,10 G (3500);2,000;CS;2,000;CS;25926,55;51853,10;8296,50;60149,60;Factura;Contado;20260209;VED;NA;;GV ClReg. Proy. PET;HORACIO HERNANDEZ;00-0152870;1302007770;Tapas S/Impresión;Blanco;28 mm. 1810;G;21700,000;TO;0,022;Comercializadora;PP-Tap. Long Finish;TAPAS;382,63180;02;2026;67,76;135,52;21,68;157,20;LABORATORIO;70000401;Precio Base General;Farma;0010002148;17;;N;20.02.2026 - 22:05:28;;;00120003;1300
INVERSIONES STYLE COLLECTION, C.A.;Manufactura;Fact. Nac. Ampo.;7000012177;Inyecto Soplado;Venta Directa;20260213;Zona Centro Occid.;3000;ENV.PET TRANSP COSMETIC 200 ML SENSITIVE;20001,000;PZA;20001,000;PZA;95,60;1912101,00;305936,16;2218037,16;Factura;Contado;20260213;VED;NA;;GV ClReg. Ampofr.;JORGE REYES;00-056728;1202009410;Cosmetica Sensitive;Transparente;200 ml.;G;440022,000;TO;0,440;Comercializadora;AM-Cosmética;ENVASES PT;393,22160;02;2026;0,24;4862,66;778,02;5640,68;INVERSIONES STYLE;70000042;Precio Base General;Cosmetica;0010002241;17;;N;20.02.2026 - 22:05:28;;;00120005;1200
INVERSIONES STYLE COLLECTION, C.A.;Manufactura;Fact. Nac. Ampo.;7000012177;Inyecto Soplado;Venta Directa;20260213;Zona Centro Occid.;3000;ENVASE PET TRANSP COSMETIC OVAL 200 ML;10080,000;PZA;10080,000;PZA;102,56;1033757,63;165401,22;1199158,85;Factura;Contado;20260213;VED;NA;;GV ClReg. Ampofr.;JORGE REYES;00-056728;1202009410;Cosmetica Oval;Transparente;200 ml.;G;238896,000;TO;0,239;Comercializadora;AM-Cosmética;ENVASES PT;393,22160;02;2026;0,26;2628,94;420,63;3049,58;INVERSIONES STYLE;70000077;Precio Base General;Cosmetica;0010002241;17;;N;20.02.2026 - 22:05:28;;;00120005;1200
GRUPO KAMY FOOD, C.A;;Fact. Nac. Ampo.;7000012170;Inyecto Soplado;Venta Directa;20260210;Zona Centro;3000;ENVASE PET TRANSP ESPECIAS 100 G;1934,86;PZA;2135,16;PZA;43,67;113790,50;15875,38;120917,97;Factura;Contado;20260210;VED;NA;;GV ClReg. Ampofr.;HORACIO HERNANDEZ;00-056717;1202009389;Especias;Transparente;100 gr.;G;31500,000;TO;0,032;Alimentos;AM-Especias;ENVASES PT;385,27200;02;2026;0,14;228,35;47,56;263,14;GRUPO KAMY;70000080;Precio Base General;Alimentos;0010002484;17;01;X;20.02.2026 - 22:05:28;;;00120003;1200
GRUPO KAMY FOOD, C.A;;Fact. Nac. Ampo.;7000012170;Inyección Liviana;Venta Directa;20260210;Zona Centro;3000;TAPA FLIP TOP ESPECIAS 5 ORIFICIO NATURA;2000,000;PZA;2000,000;PZA;29,43;58867,80;9418,85;68286,65;Factura;Contado;20260210;VED;NA;;GV ClReg. Ampofr.;HORACIO HERNANDEZ;00-056717;1202009389;Tapa Especie;Blanco;42 gr.;G;13980,000;TO;0,014;Alimentos;AM-Tapas Ampofrasca;TAPAS;385,27200;02;2026;0,08;152,80;24,45;177,24;GRUPO KAMY;70000785;Precio Base General;Alimentos;0010002484;17;01;X;20.02.2026 - 22:05:28;;;00120003;1200
SOFT DRINKS COMPANY, C.A.;Manufactura;Fact. Nac. Proy. PET;8000020731;Preformas;Venta Directa;20260210;Zona Centro;3000;PREFORMAS 16,56GR CR-8828F MAQ SOFT DRI;383616,000;PZA;383616,000;PZA;0,01;3682,71;589,23;4271,94;Factura;Contado;20260210;USD;NA;;GV ClReg. Proy. PET;GLISNEIDY ISABEL FARFAR;00-0152887;1302007771;Long Finish;Transparente;44 gr.;G;6352680,960;TO;6,353;Carbonatadas;PP-Preforma;PREFORMAS;0,00000;02;2026;0,01;3682,71;589,23;4271,94;SOFT DRINKS COMPANY,;70000837;Precio Base General;;0010002882;17;01;X;20.02.2026 - 22:05:28;;;00100095;1300
SOFT DRINKS COMPANY, C.A.;Manufactura;Fact. Nac. Proy. PET;8000020734;Preformas;Venta Directa;20260210;Zona Centro;3000;PREFORMAS 16,56GR CR-8828F MAQ SOFT DRI;383616,000;PZA;383616,000;PZA;0,01;3682,71;589,23;4271,94;Factura;Contado;20260210;USD;NA;;GV ClReg. Proy. PET;GLISNEIDY ISABEL FARFAR;00-0152890;1302007771;Long Finish;Transparente;44 gr.;G;6352680,960;TO;6,353;Carbonatadas;PP-Preforma;PREFORMAS;0,00000;02;2026;0,01;3682,71;589,23;4271,94;SOFT DRINKS COMPANY,;70000837;Precio Base General;;0010002882;17;01;X;20.02.2026 - 22:05:28;;;00100095;1300
SOFT DRINKS COMPANY, C.A.;Manufactura;Fact. Nac. Proy. PET;8000020752;Preformas;Venta Directa;20260210;Zona Centro;3000;PREFORMAS 16,56GR CR-8828F MAQ SOFT DRI;255069,79;PZA;276056,01;PZA;0,01;1985,58;401,68;3011,51;Factura;Contado;20260210;USD;NA;;GV ClReg. Proy. PET;GLISNEIDY ISABEL FARFAR;00-0152908;1302007771;Long Finish;Transparente;44 gr.;G;4235120,640;TO;4,235;Carbonatadas;PP-Preforma;PREFORMAS;0,00000;02;2026;0,01;2317,83;360,98;3384,07;SOFT DRINKS COMPANY,;70000837;Precio Base General;;0010002882;17;01;X;20.02.2026 - 22:05:28;;;00100095;1300
SOFT DRINKS COMPANY, C.A.;Manufactura;Fact. Nac. Proy. PET;8000020753;Preformas;Venta Directa;20260210;Zona Centro;3000;PREF TRANSP 38,05 MAQ SOFT DRI CR-8828;62784,000;PZA;62784,000;PZA;0,02;1381,25;221,00;1602,25;Factura;Contado;20260210;USD;NA;;GV ClReg. Proy. PET;GLISNEIDY ISABEL FARFAR;00-0152909;1302007773;Long Finish;Transparente;44 gr.;G;2388931,200;TO;2,389;Carbonatadas;PP-Preforma;PREFORMAS;0,00000;02;2026;0,02;1381,25;221,00;1602,25;SOFT DRINKS COMPANY,;70000762;Precio Base General;;0010002882;17;01;X;20.02.2026 - 22:05:28;;;00100095;1300
SOFT DRINKS COMPANY, C.A.;Manufactura;Fact. Nac. Proy. PET;8000020776;Preformas;Venta Directa;20260213;Zona Centro;3000;PREF TRANSP 38,05 MAQ SOFT DRI CR-8828;184953,14;PZA;196176,10;PZA;0,02;4639,87;531,66;4091,91;Factura;Contado;20260213;USD;NA;;GV ClReg. Proy. PET;GLISNEIDY ISABEL FARFAR;00-0152934;1302007773;Long Finish;Transparente;44 gr.;G;7166793,600;TO;7,167;Carbonatadas;PP-Preforma;PREFORMAS;0,00000;02;2026;0,02;3370,53;627,85;4787,54;SOFT DRINKS COMPANY,;70000762;Precio Base General;;0010002882;17;01;X;20.02.2026 - 22:05:28;;;00100095;1300
SOFT DRINKS COMPANY, C.A.;Manufactura;Fact. Nac. Proy. PET;8000020780;Preformas;Venta Directa;20260218;Zona Centro;3000;PREF TRANSP 38,05 MAQ SOFT DRI CR-8828;188352,000;PZA;188352,000;PZA;0,02;4143,74;663,00;4806,74;Factura;Contado;20260218;USD;NA;;GV ClReg. Proy. PET;GLISNEIDY ISABEL FARFAR;00-0152938;1302007773;Long Finish;Transparente;44 gr.;G;7166793,600;TO;7,167;Carbonatadas;PP-Preforma;PREFORMAS;0,00000;02;2026;0,02;4143,74;663,00;4806,74;SOFT DRINKS COMPANY,;70000762;Precio Base General;;0010002882;17;01;X;20.02.2026 - 22:05:28;;;00100095;1300
SOFT DRINKS COMPANY, C.A.;Manufactura;Fact. Nac. Proy. PET;8000020786;Preformas;Venta Directa;20260219;Zona Centro;3000;PREF TRANSP 38,05 MAQ SOFT DRI CR-8828;188352,000;PZA;188352,000;PZA;0,02;4143,74;663,00;4806,74;Factura;Contado;20260219;USD;NA;;GV ClReg. Proy. PET;GLISNEIDY ISABEL FARFAR;00-0152944;1302007773;Long Finish;Transparente;44 gr.;G;7166793,600;TO;7,167;Carbonatadas;PP-Preforma;PREFORMAS;0,00000;02;2026;0,02;4143,74;663,00;4806,74;SOFT DRINKS COMPANY,;70000762;Precio Base General;;0010002882;17;01;X;20.02.2026 - 22:05:28;;;00100095;1300
SOFT DRINKS COMPANY, C.A.;Manufactura;Fact. Nac. Proy. PET;8000020787;Preformas;Venta Directa;20260219;Zona Centro;3000;PREF TRANSP 38,05 MAQ SOFT DRI CR-8828;188352,000;PZA;188352,000;PZA;0,02;4143,74;663,00;4806,74;Factura;Contado;20260219;USD;NA;;GV ClReg. Proy. PET;GLISNEIDY ISABEL FARFAR;00-0152946;1302007773;Long Finish;Transparente;44 gr.;G;7166793,600;TO;7,167;Carbonatadas;PP-Preforma;PREFORMAS;0,00000;02;2026;0,02;4143,74;663,00;4806,74;SOFT DRINKS COMPANY,;70000762;Precio Base General;;0010002882;17;01;X;20.02.2026 - 22:05:28;;;00100095;1300
SOFT DRINKS COMPANY, C.A.;Manufactura;Fact. Nac. Proy. PET;8000020796;Preformas;Venta Directa;20260220;Zona Centro;3000;PREF TRANSP 38,05 MAQ SOFT DRI CR-8828;188352,000;PZA;188352,000;PZA;0,02;4143,74;663,00;4806,74;Factura;Contado;20260220;USD;NA;;GV ClReg. Proy. PET;GLISNEIDY ISABEL FARFAR;00-0152955;1302007773;Long Finish;Transparente;44 gr.;G;7166793,600;TO;7,167;Carbonatadas;PP-Preforma;PREFORMAS;0,00000;02;2026;0,02;4143,74;663,00;4806,74;SOFT DRINKS COMPANY,;70000762;Precio Base General;;0010002882;17;01;X;20.02.2026 - 22:05:28;;;00100095;1300
INVERSIONES LICORES VENEZUELA 2019,;Manufactura;Fact. Nac. Proy. PET;8000020751;Botellas;Venta Directa;20260210;Zona Centro;3000;BOTELLAS LICOR 0,350 L (23);18,000;PAL;85536,000;PZA;229094,40;4123699,11;659791,86;4783490,97;Factura;Contado;20260210;VED;NA;;GV ClReg. Proy. PET;GLISNEIDY ISABEL FARFAR;00-0152907;1302007776;Licores;Transparente;350 ml.;G;1967328,000;TO;1,967;Licores;PP-Botella;ENVASES PT;385,27200;02;2026;594,63;10703,34;1712,54;12415,88;(INVERSIONES LICORES;70000026;Precio Base General;;0010002994;17;01;X;20.02.2026 - 22:05:28;;;00100095;1300
INVERSIONES LICORES VENEZUELA 2019,;Manufactura;Fact. Nac. Proy. PET;8000020767;Material Embalaje;Venta Directa;20260211;Zona Centro;2003;SEPARADORES DE SOPLADO;485,000;PZA;485,000;PZA;1399,72;678864,20;108618,27;787482,47;Factura;Contado;20260211;VED;NA;;GV ClReg. Proy. PET;GLISNEIDY ISABEL FARFAR;00-0152925;1302007785;Material Embalaje;;;KG;1067,000;TO;1,067;Licores;Material Embalaje;MATERIAL EMBALAJE;388,73940;02;2026;3,60;1746,32;279,41;2025,73;(INVERSIONES LICORES;11001923;Precio Base General;;0010002994;17;01;X;20.02.2026 - 22:05:28;;;00100095;1300
INVERSIONES LICORES VENEZUELA 2019,;Manufactura;Fact. Nac. Proy. PET;8000020767;Material Embalaje;Venta Directa;20260211;Zona Centro;2003;PALETA DE SOPLADO 1,41x 1,11m;19,000;PZA;19,000;PZA;1399,72;26594,68;4255,15;30849,83;Factura;Contado;20260211;VED;NA;;GV ClReg. Proy. PET;GLISNEIDY ISABEL FARFAR;00-0152925;1302007785;Material Embalaje;;;KG;665,000;TO;0,665;Licores;Material Embalaje;MATERIAL EMBALAJE;388,73940;02;2026;3,60;68,41;10,95;79,36;(INVERSIONES LICORES;11001925;Precio Base General;;0010002994;17;01;X;20.02.2026 - 22:05:28;;;00100095;1300
GLENNIS YOLANIS PEREZ PEREZ;Manufactura;Fact. Nac. Ampo.;7000012153;Desperdicio;Venta Directa;20260205;Zona Centro;2006;DESPERDICIO ENVASES TRANSPARENTES (SM);185,600;KG;185,600;KG;128,68;23883,01;3821,28;27704,29;Factura;Contado;20260205;VED;NA;;GV ClReg. Ampofr.;OFICINA AMPOFRASCA;00-056697;1202009397;Desperdicios;;;KG;185,600;TO;0,186;Transporte;Desperdicio;BOTELLAS GASEOSAS;378,45820;02;2026;0,34;63,11;10,10;73,20;GLENNIS YOLANIS;30000681;Precio Base General;;0010003052;17;01;X;20.02.2026 - 22:05:28;;;00120002;1200
GLENNIS YOLANIS PEREZ PEREZ;Manufactura;Fact. Nac. Ampo.;7000012179;Desperdicio;Venta Directa;20260213;Zona Centro;2006;DESPERDICIO ENVASES PET TRANSPARENTE;1460,500;KG;1460,500;KG;133,69;195254,25;31240,68;226494,93;Factura;Contado;20260213;VED;NA;;GV ClReg. Ampofr.;OFICINA AMPOFRASCA;00-056730;1202009411;Desperdicios;;;KG;1460,500;TO;1,461;Transporte;Desperdicio;BOTELLAS GASEOSAS;393,22160;02;2026;0,34;496,55;79,45;576,00;GLENNIS YOLANIS;30000003;Precio Base General;;0010003052;17;01;X;20.02.2026 - 22:05:28;;;00120002;1200
GLENNIS YOLANIS PEREZ PEREZ;Manufactura;Fact. Nac. Ampo.;7000012179;Desperdicio;Venta Directa;20260213;Zona Centro;2006;DESPERDICIO ENVASES TRANSPARENTES (SM);324,04;KG;347,16;KG;138,88;44057,01;6440,66;46776,05;Factura;Contado;20260213;VED;NA;;GV ClReg. Ampofr.;OFICINA AMPOFRASCA;00-056730;1202009411;Desperdicios;;;KG;324,000;TO;0,324;Transporte;Desperdicio;BOTELLAS GASEOSAS;393,22160;02;2026;0,35;121,35;17,76;117,15;GLENNIS YOLANIS;30000681;Precio Base General;;0010003052;17;01;X;20.02.2026 - 22:05:28;;;00120002;1200
GLENNIS YOLANIS PEREZ PEREZ;Manufactura;Fact. Nac. Proy. PET;8000020667;Desperdicio;Venta Directa;20260205;Zona Centro;2006;DESPERDICIO BOTELLA DE COLOR;469,800;KG;469,800;KG;128,68;60453,86;9672,61;70126,47;Factura;Contado;20260205;VED;NA;;GV ClReg. Proy. PET;OFICINA PROYECTOS PET;00-0152820;1302007768;Desperdicios;;;KG;469,800;TO;0,470;Transporte;Desperdicio;BOTELLAS GASEOSAS;378,45820;02;2026;0,34;159,74;25,56;185,30;GLENNIS YOLANIS;30000012;Precio Base General;;0010003052;17;01;X;20.02.2026 - 22:05:28;;;00130005;1300
GLENNIS YOLANIS PEREZ PEREZ;Manufactura;Fact. Nac. Proy. PET;8000020779;Desperdicio;Venta Directa;20260213;Zona Centro;2006;DESPERDICIO DE TAPAS;265,500;KG;265,500;KG;123,64;32826,42;5252,23;38078,65;Factura;Contado;20260213;VED;NA;;GV ClReg. Proy. PET;OFICINA PROYECTOS PET;00-0152937;1302007787;Desperdicios;;;KG;265,500;TO;0,266;Transporte;Desperdicio;POLIETILENO;393,22160;02;2026;0,31;83,48;13,36;96,84;GLENNIS YOLANIS;30000059;Precio Base General;;0010003052;17;01;X;20.02.2026 - 22:05:28;;;00130005;1300
GLENNIS YOLANIS PEREZ PEREZ;Manufactura;Fact. Nac. Proy. PET;8000020779;Desperdicio;Venta Directa;20260213;Zona Centro;2006;DESPERDICIO BOTELLA DE COLOR;465,500;KG;465,500;KG;128,68;59900,54;9584,08;69484,62;Factura;Contado;20260213;VED;NA;;GV ClReg. Proy. PET;OFICINA PROYECTOS PET;00-0152937;1302007787;Desperdicios;;;KG;465,500;TO;0,466;Transporte;Desperdicio;BOTELLAS GASEOSAS;393,22160;02;2026;0,33;152,33;24,37;176,71;GLENNIS YOLANIS;30000012;Precio Base General;;0010003052;17;01;X;20.02.2026 - 22:05:28;;;00130005;1300
GLENNIS YOLANIS PEREZ PEREZ;Manufactura;Fact. Nac. Proy. PET;8000020779;Desperdicio;Venta Directa;20260213;Zona Centro;2006;BOLSAS PLASTICAS TIPO D.;263,000;KG;263,000;KG;11,35;2985,05;477,61;3462,66;Factura;Contado;20260213;VED;NA;;GV ClReg. Proy. PET;OFICINA PROYECTOS PET;00-0152937;1302007787;Desperdicios;;;KG;263,000;TO;0,263;Transporte;Desperdicio;MATERIAL EMBALAJE;393,22160;02;2026;0,03;7,59;1,21;8,81;GLENNIS YOLANIS;30000068;Precio Base General;;0010003052;17;01;X;20.02.2026 - 22:05:28;;;00130005;1300
GLENNIS YOLANIS PEREZ PEREZ;Manufactura;Fact. Nac. Proy. PET;8000020779;Desperdicio;Venta Directa;20260213;Zona Centro;2006;DESPERDICIO PURGA DE TAPAS;58,500;KG;58,500;KG;31,46;1840,41;294,47;2134,88;Factura;Contado;20260213;VED;NA;;GV ClReg. Proy. PET;OFICINA PROYECTOS PET;00-0152937;1302007787;Desperdicios;;;KG;58,500;TO;0,059;Transporte;Desperdicio;MATERIA PRIMA SP;393,22160;02;2026;0,08;4,68;0,75;5,43;GLENNIS YOLANIS;30000037;Precio Base General;;0010003052;17;01;X;20.02.2026 - 22:05:28;;;00130005;1300
GLENNIS YOLANIS PEREZ PEREZ;Manufactura;N/D Nac. Proy. PET;8400000510;Desperdicio;Venta Directa;20260219;Zona Centro;2006;BOLSAS PLASTICAS TIPO D.;0,000;;0,000;;0,00;5121,25;819,40;5940,65;Nota de cargo;Contado;20260219;VED;NA;;GV ClReg. Proy. PET;OFICINA PROYECTOS PET;00-0152945;1314000564;Desperdicios;;;KG;0,000;TO;0,000;Transporte;Desperdicio;MATERIAL EMBALAJE;398,74560;02;2026;0,00;12,84;2,05;14,90;GLENNIS YOLANIS;30000068;Precio Base General;;0010003052;17;01;X;20.02.2026 - 22:05:28;Z13;Diferencia De Precios Mercadeo;00130005;1300
GLOBAL IMPORT PLAST, C.A.;Manufactura;Fact. Nac. Ampo.;7000012150;Inyecto Soplado;Venta Directa;20260205;Zona Centro;3000;ENVASE PET MAYONESA 500 ML MAQUILA;44352,000;PZA;44352,000;PZA;0,09;3814,27;610,28;4424,55;Factura;Contado;20260205;USD;NA;;GV ClReg. Ampofr.;;00-056694;1202009382;Especias;Transparente;200 gr.;G;1130976,000;TO;1,131;Alimentos;AM-Especias;ENVASES PT;0,00000;02;2026;0,09;3814,27;610,28;4424,55;;70000835;Precio Base General;;0010003630;17;01;X;20.02.2026 - 22:05:28;;;00000000;1200
GLOBAL IMPORT PLAST, C.A.;Manufactura;Fact. Nac. Ampo.;7000012174;Inyecto Soplado;Venta Directa;20260212;Zona Centro;3000;ENVASE PET MAYONESA 500 ML MAQUILA;44352,000;PZA;44352,000;PZA;0,09;3814,27;610,28;4424,55;Factura;Contado;20260212;USD;NA;;GV ClReg. Ampofr.;;00-056725;1202009382;Especias;Transparente;200 gr.;G;1130976,000;TO;1,131;Alimentos;AM-Especias;ENVASES PT;0,00000;02;2026;0,09;3814,27;610,28;4424,55;;70000835;Precio Base General;;0010003630;17;01;X;20.02.2026 - 22:05:28;;;00000000;1200
GLOBAL IMPORT PLAST, C.A.;Manufactura;Fact. Nac. Proy. PET;8000020644;Preformas;Venta Directa;20260204;Zona Centro;3000;PREFORMAS TRANSPARENTE 17,82 G MAQUILA;65880,000;PZA;65880,000;PZA;0,01;704,92;112,79;817,71;Factura;Contado;20260204;USD;NA;;GV ClReg. Proy. PET;GLISNEIDY ISABEL FARFAR;00-0152796;1302007751;Long Finish;;;G;1173981,600;TO;1,174;Alimentos;PP-Preforma;PREFORMAS;0,00000;02;2026;0,01;704,92;112,79;817,71;;70000780;Precio Base General;;0010003630;17;01;X;20.02.2026 - 22:05:28;;;00100095;1300
GLOBAL IMPORT PLAST, C.A.;Manufactura;Fact. Nac. Proy. PET;8000020774;Preformas;Venta Directa;20260212;Zona Centro;3000;PREFORMAS TRANSP 25,00 GR MAQ GLOBAL IMP;272000,000;PZA;272000,000;PZA;0,02;4542,40;726,78;5269,18;Factura;Contado;20260212;USD;NA;;GV ClReg. Proy. PET;GLISNEIDY ISABEL FARFAR;00-0152932;1302007784;Long Finish;Transparente;44 gr.;G;6800000,000;TO;6,800;Alimentos;PP-Preforma;PREFORMAS;0,00000;02;2026;0,02;4542,40;726,78;5269,18;;70000843;Precio Base General;;0010003630;17;01;X;20.02.2026 - 22:05:28;;;00100095;1300
INVERSIONES VAINYVIC, C.A;Manufactura;Fact. Nac. Ampo.;7000012147;Inyecto Soplado;Venta Directa;20260204;Zona Centro;3000;Envase ADEREZOS 200ml (17,82)Gr;10080,000;PZA;10080,000;PZA;51,86;522746,38;83639,42;606385,80;Factura;Contado;20260204;VED;NA;;GV ClReg. Ampofr.;HORACIO HERNANDEZ;00-056691;1202009385;Cosmetica Cilindrica;Transparente;200 ml.;G;179625,600;TO;0,180;Alimentos;AM-Env. Plásticos;ENVASES PT;375,08250;02;2026;0,14;1393,68;222,99;1616,67;;70000465;Precio Base General;;0010003646;17;;N;20.02.2026 - 22:05:28;;;00120003;1200
LUIS FABIAN SANCHEZ CALDERON;Manufactura;Fact. Nac. Ampo.;7000012140;Inyecto Soplado;Venta Directa;20260203;Zona Andina;3000;ENVASE PET TRANSP ESPECIAS 200 G;1290,14;PZA;1372,83;PZA;0,26;321,82;62,85;381,45;Factura;Contado;20260203;USD;NA;;GV ClReg. Ampofr.;GLISNEIDY ISABEL FARFAR;00-056684;1202009384;Especias;Transparente;200 gr.;G;25852,500;TO;0,026;Alimentos;AM-Especias;ENVASES PT;0,00000;02;2026;0,30;321,33;65,94;537,53;;70000082;Precio Base General;;0010003684;17;01;X;20.02.2026 - 22:05:28;;;00100095;1200
LUIS FABIAN SANCHEZ CALDERON;Manufactura;Fact. Nac. Ampo.;7000012140;Inyección Liviana;Venta Directa;20260203;Zona Andina;3000;TAPA FLIP TOP ESPECIAS 5 ORIFICIO BLANCA;2000,000;PZA;2000,000;PZA;0,20;400,00;64,00;464,00;Factura;Contado;20260203;USD;NA;;GV ClReg. Ampofr.;GLISNEIDY ISABEL FARFAR;00-056684;1202009384;Tapa Especie;Blanco;42 gr.;G;13980,000;TO;0,014;Alimentos;AM-Tapas Ampofrasca;TAPAS;0,00000;02;2026;0,20;400,00;64,00;464,00;;70000784;Precio Base General;;0010003684;17;01;X;20.02.2026 - 22:05:28;;;00100095;1200
PROYECTOS PET, C.A.;Intercompañias;Fact. Interc. Ampof.;7000012163;Inyecto Soplado;Intercompañía;20260210;Zona Centro;2005;CILINDRICO PCO 28mm 400ml (23,00Gr)Ecomm;980,000;PZA;980,000;PZA;22,49;22038,63;3526,18;25564,81;Facturación interna;Contado;20260210;VED;NA;;;;00-056710;4600000536;Cosmetica Cilindrica;Transparente;200 ml.;G;22540,000;TO;0,023;Intercompañia;PP-Botella;ENVASES PT;385,27200;02;2026;0,06;57,20;9,15;66,36;INTERCOMPAÑIA;70000505;Intercompañías;;0040000003;14;01;X;20.02.2026 - 22:05:28;;;00000000;1200
PHARSANA DE VENEZUELA, C. A.;Intercompañias;Fact. Nac. Ampo.;7000012149;Inyección Liviana;Venta Directa;20260205;Zona Centro;3000;TAPA PUSH&PULL AMARILLO (PH);18000,000;PZA;18000,000;PZA;11,28;203004,00;32480,64;235484,64;Factura;Crédito 07 Días;20260212;VED;NA;;GV ClReg. Ampofr.;GLISNEIDY ISABEL FARFAR;00-056693;1202009394;Tapas Push & Pull;Amarillo;Vacío;G;83160,000;TO;0,083;Intercompañia;AM-Tapas Ampofrasca;TAPAS;378,45820;02;2026;0,03;536,40;85,82;622,22;INTERCOMPAÑIA SD;70000424;Intercompañías;Cosmetica;0041000000;14;01;X;20.02.2026 - 22:05:28;;;00100095;1200
PHARSANA DE VENEZUELA, C. A.;Intercompañias;N/C Dev. Nac. Ampo.;7200000781;Inyecto Soplado;Venta Directa;20260211;Zona Centro;3004;ENVASE PET BLANCO COSMETIC OVAL 200 (PH);-9000,000;PZA;-9000,000;PZA;-98,55;-886971,60;-141915,46;-1028887,06;Abono;Crédito 07 Días;20260218;VED;NA;;GV ClReg. Ampofr.;GLISNEIDY ISABEL FARFAR;00-056724;1206000340;Cosmetica Oval;Blanco;100 ml.;G;-219150,000;TO;-0,219;Intercompañia;AM-Cosmética;ENVASES PT;388,73940;02;2026;-0,25;-2281,66;-365,07;-2646,73;INTERCOMPAÑIA SD;70000351;Intercompañías;Cosmetica;0041000000;14;01;X;20.02.2026 - 22:05:28;101;schlechte Qualität;00100095;1200
AMPOLLAS Y FRASCOS VENEZOLANOS, C.A.;Intercompañias;Fact. Mu. Ampo.;7000012159;Inyecto Soplado;Muestra;20260209;Zona Centro;3000;ENVASE LIMPIEZA 500ml  (27,90gr);80,000;PZA;80,000;PZA;12,81;1024,72;163,96;1188,68;Factura;Contado;20260209;VED;NA;;GV ClReg. Ampofr.;;00-056705;1205000146;Limpiadores;;;G;2232,000;TO;0,002;Intercompañia;AM-Env. Plásticos;ENVASES PT;382,63180;02;2026;0,03;2,68;0,43;3,11;INTERCOMPAÑIA SD;70000536;Intercompañías;;0041000002;14;01;X;20.02.2026 - 22:05:28;;;00000000;1200
AMPOLLAS Y FRASCOS VENEZOLANOS, C.A.;Intercompañias;Fact. Mu. Ampo.;7000012159;Inyecto Soplado;Muestra;20260209;Zona Centro;3000;Envase ADEREZOS 275ml (23,00)Gr;108,000;PZA;108,000;PZA;6,99;755,03;120,80;875,83;Factura;Contado;20260209;VED;NA;;GV ClReg. Ampofr.;;00-056705;1205000146;Cosmetica Cilindrica;Transparente;200 ml.;G;2484,000;TO;0,002;Intercompañia;AM-Env. Plásticos;ENVASES PT;382,63180;02;2026;0,02;1,97;0,32;2,29;INTERCOMPAÑIA SD;70000467;Intercompañías;;0041000002;14;01;X;20.02.2026 - 22:05:28;;;00000000;1200
AMPOLLAS Y FRASCOS VENEZOLANOS, C.A.;Intercompañias;Fact. Mu. Ampo.;7000012159;Inyecto Soplado;Muestra;20260209;Zona Centro;3000;ENVASE MULTIUSOS 828ml  (23g);126,000;PZA;126,000;PZA;20,44;2575,94;412,15;2988,09;Factura;Contado;20260209;VED;NA;;GV ClReg. Ampofr.;;00-056705;1205000146;Jugos;Transparente;500 ml.;G;2898,000;TO;0,003;Intercompañia;PP-Botella;ENVASES PT;382,63180;02;2026;0,05;6,73;1,08;7,81;INTERCOMPAÑIA SD;70000808;Intercompañías;;0041000002;14;01;X;20.02.2026 - 22:05:28;;;00000000;1200
AMPOLLAS Y FRASCOS VENEZOLANOS, C.A.;Intercompañias;Fact. Nac. Proy. PET;8000020716;Preformas;Venta Directa;20260209;Zona Centro;3000;PREFORMAS TRANSPARENTE 17,82GRS;115940,18;PZA;110549,83;PZA;10,21;1118153,35;212855,22;1359786,77;Factura;Contado;20260209;VED;NA;;GV ClReg. Proy. PET;;00-0152871;1302007772;Long Finish;;;G;2135762,640;TO;2,136;Intercompañia;PP-Preforma;PREFORMAS;382,63180;02;2026;0,03;3021,03;500,56;4644,32;INTERCOMPAÑIA SD;70000255;Intercompañías;;0041000002;14;01;X;20.02.2026 - 22:05:28;;;00000000;1300
PROYECTOS PET, C.A.;Intercompañias;Fact. Mu. Proy.PET;8000020712;Inyecto Soplado;Muestra;20260209;Zona Centro;3009;ENVASE MULTIUSOS 1000ml  (27,90gr) Ecomm;48,000;PZA;48,000;PZA;3,20;153,81;24,60;178,41;Factura;Contado;20260209;VED;NA;;GV ClReg. Proy. PET;;00-0152867;1305000058;Tapa Especie;Blanco;42 gr.;G;1339,200;TO;0,001;Intercompañia;AM-Tapas Ampofrasca;ENVASES PT;382,63180;02;2026;0,01;0,40;0,06;0,47;INTERCOMPAÑIA SD;70000540;Intercompañías;;0041000003;14;01;X;20.02.2026 - 22:05:28;;;00000000;1300
PROYECTOS PET, C.A.;Intercompañias;Fact. Mu. Proy.PET;8000020712;Inyecto Soplado;Muestra;20260209;Zona Centro;3009;ENVASE MULTIUSOS 500ml  (17.82Gr)Ecomm;48,000;PZA;48,000;PZA;2,48;119,12;19,06;138,18;Factura;Contado;20260209;VED;NA;;GV ClReg. Proy. PET;;00-0152867;1305000058;Jugos;Transparente;500 ml.;G;855,360;TO;0,001;Intercompañia;PP-Botella;ENVASES PT;382,63180;02;2026;0,01;0,31;0,05;0,36;INTERCOMPAÑIA SD;70000506;Intercompañías;;0041000003;14;01;X;20.02.2026 - 22:05:28;;;00000000;1300
PROYECTOS PET, C.A.;Intercompañias;Fact. Mu. Proy.PET;8000020712;Inyecto Soplado;Muestra;20260209;Zona Centro;3009;Envase ADEREZOS 200ml (17,82Gr) Ecomm;43,49;PZA;46,91;PZA;0,27;9,48;1,70;10,73;Factura;Contado;20260209;VED;NA;;GV ClReg. Proy. PET;;00-0152867;1305000058;Cosmetica Cilindrica;Transparente;200 ml.;G;855,360;TO;0,001;Intercompañia;PP-Botella;ENVASES PT;382,63180;02;2026;0,00;0,03;0,00;0,03;INTERCOMPAÑIA SD;70000500;Intercompañías;;0041000003;14;01;X;20.02.2026 - 22:05:28;;;00000000;1300
PROYECTOS PET, C.A.;Intercompañias;Fact. Mu. Proy.PET;8000020712;Tapas PT;Muestra;20260209;Zona Centro;3009;TAPA PCO 28MM 1810 BLANCA ECOMMERCE;100,000;PZA;100,000;PZA;0,96;96,10;15,38;111,48;Factura;Contado;20260209;VED;NA;;GV ClReg. Proy. PET;;00-0152867;1305000058;Tapas S/Impresión;Blanco;28 mm. 1810;G;310,000;TO;0,000;Intercompañia;PP-Tap. Long Finish;TAPAS;382,63180;02;2026;0,00;0,25;0,04;0,29;INTERCOMPAÑIA SD;70000562;Intercompañías;;0041000003;14;01;X;20.02.2026 - 22:05:28;;;00000000;1300
PROYECTOS PET, C.A.;Intercompañias;Fact. Mu. Proy.PET;8000020758;Inyecto Soplado;Muestra;20260211;Zona Centro;3009;ENVASE PET SALSA INGLESA 300 ML(Ecomm);48,000;PZA;48,000;PZA;0,30;14,35;2,30;16,65;Factura;Contado;20260211;VED;NA;;GV ClReg. Proy. PET;;00-0152914;1305000060;Especias;Transparente;200 gr.;G;1104,000;TO;0,001;Intercompañia;AM-Salsas;ENVASES PT;388,73940;02;2026;0,00;0,04;0,01;0,04;INTERCOMPAÑIA SD;70000488;Intercompañías;;0041000003;14;01;X;20.02.2026 - 22:05:28;;;00000000;1300
Gregory Torres;Cliente de Internet;Fact. Vta EComm PET;8000020732;Inyecto Soplado;Ventas por Internet;20260210;Zona Centro;3009;CILINDRICO PCO 28mm 400ml (23,00Gr)Ecomm;980,000;PZA;980,000;PZA;124,72;122222,66;19555,63;141778,29;Factura;Prepagado;20260210;VED;NA;;Clientes de Internet;;00-0152888;1360001812;Cosmetica Cilindrica;Transparente;200 ml.;G;22540,000;TO;0,023;Esporádico;AM-Env. Plásticos;ENVASES PT;385,27200;02;2026;0,32;317,24;50,76;368,00;;70000505;Internet;;0099000001;22;;N;20.02.2026 - 22:05:28;;;00000000;1300
Tralofarma, C.A.;Cliente de Internet;Fact. Vta EComm PET;8000020733;Inyecto Soplado;Ventas por Internet;20260210;Zona Centro;3009;ENV.PET BCO COSMETIC OVAL 100 ML(Ecomm);473,07;PZA;470,91;PZA;75,62;33097,31;5475,48;35197,07;Factura;Prepagado;20260210;VED;NA;;Clientes de Internet;;00-0152889;1360001813;Cosmetica Oval;Blanco;200 ml.;G;7605,000;TO;0,008;Esporádico;AM-Cosmética;ENVASES PT;385,27200;02;2026;0,18;75,10;14,73;101,91;;70000551;Internet;;0099000001;22;;N;20.02.2026 - 22:05:28;;;00000000;1300
Vaithyera Sandia M.;Cliente de Internet;Fact. Vta EComm PET;8000020761;Inyecto Soplado;Ventas por Internet;20260211;Zona Centro;3009;BOTELLAS LICOR 0,350 L (48 Und) Ecomm;96,000;PZA;96,000;PZA;119,63;11484,44;1837,51;13321,95;Factura;Prepagado;20260211;VED;NA;;Clientes de Internet;;00-0152918;1360001814;Licores;Transparente;350 ml.;G;2208,000;TO;0,002;Esporádico;PP-Botella;BOTELLAS GASEOSAS;388,73940;02;2026;0,31;29,54;4,73;34,27;;70000525;Internet;;0099000001;22;;N;20.02.2026 - 22:05:28;;;00000000;1300
LA CARACOLA LLC, C.A;Cliente de Internet;Fact. Vta EComm PET;8000020762;Inyecto Soplado;Ventas por Internet;20260211;Zona Centro;3009;ENV.PET TRA COSMETIC 200ML SENSITIVE(Eco;144,000;PZA;144,000;PZA;174,87;25181,86;4029,10;29210,96;Factura;Prepagado;20260211;VED;NA;;Clientes de Internet;;00-0152919;1360001815;Cosmetica Sensitive;Transparente;200 ml.;G;3204,000;TO;0,003;Esporádico;AM-Env. Plásticos;ENVASES PT;388,73940;02;2026;0,45;64,78;10,36;75,14;;70000552;Internet;;0099000001;22;;N;20.02.2026 - 22:05:28;;;00000000;1300
LA CARACOLA LLC, C.A;Cliente de Internet;Fact. Vta EComm PET;8000020768;Inyecto Soplado;Ventas por Internet;20260212;Zona Centro;3009;ENV.PET TRA COSMETIC 200ML SENSITIVE(Eco;177,000;PZA;177,000;PZA;175,16;31003,03;4960,48;35963,51;Factura;Prepagado;20260212;VED;NA;;Clientes de Internet;;00-0152926;1360001817;Cosmetica Sensitive;Transparente;200 ml.;G;3938,250;TO;0,004;Esporádico;AM-Env. Plásticos;ENVASES PT;390,29440;02;2026;0,45;79,43;12,71;92,14;;70000552;Internet;;0099000001;22;;N;20.02.2026 - 22:05:28;;;00000000;1300
ANABEL OLIVERO;Cliente de Internet;Fact. Vta EComm PET;8000020769;Inyecto Soplado;Ventas por Internet;20260212;Zona Centro;3009;FARMACEUTICO AMBAR 240cc (Ecomm);112,000;PZA;112,000;PZA;137,52;15401,85;2464,30;17866,15;Factura;Prepagado;20260212;VED;NA;;Clientes de Internet;;00-0152927;1360001818;Farma S/Impresión;Ambar;60 ml.;G;2567,040;TO;0,003;Esporádico;AM-Farma;ENVASES PT;390,29440;02;2026;0,35;39,46;6,31;45,78;;70000497;Internet;;0099000001;22;;N;20.02.2026 - 22:05:28;;;00000000;1300
 PROALIHERMO, C.A;Cliente de Internet;Fact. Vta EComm PET;8000020775;Inyecto Soplado;Ventas por Internet;20260213;Zona Centro;3009;ESPECIAS 200 Gr. (Ecomm);135,000;PZA;135,000;PZA;115,18;15548,74;2487,80;18036,54;Factura;Prepagado;20260213;VED;NA;;Clientes de Internet;;00-0152933;1360001819;Especias;Transparente;200 gr.;G;2585,250;TO;0,003;Esporádico;AM-Especias;ENVASES PT;393,22160;02;2026;0,29;39,54;6,33;45,87;;70000499;Internet;;0099000001;22;;N;20.02.2026 - 22:05:28;;;00000000;1300
YORDY ARGENIS PAREDES;Cliente de Internet;Fact. Vta EComm PET;8000020783;Tapas PT;Ventas por Internet;20260218;Zona Centro;3009;TAPA PUSH&PULL AZUL (Ecomm);350,000;PZA;350,000;PZA;17,57;6149,89;983,98;7133,87;Factura;Prepagado;20260218;VED;NA;;Clientes de Internet;;00-0152941;1360001820;Tapas Push & Pull;;;G;1575,000;TO;0,002;Esporádico;PP-Tap. Long Finish;TAPAS;396,36740;02;2026;0,04;15,52;2,48;18,00;;70000485;Internet;;0099000001;22;;N;20.02.2026 - 22:05:28;;;00000000;1300
YORDY ARGENIS PAREDES;Cliente de Internet;Fact. Vta EComm PET;8000020783;Inyecto Soplado;Ventas por Internet;20260218;Zona Centro;3009;ENV.PET TRANSP COSMETIC OVAL 100 ML(Ecom;351,000;PZA;351,000;PZA;101,05;35468,83;5675,02;41143,85;Factura;Prepagado;20260218;VED;NA;;Clientes de Internet;;00-0152941;1360001820;Cosmetica Oval;Transparente;100 ml.;G;5616,000;TO;0,006;Esporádico;AM-Cosmética;ENVASES PT;396,36740;02;2026;0,25;89,48;14,32;103,80;;70000480;Internet;;0099000001;22;;N;20.02.2026 - 22:05:28;;;00000000;1300
MIGUEL GUTIERREZ;Cliente de Internet;Fact. Vta EComm PET;8000020794;Inyecto Soplado;Ventas por Internet;20260219;Zona Centro;3009;FARMACEUTICO AMBAR 240cc (Ecomm);224,000;PZA;224,000;PZA;140,21;31408,15;5025,30;36433,45;Factura;Prepagado;20260219;VED;NA;;Clientes de Internet;;00-0152953;1360001821;Farma S/Impresión;Ambar;60 ml.;G;5134,080;TO;0,005;Esporádico;AM-Farma;ENVASES PT;398,74560;02;2026;0,35;78,77;12,60;91,37;;70000497;Internet;;0099000001;22;;N;20.02.2026 - 22:05:28;;;00000000;1300
YORDY ARGENIS PAREDES;Cliente de Internet;Fact. Vta EComm PET;8000020795;Inyecto Soplado;Ventas por Internet;20260220;Zona Centro;3009;ENV.PET TRANSP COSMETIC OVAL 200 ML(Ecom;120,000;PZA;120,000;PZA;142,29;17075,19;2732,03;19807,22;Factura;Prepagado;20260220;VED;NA;;Clientes de Internet;;00-0152954;1360001822;Cosmetica Oval;Transparente;100 ml.;G;2844,000;TO;0,003;Esporádico;AM-Cosmética;ENVASES PT;402,33430;02;2026;0,35;42,44;6,79;49,23;;70000479;Internet;;0099000001;22;;N;20.02.2026 - 22:05:28;;;00000000;1300
LA CARACOLA LLC, C.A;Cliente de Internet;N/C Dev.Nac ECom PET;8200001957;Inyecto Soplado;Ventas por Internet;20260211;Zona Centro;3009;ENV.PET TRA COSMETIC 200ML SENSITIVE(Eco;-144,000;PZA;-144,000;PZA;-174,87;-25181,86;-4029,10;-29210,96;Abono;Prepagado;20260211;VED;NA;;Clientes de Internet;;00-0152920;1361000044;Cosmetica Sensitive;Transparente;200 ml.;G;-3204,000;TO;-0,003;Esporádico;AM-Env. Plásticos;ENVASES PT;388,73940;02;2026;-0,45;-64,78;-10,36;-75,14;;70000552;Internet;;0099000001;22;;N;20.02.2026 - 22:05:28;Z02;Reverso Total De Factura;00000000;1300
CERVECERIA POLAR, C.A;Embotelladoras;Fact. Nac. Proy. PET;8000432867;Servicios;Venta Directa;20260209;Zona Metropolitana;;FLETE POR VIAJE CORTINERO;1,000;SER;1,000;SER;364,44;266,78;0,00;263,45;Factura;Crédito 15 Días;20260226;USD;NA;;GV ClReg. Proy. PET;OFICINA PROYECTOS PET;00-0152786;1302007759;Servicios Administrat.;;;KG;0,000;TO;0,000;Alimentos;Fletes;FLETE PROD TERMINADO;0,00000;02;2026;233,48;327,75;0,00;289,95;;91000036;Precio Base General;;0010001106;17;;N;20.02.2026 - 22:05:28;;;00130005;1300
GUSTAVO JOSE PINTO RAMOS;Distribuidores Enf.;Fact. Nac. Ampo.;7000414216;Inyecto Soplado;Distribuidor;20260222;Zona Centro Occid.;3000;ENVASE PET AMBAR FARMA 180 ML;616,000;PZA;616,000;PZA;126,01;60265,80;8258,88;61008,54;Factura;Contado;20260216;VED;NA;;GV ClReg. Ampofr.;JORGE REYES;00-056700;1202009396;Farma S/Impresión;Ambar;180 ml.;G;14556,080;TO;0,015;Comercializadora;AM-Farma;ENVASES PT;381,10740;02;2026;0,18;139,04;28,36;141,01;GUSTAVO;70000058;Precio Base General;Distribuidor;0010001125;17;01;X;20.02.2026 - 22:05:28;;;00120005;1200
CONSORCIO OLEAGINOSO;Embotelladoras;Fact. Nac. Proy. PET;8000382910;Tapas PT;Venta Directa;20260228;Zona Centro Occid.;3000;TAPA PCO 28MM 1810 NATURAL 3,10G (3.500);432,000;CS;432,000;CS;51,55;27934,42;3033,58;31208,24;Factura;Crédito 07 Días;20260213;USD;NA;;GV ClReg. Proy. PET;HORACIO HERNANDEZ;00-0152797;1302007764;Tapas S/Impresión;Transparente;28 mm. 1810;G;4687200,000;TO;4,687;Aceites;PP-Tap. Long Finish;TAPAS;0,00000;02;2026;47,40;22340,12;4501,38;31222,56;COPOSA;70000403;Precio Base General;Aceite;0010001009;17;;N;20.02.2026 - 22:05:28;;;00120003;1300
CERVECERIA POLAR, C.A;Embotelladoras;Fact. Nac. Proy. PET;8000724529;Botellas;Venta Directa;20260213;Zona Metropolitana;3000;BOTELLAS  AMBAR  1,5L MALTIN POLAR 52Gr;20,000;PAL;25200,000;PZA;535,89;9847,80;1337,45;9955,23;Factura;Crédito 15 Días;20260305;USD;NA;;GV ClReg. Proy. PET;OFICINA PROYECTOS PET;00-0152775;1302007758;Carbonatada;;;G;1310400,000;TO;1,310;Alimentos;PP-Botella;BOTELLAS GASEOSAS;0,00000;02;2026;442,26;9962,67;1407,55;8367,50;;70000776;Precio Base General;;0010001106;17;;N;20.02.2026 - 22:05:28;;;00130005;1300
ENVASADOS H2O, C.A.;Embotelladoras;Fact. Nac. Proy. PET;8000319696;Preformas;Venta Directa;20260302;Zona Metropolitana;3000;PREFORMAS TRANSPARENTE 17,82GRS;137088,000;PZA;137088,000;PZA;0,05;7284,33;1425,04;7698,14;Factura;Contado;20260222;USD;NA;;GV ClReg. Proy. PET;GLISNEIDY ISABEL FARFAR;00-0152921;1302007781;Long Finish;;;G;2442908,160;TO;2,443;Agua;PP-Preforma;PREFORMAS;0,00000;02;2026;0,05;7798,31;1186,21;9131,05;H2O;70000255;Precio Base General;Agua;0010000964;17;01;X;20.02.2026 - 22:05:28;;;00100095;1300
GLOBAL IMPORT PLAST, C.A.;Manufactura;Fact. Nac. Proy. PET;8000554641;Preformas;Venta Directa;20260304;Zona Centro;3000;PREFORMAS TRANSPARENTE 17,82 G MAQUILA;65880,000;PZA;65880,000;PZA;0,01;581,05;107,14;1050,97;Factura;Contado;20260211;USD;NA;;GV ClReg. Proy. PET;GLISNEIDY ISABEL FARFAR;00-0152796;1302007751;Long Finish;;;G;1173981,600;TO;1,174;Alimentos;PP-Preforma;PREFORMAS;0,00000;02;2026;0,01;840,13;102,37;767,15;;70000780;Precio Base General;;0010003630;17;01;X;20.02.2026 - 22:05:28;;;00100095;1300
CERVECERIA POLAR, C.A;Embotelladoras;Fact. Nac. Proy. PET;8000826477;Servicios;Venta Directa;20260205;Zona Metropolitana;;FLETE POR VIAJE CORTINERO;1,000;SER;1,000;SER;354,45;251,22;0,00;282,34;Factura;Crédito 15 Días;20260318;USD;NA;;GV ClReg. Proy. PET;OFICINA PROYECTOS PET;00-0152802;1302007759;Servicios Administrat.;;;KG;0,000;TO;0,000;Alimentos;Fletes;FLETE PROD TERMINADO;0,00000;02;2026;388,53;357,71;0,00;273,68;;91000036;Precio Base General;;0010001106;17;;N;20.02.2026 - 22:05:28;;;00130005;1300
CERVECERIA POLAR, C.A;Embotelladoras;Fact. Nac. Proy. PET;8000977270;Servicios;Venta Directa;20260306;Zona Metropolitana;;FLETE POR VIAJE CORTINERO;1,000;SER;1,000;SER;326,47;304,66;0,00;231,40;Factura;Crédito 15 Días;20260326;USD;NA;;GV ClReg. Proy. PET;OFICINA PROYECTOS PET;00-0152869;1302007759;Servicios Administrat.;;;KG;0,000;TO;0,000;Alimentos;Fletes;FLETE PROD TERMINADO;0,00000;02;2026;298,76;384,24;0,00;342,85;;91000036;Precio Base General;;0010001106;17;;N;20.02.2026 - 22:05:28;;;00130005;1300
ALIMENTOS POLAR COMERCIAL, C.A.;Manufactura;Fact. Nac. Ampo.;7000482736;Inyecto Soplado;Venta Directa;20260227;Zona Metropolitana;3000;ENVASE PET MAYONESA 200 ML;13,000;PAL;109824,000;PZA;1195,93;17186,82;3271,42;20488,82;Factura;Crédito 15 Días;20260310;USD;NA;;GV ClReg. Ampofr.;OFICINA AMPOFRASCA;00-056732;1202009412;Especias;Transparente;200 gr.;G;2114112,000;TO;2,114;Alimentos;AM-Especias;ENVASES PT;0,00000;02;2026;934,99;17221,93;2265,54;13605,92;MME-PULMON;70000666;Precio Base General;;0010001154;17;01;X;20.02.2026 - 22:05:28;;;00120002;1200
ALIMENTOS POLAR COMERCIAL, C.A.;Manufactura;Fact. Nac. Ampo.;7000806025;Servicios;Venta Directa;20260304;Zona Metropolitana;;FLETE POR VIAJE CORTINERO;1,000;SER;1,000;SER;232,66;273,46;0,00;360,84;Factura;Crédito 15 Días;20260314;USD;NA;;GV ClReg. Ampofr.;OFICINA AMPOFRASCA;00-056686;1202009387;Servicios Administrat.;;;KG;0,000;TO;0,000;Alimentos;Fletes;FLETE PROD TERMINADO;0,00000;02;2026;345,88;286,40;0,00;295,72;MME-PULMON;91000036;Precio Base General;;0010001154;17;01;X;20.02.2026 - 22:05:28;;;00120002;1200
CERVECERIA POLAR, C.A;Embotelladoras;Fact. Nac. Proy. PET;8001002843;Botellas;Venta Directa;20260228;Zona Metropolitana;3000;BOTELLAS  AMBAR  1,5L MALTIN POLAR 52Gr;20,000;PAL;25200,000;PZA;421,12;10039,24;1237,83;9870,54;Factura;Crédito 15 Días;20260313;USD;NA;;GV ClReg. Proy. PET;OFICINA PROYECTOS PET;00-0152843;1302007769;Carbonatada;;;G;1310400,000;TO;1,310;Alimentos;PP-Botella;BOTELLAS GASEOSAS;0,00000;02;2026;499,51;8668,90;1598,86;10669,51;;70000776;Precio Base General;;0010001106;17;;N;20.02.2026 - 22:05:28;;;00130005;1300
CERVECERIA POLAR, C.A;Embotelladoras;Fact. Nac. Proy. PET;8000595161;Servicios;Venta Directa;20260224;Zona Metropolitana;;FLETE POR VIAJE CORTINERO;1,000;SER;1,000;SER;315,05;391,04;0,00;239,28;Factura;Crédito 15 Días;20260302;USD;NA;;GV ClReg. Proy. PET;OFICINA PROYECTOS PET;00-0152882;1302007759;Servicios Administrat.;;;KG;0,000;TO;0,000;Alimentos;Fletes;FLETE PROD TERMINADO;0,00000;02;2026;371,74;383,39;0,00;263,26;;91000036;Precio Base General;;0010001106;17;;N;20.02.2026 - 22:05:28;;;00130005;1300
RENE DESSES DE VENEZUELA, C.A;Manufactura;Fact. Nac. Ampo.;7000272551;Inyecto Soplado;Venta Directa;20260304;Zona Metropolitana;3000;ENV.PET BLANCO COSMETIC 200 ML SENSITIVE;7021,000;PZA;7021,000;PZA;84,96;728191,18;95130,38;580368,41;Factura;Contado;20260309;VED;NA;;GV ClReg. Ampofr.;RAMON DAZA;00-056739;1202009417;Cosmetica Sensitive;Blanco;200 ml.;G;156217,250;TO;0,156;Cuidado Personal;AM-Cosmética;ENVASES PT;402,33430;02;2026;0,16;1770,58;287,71;1824,36;;70000041;Precio Base General;Cosmetica;0010000954;17;01;X;20.02.2026 - 22:05:28;;;00120004;1200
ENVASES METROPOLITANOS MM 1, C.A.;Distribuidores Enf.;Fact. Nac. Ampo.;7000139851;Inyecto Soplado;Distribuidor;20260304;Zona Metropolitana;3000;ENVASE PET AMBAR FARMA  60 ML;780,000;PZA;780,000;PZA;27,33;22611,73;4597,36;39843,22;Factura;Contado;20260216;VED;NA;;GV ClReg. Ampofr.;RAMON DAZA;00-056692;1202009391;Farma S/Impresión;Ambar;60 ml.;G;10920,000;TO;0,011;Comercializadora;AM-Farma;ENVASES PT;378,45820;02;2026;0,13;74,58;15,29;103,59;ENVASES;70000054;Precio Base General;Distribuidor;0010000890;17;01;X;20.02.2026 - 22:05:28;;;00120004;1200
